{"_runtime":1802,"_timestamp":1.7736276385633967e+09,"_step":4,"epoch":5,"train_loss":1.1240305114097107,"val_loss":1.1044648885726929,"lr":0,"_wandb":{"runtime":1802}}