{"_runtime":1871,"train_loss":1.1136581046512712,"val_loss":1.1059406995773315,"lr":0,"_timestamp":1.7736617177680404e+09,"_step":4,"epoch":5,"_wandb":{"runtime":1871}}