{"train_loss":1.1189028542643538,"_wandb":{"runtime":1867},"_runtime":1867,"val_loss":1.1140501499176025,"lr":0,"_timestamp":1.773648239466249e+09,"_step":4,"epoch":5}