{"_timestamp":1.7736598275872447e+09,"_wandb":{"runtime":1927},"_runtime":1927,"_step":4,"epoch":5,"train_loss":1.1234061470427834,"val_loss":1.1260193586349487,"lr":0}