{"_runtime":1835,"_step":4,"epoch":5,"train_loss":1.1434794272096773,"val_loss":1.1465544700622559,"lr":0,"_timestamp":1.7736387818143501e+09,"_wandb":{"runtime":1835}}