{"_runtime":1895,"train_loss":1.124586731290665,"val_loss":1.1155383586883545,"lr":0,"_timestamp":1.7736674802882326e+09,"_step":4,"epoch":5,"_wandb":{"runtime":1895}}