{"_step":4,"epoch":5,"train_loss":1.1210033596514133,"val_loss":1.1281427145004272,"_wandb":{"runtime":1767},"_runtime":1767,"lr":0,"_timestamp":1.773631348024829e+09}