{"train_loss":1.1174972541035173,"val_loss":1.1046457290649414,"lr":0,"_timestamp":1.7736332082471414e+09,"_wandb":{"runtime":1788},"_runtime":1788,"_step":4,"epoch":5}