{"_runtime":1782,"lr":0,"_timestamp":1.7736257740054493e+09,"_step":4,"epoch":5,"train_loss":1.114744879376774,"val_loss":1.1158218383789062,"_wandb":{"runtime":1782}}