{"lr":0,"_timestamp":1.7736558980208187e+09,"_step":4,"epoch":5,"train_loss":1.1158299746985634,"val_loss":1.1089940071105957,"_wandb":{"runtime":1929},"_runtime":1929}