{"_wandb":{"runtime":1788},"_runtime":1788,"val_loss":1.1211196184158325,"lr":0,"_timestamp":1.7736350656619167e+09,"_step":4,"epoch":5,"train_loss":1.1086589754960787}