{"_timestamp":1.7736463576954205e+09,"_step":4,"epoch":5,"train_loss":1.1209719139166152,"_wandb":{"runtime":1890},"_runtime":1890,"val_loss":1.1154444217681885,"lr":0}