{"_timestamp":1.7740768944495554e+09,"_step":4,"epoch":5,"train_loss":0.6678021473646164,"val_loss":0.653670072555542,"_wandb":{"runtime":67165},"_runtime":67165,"lr":0}