{"epoch":5,"train_loss":1.1151050388241728,"val_loss":1.1176471710205078,"lr":0,"_wandb":{"runtime":1889},"_runtime":1889,"_timestamp":1.7736636284484673e+09,"_step":4}