{"val_loss":1.1243733167648315,"lr":0,"_timestamp":1.7736693975146425e+09,"_step":4,"epoch":5,"_wandb":{"runtime":1895},"_runtime":1895,"train_loss":1.1207301066325495}