epoch,train_loss,val_loss
0,2.8863544673919677,1.9186700582504272
