{"_step":4,"epoch":5,"train_loss":1.1102897915215537,"val_loss":1.1234347820281982,"lr":0,"_timestamp":1.7736578810080647e+09,"_wandb":{"runtime":1963},"_runtime":1963}