{"_step":4,"_wandb":{"runtime":1875},"_runtime":1875,"epoch":5,"train_loss":1.1205841074355494,"val_loss":1.1085699796676636,"lr":0,"_timestamp":1.7736520148399081e+09}