{"epoch":5,"train_loss":1.1204012796139946,"val_loss":1.1383445262908936,"lr":0,"_timestamp":1.7736539503148234e+09,"_runtime":1918,"_wandb":{"runtime":1918},"_step":4}