{"val_loss":1.1238658428192139,"lr":0,"_timestamp":1.773629510099151e+09,"_step":4,"epoch":5,"train_loss":1.1162016578375722,"_wandb":{"runtime":1806},"_runtime":1806}