{"lr":0,"_timestamp":1.7736406199948442e+09,"_wandb":{"runtime":1821},"_runtime":1821,"_step":4,"epoch":5,"train_loss":1.1141264305328027,"val_loss":1.1274819374084473}