epoch,train_loss,val_loss
0,2.9885009207725526,2.0890612602233887
