{"_runtime":1914,"val_loss":1.1095153093338013,"lr":0,"_timestamp":1.7736655624781075e+09,"_step":4,"epoch":5,"train_loss":1.1162841148650684,"_wandb":{"runtime":1914}}