{"epoch":1,"_wandb":{"runtime":237},"_runtime":237,"train_loss":2.9885009207725526,"val_loss":2.0890612602233887,"lr":0,"_timestamp":1.7739005979468758e+09,"_step":0}