gene_symbol,exon_length
0610005C13Rik,11479
0610006L08Rik,8622
0610009E02Rik,17021
0610009K14Rik,2025
0610009L18Rik,9531
0610012D04Rik,531
0610025J13Rik,7448
0610030E20Rik,11504
0610031O16Rik,2833
0610033M10Rik,8838
0610038B21Rik,7844
0610039G09Rik,6301
0610039H22Rik,1363
0610039K10Rik,1990
0610040B10Rik,15116
0610040F04Rik,18627
0610043K17Rik,12425
0710001A04Rik,1345
1010001B22Rik,3998
1100001I12Rik,2099
1110002E22Rik,10206
1110002J07Rik,6270
1110002L01Rik,34523
1110002O04Rik,4861
1110003F10Rik,767
1110004F10Rik,4689
1110006O24Rik,1462
1110008E08Rik,1444
1110015O18Rik,29388
1110018N20Rik,6236
1110019B22Rik,5906
1110019D14Rik,15370
1110020A21Rik,6425
1110025M09Rik,855
1110028F11Rik,2984
1110028F18Rik,6076
1110032F04Rik,2578
1110035H17Rik,1795
1110038B12Rik,31055
1110038F14Rik,4133
1110046J04Rik,6297
1110058D11Rik,6256
1110059E24Rik,5526
1110059G10Rik,6634
1110060G06Rik,499
1110065P20Rik,4540
1190001M18Rik,1270
1190005I06Rik,1505
1190028D05Rik,3022
1200007C13Rik,4370
1300002E11Rik,9454
1300014J16Rik,11409
1500002C15Rik,10994
1500002F19Rik,4822
1500004A13Rik,57918
1500004F05Rik,663
1500005C15Rik,2394
1500009L16Rik,3878
1500012K07Rik,6750
1500015A07Rik,4043
1500015L24Rik,12316
1500026H17Rik,7357
1500032F14Rik,5646
1500035N22Rik,4800
1600002D24Rik,9184
1600010M07Rik,4475
1600012H06Rik,7267
1600012P17Rik,2850
1600014C10Rik,7617
1600014C23Rik,518
1600015H23Rik,2508
1600017P15Rik,890
1600019K03Rik,804
1600020E01Rik,30553
1600022D10Rik,2379
1600023N17Rik,1007
1600025M17Rik,1213
1600027J07Rik,2809
1600029O15Rik,2326
1700001D01Rik,565
1700001F09Rik,884
1700001G01Rik,20099
1700001G11Rik,21290
1700001G17Rik,2134
1700001J03Rik,1080
1700001J04Rik,12461
1700001K19Rik,1231
1700001K23Rik,19380
1700001L05Rik,17393
1700001N15Rik,482
1700001O22Rik,6193
1700003C15Rik,6596
1700003D09Rik,1632
1700003E16Rik,4090
1700003E24Rik,1180
1700003F12Rik,1627
1700003G18Rik,3643
1700003H04Rik,2174
1700003I16Rik,1058
1700003I22Rik,3314
1700003L19Rik,14091
1700003M07Rik,22776
1700003N22Rik,808
1700003O11Rik,1293
1700003P14Rik,14564
1700006A11Rik,2407
1700006F04Rik,1279
1700006H21Rik,9251
1700006J14Rik,9987
1700006P03Rik,409
1700007E05Rik,1499
1700007F19Rik,43656
1700007H22Rik,9847
1700007J10Rik,4831
1700007J24Rik,987
1700007L15Rik,10390
1700007P06Rik,3770
1700008A07Rik,647
1700008A23Rik,691
1700008B11Rik,675
1700008C04Rik,5259
1700008F19Rik,4452
1700008H02Rik,1684
1700008J07Rik,4622
1700008K24Rik,7795
1700008N11Rik,9762
1700008O03Rik,5361
1700008P02Rik,2735
1700009C05Rik,8235
1700009J07Rik,2070
1700009N14Rik,1258
1700010B08Rik,6593
1700010B13Rik,5242
1700010D01Rik,507
1700010G06Rik,1194
1700010H22Rik,5702
1700010I02Rik,4592
1700010I14Rik,4172
1700010J16Rik,5050
1700010K23Rik,552
1700010K24Rik,269
1700010L04Rik,6634
1700010L13Rik,637
1700010N08Rik,189
1700011B04Rik,10794
1700011C11Rik,4019
1700011D18Rik,277
1700011L03Rik,2965
1700011L22Rik,1350
1700012A03Rik,1851
1700012B07Rik,2718
1700012B09Rik,1732
1700012C08Rik,363
1700012C14Rik,7367
1700012D16Rik,2195
1700012E03Rik,2574
1700012H19Rik,2358
1700012I11Rik,16899
1700012J15Rik,9984
1700012J22Rik,830
1700012M20Rik,4679
1700012O15Rik,1240
1700013A02Rik,645
1700013D24Rik,2234
1700013G24Rik,1048
1700013H16Rik,1224
1700013M08Rik,3072
1700013N06Rik,3768
1700014B07Rik,818
1700014F14Rik,1948
1700014L14Rik,6528
1700015C15Rik,3939
1700015C17Rik,2756
1700015H07Rik,1233
1700015I17Rik,2705
1700015O11Rik,3384
1700016A09Rik,1578
1700016B01Rik,2746
1700016B15Rik,733
1700016C19Rik,5007
1700016C23Rik,1025
1700016D08Rik,704
1700016F12Rik,726
1700016G22Rik,9746
1700016H03Rik,2189
1700016H13Rik,4404
1700016J18Rik,8077
1700016K05Rik,3711
1700016L21Rik,27363
1700016P03Rik,4638
1700016P04Rik,6482
1700017B05Rik,10596
1700017G19Rik,33960
1700017I07Rik,2382
1700017J07Rik,4544
1700017L05Rik,8098
1700017M07Rik,16070
1700017N19Rik,5014
1700018A04Rik,37197
1700018A14Rik,711
1700018A23Rik,4732
1700018B08Rik,1852
1700018B24Rik,832
1700018F24Rik,1122
1700018L02Rik,3380
1700018M17Rik,2728
1700018P08Rik,2130
1700018P22Rik,9620
1700019A02Rik,1021
1700019A23Rik,196
1700019C18Rik,25773
1700019D03Rik,6544
1700019F05Rik,2170
1700019G24Rik,4132
1700019J19Rik,11800
1700019L13Rik,6729
1700019P21Rik,2273
1700020A23Rik,1774
1700020B03Rik,579
1700020D12Rik,6578
1700020D14Rik,5155
1700020G03Rik,889
1700020G17Rik,17269
1700020K04Rik,504
1700020L13Rik,4778
1700020L24Rik,1513
1700020M21Rik,644
1700020N01Rik,2126
1700020N15Rik,525
1700020N18Rik,6093
1700021A07Rik,4966
1700021F02Rik,764
1700021G15Rik,2684
1700021J08Rik,2929
1700021L22Rik,4159
1700021N21Rik,17308
1700021P04Rik,1950
1700022A21Rik,5385
1700022A22Rik,4109
1700022E09Rik,5015
1700022H01Rik,2918
1700022H16Rik,542
1700022N22Rik,17334
1700023A20Rik,996
1700023C21Rik,4082
1700023F02Rik,16940
1700023G09Rik,16301
1700023H06Rik,2112
1700024B05Rik,1576
1700024B18Rik,1138
1700024G13Rik,850
1700024I08Rik,2743
1700024J04Rik,6445
1700024K11Rik,1010
1700024N05Rik,949
1700024P12Rik,1326
1700025A08Rik,609
1700025B11Rik,553
1700025C18Rik,702
1700025D23Rik,4281
1700025F24Rik,19383
1700025G04Rik,12741
1700025H01Rik,6507
1700025J12Rik,5493
1700025K04Rik,2460
1700025K24Rik,10583
1700025L06Rik,6440
1700025M24Rik,15395
1700025N21Rik,2428
1700025N23Rik,4881
1700025O08Rik,1656
1700026D11Rik,21506
1700026F02Rik,9478
1700026J12Rik,5337
1700026J14Rik,2670
1700026N04Rik,4822
1700027A07Rik,1444
1700027F06Rik,9123
1700027F09Rik,16281
1700027H10Rik,1594
1700027I24Rik,3620
1700027J07Rik,16034
1700028B04Rik,555
1700028D13Rik,6820
1700028E10Rik,15327
1700028E11Rik,15848
1700028I16Rik,7667
1700028J19Rik,5153
1700028K03Rik,9111
1700028M03Rik,4710
1700028N14Rik,752
1700028P15Rik,19637
1700029B22Rik,4017
1700029B24Rik,497
1700029E06Rik,1460
1700029F12Rik,2633
1700029H14Rik,2355
1700029J03Rik,16902
1700029K24Rik,2085
1700029M03Rik,6003
1700029M20Rik,22572
1700029N11Rik,10342
1700030A11Rik,1260
1700030C10Rik,14515
1700030C12Rik,7771
1700030C14Rik,3272
1700030E10Rik,9610
1700030F04Rik,35532
1700030I03Rik,942
1700030J22Rik,4210
1700030K09Rik,4138
1700030L20Rik,17456
1700030L22Rik,2451
1700030M09Rik,3124
1700030N03Rik,7794
1700030N18Rik,966
1700030O20Rik,1539
1700031A10Rik,3974
1700031C06Rik,1275
1700031F05Rik,1602
1700031F10Rik,1482
1700031L13Rik,2906
1700031M16Rik,343
1700031P21Rik,8221
1700034B16Rik,765
1700034E13Rik,581
1700034G24Rik,7131
1700034H15Rik,26128
1700034J04Rik,750
1700034J05Rik,4329
1700034K08Rik,2714
1700034P13Rik,29722
1700036A12Rik,3725
1700036G14Rik,1850
1700036O09Rik,384
1700037C18Rik,4728
1700037F03Rik,3185
1700037J18Rik,365
1700037N05Rik,1145
1700039E22Rik,1367
1700039I01Rik,479
1700039M10Rik,5171
1700039M15Rik,1810
1700039O17Rik,3739
1700040B14Rik,623
1700040D17Rik,5987
1700040F17Rik,822
1700040K01Rik,1943
1700040L08Rik,541
1700040P09Rik,7793
1700041A01Rik,1908
1700041B01Rik,1158
1700041C23Rik,2700
1700041G16Rik,8109
1700041I07Rik,8939
1700041M05Rik,2181
1700041M19Rik,9253
1700042D02Rik,5152
1700042D18Rik,1152
1700042G15Rik,5516
1700042O05Rik,609
1700042O10Rik,3076
1700043A12Rik,3724
1700044K03Rik,2413
1700044K19Rik,2106
1700045H11Rik,4606
1700045I11Rik,493
1700046C09Rik,4347
1700047A11Rik,2959
1700047E10Rik,568
1700047F07Rik,1385
1700047G03Rik,4432
1700047G07Rik,4698
1700047K16Rik,1011
1700047L14Rik,1543
1700047M11Rik,22963
1700047N06Rik,920
1700047O18Rik,743
1700048C15Rik,443
1700048F04Rik,5874
1700048J15Rik,1588
1700048M11Rik,1751
1700048O14Rik,5591
1700048O20Rik,18423
1700048P04Rik,4128
1700049E15Rik,2870
1700049E17Rik1,1761
1700049E17Rik2,1954
1700049E22Rik,9928
1700049L16Rik,813
1700051A21Rik,9136
1700051K13Rik,696
1700051O22Rik,1268
1700052H01Rik,7081
1700052I22Rik,1814
1700052K11Rik,4502
1700054A03Rik,11660
1700054K02Rik,376
1700054K19Rik,7816
1700054M17Rik,1750
1700054O05Rik,1142
1700054O19Rik,868
1700055C04Rik,2960
1700055D18Rik,5804
1700056E22Rik,2239
1700056I18Rik,682
1700056N10Rik,1082
1700057D03Rik,5404
1700057H15Rik,9393
1700057H21Rik,21765
1700058P15Rik,2129
1700060C16Rik,2012
1700060C20Rik,1044
1700060J05Rik,2782
1700060O08Rik,3570
1700061A03Rik,455
1700061D14Rik,2525
1700061E17Rik,29043
1700061E18Rik,4336
1700061F12Rik,6125
1700061H18Rik,3686
1700061I17Rik,6127
1700061J23Rik,8963
1700061N14Rik,3419
1700062C10Rik,4227
1700063A18Rik,840
1700063D05Rik,12794
1700063H04Rik,20265
1700063H06Rik,2623
1700063I16Rik,611
1700063J08Rik,554
1700063K16Rik,369
1700064F23Rik,2912
1700064H15Rik,2275
1700064J06Rik,386
1700064M15Rik,2792
1700064N11Rik,2538
1700065D16Rik,10023
1700065I16Rik,8437
1700065J11Rik,2750
1700065J18Rik,5316
1700065L07Rik,5307
1700065O20Rik,2847
1700066B17Rik,23405
1700066C05Rik,407
1700066D14Rik,1034
1700066J03Rik,2910
1700066M21Rik,3893
1700066N21Rik,3871
1700067G17Rik,4586
1700067K01Rik,3243
1700067P10Rik,2178
1700069B07Rik,1762
1700069L16Rik,7512
1700069P05Rik,786
1700071G01Rik,762
1700071K01Rik,819
1700071M16Rik,6006
1700072B07Rik,10743
1700072F12Rik,933
1700072G22Rik,2971
1700072I22Rik,6867
1700072O05Rik,10230
1700073E17Rik,741
1700074A21Rik,346
1700074H08Rik,5696
1700080C20Rik,246
1700080F18Rik,1131
1700080G18Rik,587
1700080N15Rik,6708
1700081B01Rik,17054
1700081H04Rik,8474
1700081N11Rik,3168
1700082C02Rik,562
1700082M22Rik,6379
1700082O11Rik,1373
1700083H02Rik,3078
1700084C06Rik,3458
1700084D21Rik,2883
1700084E18Rik,3792
1700084F23Rik,25186
1700084J12Rik,734
1700084M14Rik,559
1700084M22Rik,4045
1700085B13Rik,636
1700085C21Rik,1082
1700085D07Rik,318
1700085D22Rik,10084
1700085G17Rik,1400
1700086D15Rik,2152
1700086O06Rik,28303
1700086P04Rik,8428
1700087I21Rik,32996
1700087M22Rik,4385
1700088E04Rik,8830
1700091H14Rik,1683
1700092C10Rik,20388
1700092C17Rik,3596
1700092E16Rik,753
1700092E19Rik,4825
1700092K14Rik,2928
1700093J21Rik,4487
1700093K21Rik,2603
1700093P08Rik,152
1700094I16Rik,382
1700094J05Rik,8164
1700094M23Rik,8604
1700094M24Rik,7801
1700095A13Rik,14117
1700095A21Rik,14384
1700095B10Rik,11839
1700095J03Rik,3674
1700095J07Rik,13512
1700095J12Rik,2000
1700095K22Rik,2022
1700096J18Rik,2719
1700096K18Rik,1576
1700096P03Rik,2689
1700097M23Rik,1522
1700097N02Rik,2754
1700099I09Rik,13090
1700100I10Rik,15979
1700100L14Rik,4454
1700100M05Rik,1573
1700101I11Rik,18341
1700101I19Rik,1266
1700101O22Rik,6958
1700102F20Rik,670
1700102H20Rik,7236
1700102J08Rik,3322
1700102P08Rik,1262
1700104B16Rik,5546
1700104L18Rik,684
1700105F02Rik,17149
1700105G05Rik,2001
1700105P06Rik,5845
1700106J12Rik,982
1700106O07Rik,932
1700108F19Rik,29849
1700108I11Rik,4128
1700108J01Rik,3026
1700108N06Rik,4673
1700108N11Rik,2187
1700109G14Rik,8370
1700109G15Rik,5804
1700109H08Rik,3777
1700109I08Rik,4754
1700109K24Rik,3229
1700110C19Rik,12549
1700110I01Rik,17284
1700110I07Rik,32264
1700110K17Rik,5441
1700111E14Rik,1730
1700111N16Rik,2493
1700112D23Rik,15730
1700112H04Rik,783
1700112H15Rik,1930
1700112J05Rik,7784
1700112J16Rik,18677
1700112K13Rik,717
1700112L15Rik,510
1700112M02Rik,9090
1700112N08Rik,2686
1700113A16Rik,14008
1700113B09Rik,6829
1700113B19Rik,420
1700113H08Rik,2829
1700116B05Rik,2722
1700119H24Rik,3242
1700119I11Rik,2466
1700120B22Rik,4901
1700120C14Rik,20224
1700120C18Rik,2206
1700120E14Rik,2666
1700120G07Rik,12788
1700120G11Rik,6625
1700120K04Rik,761
1700121C08Rik,5206
1700121C10Rik,1963
1700121L03Rik,1265
1700121L16Rik,1383
1700121N20Rik,9035
1700122C19Rik,19231
1700122E12Rik,4093
1700122H20Rik,3284
1700122O11Rik,771
1700123E06Rik,713
1700123J17Rik,2997
1700123K08Rik,2687
1700123M08Rik,33009
1700123O12Rik,13374
1700123O20Rik,3922
1700123O21Rik,5037
1700124L16Rik,9838
1700124M09Rik,7536
1700125G02Rik,573
1700125G22Rik,8541
1700125H03Rik,4966
1700126A01Rik,14357
1700126G02Rik,2969
1700126H18Rik,405
1700127F24Rik,12418
1700127G19Rik,653
1700128A07Rik,10845
1700128E19Rik,2970
1700128F08Rik,8392
1700128I11Rik,1599
1700129C05Rik,1668
1700129L04Rik,13449
1810006J02Rik,16109
1810007C17Rik,1344
1810007D17Rik,1267
1810008B01Rik,829
1810008I18Rik,15833
1810009A15Rik,3105
1810009J06Rik,882
1810010H24Rik,3267
1810010K12Rik,6725
1810012K08Rik,1191
1810012K16Rik,1791
1810013D15Rik,7674
1810014B01Rik,204
1810014P07Rik,2082
1810017P11Rik,558
1810018F18Rik,3407
1810019D21Rik,37043
1810019N24Rik,6358
1810021B22Rik,8635
1810021M19Rik,304
1810024B03Rik,3630
1810028F09Rik,1248
1810030O07Rik,2699
1810034E14Rik,6291
1810035K13Rik,354
1810041H14Rik,11572
1810044D09Rik,5013
1810044K17Rik,5270
1810049I09Rik,4428
1810049J17Rik,462
1810053B23Rik,38226
1810055G02Rik,7920
1810058N15Rik,5253
1810059C17Rik,4975
1810059H22Rik,14597
1810062G17Rik,911
1810062O18Rik,4609
1810063I02Rik,2069
1810064F22Rik,4990
1810065E05Rik,926
1810073J14Rik,374
1810073O08Rik,2699
2010001A14Rik,11757
2010001K21Rik,11843
2010001M07Rik,667
2010002M09Rik,1487
2010003K11Rik,1167
2010004M13Rik,764
2010007H06Rik,12875
2010008C14Rik,593
2010009K17Rik,579
2010010A06Rik,6350
2010013B24Rik,4164
2010016I18Rik,9145
2010103J01Rik,393
2010106C02Rik,847
2010106E10Rik,2013
2010106G04Rik,311
2010109A12Rik,1466
2010109P13Rik,392
2010110E17Rik,879
2010110G14Rik,527
2010110K18Rik,23001
2010203P06Rik,8289
2010204K13Rik,11606
2010308F09Rik,10321
2010309G21Rik,4448
2010310C07Rik,2966
2010315B03Rik,5175
2010320M18Rik,1180
2010320O07Rik,3151
2200002A13Rik,709
2200002D01Rik,1840
2200002J24Rik,1322
2200007N16Rik,238
2210008F06Rik,2995
2210009P08Rik,465
2210011K15Rik,2094
2210016L21Rik,4704
2210017I01Rik,822
2210020O09Rik,518
2210022D18Rik,1826
2210039B01Rik,1921
2210402C17Rik,300
2210404E10Rik,711
2210406H18Rik,1108
2210406O10Rik,13055
2210408F21Rik,82068
2210408I21Rik,7354
2210409D07Rik,479
2210409E12Rik,346
2210411M09Rik,643
2210412B16Rik,498
2210414B05Rik,1433
2210414F02Rik,537
2210417A02Rik,3702
2210418O10Rik,6712
2210420H20Rik,629
2300002M23Rik,2736
2300009A05Rik,3194
2310001H17Rik,71950
2310001K20Rik,951
2310001K24Rik,911
2310002D06Rik,1560
2310002F09Rik,16402
2310002L09Rik,3087
2310003L06Rik,1603
2310003N18Rik,6457
2310005A03Rik,1398
2310005E17Rik,5736
2310008N11Rik,3411
2310009B15Rik,2450
2310010J17Rik,8815
2310011J03Rik,1649
2310014F06Rik,17543
2310015A10Rik,27821
2310015A16Rik,8395
2310015D24Rik,11792
2310016D03Rik,4533
2310016D23Rik,3047
2310016G11Rik,3533
2310020H05Rik,16263
2310022A10Rik,7930
2310022B05Rik,3307
2310026I22Rik,4787
2310026L22Rik,1137
2310030A07Rik,610
2310030G06Rik,2129
2310033P09Rik,1285
2310034G01Rik,1373
2310034O05Rik,18517
2310039L15Rik,14964
2310040G07Rik,549
2310040G24Rik,15446
2310043L19Rik,4974
2310043M15Rik,7373
2310043O21Rik,8145
2310043P16Rik,3881
2310044K18Rik,2762
2310047D07Rik,13411
2310047K21Rik,8112
2310057B04Rik,735
2310057J18Rik,3081
2310057M21Rik,16200
2310058D17Rik,9265
2310061D13Rik,382
2310061I04Rik,5470
2310065F04Rik,12221
2310067P03Rik,1032
2310068J16Rik,1404
2310069B03Rik,3783
2310069G16Rik,46668
2310074N15Rik,582
2310075C17Rik,881
2310075K07Rik,3632
2310079G19Rik,881
2310081O03Rik,4597
2410002F23Rik,27883
2410003I16Rik,20543
2410003L11Rik,16150
2410004B18Rik,5128
2410004I01Rik,4367
2410006H16Rik,13326
2410012E07Rik,1747
2410017I17Rik,4092
2410018L13Rik,8639
2410021H03Rik,3131
2410022M11Rik,1988
2410039M03Rik,928
2410080I02Rik,7619
2410087M07Rik,5471
2410124H12Rik,6578
2410137M14Rik,1306
2410152P15Rik,871
2410164B09Rik,1010
2500002B13Rik,19112
2500004C02Rik,8988
2510002D24Rik,3360
2510009E07Rik,8502
2510016D11Rik,985
2510017J16Rik,1263
2510039O18Rik,2731
2510046G10Rik,1409
2600002D14Rik,292
2600006K01Rik,5171
2600014E21Rik,33826
2610001A08Rik,867
2610005L07Rik,102329
2610008E11Rik,6555
2610011E03Rik,2235
2610012C04Rik,1023
2610016A17Rik,2761
2610017A05Rik,6193
2610020C07Rik,25516
2610020F03Rik,1364
2610021A01Rik,6076
2610024D14Rik,294
2610027F03Rik,6642
2610027K06Rik,5519
2610028D06Rik,1713
2610028E06Rik,25093
2610028H24Rik,2314
2610029K11Rik,3083
2610034O05Rik,855
2610035D17Rik,51413
2610035F20Rik,23560
2610037D02Rik,29114
2610042L04Rik,1886
2610105M22Rik,1153
2610203C22Rik,17793
2610204G07Rik,1880
2610206C17Rik,6592
2610300A13Rik,503
2610300M13Rik,3808
2610303G11Rik,545
2610306M01Rik,2054
2610306O10Rik,612
2610307P16Rik,61157
2610316D01Rik,29298
2610318M16Rik,10994
2610318N02Rik,3918
2610507I01Rik,13769
2610528J11Rik,1581
2700012I20Rik,2587
2700016F22Rik,750
2700029L08Rik,1465
2700033N17Rik,4467
2700038G22Rik,21153
2700046A07Rik,11701
2700049A03Rik,6235
2700052C19Rik,335
2700054A10Rik,10271
2700062C07Rik,2383
2700068H02Rik,1872
2700069I18Rik,10294
2700078F05Rik,3244
2700079J08Rik,1588
2700080J24Rik,1662
2700089I24Rik,1827
2700097O09Rik,6327
2700099C18Rik,24736
2810001A02Rik,2586
2810001G20Rik,8156
2810002D19Rik,11128
2810013P06Rik,3483
2810021J22Rik,3971
2810025M15Rik,251
2810029C07Rik,19676
2810030D12Rik,19078
2810032G03Rik,18933
2810036E18Rik,1470
2810039B14Rik,1113
2810047C21Rik1,915
2810048H02Rik,1730
2810402E24Rik,3172
2810403D21Rik,54399
2810403G07Rik,1622
2810404F17Rik,1704
2810404M03Rik,4092
2810405F15Rik,932
2810405F17Rik,1470
2810407A14Rik,7634
2810408A11Rik,7678
2810408I11Rik,8591
2810414N06Rik,4892
2810428J06Rik,2696
2810429I04Rik,48375
2810430I11Rik,3416
2810432F15Rik,657
2810433D01Rik,2837
2810442N19Rik,1937
2810449D17Rik,5312
2810454H06Rik,3148
2810455O05Rik,1691
2810457G06Rik,1367
2810459M11Rik,3846
2810461L16Rik,3362
2810468A05Rik,472
2810471M01Rik,5101
2900002M20Rik,330
2900005J15Rik,15890
2900009J06Rik,11232
2900018N21Rik,1580
2900022M07Rik,1017
2900024D18Rik,569
2900024J01Rik,5336
2900026A02Rik,10814
2900027M19Rik,4448
2900035J10Rik,532
2900037B21Rik,337
2900040C04Rik,4461
2900041M22Rik,4908
2900042G08Rik,650
2900042K21Rik,653
2900045O20Rik,2598
2900052L18Rik,14958
2900052N01Rik,17575
2900057B20Rik,1016
2900060B14Rik,849
2900060L22Rik,3605
2900060N12Rik,10037
2900064F13Rik,1008
2900064K03Rik,3113
2900069G24Rik,1311
2900072N19Rik,4274
2900076A07Rik,26657
2900076G11Rik,631
2900079G21Rik,19940
2900080M03Rik,1005
2900089D17Rik,4341
2900092C05Rik,887
2900092N22Rik,1409
2900092O11Rik,755
2900093K20Rik,750
3000002C10Rik,1008
3010001F23Rik,17670
3010003L21Rik,3831
3100003L05Rik,6711
3110004A20Rik,5100
3110006O06Rik,5280
3110009E18Rik,2742
3110009F21Rik,1625
3110009M11Rik,892
3110015C05Rik,8333
3110018I06Rik,1005
3110031N09Rik,326
3110039M20Rik,6550
3110040M04Rik,1674
3110040N11Rik,1635
3110043J17Rik,760
3110045C21Rik,12952
3110053B16Rik,22269
3110056K07Rik,13406
3110062G12Rik,1419
3110067C02Rik,2117
3110070M22Rik,2290
3110080E11Rik,3477
3110080O07Rik,1021
3110082J24Rik,2630
3110083C13Rik,3719
3110099E03Rik,17214
3200001D21Rik,2283
3222401L13Rik,12424
3300002A11Rik,3952
3300002I08Rik,2918
3300002P09Rik,1849
3300002P13Rik,11129
3300005D01Rik,6210
3425401B19Rik,5813
3632454L22Rik,10461
3732407C23Rik,3540
3830403N18Rik,1022
3830408C21Rik,58801
3830422I06Rik,1181
3830432H09Rik,3986
4122401K19Rik,7467
4631405J19Rik,9160
4631422I05Rik,1763
4632404H12Rik,8064
4632404M16Rik,2882
4632411P08Rik,3237
4632415L05Rik,1028
4632418H02Rik,2721
4632427E13Rik,33243
4632428C04Rik,16655
4632432E15Rik,2439
4633401B06Rik,1073
4731419I09Rik,2820
4732414G09Rik,5777
4732416N19Rik,3565
4732419C18Rik,12188
4732440D04Rik,9409
4732463B04Rik,7446
4732465J04Rik,63909
4732471J01Rik,20390
4732487G21Rik,3249
4732490B19Rik,6106
4732491K20Rik,15463
4732496C06Rik,2500
4733401D01Rik,2793
4831407H17Rik,997
4831440D22Rik,5409
4833403J16Rik,1031
4833404L02Rik,908
4833405L11Rik,2775
4833407H14Rik,12616
4833411C07Rik,22737
4833412C05Rik,11030
4833412C15Rik,2071
4833412K13Rik,1479
4833413E03Rik,1799
4833413G10Rik,1946
4833415N18Rik,1326
4833417C18Rik,7334
4833418N02Rik,12017
4833419F23Rik,23026
4833419O12Rik,1064
4833420G17Rik,7951
4833421G17Rik,844
4833421K07Rik,1391
4833422C13Rik,11001
4833427F10Rik,1641
4833428L15Rik,1900
4833438C02Rik,12650
4833439F03Rik,2564
4833439L19Rik,7300
4833445I07Rik,11939
4921501I09Rik,642
4921501M06Rik,967
4921504A21Rik,23244
4921504E06Rik,2542
4921504P13Rik,1047
4921507G05Rik,7060
4921508D12Rik,2026
4921508M14Rik,1099
4921509A06Rik,2065
4921509C19Rik,2684
4921509O07Rik,3239
4921509O09Rik,2294
4921511C10Rik,1463
4921511C20Rik,2031
4921511E07Rik,827
4921511I17Rik,2792
4921513H07Rik,2238
4921513I03Rik,4067
4921513I08Rik,1263
4921514A10Rik,2116
4921515E04Rik,6046
4921515G04Rik,5930
4921515L22Rik,5365
4921516A02Rik,5457
4921517D16Rik,5289
4921517D22Rik,3824
4921517O11Rik,3467
4921518B13Rik,1376
4921518K17Rik,4734
4921520J07Rik,2163
4921520N01Rik,3335
4921521D15Rik,2587
4921522A10Rik,744
4921522P10Rik,6681
4921524J17Rik,2124
4921524L21Rik,1994
4921525D07Rik,1025
4921525O09Rik,6808
4921527H02Rik,1673
4921528I07Rik,9329
4921529L05Rik,14296
4921531C22Rik,6408
4921531P14Rik,14153
4921533I20Rik,7677
4921534A09Rik,2495
4921534H16Rik,5673
4921536K21Rik,2590
4921539E11Rik,2754
4921539H07Rik,11887
4922502H24Rik,5392
4922502N22Rik,2889
4930401A07Rik,5140
4930401B11Rik,7301
4930401C12Rik,852
4930401C15Rik,4750
4930401G09Rik,1947
4930401O10Rik,12956
4930401O12Rik,1760
4930402D18Rik,1549
4930402F06Rik,2294
4930402F11Rik,11731
4930402H05Rik,2829
4930402K13Rik,1781
4930403D09Rik,5142
4930403O15Rik,3165
4930403O18Rik,1252
4930403P22Rik,784
4930404A05Rik,5819
4930404A12Rik,2544
4930404H24Rik,3199
4930404I05Rik,6090
4930404I20Rik,3152
4930404K06Rik,6498
4930404K13Rik,3952
4930404O17Rik,857
4930405A10Rik,4786
4930405A21Rik,7494
4930405D01Rik,15974
4930405D11Rik,7731
4930405E02Rik,1173
4930405G09Rik,1060
4930405H06Rik,1856
4930405J17Rik,3207
4930405L22Rik,1786
4930405N21Rik,9008
4930405O22Rik,3019
4930406D18Rik,12007
4930407G08Rik,3445
4930407I02Rik,8483
4930407I10Rik,4675
4930407I19Rik,3950
4930408K08Rik,1436
4930408O17Rik,8165
4930412B13Rik,1276
4930412C18Rik,40824
4930412E21Rik,8124
4930412F09Rik,5294
4930412F12Rik,1471
4930412M03Rik,4374
4930413E15Rik,8714
4930413E20Rik,2877
4930413F20Rik,5552
4930413G21Rik,993
4930414F18Rik,8465
4930414N06Rik,3453
4930415C11Rik,537
4930415H17Rik,123
4930415O11Rik,1434
4930415P13Rik,534
4930417H01Rik,17896
4930417O13Rik,24045
4930417O22Rik,4314
4930419G24Rik,2051
4930420G21Rik,6448
4930420N18Rik,676
4930421C12Rik,1574
4930421P05Rik,1854
4930421P07Rik,399
4930422C21Rik,4179
4930422I22Rik,7021
4930422M22Rik,8890
4930423B08Rik,3500
4930423C22Rik,1311
4930423D22Rik,1674
4930423D24Rik,1243
4930423K06Rik,4373
4930423M02Rik,11280
4930425K10Rik,3703
4930425K24Rik,2143
4930425L21Rik,15678
4930425O10Rik,6744
4930425P05Rik,6712
4930426D05Rik,4380
4930426I24Rik,18865
4930426L09Rik,3878
4930428D20Rik,1590
4930428E07Rik,6514
4930428G15Rik,1641
4930428N03Rik,20367
4930428O21Rik,1740
4930429C20Rik,4319
4930429D17Rik,9771
4930429F11Rik,1806
4930429F24Rik,11238
4930429H19Rik,25502
4930429P21Rik,6443
4930430E12Rik,2626
4930430F21Rik,1699
4930430J02Rik,1350
4930430O22Rik,1118
4930431C11Rik,3256
4930431F10Rik,1242
4930431F12Rik,3898
4930431L21Rik,851
4930431P03Rik,13730
4930431P19Rik,3494
4930431P22Rik,10412
4930432B10Rik,9920
4930432E11Rik,11030
4930432H08Rik,15890
4930432J01Rik,8804
4930432J09Rik,4320
4930432L08Rik,1608
4930432M17Rik,1128
4930432O09Rik,10930
4930433B08Rik,7664
4930433E05Rik,1421
4930433I11Rik,5387
4930433J02Rik,7805
4930433N12Rik,11722
4930434B07Rik,8299
4930434F21Rik,2649
4930434J06Rik,11081
4930434J08Rik,2118
4930434O05Rik,1362
4930435F05Rik,8754
4930435F18Rik,2391
4930435M08Rik,1567
4930435N07Rik,2127
4930437M23Rik,4421
4930438A08Rik,2397
4930438E09Rik,5838
4930439A04Rik,1868
4930439D14Rik,4656
4930440C22Rik,5793
4930441H08Rik,4724
4930441J16Rik,4102
4930441N18Rik,712
4930442B02Rik,1206
4930442E04Rik,10209
4930442G10Rik,5774
4930442G15Rik,1027
4930442H23Rik,1245
4930442J19Rik,17898
4930442L01Rik,4668
4930442P19Rik,1240
4930443G03Rik,1282
4930443O20Rik,7585
4930444A19Rik,6324
4930444E06Rik,1240
4930444F02Rik,17128
4930444K16Rik,1767
4930444M15Rik,14534
4930444P10Rik,2227
4930445B16Rik,1123
4930445E18Rik,4625
4930445N06Rik,6490
4930445N08Rik,1877
4930445N18Rik,12444
4930447A16Rik,1749
4930447C04Rik,6971
4930447C11Rik,928
4930447F04Rik,703
4930447F24Rik,2518
4930447J18Rik,7018
4930447K03Rik,9532
4930447M23Rik,38520
4930447N08Rik,7430
4930448A20Rik,2722
4930448C13Rik,25438
4930448D08Rik,1552
4930448E22Rik,25619
4930448F12Rik,1716
4930448H16Rik,3096
4930448I06Rik,4812
4930448I18Rik,3076
4930448K20Rik,2485
4930449C09Rik,18700
4930449E01Rik,12381
4930449E18Rik,3130
4930449I04Rik,1123
4930449I24Rik,1168
4930451E10Rik,5173
4930451I11Rik,862
4930452A19Rik,6504
4930452G13Rik,36586
4930452L12Rik,1659
4930452N14Rik,5864
4930453C13Rik,1549
4930453H23Rik,11463
4930453L07Rik,6721
4930453N24Rik,6528
4930453O03Rik,1236
4930455B14Rik,14175
4930455C13Rik,7375
4930455D15Rik,432
4930455F16Rik,7132
4930455G09Rik,14443
4930455H04Rik,1341
4930455J16Rik,22101
4930455M05Rik,6733
4930456A14Rik,5505
4930456G14Rik,1330
4930456L15Rik,1289
4930458A03Rik,14381
4930458B22Rik,6390
4930458D05Rik,13765
4930458K08Rik,7664
4930459C07Rik,23254
4930459L07Rik,813
4930461C15Rik,7820
4930461G14Rik,8975
4930463O16Rik,5508
4930465I24Rik,484
4930465K09Rik,1575
4930465K10Rik,3155
4930465M20Rik,14637
4930466I24Rik,2264
4930466K18Rik,906
4930467D21Rik,13263
4930467J12Rik,3860
4930467K11Rik,2936
4930469B13Rik,510
4930469K13Rik,2691
4930470B04Rik,1926
4930470G03Rik,2447
4930470H14Rik,3269
4930470O06Rik,5720
4930470P17Rik,8563
4930471C04Rik,5888
4930471D02Rik,2734
4930471E15Rik,922
4930471E19Rik,16084
4930471G03Rik,6481
4930471G24Rik,3353
4930471L23Rik,9917
4930471M09Rik,7712
4930473A02Rik,4057
4930473D10Rik,1374
4930473H19Rik,3093
4930473O22Rik,15376
4930474B08Rik,837
4930474H06Rik,2136
4930474H20Rik,3243
4930474M22Rik,1500
4930474N05Rik,4309
4930474N09Rik,2970
4930477E14Rik,3373
4930477G07Rik,3662
4930477J04Rik,8713
4930477N07Rik,5634
4930477O03Rik,3252
4930477O15Rik,1089
4930478E11Rik,15723
4930478K11Rik,721
4930478L05Rik,1880
4930478M09Rik,1113
4930478M13Rik,1339
4930478P22Rik,12269
4930479D17Rik,2964
4930479H17Rik,1006
4930480C01Rik,901
4930480E11Rik,1486
4930480G23Rik,491
4930480K02Rik,1054
4930480K15Rik,3392
4930480K23Rik,25077
4930480M12Rik,3421
4930481A15Rik,16667
4930481B07Rik,5881
4930483J18Rik,8343
4930483O08Rik,1033
4930483P17Rik,8883
4930484H19Rik,11693
4930484I04Rik,1100
4930486F22Rik,2876
4930486I03Rik,3960
4930486L24Rik,1432
4930486N12Rik,632
4930487D11Rik,3959
4930487H11Rik,2644
4930488B22Rik,1751
4930488L21Rik,40214
4930488N15Rik,2275
4930488N24Rik,1527
4930500A05Rik,5609
4930500F04Rik,16743
4930500F10Rik,28920
4930500G05Rik,3541
4930500H12Rik,23313
4930500L23Rik,9566
4930500M09Rik,2260
4930502A04Rik,9764
4930502C17Rik,948
4930502E09Rik,4773
4930503B20Rik,3418
4930503E14Rik,2388
4930503E24Rik,2544
4930503F20Rik,6920
4930503H13Rik,725
4930503L19Rik,11979
4930503O07Rik,21495
4930504B08Rik,781
4930504C09Rik,1103
4930504D19Rik,351
4930505G20Rik,1003
4930505K13Rik,2210
4930505K14Rik,6185
4930505M18Rik,3099
4930505N22Rik,2359
4930505O20Rik,5276
4930506A18Rik,1866
4930506C21Rik,8068
4930506F14Rik,763
4930507D05Rik,3699
4930507D10Rik,2926
4930509E16Rik,3172
4930509E22Rik,1011
4930509G22Rik,3935
4930509H03Rik,1215
4930509J09Rik,3392
4930509K18Rik,1810
4930510E17Rik,1643
4930511A02Rik,8498
4930511E03Rik,7747
4930511J24Rik,1816
4930511M06Rik,28489
4930511M18Rik,679
4930511O05Rik,704
4930511P09Rik,6904
4930512B01Rik,7196
4930512H18Rik,6420
4930512J16Rik,13925
4930512M02Rik,1378
4930512P04Rik,424
4930513D17Rik,4430
4930513L16Rik,2916
4930513N10Rik,11976
4930513N20Rik,1265
4930513O06Rik,1850
4930515B02Rik,5861
4930515G01Rik,2429
4930515G16Rik,1256
4930515L03Rik,2398
4930515L19Rik,1452
4930516B21Rik,3200
4930516K23Rik,1078
4930517E11Rik,1457
4930517E14Rik,2972
4930517G19Rik,1676
4930517G24Rik,8529
4930517J16Rik,1568
4930517L18Rik,894
4930517M08Rik,6389
4930517N10Rik,1663
4930517O19Rik,1209
4930518C04Rik,5231
4930518C09Rik,2286
4930518I15Rik,2928
4930518I17Rik,656
4930518J20Rik,1478
4930518J21Rik,5897
4930518P08Rik,4628
4930519A11Rik,4464
4930519D14Rik,7338
4930519E07Rik,1665
4930519F09Rik,1111
4930519F24Rik,5793
4930519G04Rik,4285
4930519H02Rik,8046
4930519K11Rik,3423
4930519L02Rik,14876
4930519P11Rik,2138
4930520K02Rik,7968
4930520M14Rik,722
4930520O04Rik,23917
4930520P13Rik,5598
4930521E06Rik,905
4930521O11Rik,9334
4930521O17Rik,491
4930522H14Rik,1424
4930522L14Rik,4927
4930522O17Rik,12038
4930523C07Rik,11811
4930523O13Rik,9381
4930524B15Rik,2000
4930524B17Rik,3555
4930524C18Rik,5552
4930524O05Rik,1427
4930524O07Rik,7374
4930524O08Rik,22711
4930525C09Rik,6825
4930525D18Rik,7616
4930525G20Rik,3772
4930526A20Rik,950
4930526F13Rik,6249
4930526H09Rik,1790
4930526L06Rik,1841
4930526M16Rik,954
4930527A07Rik,3512
4930527B05Rik,602
4930527E20Rik,1623
4930527F14Rik,17017
4930527G23Rik,5728
4930527J03Rik,594
4930528A17Rik,1833
4930528D03Rik,16058
4930528G23Rik,2527
4930528H21Rik,1178
4930528J11Rik,3611
4930528J18Rik,1800
4930528P14Rik,3199
4930529C04Rik,3534
4930529I22Rik,3089
4930529K09Rik,20990
4930529L06Rik,727
4930532G15Rik,4677
4930532I03Rik,4836
4930532M18Rik,3067
4930533B01Rik,2818
4930533D04Rik,3119
4930533I22Rik,23556
4930533K18Rik,11846
4930533L02Rik,1160
4930533N22Rik,4291
4930533P14Rik,583
4930534D22Rik,4274
4930534H03Rik,6626
4930534H18Rik,1626
4930535E02Rik,3281
4930535F04Rik,1513
4930535G08Rik,1206
4930535L15Rik,7627
4930535O05Rik,2225
4930537H20Rik,2868
4930538E20Rik,1270
4930538L07Rik,4049
4930539C22Rik,2381
4930539H15Rik,385
4930539J05Rik,15542
4930539M17Rik,2929
4930540E01Rik,1146
4930540M03Rik,11027
4930540M05Rik,2068
4930541O19Rik,1158
4930542C12Rik,2002
4930542C16Rik,7650
4930542C21Rik,6182
4930542D17Rik,1995
4930542M03Rik,753
4930542N06Rik,7843
4930543E12Rik,11881
4930543I03Rik,9984
4930543I11Rik,959
4930543K20Rik,355
4930543N07Rik,7387
4930544D05Rik,2402
4930544F09Rik,1724
4930544G11Rik,1406
4930544I03Rik,8549
4930544L04Rik,6407
4930544M13Rik,5413
4930545E07Rik,1798
4930545H06Rik,5591
4930545L08Rik,7695
4930545L23Rik,9534
4930546B01Rik,1995
4930546C10Rik,2752
4930546J17Rik,1686
4930546K05Rik,10470
4930546O09Rik,1062
4930547E08Rik,1696
4930547E14Rik,8238
4930547H16Rik,974
4930547M16Rik,13257
4930548G14Rik,7155
4930548J01Rik,6640
4930548K13Rik,1466
4930549C15Rik,2911
4930549G23Rik,22167
4930549P19Rik,4576
4930550C14Rik,4356
4930550I04Rik,1210
4930551E15Rik,2445
4930551I15Rik,2701
4930551I23Rik,1022
4930551L18Rik,2006
4930551O13Rik,2688
4930552P06Rik,3834
4930552P12Rik,2088
4930553C11Rik,15981
4930553E22Rik,3144
4930553I04Rik,670
4930553I21Rik,580
4930553J12Rik,1885
4930553M12Rik,1646
4930554C24Rik,10544
4930554G22Rik,686
4930554G24Rik,6335
4930554H23Rik,5224
4930554I06Rik,7589
4930554N03Rik,1161
4930554P06Rik,4116
4930555A03Rik,17818
4930555B11Rik,2694
4930555B12Rik,312
4930555F03Rik,38154
4930555G01Rik,609
4930555G07Rik,11806
4930555G21Rik,2861
4930555K05Rik,1325
4930555K19Rik,3725
4930555M17Rik,1677
4930555O08Rik,2047
4930556C24Rik,4684
4930556G01Rik,4839
4930556G22Rik,2177
4930556H04Rik,1675
4930556H05Rik,921
4930556I23Rik,3508
4930556J02Rik,8624
4930556J24Rik,1220
4930556L07Rik,21564
4930556M19Rik,51469
4930556N09Rik,3197
4930556N13Rik,2409
4930557B06Rik,381
4930557B21Rik,774
4930557F08Rik,699
4930557F10Rik,18555
4930557J02Rik,2227
4930557K07Rik,2842
4930558F17Rik,9634
4930558G05Rik,1712
4930558J18Rik,13513
4930558J22Rik,1565
4930558K02Rik,1612
4930558N01Rik,2363
4930559C10Rik,4141
4930560O18Rik,1595
4930562A09Rik,3288
4930562C15Rik,6666
4930562D21Rik,3167
4930562F07Rik,2462
4930562F17Rik,3407
4930563E18Rik,1553
4930563E22Rik,4033
4930563F08Rik,1102
4930563H07Rik,1512
4930563I02Rik,8652
4930563J15Rik,12070
4930563M20Rik,4058
4930563M21Rik,3476
4930563N14Rik,3682
4930564C03Rik,1709
4930564D02Rik,7605
4930565D16Rik,4846
4930565N06Rik,7505
4930566D17Rik,1477
4930566F21Rik,7976
4930566N20Rik,1199
4930567H12Rik,18133
4930567H17Rik,840
4930567J20Rik,6282
4930567K12Rik,1281
4930567K20Rik,6775
4930568A12Rik,18702
4930568A13Rik,3745
4930568D16Rik,1227
4930568E02Rik,957
4930568E12Rik,8111
4930568G15Rik,7320
4930569F06Rik,433
4930570B17Rik,1221
4930570D08Rik,939
4930570E03Rik,8641
4930570G19Rik,29722
4930570N18Rik,1129
4930571K23Rik,2052
4930571N24Rik,4632
4930571O06Rik,6183
4930572G02Rik,27284
4930572K03Rik,5722
4930573C08Rik,1069
4930573C15Rik,6542
4930573H18Rik,918
4930573I07Rik,6258
4930573O16Rik,980
4930577H14Rik,2000
4930577N17Rik,1625
4930578E11Rik,6140
4930578G10Rik,38980
4930578I06Rik,1793
4930578I07Rik,1372
4930578M01Rik,19138
4930578M07Rik,2135
4930578N18Rik,9122
4930579C12Rik,10435
4930579D07Rik,3885
4930579D09Rik,1926
4930579F01Rik,3193
4930579G18Rik,1681
4930579G24Rik,1970
4930579H20Rik,2780
4930579J19Rik,3813
4930579K19Rik,4231
4930579M01Rik,1810
4930579O11Rik,2741
4930579P08Rik,3252
4930580E04Rik,1428
4930581F22Rik,20173
4930583I09Rik,630
4930583K01Rik,3671
4930583P06Rik,3691
4930584E12Rik,981
4930584F24Rik,13923
4930586N03Rik,5847
4930587A21Rik,4886
4930587E11Rik,3494
4930588A03Rik,12029
4930588D02Rik,464
4930588G17Rik,2892
4930588J15Rik,7042
4930588K23Rik,7950
4930589L23Rik,1392
4930589O11Rik,920
4930589P08Rik,4615
4930590H14Rik,551
4930590J08Rik,5407
4930590L14Rik,2171
4930590L20Rik,1296
4930591A17Rik,6931
4930591E09Rik,495
4930592A05Rik,5039
4930592C13Rik,4467
4930592I03Rik,5998
4930593A02Rik,11876
4930593C16Rik,8215
4930594A02Rik,5277
4930594C11Rik,2755
4930594M17Rik,2226
4930594M22Rik,8729
4930594O21Rik,10931
4930595D18Rik,2576
4930595L18Rik,3321
4930595O18Rik,607
4930596D02Rik,1160
4930596I21Rik,739
4930597A21Rik,2912
4930597G03Rik,3283
4930597L12Rik,911
4930597O21Rik,1794
4930598A11Rik,5044
4930598F16Rik,3606
4930598N05Rik,13845
4930599A14Rik,2608
4930599N23Rik,7800
4930599N24Rik,1003
4931400O07Rik,652
4931402G19Rik,2432
4931403E22Rik,668
4931403G20Rik,2246
4931406C07Rik,14393
4931406E20Rik,1335
4931406G06Rik,1252
4931407E12Rik,2334
4931407J08Rik,4508
4931408D14Rik,10266
4931412I15Rik,1448
4931413I07Rik,766
4931413K12Rik,1909
4931414P19Rik,3676
4931415C17Rik,3572
4931418L13Rik,1273
4931419H13Rik,4355
4931420L22Rik,4571
4931422A03Rik,13684
4931429L15Rik,2337
4931429P17Rik,2726
4931431B13Rik,6718
4931431C16Rik,2744
4931439C15Rik,6363
4931440P22Rik,474
4932411K12Rik,26064
4932412D23Rik,16970
4932413F04Rik,4652
4932414J04Rik,5642
4932414N04Rik,5012
4932415M13Rik,6473
4932416K20Rik,8765
4932431L22Rik,3140
4932435O22Rik,20092
4932437C15Rik,2594
4932441J04Rik,15486
4932442E05Rik,2717
4932443L11Rik,4979
4932702P03Rik,9322
4933400B14Rik,2522
4933400C23Rik,8117
4933400F21Rik,6967
4933400L20Rik,15275
4933401B06Rik,2374
4933401D09Rik,2142
4933401H06Rik,12401
4933401J01Rik,1070
4933401L05Rik,5462
4933402C05Rik,2409
4933402C06Rik,10413
4933402D24Rik,3838
4933402J07Rik,1304
4933402J10Rik,8978
4933402J15Rik,2182
4933402N03Rik,1826
4933403J19Rik,6700
4933403L11Rik,1121
4933404G15Rik,8109
4933404I11Rik,1270
4933404K08Rik,1835
4933404K13Rik,9197
4933404O12Rik,23784
4933405D12Rik,13143
4933405E24Rik,6295
4933405L10Rik,2483
4933405O20Rik,1341
4933406B15Rik,4336
4933406B17Rik,5466
4933406C10Rik,43383
4933406D12Rik,2691
4933406F09Rik,8355
4933406I18Rik,10877
4933406J09Rik,4391
4933406J10Rik,2128
4933406K04Rik,17673
4933406L23Rik,1509
4933406P04Rik,2354
4933407E24Rik,10213
4933407I05Rik,13186
4933407I08Rik,2624
4933407K13Rik,42117
4933407L21Rik,4452
4933407O12Rik,4813
4933408A14Rik,2071
4933408J17Rik,4395
4933408N05Rik,4375
4933409D19Rik,3525
4933409F18Rik,8239
4933409G03Rik,9591
4933409K07Rik,3193
4933409L14Rik,1680
4933411E02Rik,4587
4933411E06Rik,2227
4933411E08Rik,10184
4933411G06Rik,2896
4933411K16Rik,1380
4933411O13Rik,3054
4933412E12Rik,19074
4933412E24Rik,1748
4933412L11Rik,1044
4933412O06Rik,27398
4933413C19Rik,3415
4933413L06Rik,1358
4933414I15Rik,3542
4933415A04Rik,2009
4933415J04Rik,1301
4933416E03Rik,7359
4933416E14Rik,13609
4933416I08Rik,1877
4933416M07Rik,2006
4933416O17Rik,14014
4933417C20Rik,3195
4933417D19Rik,4075
4933417E11Rik,13697
4933417G07Rik,964
4933417O13Rik,20489
4933421A08Rik,4782
4933421D24Rik,1286
4933421I07Rik,2105
4933421O10Rik,13749
4933422A05Rik,9616
4933423K11Rik,768
4933423L19Rik,1464
4933424C08Rik,1183
4933424C09Rik,8108
4933424G05Rik,5606
4933424G06Rik,1967
4933424H11Rik,3080
4933424L21Rik,5757
4933424M12Rik,11496
4933424N20Rik,1463
4933425B07Rik,2140
4933425D22Rik,1751
4933425M03Rik,1544
4933426B08Rik,5468
4933426K07Rik,1548
4933427D06Rik,3500
4933427D14Rik,13328
4933427E11Rik,2534
4933427E13Rik,9327
4933427G23Rik,5568
4933427I04Rik,2213
4933427I22Rik,8761
4933427J07Rik,1933
4933428C19Rik,2741
4933428G20Rik,2095
4933428L12Rik,2393
4933428M09Rik,1026
4933428P19Rik,1376
4933429H19Rik,1478
4933429K18Rik,6185
4933429O19Rik,16414
4933430A20Rik,2556
4933430H06Rik,1343
4933430H16Rik,8619
4933430I17Rik,1783
4933430L12Rik,1194
4933430M04Rik,7810
4933430N04Rik,9028
4933431C10Rik,1266
4933431E20Rik,32018
4933431G14Rik,5068
4933431J24Rik,15690
4933431K14Rik,1352
4933431K23Rik,34664
4933431M02Rik,1432
4933432G23Rik,840
4933432I03Rik,3531
4933432I09Rik,17323
4933432K03Rik,15330
4933433F19Rik,2409
4933433G15Rik,26668
4933433G19Rik,6473
4933433H22Rik,7803
4933433N18Rik,11025
4933434C23Rik,1129
4933434E20Rik,8466
4933434M16Rik,7127
4933434P08Rik,7381
4933435C09Rik,5804
4933435E02Rik,4255
4933435F18Rik,8324
4933435G04Rik,2108
4933436E23Rik,3112
4933436F18Rik,802
4933436H12Rik,7228
4933436I01Rik,1426
4933436I20Rik,5890
4933436N17Rik,1436
4933436P19Rik,1442
4933437G19Rik,1178
4933437I04Rik,611
4933438A12Rik,4244
4933438B17Rik,10662
4933438K21Rik,7497
4933439C10Rik,10625
4933439J24Rik,2625
4933439K11Rik,4848
4933439N06Rik,1365
4933439N14Rik,4497
4933440J02Rik,5734
4933440M02Rik,35678
4933440N22Rik,2603
5031410I06Rik,2995
5031415H12Rik,2481
5031425E22Rik,45165
5031425F14Rik,17857
5031434C07Rik,6138
5031434O11Rik,12825
5031439G07Rik,15348
5033403F01Rik,14611
5033403H07Rik,19793
5033404E19Rik,630
5033405D04Rik,1088
5033406O09Rik,18337
5033417F24Rik,3910
5033421B08Rik,3796
5033423K11Rik,787
5033424D13Rik,648
5033425B01Rik,1303
5033425G24Rik,1761
5033426E14Rik,3374
5033426O07Rik,4241
5033430I15Rik,11241
5330406M23Rik,2094
5330409N07Rik,3518
5330411J11Rik,3468
5330411O13Rik,1544
5330413D20Rik,3300
5330413P13Rik,13072
5330417H12Rik,1191
5330425B07Rik,1027
5330426L24Rik,2175
5330429C05Rik,1402
5330431K02Rik,1963
5330432J10Rik,4233
5330434G04Rik,29242
5330437M03Rik,4083
5330438D12Rik,18776
5330438I03Rik,2845
5330439A09Rik,1117
5330439B14Rik,1393
5330439K02Rik,6352
5330439M10Rik,3222
5430400D12Rik,9101
5430401F13Rik,850
5430402E10Rik,798
5430402O13Rik,22605
5430402P08Rik,1143
5430403N17Rik,2634
5430405H02Rik,22157
5430410E06Rik,1657
5430414B12Rik,1143
5430414B19Rik,750
5430416N02Rik,21574
5430420F09Rik,1799
5430421F17Rik,6205
5430425E15Rik,1183
5430425K12Rik,5821
5430427G11Rik,1959
5430427M07Rik,1578
5430427N15Rik,2393
5430430B14Rik,1630
5430430K15Rik,1544
5430431A17Rik,8378
5430433H01Rik,542
5430434F05Rik,3553
5430434I15Rik,1257
5430435K18Rik,1418
5430437J10Rik,6955
5430440P10Rik,1273
5530400C23Rik,649
5530400K19Rik,1916
5530401A14Rik,5490
5530402G07Rik,743
5530601H04Rik,55445
5730403I07Rik,7086
5730405O15Rik,5463
5730408A14Rik,1824
5730409E04Rik,5741
5730409N16Rik,1931
5730412P04Rik,5568
5730414N17Rik,1439
5730416F02Rik,812
5730419F03Rik,5853
5730420D15Rik,8481
5730424H11Rik,2305
5730435O14Rik,1081
5730437C11Rik,4031
5730455P16Rik,5242
5730460C07Rik,3394
5730471H19Rik,28179
5730480H06Rik,13055
5730488B01Rik,2311
5730507A11Rik,3371
5730507C01Rik,4785
5730521K06Rik,1608
5730522E02Rik,6746
5730585A16Rik,1027
5730596B20Rik,3697
5830405F06Rik,3456
5830405M20Rik,3741
5830408C22Rik,9454
5830411K02Rik,997
5830415G21Rik,1332
5830416I19Rik,4640
5830417I10Rik,6190
5830418P13Rik,8994
5830426I08Rik,352
5830427D02Rik,509
5830428M24Rik,17456
5830432E09Rik,8138
5830437K03Rik,1379
5830444B04Rik,9034
5830444F18Rik,1992
5830448L01Rik,1841
5830454E08Rik,1471
5830462I19Rik,3383
5830462O15Rik,1655
5830468F06Rik,1192
5830477G23Rik,1587
5830487J09Rik,3177
5930403N24Rik,9960
5930409G06Rik,1544
5930411N13Rik,988
5930420M18Rik,2281
5930430L01Rik,6535
5930435M05Rik,4126
5930438M14Rik,6139
6030400A10Rik,1212
6030440G07Rik,1090
6030442E23Rik,1532
6030442K20Rik,9818
6030443J06Rik,35663
6030445D17Rik,1728
6030452D12Rik,3690
6030458C11Rik,11226
6030460B20Rik,1058
6030466F02Rik,1434
6030468B19Rik,1071
6030469F06Rik,6713
6030471H07Rik,907
6030498E09Rik,1801
6230400D17Rik,4533
6230426M11Rik,844
6330403K07Rik,3067
6330403L08Rik,11747
6330408M09Rik,1422
6330409D20Rik,4781
6330411D24Rik,1659
6330415B21Rik,2200
6330415G19Rik,9038
6330418K02Rik,10395
6330419E04Rik,1263
6330420H09Rik,3076
6330525I24Rik,2009
6330537M06Rik,2184
6330549D23Rik,8898
6330562C20Rik,2668
6330576A10Rik,3644
6430500D05Rik,1176
6430511E19Rik,3835
6430548M08Rik,13688
6430550D23Rik,7080
6430553K19Rik,2570
6430562O15Rik,9642
6430571L13Rik,3067
6430573P05Rik,8427
6430584L05Rik,5079
6430590A07Rik,5532
6430710C18Rik,67253
6430710M23Rik,1191
6530401F13Rik,3461
6530402F18Rik,6040
6530403H02Rik,24601
6530409C15Rik,2974
6530411M01Rik,7710
6530413G14Rik,2824
6530437J22Rik,1244
6720407P12Rik,829
6720427I07Rik,6353
6720464F23Rik,3496
6720468P15Rik,21865
6720469O03Rik,1201
6720470G18Rik,2923
6720473M11Rik,3976
6720475M21Rik,2753
6720482G16Rik,1192
6720483E21Rik,7429
6820402A03Rik,2654
6820408C15Rik,2546
6820426E19Rik,1970
6820431F20Rik,42936
6820445E23Rik,2497
7120432I05Rik,1276
7330404K18Rik,1406
7330423F06Rik,301
7420700N18Rik,1644
7420701I03Rik,737
7530414M10Rik,1684
7530416G11Rik,1161
7530428D23Rik,165
7630403G23Rik,1734
8030423F21Rik,3908
8030423J24Rik,869
8030442B05Rik,7779
8030443G20Rik,903
8030445P17Rik,2741
8030451A03Rik,11801
8030451O07Rik,3345
8030453O22Rik,3426
8030455M16Rik,902
8030456M14Rik,1877
8030474K03Rik,2886
8030487O14Rik,903
8430406P12Rik,1070
8430419K02Rik,16580
8430422H06Rik,1271
8430422M14Rik,822
8430423G03Rik,1037
8430426J06Rik,7863
8430429K09Rik,17795
8430430B14Rik,7093
8430432A02Rik,1248
8430436N08Rik,3170
8430437L04Rik,1663
9030204H09Rik,1135
9030404E10Rik,7036
9030407P20Rik,10734
9030607J07Rik,1622
9030616G12Rik,2229
9030619P08Rik,5326
9030622O22Rik,55215
9030624G23Rik,2245
9030625G05Rik,1615
9130002K18Rik,3126
9130004C02Rik,5115
9130007G19Rik,1256
9130008F23Rik,2940
9130015A21Rik,3650
9130015G15Rik,2133
9130015L21Rik,2059
9130016M20Rik,2278
9130017K11Rik,7378
9130019P16Rik,8275
9130024F11Rik,16678
9130204K15Rik,4698
9130209A04Rik,4438
9130213A22Rik,3202
9130214F15Rik,1653
9130221F21Rik,2631
9130221H12Rik,1541
9130227L01Rik,9877
9130230L23Rik,10006
9130230N09Rik,5175
9130231A04Rik,1725
9130401M01Rik,3905
9130410C08Rik,2939
9130604C24Rik,956
9230009I02Rik,5854
9230020A06Rik,9648
9230102K24Rik,1961
9230104M06Rik,5586
9230105E05Rik,2845
9230106D20Rik,1407
9230109A22Rik,11183
9230110F11Rik,1659
9230111E07Rik,10240
9230112D13Rik,778
9230112E08Rik,4712
9230112J17Rik,10685
9230114J08Rik,350
9230114K14Rik,12363
9230116L04Rik,2852
9230116N13Rik,7180
9230117E06Rik,497
9230118N01Rik,1556
9330020H09Rik,4489
9330102E08Rik,3939
9330104G04Rik,8531
9330111N05Rik,16706
9330117O12Rik,2444
9330118I20Rik,5555
9330121J05Rik,3009
9330121K16Rik,3886
9330133O14Rik,4158
9330136K24Rik,6613
9330151L19Rik,4347
9330154J02Rik,9013
9330154K18Rik,2104
9330158H04Rik,39642
9330159F19Rik,8530
9330159M07Rik,38842
9330159N22Rik,1031
9330160F10Rik,2770
9330161L09Rik,2152
9330162012Rik,3836
9330162B11Rik,2212
9330162G02Rik,30942
9330171B17Rik,7175
9330172E22Rik,5739
9330175E14Rik,9578
9330175M20Rik,16433
9330178D15Rik,3451
9330179D12Rik,16211
9330182O14Rik,2325
9330185C12Rik,3718
9330188P03Rik,28613
9330198I05Rik,8188
9330198N18Rik,2140
9330199G10Rik,7976
9430002A10Rik,944
9430007M09Rik,804
9430014N10Rik,2701
9430015G10Rik,7660
9430018G01Rik,3758
9430021M05Rik,9561
9430024E24Rik,713
9430030N17Rik,691
9430031K09Rik,925
9430034N14Rik,3785
9430037G07Rik,47947
9430037O13Rik,1008
9430038I01Rik,10886
9430041J12Rik,4736
9430053O09Rik,2780
9430060I03Rik,1689
9430062P05Rik,3345
9430064I24Rik,2669
9430065F17Rik,10461
9430068D22Rik,655
9430069I07Rik,817
9430073C21Rik,3023
9430078K24Rik,20999
9430081H08Rik,830
9430083B18Rik,863
9430085M18Rik,7017
9430087B13Rik,1085
9430087J23Rik,1152
9430091E24Rik,2284
9430092D12Rik,1274
9430093N23Rik,4926
9430097D07Rik,3304
9430099M06Rik,742
9530002B09Rik,803
9530003O04Rik,908
9530004M14Rik,2748
9530013L04Rik,782
9530014B07Rik,794
9530018F02Rik,2599
9530018H14Rik,1243
9530020I12Rik,11004
9530022L04Rik,310
9530026F06Rik,9303
9530026P05Rik,52784
9530027J09Rik,461
9530034A14Rik,1083
9530034E10Rik,2912
9530036M11Rik,1996
9530036O11Rik,11665
9530046B11Rik,2197
9530047P18Rik,1432
9530050K03Rik,1299
9530051G07Rik,11826
9530052E02Rik,5158
9530053H05Rik,8147
9530056E24Rik,3290
9530056K15Rik,6965
9530057J20Rik,972
9530059O14Rik,31952
9530062K07Rik,5263
9530068E07Rik,5816
9530077C14Rik,4293
9530078K11Rik,694
9530080O11Rik,10528
9530082P21Rik,10571
9530085L11Rik,2115
9530085P06Rik,827
9530086O07Rik,2685
9530086P17Rik,679
9530097N15Rik,1068
9630001P10Rik,10292
9630002D21Rik,16649
9630009A06Rik,2729
9630010A21Rik,2703
9630013A20Rik,7956
9630013D21Rik,36108
9630013K17Rik,1072
9630014M24Rik,9562
9630015K15Rik,572
9630025H16Rik,458
9630028B13Rik,4324
9630028H03Rik,3959
9630028I04Rik,19862
9630029G12Rik,2848
9630041A04Rik,2855
9630050E16Rik,7441
9830004L10Rik,10606
9830132P13Rik,12362
9830144P21Rik,7946
9830166K06Rik,8673
9930004E17Rik,3630
9930012K11Rik,5215
9930014A18Rik,10333
9930017N22Rik,3745
9930022D16Rik,2706
9930024M15Rik,2584
9930038B18Rik,10091
9930105H17Rik,2964
9930111H07Rik,4279
9930111J21Rik1,6755
9930111J21Rik2,8877
9930120I10Rik,865
A030001D20Rik,3666
A030003K21Rik,830
A030005K14Rik,1093
A030005L19Rik,806
A030012G06Rik,1880
A030014E15Rik,796
A130010J15Rik,10570
A130012E19Rik,3135
A130014A01Rik,2903
A130023I24Rik,3665
A130030D18Rik,654
A130048G24Rik,2750
A130050O07Rik,3023
A130051J06Rik,10370
A130071D04Rik,5864
A130094D17Rik,926
A1bg,3003
A1cf,6088
A230001M10Rik,21511
A230004M16Rik,8195
A230005M16Rik,2627
A230006K03Rik,15486
A230009B12Rik,6431
A230020J21Rik,3423
A230028O05Rik,7258
A230045G11Rik,20365
A230051N06Rik,775
A230052G05Rik,2302
A230054N11Rik,1104
A230056K03Rik,3965
A230056P14Rik,9238
A230057D06Rik,23850
A230059L01Rik,5553
A230060F14Rik,2435
A230065C20Rik,1984
A230065N10Rik,1028
A230070E04Rik,15171
A230072C01Rik,46511
A230072E10Rik,9113
A230077H06Rik,13885
A230081H15Rik,2929
A230083G16Rik,9643
A230083N12Rik,2646
A230085B16Rik,1856
A230087F16Rik,11704
A230103J11Rik,4328
A230103L15Rik,3872
A230103O09Rik,17573
A230107N01Rik,15556
A230108P19Rik,3945
A2m,7617
A2ml1,8703
A330008L17Rik,11717
A330009N23Rik,15317
A330015K06Rik,9988
A330023F24Rik,27606
A330032B11Rik,1919
A330035P11Rik,17217
A330040F15Rik,17440
A330041J22Rik,2133
A330043C09Rik,9088
A330044P14Rik,1683
A330048O09Rik,4527
A330049N07Rik,9721
A330058E17Rik,3890
A330069E16Rik,9736
A330069K06Rik,2881
A330070K13Rik,2659
A330072L02Rik,1867
A330074H02Rik,1039
A330074K22Rik,3919
A330076H08Rik,11749
A330084C13Rik,3852
A330087D11Rik,16747
A330093E20Rik,4614
A330094K24Rik,9325
A330102I10Rik,83838
A3galt2,5192
A430005L14Rik,3400
A430018G15Rik,3421
A430019L02Rik,3421
A430027C01Rik,1644
A430027H14Rik,3940
A430028G04Rik,1973
A430033K04Rik,5972
A430034D21Rik,1802
A430035B10Rik,7917
A430046D13Rik,31013
A430048G15Rik,5238
A430050A11Rik,646
A430057M04Rik,10079
A430060F13Rik,378
A430072C10Rik,2532
A430072P03Rik,3579
A430073I11Rik,916
A430078I02Rik,4446
A430085M09Rik,568
A430088P11Rik,5978
A430090L17Rik,3687
A430093F15Rik,14340
A430102A20Rik,5913
A430102K17Rik,526
A430103D13Rik,857
A430105J06Rik,4038
A430108G06Rik,2946
A430110C17Rik,4348
A430110L20Rik,4928
A4galt,4544
A4gnt,2757
A530001N23Rik,11318
A530006G24Rik,1331
A530010F05Rik,1592
A530010L16Rik,3082
A530013C23Rik,13561
A530016L24Rik,3926
A530017D24Rik,1313
A530020G20Rik,11060
A530021J07Rik,7743
A530030E21Rik,1310
A530040E14Rik,23283
A530041M06Rik,5074
A530046M15Rik,1538
A530053G22Rik,9476
A530053M12Rik,1995
A530058O07Rik,3364
A530064N14Rik,1492
A530065N20Rik,13133
A530072M11Rik,17986
A530076I17Rik,7455
A530083I20Rik,15278
A530083M17Rik,3376
A530088E08Rik,6686
A530095I07Rik,927
A630001G21Rik,4756
A630001O12Rik,3233
A630010A05Rik,3413
A630012P03Rik,2100
A630014C17Rik,2984
A630019I02Rik,2990
A630023A22Rik,1756
A630023P12Rik,19540
A630028G03Rik,1006
A630031M04Rik,23625
A630035G10Rik,2934
A630036G19Rik,4080
A630039O03Rik,25767
A630050E04Rik,1063
A630052C17Rik,4745
A630066F11Rik,2024
A630072L19Rik,4924
A630072M18Rik,5410
A630073D07Rik,1645
A630076J17Rik,1360
A630081D01Rik,1833
A630089N07Rik,5799
A630091E08Rik,828
A630095N17Rik,1557
A730004F24Rik,6303
A730006G06Rik,2647
A730009L09Rik,2713
A730011C13Rik,3478
A730013G03Rik,3648
A730017L22Rik,6486
A730018C14Rik,13099
A730020E08Rik,10609
A730020M07Rik,7021
A730032A03Rik,2153
A730035I17Rik,5133
A730036I17Rik,16736
A730043L09Rik,4081
A730045E13Rik,854
A730049H05Rik,6281
A730049N16Rik,822
A730056A06Rik,7209
A730060N03Rik,3627
A730061H03Rik,1850
A730062M13Rik,1910
A730063M14Rik,2628
A730065G17Rik,3335
A730081D07Rik,7393
A730082K24Rik,3529
A730085E03Rik,1918
A730085K08Rik,5426
A730089K16Rik,2427
A730090N16Rik,1839
A730091E23Rik,3825
A730094K22Rik,740
A730098A19Rik,2152
A830005F24Rik,1129
A830008E24Rik,31470
A830009L08Rik,28390
A830011K09Rik,10480
A830012C17Rik,1665
A830018L16Rik,19432
A830019L24Rik,16690
A830019P07Rik,9586
A830021F12Rik,4851
A830021M18Rik,3856
A830029E22Rik,1640
A830031A19Rik,757
A830035A12Rik,9681
A830035O19Rik,1900
A830036E02Rik,10539
A830052D11Rik,20433
A830073O21Rik,5121
A830082K12Rik,27933
A830082N09Rik,9318
A830092H15Rik,2621
A930001A20Rik,9208
A930001C03Rik,14150
A930001M01Rik,5633
A930002C04Rik,5750
A930002H02Rik,1178
A930002I21Rik,4571
A930003A15Rik,2018
A930003O13Rik,7942
A930004D18Rik,8413
A930004J17Rik,4610
A930005G22Rik,3390
A930005H10Rik,7158
A930005N03Rik,1247
A930006A01Rik,1878
A930006I01Rik,2229
A930006K02Rik,21377
A930006L05Rik,2814
A930007A09Rik,3972
A930007I19Rik,44309
A930009A15Rik,1001
A930012L18Rik,3746
A930012O16Rik,3971
A930014D07Rik,1862
A930014E01Rik,330
A930014E10Rik,546
A930015D03Rik,10315
A930015P04Rik,772
A930016O22Rik,4688
A930018P22Rik,822
A930019D19Rik,958
A930023M06Rik,1093
A930024E05Rik,8346
A930027H12Rik,1523
A930027P06Rik,2975
A930028N01Rik,690
A930028O11Rik,1108
A930029G22Rik,9987
A930030B08Rik,3965
A930031H19Rik,2365
A930032L01Rik,957
A930033H14Rik,2969
A930033M14Rik,400
A930035F09Rik,18601
A930036I15Rik,1045
A930036K24Rik,1200
A930037H05Rik,21558
A930038B10Rik,21609
A930040O22Rik,973
A930041C12Rik,5388
A930104D05Rik,1338
AA386476,2732
AA387200,9389
AA387883,8402
AA388235,7493
AA413626,494
AA414768,1672
AA414992,1576
AA465934,4477
AA467197,1949
AA474408,3339
AA536875,6758
AA543186,3236
AA543401,1269
AA545190,1791
AA619741,646
AA623943,3238
AA645442,643
AA672651,489
AA684185,246
AA914427,1177
AA986860,6363
AAdacl4fm3,1241
AB010352,3720
AB041806,2294
AB124611,2302
AF357341,75
AF357399,125
AF357425,73
AF357428,69
AI115009,6298
AI182371,5172
AI197445,14567
AI314278,8358
AI429214,1930
AI463170,5003
AI463229,49159
AI467606,2764
AI480526,74698
AI504432,6117
AI506816,12850
AI507597,2605
AI593442,11721
AI597479,3458
AI606473,5622
AI661453,6093
AI837181,3057
AI838599,8493
AI839979,36853
AI849053,4534
AI854703,6828
AI987944,7212
AK157302,1924
AU015228,1320
AU015336,861
AU015791,11049
AU015836,4067
AU016765,3380
AU017674,2098
AU018091,4593
AU019990,3754
AU020206,11679
AU021063,583
AU021092,1368
AU022133,873
AU022252,11049
AU022754,4380
AU022793,19006
AU023070,387
AU023762,6983
AU040320,8145
AU040972,1139
AU041133,3940
AV039307,29006
AV051173,3880
AV064505,522
AV099323,2353
AV205837,5185
AV356131,7918
AW011738,10798
AW046200,13358
AW047730,4723
AW112010,6279
AW146154,6520
AW209491,5675
AW495222,5793
AW551984,9261
AW554918,12099
AW822252,55088
AY074887,769
AY358078,1461
AY512915,6270
AY512931,4255
AY702102,3244
AY702103,10188
AY761185,448
Aaas,5721
Aacs,4709
Aadac,1956
Aadacl2,1590
Aadacl2fm1,2789
Aadacl2fm2,1235
Aadacl2fm3,1206
Aadacl3,3153
Aadacl4,1224
Aadacl4fm1,1406
Aadacl4fm2,1221
Aadacl4fm4,1224
Aadacl4fm5,1432
Aadat,2664
Aagab,5908
Aak1,31727
Aamdc,7123
Aamp,5777
Aanat,3372
Aar2,7016
Aard,1348
Aars1,13026
Aars2,6139
Aarsd1,3770
Aasdh,13117
Aasdhppt,7130
Aass,4334
Aatf,3230
Aatk,16132
Abat,9571
Abca1,10563
Abca12,15794
Abca13,19870
Abca14,6713
Abca15,6423
Abca16,10112
Abca17,6127
Abca2,10032
Abca3,11922
Abca4,14281
Abca5,13827
Abca6,5584
Abca7,7530
Abca8a,7519
Abca8b,7894
Abca9,8380
Abcb10,4306
Abcb11,6774
Abcb1a,7008
Abcb1b,9899
Abcb4,10395
Abcb5,4723
Abcb6,10225
Abcb7,6182
Abcb8,9745
Abcb9,7098
Abcc1,18053
Abcc10,14108
Abcc12,8851
Abcc2,11261
Abcc3,7320
Abcc4,7768
Abcc5,13848
Abcc6,6780
Abcc8,10396
Abcc9,10282
Abcd1,5478
Abcd2,6234
Abcd3,9117
Abcd4,13627
Abce1,6682
Abcf1,6269
Abcf2,2569
Abcf3,5476
Abcg1,8346
Abcg2,10736
Abcg3,3975
Abcg4,7578
Abcg5,3305
Abcg8,4989
Abhd1,1352
Abhd10,5131
Abhd11,6120
Abhd11os,363
Abhd12,4668
Abhd12b,4521
Abhd13,5494
Abhd14a,3853
Abhd14b,6768
Abhd15,3695
Abhd16a,4292
Abhd16b,1775
Abhd17a,3196
Abhd17b,4452
Abhd17c,4995
Abhd18,20265
Abhd2,10859
Abhd3,3726
Abhd4,7818
Abhd5,7027
Abhd6,3466
Abhd8,5187
Abi1,16344
Abi2,19307
Abi3,5717
Abi3bp,8383
Abitram,6758
Abl1,20738
Abl2,12924
Ablim1,32711
Ablim2,12165
Ablim3,6797
Abo,1920
Abr,18608
Abra,2979
Abracl,2480
Abraxas1,5123
Abraxas2,13698
Abt1,4456
Abtb1,9555
Abtb2,8028
Abtb3,14632
Acaa1a,7533
Acaa1b,2269
Acaa2,2020
Acaca,20271
Acacb,13047
Acad10,7976
Acad11,11688
Acad12,7642
Acad8,7684
Acad9,11419
Acadl,2039
Acadm,6550
Acads,3067
Acadsb,10842
Acadvl,4857
Acan,9381
Acap1,6396
Acap2,14128
Acap3,10451
Acat1,4261
Acat2,4611
Acat3,3749
Acbd3,7040
Acbd4,9655
Acbd5,27691
Acbd6,8655
Acbd7,652
Accs,11528
Accsl,5769
Acd,6050
Ace,6779
Ace2,4350
Ace3,2214
Acer1,2429
Acer2,7802
Acer3,19552
Ache,9184
Acin1,17967
Ackr1,2442
Ackr2,6286
Ackr3,3469
Ackr4,8966
Acly,8190
Acmsd,2831
Acnat1,3981
Acnat2,3372
Aco1,4967
Aco2,6130
Acod1,2623
Acot1,6105
Acot10,1537
Acot11,9024
Acot12,3831
Acot13,869
Acot2,2196
Acot3,6424
Acot4,7215
Acot5,2117
Acot6,7010
Acot7,3349
Acot8,3047
Acot9,2963
Acox1,6265
Acox2,4848
Acox3,14503
Acoxl,3797
Acp1,7017
Acp2,11193
Acp3,8675
Acp4,1966
Acp5,3321
Acp6,10879
Acp7,4453
Acr,2867
Acrbp,5660
Acrv1,4366
Acsbg1,4256
Acsbg2,2609
Acsbg3,3311
Acsf2,4032
Acsf3,4139
Acsl1,14149
Acsl3,6459
Acsl4,6386
Acsl5,5621
Acsl6,17459
Acsm1,2451
Acsm2,10276
Acsm3,7764
Acsm4,2152
Acsm5,7008
Acss1,4949
Acss2,12801
Acss2os,2233
Acss3,7854
Acta1,1536
Acta2,2222
Actb,5902
Actb-ps1,1142
Actbl2,2737
Actc1,1618
Actc1dt,6292
Acte1,5341
Actg-ps1,1124
Actg1,6229
Actg2,2634
Actl10,1501
Actl11,3993
Actl6a,5746
Actl6b,6465
Actl7a,1513
Actl7b,1439
Actl9,1373
Actmap,8373
Actn1,7093
Actn2,5040
Actn3,3317
Actn4,10299
Actr10,11377
Actr1a,8343
Actr1b,5513
Actr2,5633
Actr3,8559
Actr3-ps,2347
Actr3b,3110
Actr5,5385
Actr6,2733
Actr8,10785
Actrt1,1339
Actrt2,1435
Actrt3,1961
Acvr1,6977
Acvr1b,4418
Acvr1c,12999
Acvr2a,6394
Acvr2b,6123
Acvrl1,6250
Acy1,5248
Acy3,3872
Acyp1,2281
Acyp2,863
Ada,2136
Adad1,4599
Adad2,1926
Adal,13463
Adam10,6236
Adam11,9558
Adam12,13273
Adam15,10867
Adam17,12365
Adam18,2847
Adam19,7443
Adam1a,3496
Adam1b,3338
Adam2,2838
Adam20,2589
Adam21,2911
Adam22,17079
Adam23,20894
Adam24,2887
Adam25,2621
Adam26a,2489
Adam26b,2476
Adam28,10000
Adam29,2726
Adam3,4324
Adam30,4552
Adam32,4293
Adam33,11772
Adam34,4919
Adam34l,2326
Adam39,2636
Adam4,2504
Adam5,3973
Adam6a,2558
Adam6b,2547
Adam7,5221
Adam8,6413
Adam9,4435
Adamdec1,2442
Adamts1,6317
Adamts10,14589
Adamts12,11958
Adamts13,5453
Adamts14,5924
Adamts15,10612
Adamts16,9145
Adamts17,11422
Adamts18,14301
Adamts19,16668
Adamts2,9621
Adamts20,9614
Adamts3,5544
Adamts4,8066
Adamts5,10791
Adamts6,15124
Adamts7,11589
Adamts8,5966
Adamts9,17523
Adamtsl1,17621
Adamtsl2,9583
Adamtsl3,9766
Adamtsl4,5688
Adamtsl5,8689
Adap1,4283
Adap2,2083
Adap2os,2908
Adar,9908
Adarb1,23897
Adarb2,17271
Adat1,5096
Adat2,1466
Adat3,2565
Adck1,7894
Adck2,6365
Adck5,8876
Adcy1,16106
Adcy10,11370
Adcy2,4211
Adcy3,10078
Adcy4,7428
Adcy5,7382
Adcy6,13701
Adcy7,11281
Adcy8,10543
Adcy9,10023
Adcyap1,8595
Adcyap1r1,10319
Add1,15653
Add2,14968
Add3,15209
Adgb,7171
Adgra1,6392
Adgra2,10374
Adgra3,8873
Adgrb1,9849
Adgrb2,11047
Adgrb3,24381
Adgrd1,10045
Adgrd2-ps,2888
Adgre1,3977
Adgre4,3491
Adgre5,6178
Adgrf1,3853
Adgrf2,5030
Adgrf3,3804
Adgrf4,4761
Adgrf5,12660
Adgrg1,10877
Adgrg2,5879
Adgrg3,9336
Adgrg4,11734
Adgrg5,4075
Adgrg6,13691
Adgrg7,2698
Adgrl1,14783
Adgrl2,27343
Adgrl3,33549
Adgrl4,7418
Adgrv1,28812
Adh1,2738
Adh4,1705
Adh5,7296
Adh6-ps1,14882
Adh6a,2681
Adh6b,5583
Adh7,4265
Adhfe1,5101
Adi1,2924
Adig,1069
Adipoq,1600
Adipor1,7835
Adipor2,9379
Adissp,4012
Adk,10118
Adm,1766
Adm2,1298
Adnp,6215
Adnp2,5012
Ado,4558
Adora1,9356
Adora2a,4169
Adora2b,1845
Adora3,5252
Adpgk,15250
Adprh,3477
Adprhl1,6694
Adprm,4609
Adprs,4142
Adra1a,17795
Adra1b,4961
Adra1d,1899
Adra2a,8424
Adra2b,7950
Adra2c,3445
Adrb1,3446
Adrb2,2144
Adrb3,7046
Adrm1,11856
Adrm1b,1392
Adsl,8903
Adss1,3286
Adss2,6175
Adtrp,5190
Aebp1,4455
Aebp2,27932
Aen,10616
Afap1,13295
Afap1l1,4607
Afap1l2,6558
Afdn,19276
Aff1,9895
Aff2,8372
Aff3,9501
Aff4,16098
Afg1l,3940
Afg2a,6186
Afg2b,6020
Afg3l1,5676
Afg3l2,10667
Afm,3400
Afmid,5198
Afp,4270
Aftph,14612
Aga,2931
Agap1,26497
Agap2,5941
Agap3,7525
Agbl1,5322
Agbl2,8926
Agbl3,16990
Agbl4,10044
Agbl5,13346
Ager,6035
Agfg1,13896
Agfg2,7396
Aggf1,4314
Agk,13192
Agl,19861
Agmat,1407
Agmo,8475
Ago1,10466
Ago2,14297
Ago3,17383
Ago4,7111
Agpat1,7043
Agpat2,2734
Agpat3,11911
Agpat4,3629
Agpat5,13091
Agps,10605
Agr2,1365
Agr3,1078
Agrn,14041
Agrp,1154
Agt,1891
Agtpbp1,26274
Agtr1a,3687
Agtr1b,2147
Agtr2,3537
Agtrap,4359
Agxt,2419
Agxt2,3991
Ahctf1,20304
Ahcy,3146
Ahcyl,2093
Ahcyl1,11394
Ahcyl2,32942
Ahdc1,13723
Ahi1,9864
Ahnak,21248
Ahnak2,11349
Ahr,6545
Ahrr,11387
Ahsa1,6280
Ahsa2,10377
Ahsg,4615
Ahsp,952
Aicda,3310
Aida,10678
Aif1,3205
Aif1l,6190
Aifm1,5156
Aifm2,5052
Aifm3,5985
Aig1,10874
Aim2,5456
Aimp1,6864
Aimp2,2675
Aip,3240
Aipl1,4166
Aire,6427
Airim,10023
Airn,18761
Ajap1,3186
Ajm1,12987
Ajuba,5296
Ak1,6103
Ak2,2527
Ak3,3313
Ak3l2-ps,672
Ak4,5907
Ak5,3902
Ak6,4508
Ak7,4488
Ak8,2239
Ak9,6968
Akain1,4698
Akap1,4925
Akap10,8730
Akap11,12898
Akap12,7239
Akap13,29002
Akap14,1792
Akap17a,5045
Akap17b,6836
Akap3,3616
Akap4,3976
Akap5,15984
Akap6,16165
Akap7,6363
Akap8,20135
Akap8l,12133
Akap9,26777
Akip1,1967
Akirin1,4016
Akirin1-ps,458
Akirin2,2178
Akna,5930
Aknad1,8501
Aknaos,6633
Akp-ps1,1600
Akp3,3031
Akr1a1,3398
Akr1b1,10224
Akr1b10,4790
Akr1b7,1281
Akr1b8,1700
Akr1c12,1261
Akr1c13,1740
Akr1c14,4879
Akr1c18,1536
Akr1c19,6893
Akr1c20,2328
Akr1c21,1625
Akr1c6,2573
Akr1cl,5491
Akr1d1,2913
Akr1e1,6285
Akr7a5,1990
Akt1,5465
Akt1s1,7463
Akt2,11269
Akt2-ps,1449
Akt3,8785
Aktip,10355
Alad,2073
Alas1,11162
Alas2,3196
Alb,2563
Albfm1,3235
Alcam,8776
Aldh16a1,10181
Aldh18a1,5502
Aldh1a1,5904
Aldh1a2,2264
Aldh1a3,5461
Aldh1a7,2066
Aldh1b1,2743
Aldh1l1,6466
Aldh1l2,11100
Aldh2,6761
Aldh3a1,2251
Aldh3a2,6914
Aldh3b1,2078
Aldh3b2,2142
Aldh3b3,8084
Aldh4a1,6845
Aldh5a1,5647
Aldh6a1,6347
Aldh7a1,7673
Aldh8a1,5154
Aldh9a1,4251
Aldoa,5841
Aldoa-ps3,306
Aldoa-ps4,753
Aldoart1,4102
Aldoart2,1658
Aldob,2800
Aldoc,5546
Alg1,3709
Alg10b,12903
Alg11,7030
Alg12,3840
Alg13,9292
Alg14,3496
Alg2,4362
Alg3,4094
Alg5,4823
Alg6,9597
Alg8,4944
Alg9,6476
Alk,10165
Alkal1,971
Alkal2,1509
Alkbh1,15605
Alkbh2,1914
Alkbh3,5425
Alkbh3os1,3272
Alkbh4,5453
Alkbh5,6117
Alkbh6,6733
Alkbh7,2052
Alkbh8,17332
Allc,1646
Alms1,21315
Alms1-ps1,2166
Alms1-ps2,3203
Alox12,4499
Alox12b,2431
Alox12e,4084
Alox15,2572
Alox5,7407
Alox5ap,2228
Alox8,4549
Aloxe3,8197
Alpi,2337
Alpk1,9023
Alpk2,8735
Alpk3,6665
Alpl,4574
Alppl2,3519
Als2,10415
Als2cl,13081
Altre,21451
Alx1,11040
Alx3,2309
Alx4,11998
Alyref,4515
Alyref2,1279
Alyreffm1,8161
Alyreffm10,2136
Alyreffm11,2112
Alyreffm12,861
Alyreffm13,2112
Alyreffm14,2112
Alyreffm15,2112
Alyreffm16,2112
Alyreffm17,2112
Alyreffm2,762
Alyreffm3,726
Alyreffm4,914
Alyreffm5,927
Alyreffm6,910
Alyreffm7,910
Alyreffm8,910
Alyreffm9,861
Amacr,3023
Ambn,2941
Ambp,1643
Ambra1,10629
Amd-ps1,994
Amd-ps3,1005
Amd-ps4,1003
Amd-ps5,989
Amd-ps6,1003
Amd-ps7,626
Amd1,5014
Amd2,3218
Amdhd1,2421
Amdhd2,5925
Amelx,1440
Amer1,8496
Amer2,15992
Amer3,4392
Amfr,5022
Amh,1670
Amhr2,3457
Amigo1,13220
Amigo2,5799
Amigo3,2543
Ammecr1,5437
Ammecr1l,8296
Amn,2466
Amn1,23449
Amot,10837
Amotl1,11309
Amotl2,12718
Ampd1,4741
Ampd2,10863
Ampd3,7916
Amph,6649
Amt,3619
Amtn,1022
Amy1,3967
Amy2-ps1,1117
Amy2a1,890
Amy2a2,3717
Amy2a3,3717
Amy2a4,3717
Amy2a5,4257
Amy2b,2494
Amz1,10284
Amz2,8413
Anapc1,20123
Anapc10,7764
Anapc11,6130
Anapc13,2931
Anapc15,11941
Anapc15-ps,399
Anapc16,7922
Anapc2,4799
Anapc4,8654
Anapc5,12950
Anapc7,6982
Ang,1822
Ang-ps1,436
Ang-ps2,433
Ang-ps3,433
Ang2,1334
Ang4,709
Ang5,708
Ang6,714
Angel1,6189
Angel2,7811
Angpt1,5790
Angpt2,3812
Angpt4,2335
Angptl1,3983
Angptl2,8866
Angptl3,3987
Angptl4,5468
Angptl6,1582
Angptl7,2157
Angptl8,865
Ank,5055
Ank1,26133
Ank2,50439
Ank3,56478
Ankar,5601
Ankdd1a,3058
Ankdd1b,8357
Ankef1,11382
Ankfn1,9188
Ankfy1,15779
Ankhd1,13280
Ankib1,9429
Ankk1,3056
Ankle1,6248
Ankle2,8677
Ankmy1,4967
Ankmy2,6758
Ankra2,7778
Ankrd1,6280
Ankrd10,13501
Ankrd11,18464
Ankrd12,17462
Ankrd13a,10475
Ankrd13b,9909
Ankrd13c,16733
Ankrd13d,3975
Ankrd16,13218
Ankrd17,44376
Ankrd2,1223
Ankrd22,3666
Ankrd23,4146
Ankrd24,13626
Ankrd26,7811
Ankrd27,7655
Ankrd28,13959
Ankrd29,7917
Ankrd31,6584
Ankrd33,5400
Ankrd33b,21279
Ankrd34a,2583
Ankrd34b,7728
Ankrd34c,7932
Ankrd35,4631
Ankrd37,3068
Ankrd39,7560
Ankrd40,6138
Ankrd40cl,853
Ankrd42,11650
Ankrd44,22897
Ankrd45,4212
Ankrd46,6232
Ankrd48,7400
Ankrd49,10377
Ankrd50,14152
Ankrd52,8872
Ankrd53,2496
Ankrd54,8697
Ankrd55,7401
Ankrd6,7328
Ankrd60,2823
Ankrd61,3692
Ankrd63,4861
Ankrd65,1169
Ankrd66,1307
Ankrd68,2683
Ankrd69,2084
Ankrd7,1987
Ankrd9,8642
Anks1,22774
Anks1b,37926
Anks3,8282
Anks4b,3900
Anks6,8031
Ankub1,6090
Ankzf1,9179
Anln,10209
Ano1,9229
Ano10,8689
Ano2,6635
Ano3,7570
Ano4,11403
Ano5,9255
Ano6,15416
Ano7,4981
Ano8,8837
Ano9,8775
Anp32-ps,388
Anp32a,4473
Anp32b,1716
Anp32b-ps1,758
Anp32e,9654
Anpep,6358
Antkmt,6614
Antxr1,14161
Antxr2,7220
Antxrl,2990
Anxa1,4338
Anxa10,2977
Anxa11,5057
Anxa11os,2479
Anxa13,1371
Anxa2,4087
Anxa2r1,5004
Anxa2r2,953
Anxa3,5068
Anxa4,7555
Anxa5,2281
Anxa6,3041
Anxa7,11119
Anxa8,2279
Anxa9,2190
Aoah,6692
Aoc1,6631
Aoc1l1,5549
Aoc1l2,2485
Aoc1l3,2775
Aoc2,4643
Aoc3,5570
Aopep,22293
Aox1,9542
Aox2,5771
Aox3,8090
Aox4,9105
Ap1ar,15345
Ap1b1,7098
Ap1g1,10612
Ap1g2,6302
Ap1m1,5152
Ap1m2,5582
Ap1s1,3293
Ap1s2,7784
Ap1s3,3667
Ap2a1,6651
Ap2a2,6167
Ap2b1,10168
Ap2m1,7512
Ap2m1-ps,1308
Ap2s1,1875
Ap3b1,5772
Ap3b2,9268
Ap3d1,10822
Ap3m1,8786
Ap3m1-ps,1258
Ap3m2,4853
Ap3s1,4445
Ap3s1-ps1,579
Ap3s1-ps2,579
Ap3s2,6056
Ap4b1,6385
Ap4e1,11675
Ap4m1,7963
Ap4s1,1427
Ap5b1,3994
Ap5m1,17541
Ap5s1,5204
Ap5z1,9446
Apaf1,15236
Apba1,8552
Apba2,6140
Apba3,6676
Apbb1,9609
Apbb1ip,7967
Apbb2,31338
Apbb3,7293
Apc,31066
Apc-ps1,470
Apc2,19981
Apcdd1,14395
Apcs,971
Apeh,8548
Apela,1830
Apex1,2610
Apex2,14412
Aph1a,6805
Aph1b,9831
Aph1c,5424
Api5,5356
Api5-ps,577
Apip,1828
Aplf,7532
Apln,3149
Aplnr,4012
Aplp1,4592
Aplp2,9050
Apmap,2813
Apoa1,1483
Apoa2,1539
Apoa4,1815
Apoa5,3899
Apob,17662
Apobec1,6787
Apobec2,1737
Apobec3,18277
Apobec4,1566
Apobr,5289
Apoc1,1270
Apoc2,1221
Apoc2l,1134
Apoc3,1843
Apoc4,2634
Apod,4376
Apoe,6511
Apof,3188
Apoh,2205
Apol10a,3033
Apol10b,2325
Apol10c-ps,841
Apol11a,1864
Apol11b,6183
Apol6,7883
Apol7a,6429
Apol7b,2964
Apol7c,2223
Apol7d,29250
Apol7e,2606
Apol8,5946
Apol9a,6198
Apol9b,4194
Apold1,3567
Apom,1013
Apon,3144
Apoo,1849
Apoo-ps,586
Apool,4003
App,19965
Appbp2,6463
Appbp2os,6420
Appl1,9322
Appl2,10140
Aprt,3984
Aprt-ps,505
Aptx,8577
Aqp1,2627
Aqp10-ps,897
Aqp11,11208
Aqp12,1088
Aqp2,1419
Aqp3,1948
Aqp4,7651
Aqp5,5808
Aqp6,2846
Aqp7,3043
Aqp8,3143
Aqp9,10188
Aqr,14137
Ar,10048
Araf,10176
Arap1,12832
Arap2,14228
Arap3,12619
Arb2a,11547
Arc,5198
Arcn1,15890
Areg,1215
Arel1,10176
Arf1,3371
Arf2,3163
Arf3,5128
Arf4,7470
Arf4os,2175
Arf5,2035
Arf6,1534
Arfgap1,15218
Arfgap2,4964
Arfgap3,6412
Arfgef1,13863
Arfgef2,8884
Arfgef3,15162
Arfip1,4098
Arfip2,14519
Arfrp1,13190
Arg1,2622
Arg2,1428
Arglu1,7857
Arhgap1,8000
Arhgap10,3327
Arhgap11a,10623
Arhgap12,16477
Arhgap15,10520
Arhgap15os,1761
Arhgap17,14348
Arhgap18,8333
Arhgap19,5850
Arhgap20,15700
Arhgap20os,5640
Arhgap21,17638
Arhgap22,5315
Arhgap23,11766
Arhgap24,10509
Arhgap25,6247
Arhgap26,16682
Arhgap27,12595
Arhgap27os1,1416
Arhgap27os2,1415
Arhgap27os3,3740
Arhgap28,6882
Arhgap29,12439
Arhgap30,12232
Arhgap31,12038
Arhgap32,25951
Arhgap33,6902
Arhgap33os,3570
Arhgap35,9147
Arhgap36,5077
Arhgap39,9976
Arhgap4,14568
Arhgap40,2289
Arhgap42,8053
Arhgap44,9088
Arhgap45,7517
Arhgap5,17593
Arhgap6,12733
Arhgap8,5035
Arhgap9,4884
Arhgdia,3580
Arhgdib,2367
Arhgdig,2796
Arhgef1,12661
Arhgef10,13335
Arhgef10l,6653
Arhgef11,13689
Arhgef12,20986
Arhgef15,10294
Arhgef16,8387
Arhgef17,13045
Arhgef18,19660
Arhgef19,6280
Arhgef2,19384
Arhgef25,8162
Arhgef26,12105
Arhgef28,7898
Arhgef3,8538
Arhgef33,7351
Arhgef37,7136
Arhgef38,8600
Arhgef39,8290
Arhgef4,14323
Arhgef40,22169
Arhgef5,15068
Arhgef6,9914
Arhgef7,18221
Arhgef9,31538
Arid1a,15221
Arid1b,17113
Arid2,12950
Arid3a,13395
Arid3b,13818
Arid3c,2348
Arid4a,6605
Arid4b,23265
Arid5a,29592
Arid5b,15193
Arih1,9538
Arih2,13528
Ark2c,15785
Ark2n,8222
Arl1,2807
Arl10,2410
Arl11,3577
Arl13a,1740
Arl13b,6204
Arl14,1200
Arl14ep,6799
Arl14epl,4074
Arl15,5564
Arl16,7355
Arl2,5139
Arl2bp,4140
Arl3,3780
Arl4a,9783
Arl4aos,11018
Arl4c,8081
Arl4d,1382
Arl5a,5539
Arl5b,22248
Arl5c,2333
Arl6,3443
Arl6ip1,3520
Arl6ip4,3028
Arl6ip5,1442
Arl6ip6,2943
Arl8a,2763
Arl8b,4750
Arl9,597
Arln,1160
Armc1,3673
Armc10,6171
Armc12,3831
Armc2,14931
Armc3,2926
Armc5,4230
Armc6,6124
Armc7,4253
Armc8,6880
Armc9,15388
Armcx1,8768
Armcx2,9112
Armcx3,8468
Armcx4,7996
Armcx5,5108
Armcx6,4986
Armcx7-ps,494
Armh1,2827
Armh2,863
Armh3,4540
Armh4,10250
Armt1,11920
Arnt,12704
Arnt2,13843
Arpc1a,3752
Arpc1b,8046
Arpc2,2858
Arpc3,4045
Arpc4,3938
Arpc5,2485
Arpc5l,5599
Arpin,2277
Arpp19,13229
Arpp21,30407
Arr3,3736
Arrb1,15000
Arrb2,5292
Arrdc1,7069
Arrdc2,6876
Arrdc3,11303
Arrdc4,4716
Arrdc5,1777
Arsa,6755
Arsb,6434
Arsg,5525
Arsi,2975
Arsj,3859
Arsk,6842
Art1,3421
Art2a,1537
Art2b,3689
Art3,9683
Art4,2517
Art5,3714
Artn,4075
Arv1,2503
Arvcf,12123
Arx,6015
Arxes1,1580
Arxes2,1532
As3mt,6251
Asah1,5594
Asah2,19386
Asap1,13274
Asap2,8172
Asap3,4225
Asb1,9244
Asb10,3605
Asb11,3846
Asb12,1858
Asb13,6188
Asb14,3806
Asb15,4863
Asb16,2843
Asb17,3325
Asb17os,2496
Asb18,5148
Asb2,4468
Asb3,6806
Asb4,4129
Asb5,3043
Asb6,7050
Asb7,8044
Asb8,3444
Asb9,1139
Ascc1,2543
Ascc2,5443
Ascc3,19177
Ascl1,2481
Ascl2,2419
Ascl3,700
Ascl4,2499
Ascl5,567
Asdurf,300
Asf1a,5255
Asf1b,2853
Asgr1,2082
Asgr2,2352
Ash1l,17700
Ash2l,14729
Asic1,8759
Asic2,4264
Asic3,4907
Asic4,4264
Asic5,3099
Asl,6646
Asmt,1628
Asns,3751
Asnsd1,5174
Aspa,6947
Aspdh,2907
Aspg,4677
Asph,19492
Asphd1,2667
Asphd2,7695
Aspm,14033
Aspn,3968
Asprv1,1547
Aspscr1,10174
Asrgl1,4515
Ass-ps1,761
Ass1,2958
Aste1,11883
Astl,5292
Astn1,16273
Astn2,5560
Astx1a,1150
Astx1b,1150
Astx1c,1150
Astx2,1150
Astx3,1150
Astx4a,1149
Astx4b,1149
Astx4c,1149
Astx4d,1149
Astx5,1150
Astx6,1150
Asxl1,8507
Asxl2,33187
Asxl3,15559
Asz1,4221
Atad1,8327
Atad2,19759
Atad2b,17378
Atad3a,6215
Atad3aos,9950
Atad5,9289
Atat1,8821
Atcay,4439
Atcayos,15312
Ate1,7139
Atf1,4646
Atf1-ps,810
Atf2,17464
Atf3,2563
Atf4,4088
Atf5,3558
Atf6,9331
Atf6b,3784
Atf7,15113
Atf7ip,25125
Atf7ip2,5680
Atg10,2356
Atg101,2398
Atg12,8328
Atg13,7252
Atg14,7100
Atg16l1,16335
Atg16l2,13976
Atg2a,9655
Atg2b,17467
Atg3,3439
Atg4a,4415
Atg4a-ps,2115
Atg4b,10492
Atg4c,5314
Atg4d,9559
Atg5,2522
Atg5lrt,312
Atg7,10886
Atg9a,11477
Atg9b,4861
Atic,8800
Atl1,12367
Atl2,16291
Atl3,15309
Atm,12085
Atmin,4877
Atn1,5116
Atoh1,2121
Atoh7,2045
Atoh8,3118
Atosa,9593
Atosb,6639
Atox1,792
Atp10a,6107
Atp10b,10717
Atp10d,10596
Atp11a,17452
Atp11b,13758
Atp11c,10370
Atp12a,4210
Atp13a1,13219
Atp13a2,8599
Atp13a3,11800
Atp13a4,11331
Atp13a5,6696
Atp1a1,5156
Atp1a2,7904
Atp1a3,7979
Atp1a4,3674
Atp1b1,3784
Atp1b2,8058
Atp1b3,2628
Atp1b4,4451
Atp23,4707
Atp2a1,3788
Atp2a2,9424
Atp2a3,7394
Atp2b1,19588
Atp2b2,22610
Atp2b3,4820
Atp2b4,19826
Atp2c1,16638
Atp2c2,3491
Atp4a,5101
Atp4b,1844
Atp5c1-ps,908
Atp5f1a,5271
Atp5f1b,6918
Atp5f1c,3583
Atp5f1d,3598
Atp5f1e,2520
Atp5if1,1746
Atp5k-ps1,319
Atp5k-ps2,210
Atp5k-ps3,189
Atp5k-ps4,189
Atp5l-ps1,312
Atp5l-ps2,314
Atp5l2-ps,312
Atp5mc1,5394
Atp5mc2,2111
Atp5mc3,2931
Atp5me,835
Atp5mf,3935
Atp5mg,7757
Atp5mj,1830
Atp5mk,3491
Atp5pb,5791
Atp5pb-ps,695
Atp5pd,2315
Atp5pf,5296
Atp5po,3116
Atp6-ps,678
Atp6ap1,6617
Atp6ap1l,2654
Atp6ap2,2750
Atp6v0a1,8184
Atp6v0a2,10378
Atp6v0a4,6073
Atp6v0b,4989
Atp6v0c,4553
Atp6v0c-ps1,463
Atp6v0c-ps2,465
Atp6v0d1,2128
Atp6v0d2,2741
Atp6v0e,4288
Atp6v0e2,2836
Atp6v1a,8726
Atp6v1b1,5775
Atp6v1b2,6554
Atp6v1c1,7695
Atp6v1c2,3718
Atp6v1d,5457
Atp6v1e1,5730
Atp6v1e2,1574
Atp6v1f,1063
Atp6v1g1,1135
Atp6v1g2,6301
Atp6v1g3,1887
Atp6v1h,11611
Atp7a,9870
Atp7b,7725
Atp8a1,21886
Atp8a2,16218
Atp8b1,6961
Atp8b2,15803
Atp8b3,5685
Atp8b4,8219
Atp8b5,7886
Atp9a,7780
Atp9b,18084
Atpaf1,7550
Atpaf2,3189
Atpsckmt,7684
Atr,27958
Atraid,3856
Atrip,12944
Atrn,15185
Atrnl1,6586
Atrx,36501
Atxn1,18909
Atxn10,1937
Atxn1l,15421
Atxn2,22620
Atxn2l,7122
Atxn3,6263
Atxn7,10248
Atxn7l1,14926
Atxn7l1os1,1836
Atxn7l1os2,3033
Atxn7l2,6926
Atxn7l3,7173
Atxn7l3b,4024
Auh,12849
Aunip,1275
Aup1,9853
Aurka,3879
Aurkaip1,3581
Aurkb,5810
Aurkc,2464
Aurkc-ps,1067
Auts2,41768
Aven,5134
Avil,4127
Avl9,10384
Avp,577
Avpi1,1603
Avpr1a,2670
Avpr1b,4646
Avpr2,6012
Awat1,1390
Awat2,2841
Axdnd1,7652
Axin1,4520
Axin2,8596
Axl,8547
Aym1,528
Azgp1,2155
Azi2,11157
Azin1,12938
Azin2,5066
B020004C17Rik,2385
B020010K11Rik,3579
B020011L13Rik,2879
B020014A21Rik,1938
B020017C02Rik,1688
B020018J22Rik,3223
B020031H02Rik,5563
B130011K05Rik,3653
B130021K23Rik,2593
B130024G19Rik,14776
B130034C11Rik,19220
B130046B21Rik,5176
B130055M24Rik,9112
B230104I21Rik,1619
B230110C06Rik,13511
B230110G15Rik,4216
B230112G18Rik,851
B230112I24Rik,1229
B230112J18Rik,17831
B230119M05Rik,3719
B230206H07Rik,8400
B230206I08Rik,3191
B230206L02Rik,25882
B230207M22Rik,563
B230207O21Rik,321
B230208B08Rik,6402
B230208H11Rik,2228
B230209E15Rik,17183
B230214G05Rik,2780
B230216N24Rik,13673
B230217C12Rik,5487
B230217J21Rik,5833
B230217O12Rik,38450
B230219D22Rik,4652
B230220B15Rik,3162
B230303A05Rik,478
B230303O12Rik,3645
B230307C23Rik,8147
B230311B06Rik,13736
B230312C02Rik,14582
B230317F23Rik,4703
B230319C09Rik,3149
B230322F03Rik,1569
B230323A14Rik,20707
B230354K17Rik,23121
B230362B09Rik,1621
B230364G03Rik,1374
B230369F24Rik,25626
B230377A18Rik,1963
B230398E01Rik,10601
B2m,860
B330016D10Rik,1423
B3galnt1,2028
B3galnt2,11244
B3galt1,9045
B3galt2,9288
B3galt4,1580
B3galt5,11311
B3galt6,3184
B3galt9,1658
B3gat1,9833
B3gat2,8880
B3gat3,3460
B3glct,6112
B3gnt2,7176
B3gnt3,3055
B3gnt4,1423
B3gnt5,15458
B3gnt6,2371
B3gnt7,5981
B3gnt8,9786
B3gnt9,5362
B3gntl1,3518
B430010I23Rik,3738
B430105G09Rik,2504
B430119L08Rik,1994
B430203G13Rik,1375
B430209F14Rik,4299
B430212C06Rik,18607
B430218F22Rik,2989
B430219N15Rik,1940
B430319F04Rik,2669
B430319G15Rik,4069
B430319H21Rik,734
B4galnt1,5666
B4galnt2,1722
B4galnt3,5467
B4galnt4,5405
B4galt1,4234
B4galt2,9151
B4galt3,10596
B4galt4,5817
B4galt5,4698
B4galt6,5808
B4galt7,4737
B4gat1,4256
B530045E10Rik,13690
B630019A10Rik,32233
B630019K06Rik,2583
B830012L14Rik,13009
B830042I05Rik,4204
B930018H19Rik,10806
B930036N10Rik,4860
B930046K06Rik,2528
B930049P21Rik,418
B930053N02Rik,2660
B930059L03Rik,4196
B930082K07Rik,2163
B930086L07Rik,3738
B930092H01Rik,5779
B930094E09Rik,4965
B9d1,1995
B9d1os,1629
B9d2,2043
BB014433,4018
BB019430,4407
BB031773,8991
BB123696,13407
BB187676,2374
BB187690,1176
BB218582,18280
BB557941,9061
BC001981,1848
BC002059,8403
BC004004,28130
BC005537,6014
BC005624,3753
BC006965,33086
BC016548,4857
BC016579,2142
BC018473,6965
BC021767,4370
BC023105,5863
BC023719,1107
BC024063,2726
BC024139,6989
BC024386,26474
BC025920,8043
BC026513,2156
BC026600,683
BC026762,2503
BC028471,28551
BC028528,2376
BC028777,1666
BC030343,2925
BC030500,2220
BC031181,3255
BC034090,13415
BC035044,1892
BC035947,6067
BC037039,2205
BC037704,4289
BC039966,12453
BC042761,938
BC043934,11107
BC046251,3653
BC046401,847
BC048507,600
BC048559,5718
BC048562,1137
BC048602,4508
BC048644,7463
BC048671,1478
BC048679,869
BC049688,779
BC049715,9783
BC049739,715
BC049987,5757
BC050972,13762
BC051019,2813
BC051076,5733
BC051077,2044
BC051226,11978
BC051408,7584
BC051537,8636
BC051665,1348
BC055308,2538
BC055402,5639
BC060293,1104
BC061195,1142
BC061237,1509
BC062258,3514
BC064078,570
BC065397,11205
BC065403,6964
BC080696,1218
BC085271,867
BC106175,5884
BC106179,8740
BC107364,1591
BE691133,1313
BE692007,17598
BE949265,5604
Baalc,8591
Baat,3001
Babam1,2876
Babam2,7177
Bacc1,4485
Bace1,11625
Bace2,8845
Bach1,6984
Bach2,19525
Bach2it1,825
Bach2os,5246
Bad,6692
Bag1,2985
Bag2,3974
Bag3,2562
Bag4,7568
Bag5,4883
Bag6,11266
Bahcc1,14030
Bahd1,5256
Baiap2,7228
Baiap2l1,3366
Baiap2l2,4788
Baiap3,14526
Bak1,4628
Bambi,5074
Bambi-ps1,592
Banf1,3216
Banf2,638
Banf2os,1017
Bank1,9799
Banp,10880
Bap1,8921
Bard1,5659
Barhl1,8826
Barhl2,2314
Barx1,1399
Barx2,1968
Basp1,2218
Batf,1487
Batf2,6991
Batf3,3193
Bax,2582
Baz1a,8083
Baz1b,16669
Baz2a,15376
Baz2b,22891
Bbc3,3007
Bbip1,8556
Bbln,3298
Bbof1,4451
Bbox1,4759
Bbs1,9296
Bbs10,5791
Bbs12,4781
Bbs2,4077
Bbs4,6459
Bbs5,3550
Bbs7,6351
Bbs9,9060
Bbx,20131
Bc1,176
Bc1-ps1,318
Bcam,3770
Bcan,5780
Bcap29,8975
Bcap31,1219
Bcar1,6165
Bcar3,9688
Bcas1,6832
Bcas1os1,1239
Bcas1os2,1778
Bcas2,9426
Bcas3,8663
Bcas3os1,8768
Bcas3os2,1994
Bcat1,11226
Bcat2,5503
Bccip,3037
Bcdin3d,5904
Bche,7681
Bckdha,2020
Bckdhb,2516
Bckdk,6199
Bcl10,4977
Bcl11a,17794
Bcl11b,10633
Bcl2,10032
Bcl2a1a,819
Bcl2a1b,817
Bcl2a1c,444
Bcl2a1d,863
Bcl2l1,11905
Bcl2l10,1237
Bcl2l11,13497
Bcl2l12,3555
Bcl2l13,9655
Bcl2l14,6618
Bcl2l15,3878
Bcl2l2,8600
Bcl3,3450
Bcl6,7458
Bcl6b,4211
Bcl7a,12970
Bcl7b,4376
Bcl7c,8855
Bcl9,11409
Bcl9l,12542
Bclaf1,21589
Bclaf3,5766
Bco1,2983
Bco2,2118
Bcor,10581
Bcorl1,11738
Bcr,9140
Bcs1l,3329
Bdh1,8898
Bdh2,4780
Bdkrb1,3530
Bdkrb2,3792
Bdnf,7065
Bdp1,15346
Bean1,9862
Becn1,12674
Becn2,3118
Begain,7840
Bend2,6635
Bend3,7263
Bend4,24044
Bend5,4999
Bend6,4472
Bend7,7048
Best1,2970
Best2,2454
Best3,2719
Best4-ps,1380
Bet1,4947
Bet1l,6917
Bex1,2819
Bex2,903
Bex3,3309
Bex4,837
Bex6,2664
Bfar,9861
Bfsp1,2866
Bfsp2,1698
Bglap,758
Bglap2,471
Bglap3,4626
Bgn,9019
Bhlha15,3494
Bhlha9,1207
Bhlhb9,10779
Bhlhe22,3344
Bhlhe23,2520
Bhlhe40,6399
Bhlhe41,7283
Bhmt,6201
Bhmt-ps1,1224
Bhmt1b,1866
Bhmt2,2467
Bicc1,8307
Bicd1,33942
Bicd2,11593
Bicdl1,12044
Bicdl2,3386
Bicra,11297
Bicral,8595
Bid,5464
Bik,2530
Bin1,6380
Bin2,4804
Bin3,2871
Birc2,8191
Birc3,6891
Birc5,4171
Birc6,35101
Birc7,1899
Bivm,6987
Blcap,3583
Blk,2948
Blm,11381
Blmh,8053
Blnk,6246
Bloc1s1,1677
Bloc1s2,2771
Bloc1s2-ps,432
Bloc1s3,3188
Bloc1s4,1273
Bloc1s5,6722
Bloc1s6,6945
Bloc1s6os,8676
Bloodlinc,5649
Bltp1,48380
Bltp2,11082
Bltp3a,9506
Bltp3b,12044
Blvra,2851
Blvrb,4274
Blzf1,7690
Bmal1,8499
Bmal2,7797
Bmerb1,3371
Bmf,10210
Bmi1,6450
Bmncr,12545
Bmp1,12402
Bmp10,4490
Bmp15,3060
Bmp2,3555
Bmp2k,8638
Bmp3,11237
Bmp4,4092
Bmp5,4214
Bmp6,4516
Bmp7,4650
Bmp8a,2936
Bmp8b,3880
Bmper,5332
Bmpr1a,7003
Bmpr1b,10139
Bmpr2,18350
Bms1,5514
Bmx,3548
Bmyc,983
Bnc1,4680
Bnc2,16801
Bnip1,10429
Bnip2,5825
Bnip3,3158
Bnip3l,5125
Bnip3l-ps,657
Bnip5,4754
Bnipl,3554
Boc,4451
Bod1,2068
Bod1-ps,518
Bod1l,13093
Bok,3623
Bola1,1536
Bola2,7050
Bola3,5734
Boll,4085
Bop1,4207
Bora,7209
Borcs5,3832
Borcs6,1862
Borcs7,2176
Borcs8,2606
Bpgm,5877
Bphl,3977
Bpi,2601
Bpifa1,1686
Bpifa2,2447
Bpifa3,1532
Bpifa5,1089
Bpifa6,1572
Bpifb1,4200
Bpifb2,2281
Bpifb3,2159
Bpifb4,4070
Bpifb5,1637
Bpifb6,1694
Bpifb9a,2357
Bpifb9b,2067
Bpifc,3041
Bpnt1,3099
Bpnt2,6543
Bptf,20227
Braf,15374
Brap,19187
Brat1,10957
Brca1,11705
Brca2,21792
Brcc3,11984
Brcc3dc,1397
Brd1,10870
Brd10,16801
Brd2,15228
Brd3,12515
Brd3os,2407
Brd4,11993
Brd7,7038
Brd8,12475
Brd8dc,4091
Brd9,12448
Brdt,6998
Brf1,9742
Brf2,5833
Bri3,2321
Bri3bp,7115
Bricd5,1373
Brinp1,6597
Brinp2,10403
Brinp3,10346
Brip1,7568
Brip1os,13059
Brix1,3242
Brk1,1095
Brme1,3030
Brms1,2611
Brms1l,5435
Brox,9335
Brpf1,14840
Brpf3,21472
Brs3,2772
Brsk1,5243
Brsk2,16082
Brwd1,26712
Brwd3,14857
Bscl2,9992
Bsdc1,7852
Bsg,3831
Bsn,20165
Bsnd,2756
Bsph1,1376
Bsph2,737
Bsph2-ps,241
Bspry,3599
Bst1,5634
Bst2,1128
Bsx,2960
Btaf1,11266
Btbd1,4054
Btbd10,8596
Btbd16,4558
Btbd17,9580
Btbd18,3603
Btbd19,7834
Btbd2,4735
Btbd3,6246
Btbd35f1,1908
Btbd35f10,1952
Btbd35f11,1960
Btbd35f12,1908
Btbd35f13,1701
Btbd35f14,1701
Btbd35f15,1917
Btbd35f16,1949
Btbd35f17,1960
Btbd35f18,1960
Btbd35f19,1701
Btbd35f2,1907
Btbd35f20,1960
Btbd35f21,1943
Btbd35f22,1929
Btbd35f23,1943
Btbd35f24,1941
Btbd35f25,1701
Btbd35f26,1701
Btbd35f27,1943
Btbd35f28,1960
Btbd35f29,1497
Btbd35f3,1943
Btbd35f4,1491
Btbd35f5,1908
Btbd35f6,1497
Btbd35f7,1960
Btbd35f8,1929
Btbd35f9,1929
Btbd6,7488
Btbd7,19884
Btbd8,9862
Btbd9,26033
Btc,7590
Btd,2863
Btf3,3169
Btf3-ps1,489
Btf3-ps10,437
Btf3-ps11,478
Btf3-ps12,334
Btf3-ps13,455
Btf3-ps14,452
Btf3-ps15,517
Btf3-ps17,348
Btf3-ps18,487
Btf3-ps2,487
Btf3-ps3,488
Btf3-ps4,448
Btf3-ps5,489
Btf3-ps6,466
Btf3-ps7,485
Btf3-ps8,447
Btf3-ps9,496
Btf3l4,5401
Btf3l4b,2161
Btg1,5669
Btg1b,510
Btg1c,2107
Btg2,2743
Btg3,4206
Btg4,3619
Btk,3986
Btla,4947
Btn1a1,5025
Btn2a2,5875
Btnl1,3909
Btnl10,6999
Btnl12,1769
Btnl2,2566
Btnl4,2381
Btnl5-ps,1751
Btnl6,2356
Btnl7-ps,1763
Btnl9,7250
Btrc,18845
Bub1,5846
Bub1b,4832
Bub3,9833
Bud13,6261
Bud23,6582
Bud31,2871
Bvht,22329
Bysl,3854
Bzw1,4879
Bzw2,6723
C030004G16Rik,13760
C030005K06Rik,3580
C030005K15Rik,1882
C030006K11Rik,9295
C030006N10Rik,517
C030007H22Rik,1126
C030010C08Rik,1924
C030010L15Rik,6929
C030013C21Rik,1665
C030013E06Rik,1555
C030013G03Rik,2508
C030014I23Rik,26027
C030014O09Rik,1822
C030015A19Rik,2551
C030015E24Rik,828
C030017D09Rik,954
C030017G13Rik,2331
C030029H02Rik,8440
C030032O16Rik,716
C030034I22Rik,7662
C030034L19Rik,10620
C030037D09Rik,36990
C030037F17Rik,406
C030038I04Rik,740
C030047K22Rik,1164
C130012C08Rik,3665
C130013H08Rik,4070
C130021I20Rik,9888
C130023A14Rik,3087
C130026L21Rik,45200
C130032M10Rik,1659
C130036L24Rik,17469
C130040N14Rik,3415
C130046K22Rik,16275
C130050O18Rik,6124
C130051F05Rik,3838
C130060C02Rik,8535
C130073E24Rik,33744
C130073F10Rik,1428
C130074G19Rik,3035
C130075A20Rik,4176
C130083A15Rik,1460
C130083M11Rik,2072
C130089K02Rik,6960
C130093G08Rik,2226
C1d,4565
C1galt1,6092
C1galt1c1,1449
C1qa,1040
C1qb,1088
C1qbp,3753
C1qc,2149
C1ql1,1473
C1ql2,1999
C1ql3,2535
C1ql4,1474
C1qtnf1,3353
C1qtnf12,1870
C1qtnf2,2387
C1qtnf3,3929
C1qtnf4,1290
C1qtnf5,5660
C1qtnf6,6687
C1qtnf7,5565
C1qtnf9,1903
C1ra,2981
C1rb,2429
C1rl,3010
C1s1,5114
C1s2,2662
C2,5643
C230012O17Rik,6114
C230013L11Rik,3026
C230014O12Rik,19313
C230029F24Rik,719
C230034O21Rik,6615
C230035I16Rik,31475
C230037L18Rik,17306
C230038L03Rik,18261
C230053D17Rik,2246
C230057A21Rik,6194
C230057M02Rik,7902
C230062I16Rik,15039
C230066G23Rik,650
C230071H17Rik,2973
C230072F16Rik,7718
C230079O03Rik,2632
C230085N15Rik,4327
C230086J09Rik,4033
C230096K16Rik,1722
C230099D08Rik,2727
C2cd2,11640
C2cd2l,10343
C2cd3,17711
C2cd4a,1395
C2cd4b,1327
C2cd4c,9490
C2cd4d,1983
C2cd5,19188
C2cd6,8308
C3,5680
C330002G04Rik,18223
C330004P14Rik,1259
C330008A17Rik,11814
C330011F03Rik,3328
C330011M18Rik,2847
C330013E15Rik,19834
C330016L05Rik,1290
C330018A13Rik,4112
C330018D20Rik,3562
C330020E22Rik,9420
C330022B21Rik,2350
C330022C24Rik,3948
C330024C12Rik,3915
C330024D21Rik,20932
C330026H20Rik,14830
C3ar1,4305
C430002N11Rik,8373
C430014B12Rik,6856
C430019N01Rik,1567
C430039J01Rik,957
C430039J16Rik,3570
C430042M11Rik,3510
C4a,7914
C4b,6297
C4bp,7354
C530005A16Rik,7397
C530020B09Rik,947
C530025M09Rik,5344
C530043A13Rik,5426
C530043K16Rik,3109
C530044C16Rik,19749
C530050E15Rik,3076
C5ar1,5562
C5ar2,6810
C6,4244
C630004L07Rik,2544
C630004M23Rik,1682
C630028M04Rik,3387
C630031E19Rik,3059
C630043F03Rik,7232
C630044B11Rik,2211
C630050I24Rik,783
C7,2676
C730002L08Rik,12621
C730027H18Rik,17188
C730034F03Rik,3827
C730036E19Rik,15437
C730045M19Rik,1315
C78197,3417
C78283,14905
C78334,1056
C78859,5943
C79798,1793
C820005J03Rik,2312
C87114,895
C87436,5520
C87487,1406
C8a,6721
C8b,3332
C8g,3150
C9,3498
C920006O11Rik,22604
C920009B18Rik,123
C920021L13Rik,12191
C9orf72,7724
CJ186046Rik,1834
CK137956,2319
Caap1,4182
Cab39,8823
Cab39l,7581
Cabcoco1,1626
Cabin1,15314
Cables1,7369
Cables2,8569
Cabp1,7688
Cabp2,2243
Cabp4,5454
Cabp5,2813
Cabp7,2628
Cabs1,1505
Cabyr,3442
Cacfd1,8198
Cachd1,6692
Cacna1a,15527
Cacna1b,16478
Cacna1c,33317
Cacna1d,31630
Cacna1e,27743
Cacna1f,12356
Cacna1g,15496
Cacna1h,20213
Cacna1i,11732
Cacna1s,9797
Cacna2d1,14345
Cacna2d2,11127
Cacna2d3,10152
Cacna2d4,11454
Cacnb1,5259
Cacnb2,24778
Cacnb3,4889
Cacnb4,9474
Cacng1,1249
Cacng2,5510
Cacng3,4231
Cacng4,3781
Cacng5,6773
Cacng6,2770
Cacng7,2737
Cacng8,3587
Cactin,3082
Cacul1,10255
Cacybp,3134
Cad,11223
Cadm1,17893
Cadm2,13582
Cadm3,9832
Cadm4,2259
Cadps,20608
Cadps2,17582
Cage1,6192
Calb1,5423
Calb2,1906
Calca,3492
Calcb,1630
Calcoco1,8243
Calcoco2,1621
Calcr,8819
Calcrl,5079
Cald1,23755
Calhm1,1253
Calhm2,4728
Calhm3,1044
Calhm4,6786
Calhm5,5323
Calhm6,1094
Calm1,8648
Calm2,2843
Calm3,3628
Calm4,917
Calm5,1012
Calml3,1930
Calml4,5238
Caln1,12932
Calr,4249
Calr-ps,485
Calr3,2535
Calr4,4121
Calu,10848
Caly,3766
Camk1,8230
Camk1d,8132
Camk1g,3126
Camk2a,11199
Camk2b,15639
Camk2d,46777
Camk2g,11628
Camk2n1,4444
Camk2n2,1291
Camk4,4206
Camkk1,5890
Camkk2,15203
Camkmt,4372
Camkv,8642
Caml,2341
Camp,758
Camsap1,13894
Camsap2,17364
Camsap3,9969
Camta1,22385
Camta2,7594
Cand1,9372
Cand2,5474
Cant1,7226
Canx,7552
Cap1,4854
Cap2,6304
Capg,4114
Capn1,4702
Capn10,6288
Capn11,2858
Capn12,5015
Capn13,3161
Capn15,12891
Capn2,8319
Capn3,10151
Capn5,6318
Capn6,8100
Capn7,8076
Capn8,4590
Capn9,2689
Capns1,5391
Capns2,1005
Caprin1,15914
Caprin2,18917
Caps2,4631
Capsl,949
Capza1,4120
Capza1b,3457
Capza2,7852
Capza3,1993
Capzb,7193
Car1,1833
Car10,11075
Car11,3023
Car12,11507
Car13,2299
Car14,3533
Car15,2766
Car2,3058
Car3,3722
Car4,2926
Car5a,1429
Car5b,6593
Car6,2593
Car7,5166
Car8,3853
Car9,3732
Card10,5611
Card11,5778
Card14,6770
Card19,2386
Card6,6692
Card9,2791
Carf,16856
Carhsp1,2858
Carlr,2574
Carm1,11550
Carmil1,12529
Carmil2,5999
Carmil3,10721
Carmn,20349
Carnmt1,5549
Carns1,9002
Cars1,8662
Cars2,10621
Cartpt,1527
Casc3,6256
Casd1,5133
Cask,12676
Caskin1,10313
Caskin2,5971
Casp1,5969
Casp12,5903
Casp14,3839
Casp16,1477
Casp2,10305
Casp3,4872
Casp4,4846
Casp6,6085
Casp7,6188
Casp8,3716
Casp8ap2,7145
Casp9,7582
Casq1,2913
Casq2,4048
Casr,6619
Cass4,7729
Cast,14572
Castor1,1574
Castor2,8149
Casz1,15821
Cat,3136
Catip,4847
Catsper1,2741
Catsper2,4495
Catsper3,1888
Catsper4,2425
Catsperb,6709
Catsperd,4280
Catspere1,3435
Catspere2,6186
Catsperg1,14232
Catsperg2,11411
Catsperz,4864
Cav1,8429
Cav2,4401
Cav3,1157
Cavin1,4149
Cavin2,3055
Cavin3,1662
Cavin4,2054
Cbarp,8498
Cbfa2t2,10505
Cbfa2t2-ps1,730
Cbfa2t3,11718
Cbfb,6879
Cbl,17643
Cblb,14343
Cblc,4182
Cblif,1537
Cbll1,8660
Cbln1,6135
Cbln2,6027
Cbln3,4866
Cbln4,2902
Cbr1,4484
Cbr1b,939
Cbr2,1944
Cbr3,1765
Cbr4,8571
Cbs,12261
Cbx1,6018
Cbx2,4463
Cbx3,7214
Cbx3-ps1,545
Cbx3-ps2,544
Cbx3-ps3,550
Cbx3-ps4,549
Cbx3-ps5,544
Cbx3-ps6,552
Cbx3-ps7,552
Cbx3-ps8,548
Cbx4,6205
Cbx5,13044
Cbx6,18915
Cbx7,14146
Cbx8,4791
Cby1,1534
Cby2,5005
Cby3,703
Cc2d1a,4885
Cc2d1b,7626
Cc2d2a,7119
Cc2d2b,5330
Ccar1,15964
Ccar2,6114
Ccbe1,18616
Ccdc102a,2748
Ccdc103,2632
Ccdc106,5644
Ccdc107,3503
Ccdc110,2965
Ccdc112,5674
Ccdc113,1288
Ccdc115,3608
Ccdc116,8878
Ccdc117,3372
Ccdc12,5163
Ccdc120,6218
Ccdc121,4378
Ccdc121rt1,1819
Ccdc121rt2,2313
Ccdc121rt3,2233
Ccdc122,3370
Ccdc124,1783
Ccdc125,2634
Ccdc126,4723
Ccdc127,14078
Ccdc13,4818
Ccdc134,9721
Ccdc136,6689
Ccdc137,5895
Ccdc138,5102
Ccdc14,16019
Ccdc141,17188
Ccdc142,4961
Ccdc142os,6688
Ccdc146,5032
Ccdc148,12944
Ccdc149,4200
Ccdc15,8354
Ccdc150,6768
Ccdc152,1585
Ccdc153,3944
Ccdc154,4289
Ccdc157,6725
Ccdc158,6898
Ccdc159,3520
Ccdc160,1536
Ccdc162,11561
Ccdc163,6894
Ccdc166,5042
Ccdc167,15882
Ccdc168,26021
Ccdc169,4162
Ccdc17,4583
Ccdc170,4025
Ccdc171,7017
Ccdc172,1370
Ccdc174,10681
Ccdc175,2622
Ccdc177,5775
Ccdc178,4994
Ccdc179,1128
Ccdc18,7067
Ccdc180,5918
Ccdc181,1909
Ccdc182,1204
Ccdc183,3709
Ccdc184,2977
Ccdc185,2055
Ccdc186,8778
Ccdc187,10138
Ccdc188,3045
Ccdc190,2859
Ccdc191,5171
Ccdc192,1871
Ccdc194,1820
Ccdc196,1697
Ccdc198,5537
Ccdc200,976
Ccdc201,1007
Ccdc202,1176
Ccdc22,4088
Ccdc24,8935
Ccdc25,5751
Ccdc27,2089
Ccdc28a,4532
Ccdc28b,4260
Ccdc3,2670
Ccdc30,22720
Ccdc32,2930
Ccdc33,7219
Ccdc34,10529
Ccdc34os,5211
Ccdc38,5392
Ccdc39,8639
Ccdc40,9428
Ccdc42,2471
Ccdc42os,4676
Ccdc43,4101
Ccdc47,7385
Ccdc50,9739
Ccdc50-ps,941
Ccdc51,1526
Ccdc54,1298
Ccdc57,4282
Ccdc59,5232
Ccdc6,7082
Ccdc60,5220
Ccdc61,4635
Ccdc62,9992
Ccdc63,8858
Ccdc65,2298
Ccdc66,4991
Ccdc68,2850
Ccdc69,2041
Ccdc70,2015
Ccdc71,6520
Ccdc71l,4240
Ccdc73,5341
Ccdc74a,5278
Ccdc77,8760
Ccdc78,2265
Ccdc7a,7720
Ccdc7b,3173
Ccdc8,4809
Ccdc80,6917
Ccdc81,3563
Ccdc82,16006
Ccdc83,3454
Ccdc85a,16008
Ccdc85b,8880
Ccdc85c,5223
Ccdc86,7112
Ccdc87,3163
Ccdc88a,14163
Ccdc88b,5597
Ccdc88c,14694
Ccdc89,2093
Ccdc9,9548
Ccdc90b,1801
Ccdc91,3069
Ccdc92,3349
Ccdc92b,4002
Ccdc93,12844
Ccdc96,3585
Ccdc97,6567
Ccdc9b,5443
Ccer1,1865
Ccer2,1054
Cchcr1,7765
Ccin,1941
Cck,2351
Cckar,5942
Cckbr,3221
Ccl1,2622
Ccl11,1082
Ccl12,900
Ccl17,514
Ccl19,1693
Ccl19-ps1,7225
Ccl19-ps2,13174
Ccl19-ps3,324
Ccl19-ps4,322
Ccl19-ps5,324
Ccl19-ps6,324
Ccl2,1909
Ccl20,2321
Ccl21a,870
Ccl21b,869
Ccl21d,870
Ccl21e,869
Ccl21f,837
Ccl22,2501
Ccl24,1588
Ccl25,8894
Ccl26,282
Ccl27a,6621
Ccl27al,1383
Ccl27b,418
Ccl28,5136
Ccl3,766
Ccl4,660
Ccl5,1200
Ccl6,2546
Ccl7,801
Ccl8,511
Ccl9,3223
Ccm2,5776
Ccm2l,3857
Ccn1,2019
Ccn2,4756
Ccn3,2869
Ccn4,7854
Ccn5,2312
Ccn6,1419
Ccna1,3410
Ccna2,6275
Ccnb1,8046
Ccnb1-ps,1287
Ccnb1ip1,1953
Ccnb2,1531
Ccnb2-ps,623
Ccnb3,4700
Ccnc,6793
Ccnd1,5607
Ccnd2,12354
Ccnd3,16274
Ccnd3-ps,881
Ccndbp1,5676
Ccne1,3757
Ccne2,7784
Ccnf,9377
Ccng1,4316
Ccng2,10326
Ccnh,4797
Ccni,4336
Ccnj,6911
Ccnjl,3021
Ccnk,4586
Ccnl1,13882
Ccnl2,9306
Ccno,4811
Ccnq,1224
Ccnq-ps1,421
Ccnq-ps2,747
Ccnq-ps4,757
Ccnt1,12937
Ccnt2,17451
Ccny,10086
Ccnyl1,6242
Ccp110,14334
Ccpg1,14912
Ccpn-ps,360
Ccr1,2833
Ccr10,1726
Ccr1l1,1166
Ccr2,14410
Ccr3,3272
Ccr4,4526
Ccr5,10401
Ccr6,7469
Ccr7,1978
Ccr8,1175
Ccr9,22669
Ccrl2,4775
Ccs,3502
Ccsap,4797
Ccser1,15934
Ccser2,13449
Cct2,4165
Cct3,9402
Cct3-ps1,1647
Cct4,6368
Cct5,4117
Cct6a,4229
Cct6b,2087
Cct7,7826
Cct8,5472
Cct8l1,1961
Ccz1,5869
Cd101,3693
Cd109,7263
Cd14,2509
Cd151,6688
Cd160,3107
Cd163,6955
Cd164,5113
Cd164l2,2580
Cd177,3088
Cd180,6060
Cd19,5116
Cd1d1,4055
Cd1d2,2004
Cd2,2780
Cd200,6668
Cd200l1,4674
Cd200l2,1082
Cd200r1,4418
Cd200r2,1750
Cd200r3,8382
Cd200r4,3553
Cd207,1522
Cd209a,2803
Cd209b,3813
Cd209c,3239
Cd209d,1167
Cd209e,1802
Cd209f,4346
Cd209g,4588
Cd22,10675
Cd226,10009
Cd244a,5295
Cd247,8265
Cd248,2605
Cd24a,3133
Cd27,4222
Cd274,3622
Cd276,6507
Cd28,6791
Cd2ap,21887
Cd2bp2,11505
Cd300a,5221
Cd300c,1217
Cd300c2,2477
Cd300e,2185
Cd300lb,3502
Cd300ld,2645
Cd300ld2,918
Cd300ld3,852
Cd300ld4,852
Cd300ld5,852
Cd300lf,6799
Cd300lg,2871
Cd302,1713
Cd320,4664
Cd33,10796
Cd34,9833
Cd36,8348
Cd37,6810
Cd38,4151
Cd3d,2158
Cd3e,4486
Cd3g,3580
Cd4,4959
Cd40,5531
Cd40lg,1250
Cd44,12512
Cd46,8354
Cd47,7760
Cd48,1805
Cd5,5973
Cd52,1400
Cd53,1742
Cd55,6226
Cd55b,1675
Cd55os,3423
Cd59a,3563
Cd59b,5228
Cd5l,2036
Cd6,10772
Cd63,5036
Cd63-ps,717
Cd68,2067
Cd69,7581
Cd7,1448
Cd70,842
Cd72,6425
Cd74,2434
Cd79a,1457
Cd79b,2105
Cd80,4332
Cd81,4533
Cd82,5069
Cd83,4332
Cd84,7455
Cd86,4666
Cd8a,7695
Cd8b1,1483
Cd9,2369
Cd9-ps,650
Cd93,6677
Cd96,2184
Cd99l2,5451
Cda,1566
Cdadc1,8085
Cdan1,18162
Cdc123,4522
Cdc14a,15696
Cdc14b,16379
Cdc16,3682
Cdc20,2299
Cdc20b,1989
Cdc23,11329
Cdc25a,10333
Cdc25b,6789
Cdc25c,7004
Cdc26,8370
Cdc27,7670
Cdc34,4934
Cdc34b,2485
Cdc37,8861
Cdc37l1,17315
Cdc40,10084
Cdc42,3020
Cdc42bpa,30493
Cdc42bpb,9359
Cdc42bpg,6305
Cdc42ep1,2560
Cdc42ep2,3411
Cdc42ep3,2829
Cdc42ep4,7702
Cdc42ep5,1808
Cdc42se1,4848
Cdc42se2,4538
Cdc45,4401
Cdc5l,3732
Cdc5lrt1,2409
Cdc5lrt10,2409
Cdc5lrt2-ps,2410
Cdc5lrt3-ps,2410
Cdc5lrt4,2409
Cdc5lrt5,2409
Cdc5lrt6,2409
Cdc5lrt7,2409
Cdc5lrt8,2409
Cdc5lrt9,2409
Cdc6,9621
Cdc7,7823
Cdc73,20362
Cdca2,8620
Cdca3,4966
Cdca4,6684
Cdca5,2141
Cdca7,4403
Cdca7l,3663
Cdca8,6547
Cdcp1,7525
Cdcp2,3550
Cdcp3,9497
Cdh1,4695
Cdh10,11636
Cdh11,9551
Cdh12,9985
Cdh13,12573
Cdh15,3251
Cdh16,7636
Cdh17,4803
Cdh18,5879
Cdh19,4397
Cdh2,9637
Cdh20,4012
Cdh22,4261
Cdh23,21514
Cdh24,3888
Cdh26,4007
Cdh3,4384
Cdh4,8213
Cdh5,4341
Cdh6,9144
Cdh7,19767
Cdh8,10316
Cdh9,4777
Cdhr1,4332
Cdhr17,3254
Cdhr18,2952
Cdhr2,4129
Cdhr3,5372
Cdhr4,6363
Cdhr5,4192
Cdin1,4954
Cdip1,14794
Cdipt,7221
Cdiptos,5501
Cdk1,6500
Cdk10,7608
Cdk11b,5425
Cdk12,16852
Cdk13,19099
Cdk14,22019
Cdk15,3041
Cdk16,7025
Cdk17,7043
Cdk18,5691
Cdk19,12883
Cdk19os,1124
Cdk2,11932
Cdk20,14497
Cdk2ap1,3654
Cdk2ap1rt,1310
Cdk2ap2,3402
Cdk3,2038
Cdk4,6385
Cdk5,2510
Cdk5r1,4821
Cdk5r2,2799
Cdk5rap1,4554
Cdk5rap2,13888
Cdk5rap3,6396
Cdk6,17124
Cdk6os1,22845
Cdk7,4397
Cdk8,14138
Cdk9,9496
Cdkal1,13907
Cdkl1,2154
Cdkl2,8436
Cdkl3,9627
Cdkl4,4195
Cdkl5,14790
Cdkn1a,6604
Cdkn1b,7580
Cdkn1c,5185
Cdkn2a,1406
Cdkn2aip,7699
Cdkn2aipnl,2369
Cdkn2b,1390
Cdkn2c,2826
Cdkn2d,3378
Cdkn3,3659
Cdnf,3245
Cdo1,4242
Cdon,12403
Cdpf1,2930
Cdr1,1554
Cdr1os,31923
Cdr2,6386
Cdr2l,3700
Cdrt4,723
Cdrt4os1,4546
Cdrt4os2,4145
Cds1,4012
Cds2,9751
Cdsn,2678
Cdt1,5140
Cdv3,17236
Cdv3-ps,827
Cdx1,1750
Cdx2,2261
Cdx4,1963
Cdyl,6224
Cdyl2,2411
Ceacam-ps1,630
Ceacam1,9901
Ceacam10,2381
Ceacam11,1054
Ceacam12,3301
Ceacam13,1446
Ceacam14,1109
Ceacam15,1391
Ceacam16,2123
Ceacam18,1970
Ceacam19,3361
Ceacam2,5375
Ceacam20,3224
Ceacam23,3610
Ceacam3,3261
Ceacam5,3273
Ceacam9,1860
Cebpa,4787
Cebpb,1504
Cebpd,4176
Cebpe,1241
Cebpg,7632
Cebpz,7065
Cebpzos,3335
Cecr2,20421
Cel,2325
Cela1,3921
Cela2a,2023
Cela3a,958
Cela3b,1902
Celf1,28100
Celf2,60757
Celf3,13352
Celf4,14404
Celf5,13919
Celf6,6657
Celrr,24529
Celsr1,15359
Celsr2,14607
Celsr3,14076
Cemip,14185
Cemip2,13245
Cenatac,7630
Cend1,3544
Cenpa,9698
Cenpb,4886
Cenpc1,7512
Cenpe,9432
Cenpf,17917
Cenph,1937
Cenpi,7766
Cenpk,6240
Cenpl,14931
Cenpm,2644
Cenpn,5203
Cenpo,10240
Cenpp,2749
Cenpq,2670
Cenps,3618
Cenpt,8709
Cenpu,5075
Cenpv,2873
Cenpw,5675
Cenpx,1969
Cep104,5975
Cep112,8971
Cep112it,4813
Cep112os1,3666
Cep120,7806
Cep126,6181
Cep128,15920
Cep131,5092
Cep135,10198
Cep15,14035
Cep152,5768
Cep162,12809
Cep164,13901
Cep170,35977
Cep170b,13268
Cep19,4527
Cep192,15490
Cep20,8071
Cep250,13809
Cep290,14458
Cep295,24416
Cep295nl,3162
Cep350,17653
Cep41,11315
Cep43,6994
Cep44,8083
Cep55,5977
Cep57,10515
Cep57l1,9787
Cep63,12287
Cep68,8235
Cep70,6548
Cep72,13188
Cep76,5555
Cep78,4775
Cep83,8845
Cep83os,23106
Cep85,8821
Cep85l,8562
Cep89,7496
Cep95,5932
Cep97,12080
Cept1,5216
Cer1,1739
Cercam,4209
Cerk,8714
Cerkl,7758
Cerox1,42218
Cers1,4383
Cers2,6475
Cers3,3583
Cers4,19381
Cers5,6163
Cers6,10951
Cert1,10108
Ces1a,2402
Ces1b,1964
Ces1c,2603
Ces1d,3151
Ces1e,3014
Ces1f,4140
Ces1g,2388
Ces1h,1870
Ces2a,3332
Ces2b,4141
Ces2c,2678
Ces2d-ps,1656
Ces2e,3281
Ces2f,5027
Ces2g,4140
Ces2h,2445
Ces3a,3219
Ces3b,3902
Ces4a,2433
Ces5a,3696
Cetn1,2298
Cetn2,2465
Cetn3,4479
Cetn4,5315
Cfap100,6447
Cfap107,974
Cfap119,5254
Cfap126,3500
Cfap141,625
Cfap144,953
Cfap157,1999
Cfap161,4583
Cfap20,9945
Cfap206,3444
Cfap20dc,3541
Cfap210,2796
Cfap221,3182
Cfap251,10821
Cfap276,1885
Cfap298,3222
Cfap299,2146
Cfap300,1967
Cfap36,3569
Cfap410,14416
Cfap418,4842
Cfap43,8119
Cfap44,10445
Cfap45,6669
Cfap46,10686
Cfap47,10745
Cfap52,3656
Cfap53,3833
Cfap54,15855
Cfap57,4392
Cfap58,3774
Cfap61,14034
Cfap65,10453
Cfap68,9073
Cfap69,13083
Cfap70,5103
Cfap73,921
Cfap74,14190
Cfap77,4424
Cfap90,2489
Cfap91,4683
Cfap92,4500
Cfap95,875
Cfap96,3736
Cfap97,12486
Cfap97d1,1087
Cfap97d2,5636
Cfap99,2123
Cfb,4800
Cfc1,1040
Cfd,1259
Cfdp1,1178
Cfh,13057
Cfhr1,2201
Cfhr2,3342
Cfhr3,20316
Cfhr4,4244
Cfi,2450
Cfl1,3553
Cfl2,8447
Cflar,17952
Cfp,2037
Cftr,10655
Cga,1331
Cgas,8902
Cggbp1,5185
Cgn,6783
Cgnl1,9182
Cgref1,2234
Cgrrf1,5531
Ch25h,1387
Chac1,1637
Chac2,2333
Chad,1680
Chadl,7768
Chaer1,15371
Chaf1a,12693
Chaf1b,6347
Champ1,4148
Chaserr,20421
Chat,5446
Chchd1,2253
Chchd10,2476
Chchd2,2984
Chchd2-ps,462
Chchd3,6119
Chchd4,5326
Chchd5,3041
Chchd6,3351
Chchd7,7195
Chct1,995
Chd1,10372
Chd1l,4760
Chd2,23681
Chd3,11053
Chd4,10446
Chd5,13356
Chd6,22683
Chd7,21792
Chd8,25827
Chd9,31741
Chdh,8056
Chek1,6771
Chek2,4472
Cherp,7069
Chfr,9731
Chga,3213
Chgb,2740
Chi3l1,5617
Chia1,2320
Chic1,7375
Chic2,9952
Chid1,19362
Chil3,2074
Chil4,2861
Chil5,1965
Chil6,1668
Chit1,2707
Chka,19385
Chkb,7174
Chl1,13946
Chlsn,4341
Chm,10651
Chml,10209
Chmp1a,3842
Chmp1b,2524
Chmp1b2,6501
Chmp2a,2289
Chmp2b,1974
Chmp3,4632
Chmp4b,3317
Chmp4c,10351
Chmp5,1519
Chmp6,3469
Chmp7,7311
Chn1,12291
Chn1os1,636
Chn1os3,3245
Chn2,9098
Chodl,6145
Chordc1,9022
Chp1,6342
Chp2,1665
Chpf,9334
Chpf2,10041
Chpt1,11787
Chrac1,3204
Chrd,10585
Chrdl1,10006
Chrdl2,4071
Chrm1,10939
Chrm2,6225
Chrm3,8967
Chrm4,1440
Chrm5,1599
Chrna1,4386
Chrna10,2890
Chrna1os,1598
Chrna2,4004
Chrna3,8293
Chrna4,6039
Chrna5,5348
Chrna6,2906
Chrna7,4597
Chrna9,4597
Chrnb1,3410
Chrnb2,8792
Chrnb3,8591
Chrnb4,3723
Chrnd,5084
Chrne,2840
Chrng,5084
Chst1,2680
Chst10,22807
Chst11,5527
Chst12,3097
Chst13,1653
Chst14,4081
Chst15,6937
Chst2,7328
Chst3,12093
Chst4,3031
Chst5,2182
Chst7,2206
Chst8,9443
Chst9,2073
Chsy1,4176
Chsy3,11784
Chtf18,8037
Chtf8,6782
Chtop,10696
Chuk,8297
Churc1,6690
Ciao1,4236
Ciao2a,1240
Ciao2b,2066
Ciao3,10359
Ciapin1,12467
Ciart,4233
Cib1,4796
Cib2,1433
Cib3,2595
Cib4,769
Cibar1,6721
Cibar2,1947
Cic,16826
Cidea,1115
Cideb,1954
Cidec,3266
Ciita,12727
Cilk1,16333
Cilp,7005
Cilp2,4314
Cimap1a,3437
Cimap1b,4857
Cimap1c,1938
Cimap1d,1248
Cimap2,2323
Cimap3,1361
Cimip1,646
Cimip2a,1181
Cimip2b,2975
Cimip2c,2275
Cimip3,3305
Cimip4,2016
Cimip5,4422
Cimip6,1057
Cinp,7451
Cip2a,9953
Cipc,10465
Cir1,3443
Cirbil,3581
Cirbp,4192
Cirop,2718
Cirpil,6261
Cisd1,1084
Cisd2,8818
Cisd3,974
Cisd3b,3841
Cish,10850
Cit,20022
Cited1,2981
Cited2,4766
Cited4,1249
Ciz1,17715
Ckap2,4263
Ckap2l,3137
Ckap4,3089
Ckap5,13051
Ckb,5703
Ckb-ps1,1127
Ckb-ps2,1001
Cklf,8790
Ckm,3374
Ckmt1,6057
Ckmt2,1486
Cks1b,1718
Cks1brt,4698
Cks2,692
Clasp1,44951
Clasp2,19074
Clasrp,10040
Clba1,2783
Clca1,4098
Clca2,5293
Clca3a1,5217
Clca3a2,4760
Clca3b,3361
Clca4a,3609
Clca4b,2997
Clca4c-ps,717
Clcc1,6403
Clcf1,6550
Clcn1,7912
Clcn2,11526
Clcn3,25620
Clcn4,14271
Clcn5,13093
Clcn6,7488
Clcn7,9342
Clcnka,3365
Clcnkb,3235
Cldn1,7392
Cldn10,3711
Cldn11,1870
Cldn12,14806
Cldn13,1067
Cldn14,3971
Cldn15,3810
Cldn16,1663
Cldn17,1172
Cldn18,6809
Cldn19,4842
Cldn2,4089
Cldn20,660
Cldn22,995
Cldn23,2080
Cldn24,663
Cldn25,741
Cldn3,1259
Cldn34-ps,600
Cldn34a,1686
Cldn34b1,1079
Cldn34b2,1077
Cldn34b3,1077
Cldn34b4,3171
Cldn34c1,9863
Cldn34c2,3168
Cldn34c3,1432
Cldn34c4,814
Cldn34c5,3133
Cldn34c6,3173
Cldn34d,1005
Cldn4,1816
Cldn5,1416
Cldn6,4131
Cldn7,3270
Cldn8,2356
Cldn9,1443
Cldnd1,4423
Cldnd2,986
Clec10a,5816
Clec11a,2978
Clec12a,6504
Clec12b,2270
Clec14a,4571
Clec16a,14553
Clec18a,4892
Clec1a,8487
Clec1b,5888
Clec2d,1213
Clec2e,2099
Clec2f,657
Clec2g,5927
Clec2h,3729
Clec2i,5475
Clec2j,536
Clec2l,1499
Clec2m,2156
Clec3a,591
Clec3b,992
Clec4a1,1558
Clec4a2,4279
Clec4a3,2278
Clec4a4,776
Clec4b1,1061
Clec4b2,1174
Clec4d,2393
Clec4e,13196
Clec4f,2808
Clec4g,2860
Clec4n,2632
Clec5a,6110
Clec7a,3264
Clec9a,4044
Clgn,4431
Clhc1,3404
Clic1,2076
Clic3,2306
Clic4,6805
Clic5,10908
Clic6,4024
Clint1,9466
Clip1,19989
Clip2,6697
Clip3,6189
Clip4,15112
Clk1,11406
Clk2,9250
Clk3,13791
Clk4,9946
Clmn,13617
Clmp,5747
Cln3,11434
Cln5,2743
Cln6,3652
Cln8,8917
Clnk,1700
Clnkos,965
Clns1a,4800
Clock,22241
Clp1,5056
Clpb,13738
Clpp,1417
Clps,983
Clpsl2,522
Clptm1,11442
Clptm1l,3853
Clpx,5073
Clrn1,6259
Clrn2,944
Clrn3,3305
Clspn,9121
Clstn1,5819
Clstn2,5975
Clstn3,8854
Clta,3630
Cltb,6061
Cltc,10955
Cltrn,2371
Clu,5641
Cluap1,2763
Cluh,8764
Clvs1,10502
Clvs2,8925
Clxn,5435
Clybl,1725
Cma1,1622
Cma2,1413
Cmah,27854
Cmarr,5653
Cmas,6093
Cmbl,1884
Cmc1,1519
Cmc2,4314
Cmc4,1947
Cmip,7022
Cmklr1,4503
Cmklr2,2556
Cmpk1,3850
Cmpk2,5003
Cmss1,2289
Cmtm1,2772
Cmtm2a,2029
Cmtm2b,1381
Cmtm3,4814
Cmtm4,7734
Cmtm5,2036
Cmtm6,3556
Cmtm7,4804
Cmtm8,4268
Cmtr1,15964
Cmtr2,4388
Cmya5,11850
Cnbd1,1783
Cnbd2,5408
Cnbp,7325
Cndp1,7415
Cndp2,6445
Cnep1r1,7289
Cnfn,974
Cnga1,8463
Cnga2,3432
Cnga3,5619
Cnga4,3465
Cngb1,12951
Cngb3,4708
Cnih1,2638
Cnih2,2009
Cnih3,4947
Cnih4,4334
Cnksr1,4035
Cnksr2,9409
Cnksr3,3906
Cnmd,3556
Cnn1,3867
Cnn2,2912
Cnn2-ps,926
Cnn3,6754
Cnnm1,5924
Cnnm2,10167
Cnnm3,7303
Cnnm4,5919
Cnot1,23964
Cnot10,10522
Cnot11,7752
Cnot2,9832
Cnot3,10684
Cnot4,16982
Cnot6,9372
Cnot6l,17165
Cnot7,14315
Cnot8,2814
Cnot9,4256
Cnp,5539
Cnppd1,9296
Cnpy1,9884
Cnpy2,2695
Cnpy3,4963
Cnpy4,2971
Cnr1,12325
Cnr2,3982
Cnrip1,4657
Cnst,9662
Cntd1,4606
Cntf,1073
Cntfr,3291
Cntln,10918
Cntn1,12658
Cntn2,19761
Cntn3,11093
Cntn4,14809
Cntn5,5565
Cntn6,8283
Cntnap1,5956
Cntnap2,17893
Cntnap3,6586
Cntnap4,8224
Cntnap5a,10945
Cntnap5b,5747
Cntnap5c,3931
Cntrl,13233
Cntrob,8567
Cntrobos,918
Coa3,1177
Coa4,3462
Coa5,5352
Coa6,1311
Coa7,5172
Coa8,4659
Coasy,4101
Cobl,13279
Cobll1,13612
Coch,4703
Cog1,7420
Cog2,5962
Cog3,7395
Cog4,6778
Cog5,7365
Cog6,7160
Cog7,7959
Cog8,7328
Coil,4164
Col10a1,3130
Col11a1,14297
Col11a2,7926
Col12a1,17691
Col13a1,5872
Col14a1,7535
Col15a1,9353
Col16a1,9488
Col17a1,6775
Col18a1,8838
Col19a1,7840
Col1a1,6934
Col1a2,16209
Col20a1,6042
Col22a1,9375
Col23a1,5972
Col24a1,9640
Col25a1,14283
Col26a1,10766
Col27a1,16912
Col28a1,5057
Col2a1,10664
Col3a1,10734
Col4a1,10090
Col4a2,6868
Col4a3,10899
Col4a4,10903
Col4a5,8140
Col4a6,8224
Col5a1,9461
Col5a2,10103
Col5a3,6917
Col6a1,4530
Col6a2,8440
Col6a3,13669
Col6a4,10065
Col6a5,9977
Col6a6,10241
Col7a1,11209
Col8a1,7909
Col8a2,4675
Col9a1,5272
Col9a2,3648
Col9a3,5793
Colec10,4587
Colec11,2137
Colec12,10571
Colgalt1,6620
Colgalt2,5552
Colq,5314
Commd1,7349
Commd10,8631
Commd1b,2746
Commd2,4030
Commd3,5605
Commd4,5714
Commd5,3288
Commd6,6607
Commd7,7235
Commd8,8139
Commd9,2052
Comp,3411
Comt,4105
Comtd1,3667
Cop1,20386
Copa,14758
Copb1,6162
Copb2,7588
Cope,7778
Copg1,15538
Copg2,6859
Coprs,3651
Cops2,5546
Cops3,4673
Cops4,6280
Cops5,5682
Cops6,4306
Cops7a,3841
Cops7b,11047
Cops8,7477
Cops9,1689
Copz1,5493
Copz2,2843
Coq10a,4204
Coq10b,5395
Coq2,3762
Coq3,3279
Coq4,6521
Coq5,3767
Coq6,7383
Coq7,7725
Coq8a,8456
Coq8b,8744
Coq9,4832
Corin,7823
Coro1a,5177
Coro1b,8161
Coro1c,11184
Coro2a,9647
Coro2b,6702
Coro6,4252
Coro7,10699
Cort,677
Cotl1,2576
Cox10,3487
Cox11,1871
Cox14,2498
Cox15,5064
Cox16,6138
Cox17,7997
Cox18,5120
Cox19,5814
Cox20,1062
Cox20b,353
Cox4i1,2661
Cox4i2,1163
Cox5a,2682
Cox5b,2760
Cox5b-ps,497
Cox6a1,1191
Cox6a2,680
Cox6b1,1166
Cox6b2,2807
Cox6c,5287
Cox6c2,231
Cox7a1,706
Cox7a2,1305
Cox7a2l,3315
Cox7b,1707
Cox7b2,542
Cox7c,1761
Cox7c-ps1,192
Cox8a,1054
Cox8b,360
Cox8c,458
Cp,14615
Cpa1,1984
Cpa2,4079
Cpa3,1517
Cpa4,2739
Cpa5,4350
Cpa6,7900
Cpap,6451
Cpb1,3602
Cpb2,2039
Cpd,8719
Cpe,3146
Cpeb1,7205
Cpeb1os1,2112
Cpeb2,13739
Cpeb3,20789
Cpeb4,7967
Cped1,10851
Cphx1,2744
Cplane1,14839
Cplane2,2214
Cplx1,2447
Cplx2,4928
Cplx3,3905
Cplx4,2348
Cpm,8069
Cpn1,3900
Cpn2,4550
Cpne1,11424
Cpne2,4744
Cpne3,7460
Cpne4,6194
Cpne5,16126
Cpne6,7807
Cpne7,8706
Cpne8,6923
Cpne9,13438
Cpox,8493
Cpped1,8600
Cpq,9431
Cps1,5555
Cpsf1,13367
Cpsf2,5732
Cpsf3,7515
Cpsf4,6940
Cpsf4l,2837
Cpsf6,13858
Cpsf7,9536
Cpt1a,8780
Cpt1b,4009
Cpt1c,8652
Cpt2,5295
Cptp,3691
Cpvl,2066
Cpxcr1,1596
Cpxm1,2939
Cpxm2,5898
Cpz,2587
Cr1l,12820
Cr2,12117
Crabp1,802
Crabp2,1589
Cracd,20937
Cracdl,7547
Cracr2a,8432
Cracr2b,5120
Cradd,5999
Cramp1,8134
Crat,12578
Crb1,18801
Crb1-ps,895
Crb2,7840
Crb3,3889
Crbn,7612
Crcp,4016
Crct1,1178
Creb1,20697
Creb3,3364
Creb3l1,2603
Creb3l2,7503
Creb3l3,3805
Creb3l4,2031
Creb5,34911
Crebbp,17886
Crebl2,7082
Crebrf,10768
Crebzf,9711
Creg1,2437
Creg2,6091
Creld1,7566
Creld2,1366
Crem,22587
Crh,1320
Crhbp,2844
Crhr1,2460
Crhr2,8400
Crim1,6876
Crip1,4573
Crip2,3062
Crip3,3737
Cript,2382
Cripto,3860
Crisp1,1416
Crisp2,4773
Crisp3,1417
Crisp4,3804
Crispld1,6447
Crispld2,6586
Crk,9137
Crkl,6399
Crlf1,2087
Crlf2,2613
Crlf3,5771
Crls1,3815
Crmp1,9879
Crnde,36983
Crnkl1,4386
Crnn,3937
Crocc,11606
Crocc2,7132
Crot,5791
Crp,3589
Crppa,11808
Crry-ps,1309
Crs-ps,760
Crtac1,3235
Crtam,6326
Crtap,2289
Crtc1,12309
Crtc2,6863
Crtc3,10691
Crx,7538
Crxos,6143
Cry1,4115
Cry2,6903
Cryaa,5014
Cryab,3118
Cryba1,2012
Cryba2,1500
Cryba4,1619
Crybb1,1342
Crybb2,2863
Crybb3,4665
Crybg1,10777
Crybg2,10546
Crybg3,16380
Cryga,1005
Crygb,634
Crygc,1152
Crygd,1271
Cryge,1321
Crygf,978
Crygn,802
Crygs,875
Cryl1,2673
Crym,3556
Cryz,8925
Cryzl1,7327
Cryzl2,3244
Cs,5929
Csad,8016
Csdc2,7486
Csde1,17750
Cse1l,7982
Csf1,7954
Csf1r,7726
Csf1r-ps,2563
Csf2,800
Csf2ra,6168
Csf2rb,11084
Csf2rb2,7548
Csf3,1413
Csf3r,5519
Csgalnact1,6803
Csgalnact2,6958
Csk,6495
Csl,1953
Csmd1,24350
Csmd2,18018
Csmd2os,791
Csmd3,24134
Csn1s1,8402
Csn1s2a,5000
Csn1s2b,4902
Csn2,10875
Csn3,6662
Csnk1a1,16302
Csnk1d,6420
Csnk1e,8629
Csnk1g1,26426
Csnk1g2,8306
Csnk1g3,5110
Csnk2a1,7866
Csnk2a1-ps1,1159
Csnk2a1-ps2,1175
Csnk2a1-ps3,2633
Csnk2a1-ps4,1180
Csnk2a2,14341
Csnk2a2ip,4191
Csnk2b,3887
Cspg4,16084
Cspg4b,8750
Cspg5,13895
Cspp1,26024
Csprs,2719
Csrnp1,7108
Csrnp2,4375
Csrnp3,22493
Csrp1,1956
Csrp2,3358
Csrp3,3805
Cst11,615
Cst12,1079
Cst13,783
Cst3,1993
Cst5,1377
Cst6,4759
Cst7,986
Cst8,1165
Cst9,687
Csta1,3205
Csta2,1097
Csta3,294
Cstad,1287
Cstb,603
Cstdc1,602
Cstdc2,1105
Cstdc3,740
Cstdc4,2159
Cstdc5,1518
Cstdc6,387
Cstdc7,294
Cstf1,3646
Cstf2,12784
Cstf2t,4233
Cstf3,7250
Cstl1,1070
Cstpp1,6954
Ct45a,1040
Ct47,1453
Ct55,2648
Ctag2,854
Ctag2l1,627
Ctag2l2,776
Ctbp1,10372
Ctbp2,15061
Ctbs,8522
Ctc1,9763
Ctcf,6237
Ctcfl,3217
Ctcflos,28181
Ctdnep1,3314
Ctdp1,4727
Ctdsp1,5636
Ctdsp2,9701
Ctdsp2-ps,811
Ctdspl,5874
Ctdspl2,17977
Ctf1,3042
Ctf2,1875
Cth,3560
Cthrc1,2268
Ctif,6571
Ctla2a,4666
Ctla2b,3922
Ctla4,2890
Ctnna1,8531
Ctnna2,9229
Ctnna3,8034
Ctnnal1,9673
Ctnnb1,11578
Ctnnbip1,3096
Ctnnbl1,2997
Ctnnd1,22612
Ctnnd2,14702
Ctns,5507
Ctps1,3931
Ctps2,8453
Ctr9,11694
Ctrb1,878
Ctrc,1523
Ctrcos,322
Ctrl,1536
Cts3,3658
Cts6,1356
Cts7,3000
Cts7-ps,1022
Cts8,2505
Cts8-ps,5541
Ctsa,9533
Ctsb,6347
Ctsc,6753
Ctsd,3606
Ctse,4232
Ctsf,9755
Ctsg,1412
Ctsh,6851
Ctsj,2140
Ctsk,1512
Ctsl,8573
Ctsll3,1952
Ctsm,3493
Ctsm-ps,1078
Ctso,5788
Ctsq,2252
Ctsr,1414
Ctss,1797
Ctsw,3888
Ctsz,1441
Cttn,6334
Cttnbp2,16186
Cttnbp2nl,12965
Ctu1,2475
Ctu2,9444
Ctxn1,1212
Ctxn2,1539
Ctxn3,3234
Ctxnd1,7392
Ctxnd2,731
Cubn,15892
Cuedc1,6905
Cuedc2,5602
Cul1,5998
Cul2,7358
Cul3,6265
Cul4a,8283
Cul4b,5746
Cul5,12888
Cul7,11394
Cul9,17529
Cuta,8780
Cutal,5326
Cutc,2348
Cux1,34461
Cux2,13842
Cuzd1,2256
Cwc15,2423
Cwc22,10216
Cwc22rt1,3225
Cwc22rt2,3225
Cwc22rt3,3225
Cwc22rt4,3225
Cwc22rt5,3225
Cwc22rt6,2493
Cwc22rt7,3225
Cwc25,7654
Cwc27,3214
Cwf19l1,8880
Cwf19l2,11758
Cwh43,3782
Cx3cl1,5080
Cx3cr1,4585
Cxadr,8966
Cxcl1,2824
Cxcl10,4765
Cxcl11,3794
Cxcl12,12950
Cxcl13,1150
Cxcl14,2023
Cxcl15,2127
Cxcl16,4590
Cxcl17,760
Cxcl2,5156
Cxcl3,4514
Cxcl5,2266
Cxcl9,3259
Cxcr1,2576
Cxcr2,3046
Cxcr3,1731
Cxcr4,2707
Cxcr5,6386
Cxcr6,3804
Cxxc1,6154
Cxxc4,15559
Cxxc5,6366
Cyb561,6265
Cyb561a3,8019
Cyb561d1,10941
Cyb561d2,4388
Cyb5a,5693
Cyb5b,6787
Cyb5d1,2069
Cyb5d2,7329
Cyb5r1,7125
Cyb5r2,3327
Cyb5r3,4398
Cyb5r4,7982
Cyb5rl,16393
Cyba,1296
Cybb,6289
Cybc1,6426
Cybrd1,5339
Cyc1,5079
Cycl,481
Cycs,3730
Cycs-ps2,292
Cycs-ps3,321
Cyct,655
Cyfip1,15397
Cyfip2,10543
Cygb,2331
Cylc1,2076
Cylc2,3311
Cyld,19559
Cym,1236
Cyp11a1,5868
Cyp11b1,3165
Cyp11b2,2017
Cyp17a1,4155
Cyp19a1,6222
Cyp1a1,4039
Cyp1a2,2466
Cyp1b1,8547
Cyp20a1,2341
Cyp21a1,2954
Cyp21a2-ps,1383
Cyp24a1,3560
Cyp26a1,2450
Cyp26b1,9083
Cyp26c1,1747
Cyp27a1,3108
Cyp27b1,3891
Cyp2a12,4356
Cyp2a21-ps,1471
Cyp2a22,4459
Cyp2a4,1738
Cyp2a5,3153
Cyp2ab1,4032
Cyp2b10,3114
Cyp2b13,1875
Cyp2b19,4856
Cyp2b23,2189
Cyp2b26-ps,1090
Cyp2b27-ps,1279
Cyp2b9,1876
Cyp2c23,2492
Cyp2c29,4198
Cyp2c37,1824
Cyp2c38,2869
Cyp2c39,1817
Cyp2c40,3745
Cyp2c50,3503
Cyp2c52-ps,1454
Cyp2c53-ps,3269
Cyp2c54,1786
Cyp2c55,1995
Cyp2c65,1928
Cyp2c66,2441
Cyp2c67,1732
Cyp2c68,1724
Cyp2c69,1798
Cyp2c70,2458
Cyp2c71-ps,325
Cyp2c72-ps,516
Cyp2c73-ps,1047
Cyp2d10,2222
Cyp2d11,1590
Cyp2d12,7564
Cyp2d13,3882
Cyp2d22,6072
Cyp2d26,2875
Cyp2d32-ps,963
Cyp2d33-ps,883
Cyp2d34,4152
Cyp2d34-ps,1513
Cyp2d35-ps,1494
Cyp2d36-ps,1473
Cyp2d37-ps,1480
Cyp2d38-ps,549
Cyp2d39-ps,798
Cyp2d40,2527
Cyp2d41-ps,1503
Cyp2d67-ps,415
Cyp2d9,4887
Cyp2e1,3413
Cyp2f2,2253
Cyp2g1,2368
Cyp2j11,1917
Cyp2j12,2499
Cyp2j13,5767
Cyp2j14-ps,361
Cyp2j15-ps,686
Cyp2j5,2345
Cyp2j6,3605
Cyp2j7,1515
Cyp2j7-ps1,173
Cyp2j7-ps2,179
Cyp2j7-ps3,206
Cyp2j8,1512
Cyp2j9,3479
Cyp2r1,4615
Cyp2s1,6950
Cyp2t4,2020
Cyp2u1,7007
Cyp2w1,1779
Cyp39a1,5979
Cyp3a11,5146
Cyp3a13,2956
Cyp3a16,1730
Cyp3a25,3272
Cyp3a41a,2060
Cyp3a41b,2064
Cyp3a44,1962
Cyp3a57,2221
Cyp3a59,2647
Cyp3a61-ps1,592
Cyp3a63-ps,1170
Cyp46a1,4145
Cyp4a10,2860
Cyp4a12a,2422
Cyp4a12b,2395
Cyp4a14,2868
Cyp4a28-ps,1477
Cyp4a29,1530
Cyp4a29-ps1,171
Cyp4a30-ps,1020
Cyp4a30b,1527
Cyp4a31,4436
Cyp4a32,1834
Cyp4b1,2904
Cyp4b1-ps1,315
Cyp4b1-ps2,333
Cyp4f13,7252
Cyp4f14,4411
Cyp4f15,3023
Cyp4f16,6330
Cyp4f17,3643
Cyp4f18,2375
Cyp4f37,3085
Cyp4f38-ps,900
Cyp4f39,4583
Cyp4f40,3171
Cyp4f41-ps,24277
Cyp4v3,3808
Cyp4x1,4539
Cyp4x1os,5035
Cyp51,5410
Cyp7a1,4400
Cyp7b1,2166
Cyp8b1,1950
Cypt1,973
Cypt12,968
Cypt14-ps,4754
Cypt15-ps,2743
Cypt2,1418
Cypt3,1158
Cypt4,629
Cyren,9316
Cyria,14156
Cyrib,14003
Cys1,7416
Cysltr1,6201
Cysltr2,4662
Cysrt1,2291
Cystm1,7584
Cyth1,5927
Cyth2,5587
Cyth3,10340
Cyth4,11320
Cytip,8962
Cytl1,1705
Cyyr1,9577
Czib,10921
D030007L05Rik,5483
D030016M11Rik,1394
D030018L15Rik,10355
D030024E09Rik,6071
D030025E07Rik,15505
D030025P21Rik,7592
D030028A08Rik,37322
D030028M11Rik,607
D030034A15Rik,3953
D030040B21Rik,4769
D030044L04Rik,1291
D030045P18Rik,13588
D030046N08Rik,1570
D030047H15Rik,2536
D030051J21Rik,3095
D030055H07Rik,14214
D030056L22Rik,3308
D030062O11Rik,2806
D030068K23Rik,21182
D11Bhm181e,282
D130004A15Rik,1577
D130009I18Rik,16289
D130017N08Rik,13161
D130019J16Rik,2158
D130020L05Rik,10438
D130043K22Rik,7266
D130052B06Rik,4755
D130058E05Rik,22608
D130062J10Rik,2800
D130079A08Rik,13046
D14Ertd670e,565
D16Ertd472e,11005
D16Ertd519e,1569
D17H6S53E,2488
D17H6S56E-5,12289
D1Pas1,3212
D230022J07Rik,7100
D230030E09Rik,8391
D230049E03Rik,4251
D2hgdh,5717
D330022H12Rik,4220
D330023K18Rik,15211
D330025C20Rik,3046
D330037F02Rik,9044
D330041H03Rik,21158
D330046F09Rik,1072
D330050G23Rik,21838
D330050I16Rik,1267
D3Ertd751e,16654
D430001F17Rik,2207
D430018E03Rik,3832
D430019H16Rik,5786
D430020J02Rik,5371
D430036J16Rik,11933
D430040D24Rik,4584
D430040L24Rik,12315
D430041D05Rik,20569
D530014G21Rik,587
D530017H19Rik,4216
D530018E20Rik,958
D530033B14Rik,762
D530037P16Rik,1027
D530049I02Rik,562
D5Ertd579e,21056
D5Ertd605e,1099
D5Ertd615e,8551
D630002J18Rik,1115
D630003M21Rik,5554
D630008O14Rik,2747
D630010B17Rik,1503
D630011A20Rik,5698
D630014O11Rik,3627
D630023F18Rik,3039
D630023O14Rik,3099
D630024D03Rik,18372
D630030B08Rik,3479
D630033A02Rik,1034
D630033O11Rik,20602
D630036H23Rik,940
D630039A03Rik,2830
D630044L22Rik,4278
D630045J12Rik,24963
D6Ertd474e,9156
D6Ertd527e,7934
D6Wsu163e,8362
D730002M21Rik,2691
D730003I15Rik,17272
D730003K21Rik,7624
D730005E14Rik,4647
D730044K07Rik,1833
D730045A05Rik,1269
D730045B01Rik,3348
D730050B12Rik,13791
D7Bwg0826e,3795
D7Ertd128e,942
D7Ertd443e,10427
D830005E20Rik,18279
D830013O20Rik,22623
D830015G05Rik,18484
D830024N08Rik,15092
D830025C05Rik,2196
D830026I12Rik,14589
D830030K20Rik,3007
D830032E09Rik,24836
D830035M03Rik,2013
D830036C21Rik,7822
D830039M14Rik,7231
D830044D21Rik,16639
D830050J10Rik,3799
D8Ertd738e,616
D930007J09Rik,2852
D930007P13Rik,2469
D930015M05Rik,1191
D930019O06Rik,5338
D930020B18Rik,4945
D930028M14Rik,1906
D930030I03Rik,5080
D930032P07Rik,2010
D930036K23Rik,3964
D930048N14Rik,6709
D9Wsu149,594
DQ267100,72
DQ267101,73
DQ267102,72
Daam1,14381
Daam2,10963
Dab1,8780
Dab2,12857
Dab2ip,19407
Dach1,8447
Dach2,13036
Dact1,5809
Dact2,3649
Dact3,2989
Dad1,4369
Dag1,18619
Dagla,9527
Daglb,12710
Dalir,2170
Dalrd3,6300
Dancr,11657
Dand5,2954
Dao,4020
Dap,2988
Dap3,8763
Dapk1,13725
Dapk2,4758
Dapk3,5804
Dapl1,777
Dapp1,7964
Dars1,4813
Dars2,9813
Daw1,3789
Daxx,6517
Dazap1,4383
Dazap2,3384
Dazl,6736
Dbf4,12680
Dbh,2757
Dbhos,11181
Dbi,2949
Dbil5,581
Dbn1,6947
Dbndd1,3026
Dbndd2,7207
Dbnl,3880
Dbp,5918
Dbpht2,8336
Dbr1,4133
Dbt,3800
Dbx1,2091
Dbx2,3749
Dcaf1,9430
Dcaf10,11603
Dcaf11,19916
Dcaf12,3442
Dcaf12l1,5280
Dcaf12l2,2885
Dcaf13,11413
Dcaf15,2909
Dcaf17,12701
Dcaf4,4828
Dcaf5,6273
Dcaf6,8121
Dcaf7,6614
Dcaf8,16667
Dcaf8l,4323
Dcakd,4361
Dcbld1,9772
Dcbld2,13483
Dcc,15103
Dcdc2a,8717
Dcdc2b,1951
Dcdc2c,7646
Dcdc5,5296
Dchs1,11993
Dchs2,10783
Dck,3897
Dclk1,36663
Dclk2,17676
Dclk3,3005
Dclre1a,10104
Dclre1b,18560
Dclre1c,16223
Dcn,6967
Dcp1a,15604
Dcp1b,10229
Dcp2,9014
Dcpp1,617
Dcpp2,1205
Dcpp3,1185
Dcps,2488
Dcst1,6928
Dcst2,2285
Dcstamp,3682
Dct,7109
Dctd,6162
Dctn1,9404
Dctn2,6146
Dctn3,1802
Dctn4,14176
Dctn5,3797
Dctn6,5543
Dctpp1,676
Dcun1d1,13192
Dcun1d2,10740
Dcun1d3,14243
Dcun1d4,10342
Dcun1d5,3904
Dcx,18676
Dcxr,2044
Dda1,4786
Ddah1,5952
Ddah2,2324
Ddb1,9183
Ddb2,5978
Ddc,5355
Ddhd1,33296
Ddhd2,8692
Ddi1,7114
Ddi2,20414
Ddias,4204
Ddit3,2406
Ddit4,1755
Ddit4l,3267
Ddn,4113
Ddo,10412
Ddost,2120
Ddr1,6756
Ddr2,15686
Ddrgk1,2986
Ddt,1223
Ddx1,5489
Ddx10,3128
Ddx11,11487
Ddx17,8909
Ddx18,2824
Ddx19a,3600
Ddx19b,8395
Ddx20,5062
Ddx21,5610
Ddx23,9454
Ddx24,11570
Ddx25,6934
Ddx27,6247
Ddx28,2262
Ddx31,4210
Ddx39a,6239
Ddx39b,5963
Ddx3x,6813
Ddx3y,9278
Ddx4,3737
Ddx41,3954
Ddx42,4456
Ddx43,2207
Ddx46,7981
Ddx47,11058
Ddx49,4576
Ddx5,9499
Ddx50,13003
Ddx51,6413
Ddx52,3491
Ddx54,8135
Ddx55,7948
Ddx56,3331
Ddx59,4197
Ddx6,8244
Ddx60,10526
Deaf1,7171
Decr1,4025
Decr2,7210
Dedd,11042
Dedd2,9162
Def6,4027
Def8,6970
Defa-ps1,282
Defa-ps10,171
Defa-ps11,299
Defa-ps12,193
Defa-ps13,204
Defa-ps14,418
Defa-ps15,477
Defa-ps16,171
Defa-ps17,171
Defa-ps18,371
Defa-ps3,282
Defa-ps4,183
Defa-ps5,279
Defa-ps6,282
Defa-ps7,168
Defa-ps8,279
Defa-ps9,276
Defa17,397
Defa2,426
Defa20,425
Defa21,418
Defa22,419
Defa23,411
Defa24,419
Defa25,279
Defa26,372
Defa27,371
Defa28,400
Defa29,508
Defa3,410
Defa30,398
Defa31,377
Defa32,425
Defa33,426
Defa34,375
Defa35,398
Defa36,420
Defa37,403
Defa38,351
Defa39,503
Defa40,385
Defa41,418
Defa42,488
Defa43,506
Defa5,376
Defb1,872
Defb10,298
Defb11,317
Defb12,1014
Defb13,452
Defb14,204
Defb15,345
Defb18,258
Defb19,394
Defb2,305
Defb20,690
Defb21,427
Defb22,628
Defb23,624
Defb25,293
Defb26,561
Defb28,397
Defb29,462
Defb3,275
Defb30,2348
Defb33,424
Defb34,246
Defb35,267
Defb36,468
Defb37,352
Defb38,286
Defb39,252
Defb4,454
Defb40,389
Defb41,665
Defb42,3352
Defb43,408
Defb44-ps,219
Defb45,591
Defb46,174
Defb47,359
Defb48,445
Defb5,207
Defb50,373
Defb6,323
Defb7,306
Defb8,287
Defb9,310
Degs1,4049
Degs1l,1898
Degs2,3010
Dek,5777
Dele1,13464
Dennd10,7584
Dennd11,8614
Dennd1a,17153
Dennd1b,36903
Dennd1c,7270
Dennd2a,7822
Dennd2b,8242
Dennd2c,12532
Dennd2d,8141
Dennd3,8558
Dennd4a,22372
Dennd4b,8338
Dennd4c,9542
Dennd5a,10374
Dennd5b,20045
Dennd6a,12466
Dennd6b,12724
Denr,7348
Depdc1a,4581
Depdc1b,4563
Depdc5,19406
Depdc7,2292
Depp1,3042
Deptor,11601
Dera,11408
Derl1,3572
Derl2,10142
Derl3,4188
Derpc,3099
Des,4359
Desi1,6127
Desi2,12657
Det1,5120
Deup1,6332
Dexi,3353
Dffa,3692
Dffb,4474
Dgat1,7474
Dgat2,3926
Dgat2l6,5805
Dgcr2,16417
Dgcr6,6619
Dgcr8,14037
Dgka,5692
Dgkb,14775
Dgkd,10276
Dgke,14405
Dgkeos,8622
Dgkg,10321
Dgkh,18539
Dgki,8052
Dgkk,7849
Dgkq,13057
Dgkz,10450
Dglucy,8150
Dguok,6259
Dhcr24,4028
Dhcr7,10606
Dhdds,15391
Dhdh,7695
Dhfr,5347
Dhh,4936
Dhodh,9742
Dhps,4176
Dhrs1,3572
Dhrs11,2101
Dhrs13,4456
Dhrs13os,2429
Dhrs2,1523
Dhrs3,6136
Dhrs4,4280
Dhrs7,4358
Dhrs7b,4084
Dhrs7c,2838
Dhrs7l,5656
Dhrs9,4281
Dhtkd1,6867
Dhx15,10581
Dhx16,6502
Dhx29,6854
Dhx30,19209
Dhx32,6928
Dhx33,14627
Dhx34,6771
Dhx35,6419
Dhx36,11094
Dhx37,5768
Dhx38,5120
Dhx40,4640
Dhx57,7387
Dhx58,4375
Dhx58os,2946
Dhx8,6121
Dhx9,12439
Diablo,9213
Diaph1,9648
Diaph2,13810
Diaph3,7315
Dicer1,21320
Dido1,18995
Dimt1,5732
Dino,1046
Dio1,4468
Dio2,6415
Dio3,3479
Dio3os,6439
Dip2a,13553
Dip2b,11500
Dip2c,10347
Dipk1a,3547
Dipk1b,2964
Dipk1c,7142
Dipk2a,3950
Dipk2b,4667
Diras1,3415
Diras2,4786
Dis3,10368
Dis3l,7468
Dis3l2,9777
Disc1,4599
Discn,1523
Disp1,6154
Disp2,12395
Disp3,5856
Dixdc1,16291
Dkc1,5844
Dkk1,2427
Dkk2,3705
Dkk3,3359
Dkk4,1315
Dkkl1,2887
Dlat,5522
Dlc1,18334
Dld,4202
Dlec1,8980
Dleu2,95998
Dleu7,2849
Dlg1,20323
Dlg2,33993
Dlg3,12679
Dlg4,19548
Dlg5,11163
Dlgap1,37236
Dlgap2,9028
Dlgap3,6024
Dlgap4,16097
Dlgap5,10046
Dlk1,16789
Dlk2,3421
Dll1,6044
Dll3,3837
Dll4,3918
Dlst,13030
Dlx1,10601
Dlx1as,24240
Dlx2,3099
Dlx3,2607
Dlx4,3875
Dlx4os,2862
Dlx5,3454
Dlx6,3104
Dlx6os1,23907
Dlx6os2,1354
Dmac1,741
Dmac2,5372
Dmac2l,3717
Dmap1,4732
Dmbt1,8431
Dmbx1,9487
Dmc1,5268
Dmd,31374
Dmgdh,3537
Dmkn,3956
Dmp1,2764
Dmpk,11467
Dmrt1,4035
Dmrt1i,1595
Dmrt2,2337
Dmrt3,2739
Dmrta1,4678
Dmrta2,2922
Dmrta2os,11551
Dmrtb1,3237
Dmrtc1a,2750
Dmrtc1b,1642
Dmrtc1c1,1683
Dmrtc1c2,1768
Dmrtc2,1619
Dmtf1,21577
Dmtf1l,3407
Dmtn,17305
Dmwd,4122
Dmxl1,24909
Dmxl2,19661
Dna2,10318
Dnaaf1,2821
Dnaaf10,3004
Dnaaf11,2084
Dnaaf2,3390
Dnaaf3,2224
Dnaaf4,2710
Dnaaf5,4378
Dnaaf6,1509
Dnaaf6rt,1451
Dnaaf8,24250
Dnaaf9,13184
Dnah1,13306
Dnah10,17606
Dnah11,14932
Dnah12,12227
Dnah14,18269
Dnah17,17788
Dnah2,15972
Dnah2os,2917
Dnah3,19686
Dnah5,15637
Dnah6,14125
Dnah7a,12851
Dnah7b,21692
Dnah7c,13575
Dnah8,31827
Dnah9,18532
Dnai1,3031
Dnai2,5579
Dnai3,3697
Dnai4,10708
Dnai7,15610
Dnaja1,13806
Dnaja1-ps,642
Dnaja2,3211
Dnaja3,4990
Dnaja4,4315
Dnajb1,3204
Dnajb11,4036
Dnajb12,7987
Dnajb13,3692
Dnajb14,16886
Dnajb2,8438
Dnajb3,1051
Dnajb4,11973
Dnajb5,10950
Dnajb6,8836
Dnajb6-ps,691
Dnajb7,1374
Dnajb8,1645
Dnajb9,2844
Dnajc1,15628
Dnajc10,5785
Dnajc11,15804
Dnajc12,5631
Dnajc13,15813
Dnajc14,10480
Dnajc15,7064
Dnajc16,6835
Dnajc17,1732
Dnajc18,6133
Dnajc19,4964
Dnajc19-ps,351
Dnajc2,7300
Dnajc21,6580
Dnajc22,1945
Dnajc24,2338
Dnajc25,7151
Dnajc27,7580
Dnajc28,8237
Dnajc3,5141
Dnajc30,1661
Dnajc4,2538
Dnajc5,14456
Dnajc5b,2180
Dnajc5g,2600
Dnajc6,11833
Dnajc7,16356
Dnajc8,6466
Dnajc9,4061
Dnal1,11404
Dnal4,4783
Dnali1,2133
Dnase1,7527
Dnase1l1,3993
Dnase1l2,5112
Dnase1l3,5250
Dnase2a,9333
Dnase2b,3010
Dnd1,5138
Dnd1-ps,964
Dner,5605
Dnhd1,15704
Dnlz,3244
Dnm1,13447
Dnm1l,12324
Dnm2,9635
Dnm3,28189
Dnm3os,18207
Dnmbp,10860
Dnmt1,9259
Dnmt3a,25751
Dnmt3a-ps1,1271
Dnmt3aos,1385
Dnmt3b,8994
Dnmt3bos,1769
Dnmt3c,2223
Dnmt3l,4426
Dnmt3l-ps1,1253
Dnpep,7920
Dnph1,1190
Dntt,3254
Dnttip1,2511
Dnttip2,5025
Doc2a,5615
Doc2b,4361
Doc2g,6033
Dock1,10157
Dock10,22428
Dock11,10485
Dock2,12114
Dock3,19405
Dock4,27725
Dock5,13536
Dock6,10350
Dock7,21072
Dock8,11326
Dock9,19613
Dohh,3667
Dok1,4027
Dok2,3852
Dok3,3838
Dok4,4899
Dok5,1768
Dok6,14061
Dok7,5406
Dolk,2104
Dolpp1,8725
Donson,6056
Dop1a,31306
Dop1b,14176
Dot1l,13424
Dpagt1,5920
Dpcd,3122
Dpep1,2681
Dpep2,7372
Dpep2nb,1097
Dpep3,1698
Dpf1,11307
Dpf2,8854
Dpf3,6865
Dph1,4135
Dph2,6691
Dph3,6298
Dph3b-ps,246
Dph5,10244
Dph6,11709
Dph7,5071
Dpm1,9685
Dpm2,3539
Dpm3,1323
Dpp10,19581
Dpp3,11110
Dpp4,7171
Dpp6,19105
Dpp7,7820
Dpp8,16584
Dpp9,9296
Dppa1,1832
Dppa2,2510
Dppa3,892
Dppa3-ps,451
Dppa4,2004
Dppa5a,619
Dppa5b,348
Dppa5c,348
Dpt,1724
Dpy19l1,13100
Dpy19l2,3442
Dpy19l3,13092
Dpy19l4,8921
Dpy30,2461
Dpyd,10129
Dpys,4404
Dpysl2,5040
Dpysl3,7671
Dpysl4,9637
Dpysl5,11839
Dqx1,4095
Dr1,3575
Dram1,3350
Dram2,6416
Drap1,5204
Draxin,5200
Drc1,2963
Drc3,4768
Drc7,3591
Drd1,7507
Drd2,2547
Drd3,2003
Drd4,3675
Drd5,3152
Dreg1,998
Dreh,3338
Drg1,4486
Drg2,3340
Drgx,6960
Drosha,7958
Drp2,11880
Drr1,2904
Dsc1,6894
Dsc2,8278
Dsc3,6421
Dscam,9824
Dscaml1,12064
Dscc1,5213
Dse,5662
Dsel,10250
Dsg1a,5686
Dsg1b,3965
Dsg1c,4088
Dsg2,8881
Dsg3,7420
Dsg4,3478
Dsn1,5470
Dsp,10783
Dspp,4431
Dst,53274
Dstn,1911
Dstyk,11644
Dtd1,3039
Dtd2,3379
Dthd1,3444
Dtl,17928
Dtna,19961
Dtnb,16180
Dtnbos,1662
Dtnbp1,6689
Dtwd1,2215
Dtwd2,5717
Dtx1,9544
Dtx2,10490
Dtx3,4724
Dtx3l,7249
Dtx4,5226
Dtymk,3486
Dubr,34173
Duox1,5267
Duox2,7123
Duoxa1,6513
Duoxa2,1592
Dus1l,6903
Dus2,4371
Dus3l,4867
Dus4l,2306
Dusp1,6107
Dusp10,3516
Dusp11,9968
Dusp12,5562
Dusp13a,2270
Dusp13b,2532
Dusp14,4538
Dusp15,7546
Dusp16,12979
Dusp18,7039
Dusp19,5787
Dusp2,2373
Dusp21,845
Dusp22,6075
Dusp23,1410
Dusp26,4723
Dusp28,1314
Dusp29,1465
Dusp3,5653
Dusp4,2740
Dusp5,2473
Dusp6,5928
Dusp7,5161
Dusp8,5028
Dusp9,2722
Dut,2935
Duxbl1,5732
Duxf1,2514
Duxf2,795
Duxf3,2025
Duxf4,1854
Dvl1,11364
Dvl2,8807
Dvl3,8691
Dxo,5422
Dydc1,1497
Dydc2,818
Dym,9989
Dynap,1225
Dynapl1,603
Dync1h1,17647
Dync1i1,5658
Dync1i2,13237
Dync1li1,4219
Dync1li2,8108
Dync2h1,19245
Dync2i1,10553
Dync2i2,3128
Dync2li1,2001
Dynll1,6408
Dynll2,3494
Dynlrb1,2027
Dynlrb2,798
Dynlt1-ps1,342
Dynlt1a,7171
Dynlt1b,771
Dynlt1c,6754
Dynlt1f,4274
Dynlt2a1,1030
Dynlt2a2,3005
Dynlt2a3,887
Dynlt2b,3174
Dynlt3,2953
Dynlt4,2134
Dynlt5,5476
Dyrk1a,12835
Dyrk1b,3410
Dyrk2,6947
Dyrk3,3715
Dyrk4,3477
Dysf,10768
Dytn,6927
Dzank1,8809
Dzip1,15296
Dzip1l,10651
Dzip3,13265
E030007A22Rik,4014
E030013I19Rik,7027
E030018B13Rik,1015
E030022I16Rik,2766
E030025P04Rik,1078
E030026E10Rik,2217
E030030I06Rik,209
E030032P16Rik,2931
E030037K01Rik,4956
E030042O20Rik,14229
E030044B06Rik,13650
E130006D01Rik,18989
E130008D07Rik,24028
E130018N17Rik,9445
E130018O15Rik,3776
E130101E03Rik,1163
E130102H24Rik,5399
E130111B04Rik,452
E130114P18Rik,2722
E130116L18Rik,306
E130119H09Rik,6098
E130201H02Rik,851
E130202H07Rik,43501
E130215H24Rik,1165
E130304I02Rik,16447
E130307A14Rik,38649
E130308A19Rik,14538
E130310I04Rik,8783
E130311K13Rik,2593
E130317F20Rik,13890
E230001N04Rik,5623
E230013L22Rik,12116
E230014E18Rik,2452
E230015B07Rik,381
E230016K23Rik,6762
E230016M11Rik,21652
E230020A03Rik,2386
E230020D15Rik,5899
E230025N22Rik,3657
E230029C05Rik,48226
E230032D23Rik,3501
E230034D01Rik,4180
E2f1,4688
E2f2,4891
E2f3,5840
E2f4,2659
E2f5,1779
E2f6,9151
E2f7,12838
E2f8,6253
E330010L02Rik,966
E330011M16Rik,1794
E330011O21Rik,28267
E330012B07Rik,3342
E330013P04Rik,21084
E330016L19Rik,1959
E330017L17Rik,5551
E330018M18Rik,1810
E330020D12Rik,11114
E330023G01Rik,7487
E330032C10Rik,6168
E330034G19Rik,5941
E330034L11Rik,1742
E330035G20Rik,6580
E330037G11Rik,1086
E330040D14Rik,1374
E430014B02Rik,3156
E430021H15Rik,3459
E430024I08Rik,32084
E430024P14Rik,9245
E4f1,8606
E530001F21Rik,730
E530011L22Rik,13798
EU599041,11895
Eaf1,6810
Eaf2,6116
Eapp,5932
Ear-ps1,459
Ear-ps10,460
Ear-ps12,451
Ear-ps2,466
Ear-ps3,445
Ear-ps4,450
Ear-ps5,463
Ear-ps7,442
Ear-ps8,354
Ear-ps9,705
Ear1,1232
Ear10,1149
Ear14,1416
Ear2,719
Ear6,1606
Ears2,6766
Ebag9,4696
Ebf1,11727
Ebf2,11247
Ebf3,16538
Ebf4,3850
Ebi3,1154
Ebna1bp2,4953
Ebp,3568
Ebpl,16435
Ecd,7239
Ece1,5508
Ece2,7396
Ecel1,5545
Ech1,3144
Echdc1,5437
Echdc2,6141
Echdc3,3316
Echs1,11129
Eci1,3854
Eci2,8781
Eci3,1585
Ecm1,4805
Ecm2,8027
Ecpas,13448
Ecrg4,902
Ecscr,2734
Ecsit,2785
Ect2,10197
Ect2l,4584
Eda,16589
Eda2r,6988
Edar,3637
Edaradd,6668
Edc3,9358
Edc4,8472
Eddm13,1241
Eddm3b,1412
Edem1,11671
Edem2,4243
Edem3,8508
Edf1,2649
Edil3,17485
Edn1,2139
Edn2,1462
Edn3,6343
Ednra,5970
Ednrb,9343
Edrf1,9297
Eea1,10848
Eed,6911
Eef1a1,5597
Eef1a1-ps1,1387
Eef1a1-ps2,1337
Eef1a2,13603
Eef1akmt1,1400
Eef1akmt2,3046
Eef1akmt3,2719
Eef1akmt4,2598
Eef1b2,5465
Eef1d,11831
Eef1e1,3707
Eef1ece2,4484
Eef1g,3159
Eef2,4259
Eef2-ps2,1345
Eef2k,9734
Eef2kmt,4433
Eefsec,4886
Eeig1,10332
Eeig2,5791
Eepd1,3388
Efcab10,673
Efcab11,7447
Efcab12,2495
Efcab14,12279
Efcab15,1685
Efcab2,4390
Efcab3,19950
Efcab5,7565
Efcab6,8035
Efcab7,4109
Efcab8,7208
Efcab9,1220
Efcc1,6197
Efemp1,2232
Efemp2,7406
Efhb,5478
Efhc1,2503
Efhc2,2554
Efhd1,3258
Efhd1os,1047
Efhd2,2381
Efl1,6401
Efna1,3755
Efna2,2131
Efna3,2847
Efna4,1599
Efna5,4316
Efnb1,3568
Efnb2,8149
Efnb3,3183
Efr3a,14986
Efr3b,15335
Efs,5114
Eftud2,10948
Egf,14745
Egfem1,5153
Egfl6,2704
Egfl7,7703
Egfl8,3557
Egflam,10644
Egfr,12274
Egfros,4063
Egln1,3594
Egln2,3323
Egln3,2662
Egr1,4484
Egr2,5426
Egr3,9814
Egr4,2148
Ehbp1,7031
Ehbp1l1,10494
Ehd1,5122
Ehd2,5396
Ehd3,7187
Ehd4,4471
Ehf,9733
Ehhadh,2981
Ehmt1,13650
Ehmt2,10454
Ei24,6425
Eid1,1691
Eid2,1392
Eid2b,1751
Eid3,1305
Eif1,3313
Eif1-ps1,330
Eif1-ps2,339
Eif1-ps3,342
Eif1a,8986
Eif1ad,3753
Eif1ad10,1862
Eif1ad11,1870
Eif1ad12,1782
Eif1ad13,1833
Eif1ad14,1488
Eif1ad15,1856
Eif1ad16,1301
Eif1ad17,1850
Eif1ad18,2008
Eif1ad19,1863
Eif1ad2,1851
Eif1ad3,1766
Eif1ad4,1859
Eif1ad6,1850
Eif1ad7,1840
Eif1ad8,1873
Eif1ad9,429
Eif1ax,5350
Eif1b,1329
Eif2a,8116
Eif2ak1,6125
Eif2ak2,5864
Eif2ak3,7943
Eif2ak4,8710
Eif2b1,3668
Eif2b2,4378
Eif2b3,7615
Eif2b4,5758
Eif2b5,3202
Eif2c5l,2577
Eif2d,9488
Eif2s1,5141
Eif2s2,11010
Eif2s3x,4113
Eif2s3x-ps1,1109
Eif2s3y,5901
Eif3a,9998
Eif3b,3579
Eif3c,3891
Eif3d,6781
Eif3e,7379
Eif3f,3541
Eif3g,2721
Eif3h,2123
Eif3i,4255
Eif3j1,6007
Eif3j2,2379
Eif3k,3657
Eif3l,4087
Eif3m,3276
Eif3s6-ps1,470
Eif3s6-ps2,1323
Eif3s6-ps3,1349
Eif3s6-ps4,1388
Eif4a-ps4,1218
Eif4a1,9326
Eif4a2,15386
Eif4a3,3395
Eif4a3l1,3620
Eif4a3l2,1362
Eif4b,5321
Eif4e,6975
Eif4e1b,5526
Eif4e2,8908
Eif4e3,2515
Eif4ebp1,2615
Eif4ebp2,5784
Eif4ebp3,744
Eif4enif1,11529
Eif4g1,13560
Eif4g2,13934
Eif4g3,15606
Eif4h,7804
Eif5,19005
Eif5a,4581
Eif5a2,5027
Eif5al3-ps,447
Eif5b,11204
Eif6,4072
Eipr1,7113
Elac1,4971
Elac2,6703
Elane,984
Elapor1,7836
Elapor2,13516
Elavl1,12809
Elavl2,17873
Elavl3,7925
Elavl4,12014
Eldr,37531
Elf1,7195
Elf2,20043
Elf3,3462
Elf4,10913
Elf5,9944
Elfn1,4245
Elfn2,13388
Elk1,5625
Elk3,6298
Elk4,8539
Ell,3195
Ell2,11535
Ell3,3251
Elmo1,14995
Elmo2,9980
Elmo3,5247
Elmod1,6377
Elmod2,16937
Elmod3,5146
Eln,9675
Eloa,4708
Elob,3047
Elobl,1207
Eloc,5894
Elof1,3910
Elovl1,5310
Elovl2,6875
Elovl3,3190
Elovl4,3655
Elovl5,3881
Elovl6,11053
Elovl7,5851
Elp1,9592
Elp2,8186
Elp3,4370
Elp4,3732
Elp5,5048
Elp6,3999
Emb,8836
Emc1,9818
Emc10,6302
Emc2,4051
Emc3,3839
Emc4,1529
Emc6,1895
Emc7,5826
Emc8,11854
Emc9,3392
Emcn,6531
Emd,4663
Eme1,4282
Eme2,10239
Emg1,7669
Emid1,5222
Emilin1,8156
Emilin2,9240
Emilin3,6596
Eml1,13154
Eml2,5270
Eml3,5023
Eml4,15400
Eml5,17202
Eml6,11173
Emp1,6378
Emp2,8704
Emp3,1776
Emsy,23526
Emx1,2819
Emx2,4918
Emx2os,20242
En1,2624
En2,3539
Enah,26827
Enam,8969
Enc1,4737
Endod1,6494
Endog,1063
Endou,3726
Endov,15758
Eng,7310
Engase,10552
Enho,1269
Enkd1,6023
Enkur,2380
Eno1,7863
Eno1b,3538
Eno2,12870
Eno3,3143
Eno4,3995
Enoph1,4062
Enox1,9623
Enox2,8283
Enpep,6050
Enpp1,12309
Enpp2,7150
Enpp3,7787
Enpp4,7976
Enpp5,8528
Enpp6,8604
Enpp7,2300
Ensa,6784
Enthd1,2703
Entpd1,8517
Entpd2,3327
Entpd3,4023
Entpd4,10486
Entpd4b,10258
Entpd5,14392
Entpd6,5553
Entpd7,9850
Entpd8,7134
Entr1,8874
Entrep1,3306
Entrep2,9032
Entrep3,10106
Eny2,11676
Eogt,6931
Eola1,1094
Eomes,7142
Ep300,17989
Ep400,19426
Epas1,5848
Epb41,24327
Epb41l1,17395
Epb41l2,23023
Epb41l3,17935
Epb41l4a,10465
Epb41l4aos,11185
Epb41l4b,9395
Epb41l5,18507
Epb42,8384
Epc1,5830
Epc2,5076
Epcam,3615
Epcip,3284
Epdr1,4113
Epg5,10711
Epgn,2189
Epha1,4924
Epha10,7909
Epha2,5582
Epha3,10363
Epha4,12495
Epha5,21658
Epha6,6857
Epha7,12113
Epha8,4713
Ephb1,9632
Ephb2,17170
Ephb3,10870
Ephb4,9208
Ephb6,5124
Ephx1,2367
Ephx2,2868
Ephx3,3393
Ephx4,1892
Epm2a,3660
Epm2aip1,11972
Epn1,5892
Epn2,9947
Epn3,5156
Epo,1151
Epop,2314
Epor,2244
Eppin,778
Eppk1,12332
Eprn,6162
Eprs1,21103
Eps15,10899
Eps15l1,8811
Eps8,15944
Eps8l1,9994
Eps8l2,7978
Eps8l3,2613
Epsti1,2673
Epx,2867
Epyc,3452
Eqtn,1673
Eral1,2709
Erap1,8012
Eras,1077
Erbb2,6751
Erbb3,6016
Erbb4,12748
Erbin,11675
Erc1,33296
Erc2,19134
Ercc1,4720
Ercc2,7287
Ercc3,3665
Ercc4,9841
Ercc5,7954
Ercc6,14132
Ercc6l,5302
Ercc6l2,20780
Ercc8,10736
Erdr1x,1953
Erdr1y,16731
Ereg,4128
Erf,3960
Erfe,3451
Erfl,1152
Erg,9096
Erg28,5620
Ergic1,13150
Ergic2,10169
Ergic3,3795
Erh,3657
Erhrt-ps,736
Eri1,9231
Eri2,16287
Eri3,4045
Erich1,1697
Erich2,4046
Erich2os,939
Erich3,13041
Erich4,1591
Erich5,2383
Erich6,2195
Erich6b,2231
Erlec1,4017
Erlin1,6541
Erlin2,7079
Erln,978
Ermap,14912
Ermard,10709
Ermardl1,1745
Ermardl2,5348
Ermn,3635
Ermp1,14282
Ern1,10634
Ern2,3641
Ero1a,5792
Ero1b,7495
Erp27,3420
Erp29,10970
Erp44,3850
Errfi1,6154
Erv3,3378
Esam,3420
Esco1,10412
Esco2,8602
Esd,4879
Esd-ps,847
Esf1,5443
Esm1,2097
Esp1,1049
Esp15,1171
Esp16,1243
Esp18,1257
Esp22,336
Esp23,646
Esp24,640
Esp3,1316
Esp31,1311
Esp34,1413
Esp36,1117
Esp38,618
Esp4,553
Esp5,453
Esp6,1154
Esp8,620
Espl1,11839
Espn,14262
Espnl,7362
Esr1,19004
Esr2,5299
Esrp1,9382
Esrp2,7415
Esrra,6858
Esrrb,10839
Esrrg,14216
Ess2,5049
Esx1,2631
Esyt1,10518
Esyt2,11931
Esyt3,8004
Etaa1,4185
Etaa1os,11151
Etd,478
Etf1,3709
Etfa,2196
Etfb,2509
Etfbkmt,5259
Etfbl,1200
Etfdh,9582
Etfrf1,6878
Ethe1,1484
Etl4,29523
Etnk1,15084
Etnk2,6765
Etnppl,10822
Etohd2,11828
Etos1,2543
Ets1,12570
Ets2,9245
Etv1,21953
Etv2,1048
Etv3,18256
Etv3l,2248
Etv4,6088
Etv5,7100
Etv6,10673
Eva1a,3488
Eva1b,4197
Eva1c,7996
Evc,10315
Evc2,6619
Evi2,3914
Evi2a,4639
Evi2b,1858
Evi5,10474
Evi5l,16464
Evl,4612
Evpl,6384
Evx1,3654
Evx1os,10962
Evx2,5338
Ewsr1,8165
Exd1,10639
Exd2,11259
Exo1,10684
Exo5,5087
Exoc1,17826
Exoc1l,1224
Exoc2,13335
Exoc3,7110
Exoc3l,5977
Exoc3l2,4016
Exoc3l4,10161
Exoc4,13925
Exoc5,20151
Exoc6,4435
Exoc6b,17691
Exoc7,5369
Exoc8,4598
Exog,11318
Exosc1,4975
Exosc10,5245
Exosc2,4354
Exosc3,2186
Exosc4,3605
Exosc5,8617
Exosc6,1326
Exosc7,7189
Exosc8,9204
Exosc9,6702
Exph5,10986
Ext1,8755
Ext2,10108
Extl1,4418
Extl2,8839
Extl3,9468
Eya1,14223
Eya2,4696
Eya3,15765
Eya4,12475
Ezh1,11150
Ezh2,9056
Ezhip,4039
Ezr,3515
F10,5481
F11,2334
F11r,3620
F12,2231
F13a1,6973
F13b,2626
F2,5518
F2r,3336
F2rl1,2741
F2rl2,2502
F2rl3,3255
F3,3364
F5,7430
F530104D19Rik,1120
F630040K05Rik,37317
F630040L22Rik,370
F630042J09Rik,8042
F630206G17Rik,7104
F7,1859
F730016J06Rik,10766
F730035M05Rik,1296
F730035P03Rik,1856
F730043M19Rik,39764
F730048M01Rik,2148
F730311O21Rik,26701
F8,11101
F830002E08Rik,1959
F830016B08Rik,3297
F830045P16Rik,1925
F830112A20Rik,3552
F830115B05Rik,1894
F830208F22Rik,3557
F830210D05Rik,1903
F830212C03Rik,2285
F8a,2505
F9,2734
F930017D23Rik,40082
Fa2h,6023
Faah,12025
Faap100,10089
Faap20,5953
Faap24,4085
Fabp1,553
Fabp12,3164
Fabp2,965
Fabp3,823
Fabp3-ps1,402
Fabp4,5127
Fabp5,4225
Fabp5l2,405
Fabp6,479
Fabp7,1511
Fabp9,1137
Fadd,3903
Faddos,2047
Fads1,8529
Fads2,3581
Fads2b,2272
Fads3,5383
Fads6,6841
Faf1,5233
Faf2,10208
Fah,2891
Fahd1,1473
Fahd2a,3135
Faim,6660
Faim2,21157
Faiml,1066
Fam107a,5674
Fam107b,5763
Fam110a,3428
Fam110b,12025
Fam110c,3088
Fam110d,1828
Fam111a,10179
Fam114a1,3070
Fam114a2,4095
Fam117a,3829
Fam117b,7587
Fam118a,6058
Fam118b,8468
Fam120a,5105
Fam120aos,2848
Fam120b,12992
Fam120c,6020
Fam124a,5447
Fam124b,3581
Fam131a,5354
Fam131b,7713
Fam131c,1433
Fam133b,10214
Fam135a,17172
Fam135b,20410
Fam136a,3397
Fam136b-ps,412
Fam13a,11148
Fam13b,12824
Fam13c,15214
Fam149a,9705
Fam149b,13608
Fam151a,1923
Fam151b,1868
Fam161a,8312
Fam161b,7779
Fam162a,1566
Fam162b,646
Fam163a,3882
Fam163b,2959
Fam167a,4599
Fam167b,959
Fam168a,18146
Fam168b,11466
Fam169a,9102
Fam169b,7202
Fam170a,1996
Fam170b,4160
Fam171a1,9550
Fam171a2,3775
Fam171b,5967
Fam174a,5572
Fam174b,3751
Fam174c,678
Fam177a,3922
Fam177a2,3863
Fam177b,232
Fam178b,5447
Fam180a,1606
Fam181a,2196
Fam181b,2002
Fam184a,8260
Fam184b,9021
Fam185a,5036
Fam186a,9750
Fam186b,3464
Fam187a,1563
Fam187b,6463
Fam193a,8299
Fam193b,15113
Fam199x,8299
Fam204a,8779
Fam209,698
Fam20a,5737
Fam20b,13651
Fam20c,9952
Fam210a,10300
Fam210b,3617
Fam216a,1388
Fam216b,4021
Fam217a,6206
Fam217b,4706
Fam219a,7546
Fam219aos,1823
Fam219b,6193
Fam220-ps,783
Fam220a,7081
Fam221a,6397
Fam221b,5105
Fam222a,3676
Fam222b,5841
Fam227a,8941
Fam227b,2860
Fam228a,5678
Fam228b,7012
Fam229a,880
Fam229b,5950
Fam234a,8541
Fam234b,10036
Fam236c,386
Fam236d,337
Fam236e,420
Fam236f,420
Fam237a,1105
Fam237b,1268
Fam240a,499
Fam240b,1097
Fam241a,3841
Fam241b,5946
Fam243,2677
Fam246a,2357
Fam24a,1432
Fam24b,1040
Fam25a,408
Fam32a,5951
Fam3a,5676
Fam3b,2501
Fam3c,4804
Fam3d,1812
Fam43a,3075
Fam43b,2437
Fam47c,1639
Fam47e,4693
Fam50a,3119
Fam50b,2574
Fam53a,12874
Fam53b,21969
Fam53c,8465
Fam72a,2191
Fam76a,4368
Fam76b,5498
Fam78a,8236
Fam78b,15562
Fam81a,4962
Fam81b,2917
Fam83a,4426
Fam83b,6725
Fam83c,5404
Fam83d,4116
Fam83e,6127
Fam83f,2993
Fam83g,7262
Fam83h,5212
Fam89a,1338
Fam89b,3546
Fam8a1,4072
Fam90a1a,1887
Fam90a1b,5760
Fam91a1,7595
Fam98a,6110
Fam98b,4381
Fam98c,5313
Fan1,9939
Fanca,10939
Fancb,3777
Fancc,13837
Fancd2,9620
Fancd2os,1741
Fance,9562
Fancf,1691
Fancg,6601
Fanci,6918
Fancl,4088
Fancm,13779
Fank1,3162
Fap,6980
Far1,12086
Far1os,3832
Far2,7611
Far2os1,2902
Far2os2,1262
Farp1,16436
Farp2,5567
Fars2,8643
Farsa,6643
Farsb,3554
Fas,2964
Fasl,2343
Fasn,13922
Fastk,11683
Fastkd1,8824
Fastkd2,7847
Fastkd3,9210
Fastkd5,5439
Fat1,24813
Fat2,16417
Fat3,31249
Fat4,18709
Fate1,1942
Fau,2933
Fau-ps1,252
Fau-ps2,371
Faxc,12543
Faxdc2,2091
Fbf1,13824
Fbh1,8051
Fbl,5312
Fbl-ps2,957
Fblim1,6548
Fbll1,1503
Fbln1,4708
Fbln2,9760
Fbln5,8224
Fbln7,5042
Fbn1,14693
Fbn2,14278
Fbp1,2491
Fbp2,1469
Fbrs,11750
Fbrsl1,14764
Fbxl12,15650
Fbxl12os,22758
Fbxl13,5940
Fbxl14,2963
Fbxl15,1931
Fbxl16,5911
Fbxl17,9703
Fbxl18,16592
Fbxl19,10427
Fbxl2,5798
Fbxl20,13280
Fbxl21,7158
Fbxl22,4035
Fbxl3,11379
Fbxl4,5999
Fbxl5,16241
Fbxl6,4965
Fbxl7,7122
Fbxl8,3343
Fbxl9,8887
Fbxo10,6190
Fbxo11,5907
Fbxo15,4585
Fbxo16,7472
Fbxo17,4845
Fbxo2,1288
Fbxo21,9201
Fbxo22,5298
Fbxo24,3631
Fbxo25,4974
Fbxo27,5019
Fbxo28,9871
Fbxo3,15278
Fbxo30,5499
Fbxo31,7077
Fbxo32,6976
Fbxo33,8148
Fbxo34,17709
Fbxo36,2264
Fbxo38,6945
Fbxo39,1708
Fbxo4,2344
Fbxo40,8306
Fbxo41,14028
Fbxo42,6224
Fbxo43,5297
Fbxo44,5503
Fbxo45,4179
Fbxo46,7371
Fbxo47,2362
Fbxo48,3215
Fbxo5,2336
Fbxo6,4519
Fbxo7,12314
Fbxo8,7022
Fbxo9,5263
Fbxw10,8519
Fbxw11,9045
Fbxw13,1811
Fbxw14,2846
Fbxw15,2129
Fbxw16,2392
Fbxw17,9168
Fbxw18,1519
Fbxw19,3647
Fbxw2,17375
Fbxw20,2824
Fbxw21,3135
Fbxw22,1998
Fbxw23,1388
Fbxw24,1488
Fbxw25,1490
Fbxw26,1824
Fbxw27,3586
Fbxw28,2588
Fbxw4,5248
Fbxw5,5865
Fbxw7,10371
Fbxw8,6016
Fbxw9,8320
Fcamr,2179
Fcer1a,1548
Fcer1g,1605
Fcer2a,4112
Fcf1,1457
Fcgbp,13772
Fcgbpl1,13789
Fcgr1,2919
Fcgr2b,7526
Fcgr3,3829
Fcgr4,1256
Fcgrt,4199
Fcho1,7807
Fcho2,15467
Fchsd1,9501
Fchsd2,20745
Fcmr,3019
Fcna,1561
Fcnaos,5461
Fcnb,1521
Fcor,392
Fcrl1,6661
Fcrl2,2675
Fcrl5,3997
Fcrl6,3701
Fcrla,4302
Fcrlb,1284
Fcsk,7239
Fdcsp,430
Fdft1,6502
Fdps,5691
Fdx1,3975
Fdx2,3337
Fdxacb1,7705
Fdxr,3534
Fech,22157
Fem1a,6801
Fem1al,3274
Fem1b,6785
Fem1c,5726
Fen1,7006
Fendrr,6870
Fer,6189
Fer1l4,9209
Fer1l5,7323
Fer1l6,8611
Ferd3l,886
Fermt1,6824
Fermt2,5827
Fermt3,8115
Fes,12153
Fetub,3706
Fev,2876
Fez1,6415
Fez2,11254
Fezf1,2409
Fezf2,5241
Ffar1,4175
Ffar2,7112
Ffar3,2859
Ffar4,1401
Fga,4211
Fgb,3810
Fgd1,5381
Fgd2,10397
Fgd3,7001
Fgd4,21626
Fgd5,8995
Fgd6,8477
Fgf1,12216
Fgf10,5021
Fgf11,5358
Fgf12,10401
Fgf13,5205
Fgf14,6374
Fgf15,5364
Fgf16,1645
Fgf17,2881
Fgf18,1187
Fgf2,8676
Fgf20,1959
Fgf21,951
Fgf22,3567
Fgf23,1814
Fgf2os,1441
Fgf3,2794
Fgf4,3321
Fgf5,3101
Fgf6,4657
Fgf7,5515
Fgf8,4093
Fgf9,5551
Fgfbp1,4580
Fgfbp3,1800
Fgfr1,21875
Fgfr1op2,5853
Fgfr2,17320
Fgfr3,13803
Fgfr3-ps,1137
Fgfr4,4007
Fgfrl1,5022
Fgg,2385
Fggy,8618
Fgl1,5027
Fgl2,3788
Fgr,4728
Fh1,4705
Fhad1,7457
Fhad1os1,997
Fhad1os2,945
Fhdc1,10681
Fhip1a,9081
Fhip1b,16840
Fhip2a,6292
Fhip2b,4033
Fhit,2243
Fhitos,2194
Fhl1,8661
Fhl2,2442
Fhl3,2676
Fhl4,5262
Fhl5,1171
Fhod1,6268
Fhod3,7669
Fibcd1,4751
Fibin,2267
Fibp,8560
Ficd,3133
Fig4,3282
Figla,965
Fign,14756
Fignl1,9077
Fignl2,8668
Filip1,6530
Filip1l,8672
Fip1l1,19939
Firre,35891
Firrm,5210
Fis1,3079
Fitm1,971
Fitm2,3967
Fiz1,9005
Fjx1,3134
Fkbp10,4478
Fkbp11,4393
Fkbp14,9256
Fkbp15,10551
Fkbp1a,7409
Fkbp1a-ps1,328
Fkbp1a-ps2,311
Fkbp1a-ps3,318
Fkbp1b,1061
Fkbp2,1110
Fkbp3,12586
Fkbp4,3857
Fkbp5,15763
Fkbp6,2035
Fkbp7,2576
Fkbp8,8819
Fkbp9,3558
Fkbpl,1527
Fkrp,6504
Fktn,12480
Flacc1,4457
Flad1,6102
Flcn,8300
Flg,26186
Flg2,20803
Fli1,3493
Flicr,4091
Flii,5895
Flna,15826
Flnb,9211
Flnc,10189
Flot1,4621
Flot2,4278
Flrt1,5872
Flrt2,10322
Flrt3,7851
Flt1,14396
Flt3,6176
Flt3l,7183
Flt4,8659
Flvcr1,11524
Flvcr2,3511
Flywch1,6010
Flywch2,1590
Fmc1,979
Fmn1,20389
Fmn2,8578
Fmnl1,6252
Fmnl2,6045
Fmnl3,5610
Fmo1,9189
Fmo2,10003
Fmo3,2670
Fmo4,5339
Fmo5,8423
Fmo6,2687
Fmo9,4406
Fmod,3652
Fmr1,14065
Fmr1nb,1586
Fmr1os,4759
Fn1,18077
Fn3k,6120
Fn3krp,2520
Fnbp1,21032
Fnbp1l,15252
Fnbp4,8537
Fnd3c2,3662
Fndc1,10629
Fndc10,2140
Fndc10l,719
Fndc11,2541
Fndc3a,11866
Fndc3b,11804
Fndc3c1,7492
Fndc4,4930
Fndc5,3243
Fndc7,12572
Fndc8,2166
Fndc9,2290
Fnip1,7566
Fnip2,13542
Fnta,4499
Fntb,5377
Focad,13487
Folh1,4016
Folr1,5522
Folr2,2933
Fos,3792
Fosb,16525
Fosl1,2717
Fosl2,11608
Foxa1,3605
Foxa2,3820
Foxa3,2037
Foxb1,2984
Foxb2,2962
Foxc1,5844
Foxc2,2725
Foxd1,5064
Foxd2,2592
Foxd2os,14570
Foxd3,2324
Foxd3os,622
Foxd4,1962
Foxe1,2804
Foxe3,867
Foxf1,2415
Foxf2,2363
Foxg1,8170
Foxh1,1872
Foxi1,2357
Foxi2,5248
Foxi3,2484
Foxj1,2623
Foxj2,5485
Foxj3,13415
Foxk1,8126
Foxk2,5765
Foxl1,2705
Foxl2,3256
Foxl2os,7014
Foxl3,651
Foxm1,9118
Foxn1,3214
Foxn2,9013
Foxn3,15804
Foxn4,4201
Foxo1,8665
Foxo3,11206
Foxo4,4480
Foxo6,2615
Foxo6os,2306
Foxp1,24319
Foxp2,24889
Foxp3,11774
Foxp4,9011
Foxq1,4843
Foxr1,2637
Foxr2,3257
Foxred1,10770
Foxred2,12428
Foxs1,1311
Fpgs,7090
Fpgt,7610
Fpr-rs3,1032
Fpr-rs4,972
Fpr-rs5,967
Fpr-rs6,1020
Fpr-rs7,1017
Fpr1,1324
Fpr2,2016
Fpr3,1268
Fra10ac1,3862
Fras1,19041
Frat1,2614
Frat2,2161
Frem1,16344
Frem2,15907
Frem3,6384
Frey1,2050
Frg1,1785
Frg2f1,3368
Frg2f4,249
Frk,8914
Frmd3,8807
Frmd4a,35318
Frmd4b,20544
Frmd5,14018
Frmd6,7451
Frmd7,2185
Frmd8,5886
Frmd8os,6795
Frmpd1,5444
Frmpd1os,788
Frmpd2,8405
Frmpd3,10600
Frmpd4,17021
Frrs1,8553
Frrs1l,9945
Frs2,9245
Frs3,4687
Frs3os,3348
Fry,34183
Fryl,27366
Frzb,3644
Fsaf1,8084
Fsbp,4358
Fscb,3361
Fscn1,5538
Fscn2,2683
Fscn3,2145
Fsd1,3521
Fsd1l,10730
Fsd2,3985
Fshb,1600
Fshr,2360
Fsip1,3226
Fsip2,24350
Fsip2l,2122
Fst,8780
Fstl1,6134
Fstl3,3913
Fstl4,4380
Fstl5,11107
Ftcd,3828
Ftdc1,713
Ftdc2,1108
Fth-ps2,516
Fth-ps3,358
Fth1,6855
Fth1-ps,512
Fthl17-ps1,516
Fthl17-ps2,528
Fthl17-ps3,513
Fthl17a,835
Fthl17b,842
Fthl17c,850
Fthl17d,856
Fthl17e,841
Fthl17f,847
Ftl1,3203
Ftl1-ps1,1429
Ftl1-ps2,549
Ftl2-ps,552
Ftmt,1448
Fto,14611
Ftsj1,6997
Ftsj3,5753
Ftx,59774
Fubp1,30608
Fubp3,11803
Fuca1,4168
Fuca2,8302
Fundc1,3578
Fundc2,2985
Fundc2b,2348
Fuom,6063
Furin,15813
Fus,20888
Fut1,4050
Fut10,10041
Fut11,7585
Fut2,6569
Fut4,4074
Fut4-ps1,2979
Fut7,5475
Fut8,11638
Fut9,16572
Fuz,12924
Fv1,1380
Fxn,3176
Fxr1,9159
Fxr2,5180
Fxyd1,4838
Fxyd2,6839
Fxyd3,7779
Fxyd4,3264
Fxyd5,7059
Fxyd6,5363
Fxyd7,775
Fyb1,7925
Fyb2,3303
Fyco1,14756
Fyn,8919
Fyttd1,13048
Fzd1,4197
Fzd10,3250
Fzd10os,21731
Fzd2,3663
Fzd3,13011
Fzd4,6720
Fzd5,9810
Fzd6,7646
Fzd7,4532
Fzd8,5974
Fzd9,2293
Fzr1,6818
G0s2,871
G2e3,12202
G3bp1,7182
G3bp2,14743
G430049J08Rik,2686
G430095P16Rik,1515
G530011O06Rikx,2753
G530011O06Riky,5612
G630016G05Rik,36192
G630018N14Rik,24657
G630022F23Rik,3627
G630030J09Rik,16311
G630055G22Rik,5187
G630064G18Rik,1795
G630071F17Rik,1537
G630093K05Rik,11240
G6pc1,2414
G6pc2,2836
G6pc3,4605
G6pd2,2348
G6pdx,3858
G730003C15Rik,4625
G730013B05Rik,4685
G830015F12Rik,445
G930009F23Rik,11220
G930045G22Rik,673
Gaa,6092
Gab1,12447
Gab2,6563
Gab3,4562
Gabarap,3329
Gabarapl1,3194
Gabarapl2,2960
Gabbr1,13179
Gabbr2,7345
Gabpa,7236
Gabpb1,12491
Gabpb2,27544
Gabra1,8459
Gabra2,13403
Gabra3,4795
Gabra4,8815
Gabra5,5176
Gabra6,4582
Gabrb1,13934
Gabrb2,7683
Gabrb3,14862
Gabrd,3744
Gabre,5008
Gabrg1,10912
Gabrg2,8528
Gabrg3,12153
Gabrp,3648
Gabrq,5937
Gabrr1,2286
Gabrr2,2624
Gabrr3,4271
Gad1,10204
Gad1-ps,1776
Gad1os,2867
Gad2,5990
Gadd45a,4148
Gadd45b,2460
Gadd45g,1934
Gadd45gip1,2494
Gadl1,4843
Gak,9522
Gal,1156
Gal3st1,4942
Gal3st2,3477
Gal3st2b,3567
Gal3st2c,9667
Gal3st3,2421
Gal3st4,6807
Galc,16796
Gale,3758
Galk1,1406
Galk2,8385
Galm,2686
Galns,3924
Galnt1,8962
Galnt10,6357
Galnt11,8171
Galnt12,3301
Galnt13,8922
Galnt14,7787
Galnt15,9030
Galnt16,11135
Galnt17,14391
Galnt18,2690
Galnt2,5027
Galnt3,5216
Galnt4,5089
Galnt5,4879
Galnt6,6196
Galnt6os,2550
Galnt7,7729
Galnt9,4920
Galntl5,2159
Galntl6,9987
Galp,797
Galr1,2987
Galr2,3572
Galr3,1245
Galt,5007
Gamt,2732
Gan,14668
Ganab,6201
Ganc,19145
Gap43,2180
Gapdh,8626
Gapdh-ps14,1002
Gapdh-ps15,1002
Gapdh-ps16,1229
Gapdhrt,1712
Gapdhrt2,1250
Gapdhs,2010
Gapt,2185
Gapvd1,21654
Gar1,3430
Garem1,8410
Garem2,3865
Garin1a,1898
Garin1b,2888
Garin2,4325
Garin3,2614
Garin4,2234
Garin5a,4967
Garin5b,3198
Garnl3,14534
Garre1,16783
Gars1,3656
Gart,8679
Gas1,4116
Gas2,9517
Gas2l1,11782
Gas2l2,2805
Gas2l3,14133
Gas5,68651
Gas6,2548
Gas7,11269
Gas8,4357
Gask1a,6224
Gask1b,17277
Gast,460
Gata1,2760
Gata2,8506
Gata3,5342
Gata3os,7094
Gata3un,1561
Gata4,6940
Gata5,3277
Gata5os,1685
Gata6,9365
Gata6os,45225
Gatad1,5256
Gatad2a,10757
Gatad2b,14868
Gatb,5652
Gatc,1797
Gatd1,7864
Gatd3a,4199
Gatm,3398
Gba1,4083
Gba2,9015
Gbe1,8395
Gbf1,16093
Gbgt1,1563
Gbp10,4231
Gbp11,2692
Gbp2,2830
Gbp2-ps,1387
Gbp2b,2823
Gbp3,6064
Gbp4,8901
Gbp5,9993
Gbp6,8877
Gbp7,6541
Gbp8,5425
Gbp9,9523
Gbx1,3475
Gbx2,3355
Gc,1955
Gca,3598
Gcat,3255
Gcc1,8534
Gcc2,15567
Gcdh,4016
Gcfc2,11166
Gcg,1943
Gcgr,5133
Gch1,6283
Gchfr,645
Gck,4694
Gckr,7035
Gclc,3952
Gclm,7806
Gcm1,2068
Gcm2,5931
Gcn1,21275
Gcna,3323
Gcnt1,13653
Gcnt2,14162
Gcnt3,4301
Gcnt4,5087
Gcnt7,4016
Gcsam,4978
Gcsh,1683
Gda,9909
Gdap1,10272
Gdap1l1,5093
Gdap2,6808
Gde1,2889
Gdf1,3171
Gdf10,5210
Gdf11,4062
Gdf15,2925
Gdf2,2988
Gdf3,2552
Gdf5,2320
Gdf6,3532
Gdf7,2434
Gdf9,2604
Gdi1,10096
Gdi2,14291
Gdnf,3674
Gdpd1,2336
Gdpd2,6743
Gdpd3,3341
Gdpd4,3274
Gdpd5,8954
Gdpgp1,4189
Gem,2441
Gemin2,3585
Gemin4,3774
Gemin5,7648
Gemin6,1428
Gemin6-ps,501
Gemin7,4855
Gemin8,6278
Gen1,13299
Get1,7404
Get3,2711
Get4,4535
Gfap,4737
Gfer,5893
Gfi1,4861
Gfi1b,3174
Gfm1,4850
Gfm2,13701
Gfod1,7369
Gfod2,5162
Gfpt1,11073
Gfpt2,5812
Gfra1,12133
Gfra2,4964
Gfra3,1997
Gfra4,4931
Gfral,2080
Gfus,6160
Gfy,2800
Gga1,5581
Gga2,14561
Gga3,10460
Ggact,6942
Ggct,9087
Ggcx,5007
Ggh,1965
Ggn,6662
Ggnbp1,7887
Ggnbp2,7840
Ggps1,11497
Ggt1,7149
Ggt5,11158
Ggt6,3876
Ggt7,4039
Ggta1,8629
Gh,862
Ghdc,3455
Ghitm,5564
Ghr,12068
Ghrh,860
Ghrhr,4137
Ghrl,2282
Ghsr,4433
Gid4,5599
Gid8,3537
Gigyf1,5505
Gigyf2,18466
Gimap1,6575
Gimap1os,4951
Gimap3,4113
Gimap4,6062
Gimap5,5351
Gimap6,5417
Gimap7,2698
Gimap8,6848
Gimap9,2047
Gimd1,4427
Gin1,8272
Ginm1,5281
Gins1,1859
Gins2,4798
Gins3,3173
Gins4,1349
Gip,687
Gipc1,2182
Gipc2,6380
Gipc3,3521
Gipr,5979
Git1,6038
Git2,27006
Gja1,11608
Gja10,3974
Gja3,3050
Gja4,1685
Gja5,7112
Gja6,2017
Gja8,6940
Gjb1,1707
Gjb2,2406
Gjb3,1966
Gjb4,2842
Gjb5,1721
Gjb6,5111
Gjc1,6305
Gjc2,2250
Gjc3,4586
Gjd2,2879
Gjd2os,12532
Gjd3,837
Gjd4,2661
Gje1,1480
Gk,9070
Gk2,1880
Gk5,10208
Gkap1,6896
Gkn1,1250
Gkn2,788
Gkn3,856
Gla,5544
Glb1,3823
Glb1l,9924
Glb1l2,12869
Glb1l3,3252
Glcci1,10855
Glce,9441
Gldc,6386
Gldn,4658
Gldnos,2387
Gle1,7406
Glg1,9021
Gli1,5957
Gli2,7329
Gli3,10364
Glipr1,2925
Glipr1l1,896
Glipr1l2,2366
Glipr1l3,892
Glipr2,2402
Glis1,4355
Glis2,8402
Glis3,12369
Glmn,3901
Glmp,13516
Glns-ps1,1118
Glo1,16560
Glo1-ps,555
Glod4,7524
Glod5,673
Glp1r,7041
Glp2r,5937
Glra1,3480
Glra2,3150
Glra3,10103
Glra4,2225
Glrb,5827
Glrp1,1957
Glrx,7270
Glrx2,18146
Glrx3,5567
Glrx5,4440
Gls,24543
Gls2,7682
Glt1d1,4586
Glt28d2,2732
Glt6d1,1525
Glt8d1,7197
Glt8d2,6932
Gltp,3236
Gltpd2,2010
Glud-ps,657
Glud1,4681
Glul,4882
Glyat,7357
Glyatl3,996
Glycam1,3538
Glyctk,9250
Glyr1,11379
Gm10010,18860
Gm10013,672
Gm10015,465
Gm10029,330
Gm10032,3150
Gm10033,11447
Gm10034,1202
Gm10036,534
Gm10039,411
Gm10043,235
Gm10044,711
Gm10045,483
Gm10046,126
Gm10048,3787
Gm10051,414
Gm10052,960
Gm10053,946
Gm10054,431
Gm10058,1059
Gm10059,171
Gm10060,111
Gm10062,1820
Gm10064,399
Gm10067,2452
Gm10069,40898
Gm10073,342
Gm10074,249
Gm10075,545
Gm10076,4042
Gm10080,438
Gm10086,354
Gm10087,330
Gm10088,423
Gm10092,180
Gm10095,483
Gm10096,1073
Gm10097,5565
Gm10101,8142
Gm10105,270
Gm10108,319
Gm10109,1211
Gm10110,1891
Gm10112,349
Gm10113,3150
Gm10115,1228
Gm10118,2569
Gm10120,357
Gm10123,490
Gm10126,168
Gm10128,1762
Gm10129,1676
Gm10132,468
Gm10134,2056
Gm10135,252
Gm10136,435
Gm10138,13863
Gm10143,6526
Gm10145,462
Gm10146,309
Gm10147,1030
Gm10152,1344
Gm10153,963
Gm10154,354
Gm10155,483
Gm10156,462
Gm10157,343
Gm10161,204
Gm10163,481
Gm10165,4063
Gm10167,1479
Gm10171,628
Gm10175,441
Gm10176,2264
Gm10177,207
Gm10179,688
Gm10180,78
Gm10182,273
Gm10190,1736
Gm10193,231
Gm10209,1607
Gm10212,324
Gm10220,2980
Gm10221,309
Gm10222,294
Gm10224,615
Gm10230,1033
Gm10231,441
Gm10232,720
Gm10233,628
Gm10237,336
Gm10238,408
Gm10240,483
Gm10241,286
Gm10242,330
Gm10243,333
Gm10244,2072
Gm10247,330
Gm10248,8566
Gm10250,482
Gm10252,832
Gm10253,940
Gm10254,867
Gm10257,411
Gm10258,2123
Gm10259,1590
Gm10263,300
Gm10267,353
Gm10268,555
Gm10269,370
Gm10273,630
Gm10275,495
Gm10277,2295
Gm10280,2006
Gm10283,354
Gm10284,1005
Gm10286,5076
Gm10287,8112
Gm10288,537
Gm10290,999
Gm10291,999
Gm10292,585
Gm10293,1002
Gm10297,651
Gm10298,265
Gm10300,2296
Gm10305,2475
Gm10308,742
Gm10309,2262
Gm10310,4661
Gm10312,489
Gm10313,1002
Gm10319,846
Gm10322,1689
Gm10323,3416
Gm10327,1002
Gm10330,901
Gm10335,468
Gm10337,165
Gm10338,984
Gm10340,3114
Gm10343,333
Gm10344,1419
Gm10350,227
Gm10351,125
Gm10353,1626
Gm10355,517
Gm10356,1258
Gm10357,264
Gm10359,1002
Gm10360,272
Gm10362,552
Gm10364,1001
Gm10366,1701
Gm10369,1845
Gm10370,1714
Gm10371,24624
Gm10373,3529
Gm10375,836
Gm10376,900
Gm10377,899
Gm10378,6750
Gm10382,2560
Gm10384,2108
Gm10385,7297
Gm10387,5866
Gm10388,2936
Gm10389,4383
Gm10390,8902
Gm10392,1732
Gm10398,797
Gm10399,1246
Gm10400,3835
Gm10403,1711
Gm10406,2012
Gm10408,1512
Gm10409,1933
Gm10410,384
Gm10413,984
Gm10415,8537
Gm10416,645
Gm10417,3522
Gm10419,61851
Gm10420,882
Gm10421,7789
Gm10425,3364
Gm1043,15013
Gm10432,16483
Gm10433,13814
Gm10435,5756
Gm10439,1977
Gm10440,13114
Gm10441,1546
Gm10443,210
Gm10444,148
Gm10445,1218
Gm10457,1906
Gm10459,1155
Gm10461,4786
Gm10463,5775
Gm10465,3334
Gm10466,3298
Gm10472,2636
Gm10475,2766
Gm10477,205
Gm10479,944
Gm10481,1002
Gm10482,4320
Gm10484,4759
Gm10486,924
Gm10487,1073
Gm10488,874
Gm10489,2573
Gm10493,610
Gm10494,540
Gm10501,3050
Gm10503,6098
Gm10505,29869
Gm10509,24094
Gm10510,1362
Gm10512,1168
Gm10513,6468
Gm10516,6126
Gm10517,1160
Gm10518,1304
Gm10521,2574
Gm10524,1893
Gm10530,1252
Gm10531,2303
Gm10532,2301
Gm10535,3918
Gm10537,1698
Gm10538,3258
Gm10540,285
Gm10542,264
Gm10544,7022
Gm10545,4969
Gm10548,6617
Gm10549,3420
Gm10550,982
Gm10552,2786
Gm10553,1935
Gm10555,1791
Gm10556,6788
Gm10557,619
Gm10558,1661
Gm10561,9383
Gm10564,3113
Gm10566,996
Gm10568,1634
Gm10570,6976
Gm10575,4633
Gm10576,1530
Gm10577,1946
Gm10578,5478
Gm10584,2628
Gm10599,2284
Gm10600,1303
Gm10601,1422
Gm10602,8662
Gm10603,7376
Gm10605,14684
Gm10608,676
Gm10610,15398
Gm10612,1681
Gm10614,4044
Gm10616,2127
Gm10619,12990
Gm10623,2639
Gm10629,2014
Gm10631,494
Gm10634,6785
Gm10635,11755
Gm10636,2419
Gm10637,6641
Gm10638,4108
Gm10642,3222
Gm10643,1577
Gm10644,9746
Gm10645,2178
Gm10646,4342
Gm10647,4070
Gm10648,3317
Gm10649,7138
Gm10650,3937
Gm10652,2622
Gm10653,2182
Gm10654,1633
Gm10655,3100
Gm10657,1031
Gm10658,5426
Gm10660,1203
Gm10662,3437
Gm10665,966
Gm10668,2487
Gm10670,966
Gm10676,3221
Gm10680,1295
Gm10683,1374
Gm10684,5751
Gm10685,2068
Gm10686,3247
Gm10687,13427
Gm10688,520
Gm10689,432
Gm10690,3057
Gm10693,2037
Gm10699,2786
Gm1070,3456
Gm10701,2734
Gm10705,461
Gm10706,1960
Gm10709,480
Gm10710,3971
Gm10714,2808
Gm10723,6918
Gm10728,1831
Gm10729,2695
Gm10730,2723
Gm10731,448
Gm10732,8810
Gm10734,1269
Gm10735,2943
Gm10736,78
Gm10739,1328
Gm10741,1748
Gm10743,2358
Gm10744,2706
Gm10745,1523
Gm10747,6251
Gm10748,2712
Gm10750,1506
Gm10752,1779
Gm10754,9727
Gm10762,3673
Gm10764,2713
Gm10766,930
Gm10769,1561
Gm10770,990
Gm10773,3935
Gm10774,204
Gm10775,1203
Gm10777,2758
Gm10778,6044
Gm10779,2303
Gm10780,285
Gm10782,3348
Gm10784,238
Gm10785,2183
Gm10787,3913
Gm10791,3149
Gm10797,2222
Gm10802,1600
Gm10804,6970
Gm10811,2448
Gm10814,6105
Gm10817,7719
Gm10819,561
Gm10822,4898
Gm10823,1695
Gm10824,15999
Gm10825,9185
Gm10826,3304
Gm10827,5852
Gm10829,2988
Gm10830,8762
Gm10832,701
Gm10836,666
Gm10837,1536
Gm10840,1274
Gm10845,3947
Gm10847,2358
Gm10848,3702
Gm10851,1685
Gm10855,2541
Gm10856,2556
Gm10857,5514
Gm10858,942
Gm10860,1898
Gm10862,3350
Gm10863,15970
Gm10873,3415
Gm10874,2779
Gm10876,4874
Gm10910,578
Gm10913,463
Gm10916,483
Gm10923,418
Gm10926,990
Gm10933,1861
Gm10936,252
Gm10941,4769
Gm1096,873
Gm10961,5216
Gm10972,499
Gm10985,81
Gm10988,1088
Gm10997,1500
Gm11007,2524
Gm11008,622
Gm11009,417
Gm11020,138
Gm11025,466
Gm11033,4455
Gm1110,4429
Gm11100,5106
Gm11105,478
Gm11107,505
Gm11109,384
Gm11110,7452
Gm11131,8380
Gm11149,7573
Gm11166,1624
Gm11175,951
Gm11184,3673
Gm11185,1007
Gm11186,1179
Gm11188,388
Gm11189,375
Gm11190,8364
Gm11191,610
Gm11192,151
Gm11195,441
Gm11196,395
Gm11197,839
Gm11198,974
Gm11199,507
Gm11200,448
Gm11201,701
Gm11203,741
Gm11204,147
Gm11205,2399
Gm11207,414
Gm11209,431
Gm11210,5889
Gm11211,1037
Gm11212,618
Gm11214,1021
Gm11216,354
Gm11217,3953
Gm11218,1214
Gm11219,358
Gm11220,475
Gm11221,597
Gm11222,738
Gm11223,450
Gm11224,1111
Gm11225,1049
Gm11227,471
Gm11228,2013
Gm11229,437
Gm1123,1537
Gm11231,1706
Gm11232,1680
Gm11233,634
Gm11234,1825
Gm11235,333
Gm11240,11921
Gm11241,896
Gm11242,2457
Gm11243,394
Gm11244,237
Gm11245,1037
Gm11246,345
Gm11248,201
Gm11249,859
Gm11250,306
Gm11251,2800
Gm11252,939
Gm11253,201
Gm11254,653
Gm11256,829
Gm11257,315
Gm11258,1218
Gm11259,715
Gm11260,942
Gm11261,1855
Gm11262,833
Gm11263,749
Gm11264,14628
Gm11266,3592
Gm11267,1071
Gm11268,267
Gm11269,2937
Gm11270,471
Gm11271,440
Gm11274,3974
Gm11278,997
Gm11279,1256
Gm11280,484
Gm11281,576
Gm11282,1416
Gm11284,1887
Gm11285,322
Gm11290,6042
Gm11292,1153
Gm11295,803
Gm11298,1799
Gm11300,565
Gm11307,929
Gm11309,2548
Gm11313,432
Gm11314,541
Gm11318,961
Gm11320,463
Gm11321,902
Gm11322,435
Gm11325,469
Gm11331,288
Gm11333,148
Gm11334,156
Gm11335,5778
Gm11337,2397
Gm11338,1160
Gm11339,4899
Gm11340,412
Gm11341,447
Gm11342,2926
Gm11343,599
Gm11344,335
Gm11346,704
Gm11348,318
Gm11349,1116
Gm11350,870
Gm11351,2324
Gm11352,517
Gm11353,627
Gm11354,422
Gm11355,306
Gm11356,192
Gm11357,954
Gm11358,373
Gm11359,567
Gm11360,262
Gm11362,850
Gm11363,548
Gm11364,297
Gm11365,774
Gm11366,429
Gm11367,120
Gm11368,609
Gm11369,318
Gm11370,260
Gm11371,385
Gm11372,570
Gm11376,231
Gm11377,3126
Gm11378,4435
Gm11379,9841
Gm11380,560
Gm11381,436
Gm11382,179
Gm11383,807
Gm11384,303
Gm11385,570
Gm11386,347
Gm11387,772
Gm11388,159
Gm11389,430
Gm11392,710
Gm11393,288
Gm11394,517
Gm11395,499
Gm11398,320
Gm11399,324
Gm1140,782
Gm11400,1214
Gm11401,344
Gm11403,369
Gm11404,494
Gm11405,1556
Gm11406,484
Gm11407,1058
Gm11408,519
Gm11409,403
Gm11410,1143
Gm11411,719
Gm11412,2800
Gm11413,1461
Gm11414,263
Gm11415,2100
Gm11416,863
Gm11417,920
Gm11418,3557
Gm11419,26341
Gm11420,402
Gm11421,294
Gm11422,1103
Gm11423,5516
Gm11424,829
Gm11425,498
Gm11426,2220
Gm11427,1696
Gm11429,144
Gm11430,217
Gm11431,1916
Gm11432,231
Gm11433,228
Gm11434,629
Gm11437,1239
Gm11439,409
Gm11440,527
Gm11443,479
Gm11444,1724
Gm11445,532
Gm11446,866
Gm11447,858
Gm11448,450
Gm11449,476
Gm11450,333
Gm11451,630
Gm11452,690
Gm11453,1007
Gm11454,11504
Gm11455,733
Gm11456,256
Gm11457,2802
Gm11460,361
Gm11461,387
Gm11462,562
Gm11464,537
Gm11465,2137
Gm11466,5224
Gm11467,695
Gm11468,7161
Gm11470,1475
Gm11471,198
Gm11472,556
Gm11473,359
Gm11474,277
Gm11475,476
Gm11476,3766
Gm11478,599
Gm11479,901
Gm11480,659
Gm11481,255
Gm11482,5677
Gm11483,247
Gm11484,338
Gm11485,1175
Gm11486,478
Gm11488,863
Gm11489,499
Gm11490,272
Gm11491,4798
Gm11493,566
Gm11494,2299
Gm11496,3417
Gm11497,2154
Gm11498,949
Gm11500,601
Gm11501,581
Gm11502,1211
Gm11504,173
Gm11505,968
Gm11506,470
Gm11507,412
Gm11508,8165
Gm11509,325
Gm11510,347
Gm11511,540
Gm11512,663
Gm11513,1538
Gm11514,432
Gm11515,2195
Gm11516,1582
Gm11517,387
Gm11518,411
Gm11520,9475
Gm11521,329
Gm11522,176
Gm11523,3168
Gm11524,807
Gm11525,4706
Gm11527,6146
Gm11528,3388
Gm11529,3079
Gm11531,555
Gm11532,9459
Gm11533,477
Gm11534,674
Gm11535,3737
Gm11536,535
Gm11537,791
Gm11538,4002
Gm11539,557
Gm11540,780
Gm11541,2032
Gm11542,3102
Gm11543,370
Gm11544,382
Gm11545,375
Gm11546,354
Gm11548,2199
Gm11550,699
Gm11551,410
Gm11553,240
Gm11556,288
Gm11557,1008
Gm11558,459
Gm11560,948
Gm11561,417
Gm11566,203
Gm11571,2396
Gm11572,120
Gm11573,394
Gm11574,4396
Gm11576,417
Gm11577,737
Gm11578,459
Gm11579,3049
Gm11581,763
Gm11582,236
Gm11583,466
Gm11584,325
Gm11585,569
Gm11586,1537
Gm11587,1120
Gm11588,658
Gm11590,1455
Gm11591,702
Gm11592,1709
Gm11594,162
Gm11597,964
Gm11598,357
Gm11599,878
Gm11600,240
Gm11604,742
Gm11605,646
Gm11606,617
Gm11608,22072
Gm11609,793
Gm11611,1326
Gm11613,4252
Gm11614,736
Gm11615,846
Gm11617,639
Gm11618,267
Gm11619,237
Gm11620,1845
Gm11621,589
Gm11622,691
Gm11623,1225
Gm11624,1041
Gm11625,296
Gm11626,333
Gm11627,9229
Gm11628,171
Gm11629,384
Gm11630,2410
Gm11631,156
Gm11632,674
Gm11633,444
Gm11635,7319
Gm11636,774
Gm11637,592
Gm11638,5377
Gm11640,272
Gm11642,440
Gm11643,864
Gm11644,150
Gm11645,649
Gm11646,397
Gm11649,375
Gm11650,9540
Gm11651,16494
Gm11652,1267
Gm11653,1009
Gm11655,2749
Gm11656,755
Gm11657,1397
Gm11658,1008
Gm11659,516
Gm11660,412
Gm11661,1327
Gm11662,1193
Gm11663,290
Gm11665,1995
Gm11667,486
Gm11668,701
Gm11670,511
Gm11672,645
Gm11673,331
Gm11674,3005
Gm11675,832
Gm11676,490
Gm11677,977
Gm11679,779
Gm11680,439
Gm11681,8748
Gm11682,733
Gm11683,918
Gm11684,757
Gm11685,7225
Gm11686,333
Gm11687,886
Gm11688,308
Gm11689,302
Gm11690,1872
Gm11691,6178
Gm11692,902
Gm11693,565
Gm11694,159
Gm11695,2740
Gm11696,25404
Gm11697,647
Gm11699,401
Gm11700,403
Gm11701,1142
Gm11702,69
Gm11703,483
Gm11704,214
Gm11706,316
Gm11707,14108
Gm11708,832
Gm11712,503
Gm11713,523
Gm11714,926
Gm11715,695
Gm11716,5804
Gm11718,537
Gm11719,351
Gm11722,534
Gm11723,466
Gm11724,480
Gm11725,7462
Gm11726,424
Gm11728,3022
Gm11729,2691
Gm11730,9854
Gm11731,2483
Gm11732,9095
Gm11733,4151
Gm11734,26051
Gm11735,1581
Gm11736,505
Gm11737,468
Gm11738,2158
Gm11739,2740
Gm11742,233
Gm11743,1735
Gm11745,448
Gm11746,821
Gm11747,1648
Gm11748,1498
Gm11749,1987
Gm11750,1353
Gm11751,460
Gm11752,886
Gm11753,1079
Gm11754,675
Gm11755,891
Gm11759,464
Gm11760,796
Gm11761,445
Gm11762,5161
Gm11763,312
Gm11764,623
Gm11765,1205
Gm11766,3934
Gm11767,32608
Gm11769,2699
Gm11771,732
Gm11772,1490
Gm11773,524
Gm11774,293
Gm11775,2069
Gm11779,368
Gm11780,4658
Gm11781,472
Gm11782,3177
Gm11783,885
Gm11784,474
Gm11785,601
Gm11786,155
Gm11787,1050
Gm11788,1811
Gm11789,19743
Gm11790,455
Gm11791,336
Gm11792,168
Gm11793,981
Gm11794,237
Gm11795,396
Gm11796,972
Gm11797,754
Gm11798,421
Gm11799,460
Gm11800,579
Gm11801,746
Gm11802,3098
Gm11803,444
Gm11804,468
Gm11805,600
Gm11809,950
Gm11810,333
Gm11813,291
Gm11814,929
Gm11815,708
Gm11816,7064
Gm11817,685
Gm11819,372
Gm11820,2265
Gm11821,979
Gm11822,415
Gm11823,2278
Gm11824,846
Gm11825,736
Gm11826,438
Gm11827,10367
Gm11829,282
Gm11830,561
Gm11831,629
Gm11832,1757
Gm11833,853
Gm11834,585
Gm11835,663
Gm11836,441
Gm11837,1960
Gm11838,231
Gm11839,1953
Gm11840,11684
Gm11841,1963
Gm11842,3945
Gm11843,425
Gm11844,3261
Gm11845,327
Gm11846,515
Gm11847,1119
Gm11848,973
Gm11849,261
Gm11850,479
Gm11851,692
Gm11852,222
Gm11853,1384
Gm11854,446
Gm11855,1869
Gm11856,276
Gm11857,324
Gm11858,838
Gm11859,455
Gm11860,1010
Gm11861,382
Gm11862,659
Gm11864,1220
Gm11865,859
Gm11866,335
Gm11867,1909
Gm11868,1478
Gm11869,329
Gm11870,1322
Gm11871,1061
Gm11872,2219
Gm11873,1304
Gm11874,130
Gm11875,799
Gm11876,269
Gm11877,852
Gm11878,400
Gm11879,702
Gm11880,399
Gm11881,572
Gm11882,506
Gm11884,3914
Gm11885,1428
Gm11888,810
Gm11889,1079
Gm11890,417
Gm11891,619
Gm11892,1202
Gm11893,491
Gm11894,328
Gm11895,467
Gm11896,820
Gm11897,828
Gm11898,385
Gm11899,2639
Gm11901,437
Gm11902,270
Gm11903,727
Gm11904,248
Gm11905,678
Gm11906,680
Gm11907,1007
Gm11909,759
Gm11910,432
Gm11911,1023
Gm11912,264
Gm11913,336
Gm11914,507
Gm11915,358
Gm11917,1753
Gm11918,179
Gm11919,721
Gm11920,563
Gm11922,475
Gm11923,508
Gm11924,1750
Gm11925,535
Gm11926,430
Gm11927,759
Gm11928,437
Gm11929,945
Gm11930,190
Gm11933,375
Gm11934,1873
Gm11935,399
Gm11936,160
Gm11939,300
Gm11940,417
Gm11941,610
Gm11942,345
Gm11943,327
Gm11944,873
Gm11945,476
Gm11946,5734
Gm11947,273
Gm11948,539
Gm11949,372
Gm11950,838
Gm11951,431
Gm11952,821
Gm11953,1003
Gm11954,349
Gm11955,470
Gm11956,512
Gm11957,779
Gm11958,7839
Gm11959,1836
Gm11960,925
Gm11961,2068
Gm11962,255
Gm11964,444
Gm11965,277
Gm11966,87
Gm11967,5674
Gm11969,356
Gm11970,320
Gm11971,288
Gm11972,389
Gm11973,3523
Gm11975,481
Gm11976,295
Gm11977,1461
Gm11978,5976
Gm11979,743
Gm11980,986
Gm11981,4559
Gm11982,314
Gm11983,2029
Gm11984,766
Gm11986,1439
Gm11987,381
Gm11988,1069
Gm11989,672
Gm11990,897
Gm11991,1074
Gm11992,2400
Gm11993,820
Gm11996,915
Gm11997,313
Gm11998,13658
Gm11999,1353
Gm12000,629
Gm12001,913
Gm12002,7753
Gm12003,1105
Gm12004,718
Gm12005,379
Gm12006,403
Gm12007,597
Gm12008,755
Gm12009,1100
Gm12010,2017
Gm12011,618
Gm12012,1066
Gm12013,155
Gm12014,1620
Gm12015,843
Gm12016,681
Gm12017,1003
Gm12018,5098
Gm12019,532
Gm12020,2042
Gm12021,1746
Gm12022,4470
Gm12023,520
Gm12024,1253
Gm12025,144
Gm12026,1024
Gm12027,5635
Gm12028,436
Gm12029,832
Gm12030,223
Gm12031,3313
Gm12033,1002
Gm12034,399
Gm12035,623
Gm12036,530
Gm12037,457
Gm12038,207
Gm12039,180
Gm12040,537
Gm12041,602
Gm12042,301
Gm12043,3115
Gm12044,213
Gm12045,573
Gm12046,331
Gm12047,944
Gm12050,615
Gm12051,1341
Gm12052,12217
Gm12053,252
Gm12055,839
Gm12056,1257
Gm12057,1427
Gm12058,437
Gm12059,5114
Gm12061,2984
Gm12062,259
Gm12063,2737
Gm12064,3638
Gm12065,1449
Gm12067,1148
Gm12068,5987
Gm12069,841
Gm12070,1002
Gm12071,469
Gm12072,715
Gm12073,524
Gm12074,219
Gm12075,397
Gm12077,364
Gm12079,244
Gm12080,1883
Gm12081,501
Gm12085,940
Gm12086,228
Gm12087,258
Gm12088,520
Gm12089,500
Gm12090,758
Gm12091,830
Gm12092,9417
Gm12093,1405
Gm12094,472
Gm12095,816
Gm12096,829
Gm12097,1414
Gm12098,508
Gm12099,750
Gm12100,6056
Gm12101,390
Gm12102,604
Gm12103,362
Gm12104,979
Gm12105,779
Gm12106,1200
Gm12107,5407
Gm12108,22335
Gm12109,697
Gm12110,579
Gm12111,2539
Gm12112,231
Gm12114,656
Gm12115,447
Gm12116,3882
Gm12117,980
Gm12118,532
Gm12119,2374
Gm12120,592
Gm12121,4305
Gm12123,472
Gm12124,679
Gm12125,736
Gm12126,619
Gm12127,706
Gm12128,2914
Gm12129,1147
Gm12130,1270
Gm12131,359
Gm12132,1391
Gm12133,661
Gm12134,520
Gm12135,466
Gm12136,1209
Gm12137,346
Gm12138,951
Gm12140,544
Gm12143,332
Gm12144,1950
Gm12145,489
Gm12146,518
Gm12147,182
Gm12148,1695
Gm12149,654
Gm12150,1082
Gm12151,290
Gm12152,684
Gm12153,7208
Gm12154,445
Gm12155,160
Gm12156,554
Gm12158,631
Gm12159,6129
Gm12160,1117
Gm12161,361
Gm12162,645
Gm12163,389
Gm12164,551
Gm12165,342
Gm12167,1614
Gm12168,368
Gm12170,300
Gm12171,1584
Gm12173,273
Gm12174,813
Gm12175,345
Gm12176,875
Gm12178,330
Gm12179,1272
Gm12180,661
Gm12181,531
Gm12182,1008
Gm12183,1848
Gm12185,9642
Gm12186,945
Gm12187,1375
Gm12188,310
Gm12189,912
Gm12190,187
Gm12191,348
Gm12192,487
Gm12193,379
Gm12194,1012
Gm12195,996
Gm12196,262
Gm12198,1809
Gm12199,797
Gm12200,1858
Gm12201,1234
Gm12202,811
Gm12203,598
Gm12204,333
Gm12205,575
Gm12206,601
Gm12207,494
Gm12208,163
Gm12209,596
Gm12210,153
Gm12212,1155
Gm12213,353
Gm12214,417
Gm12216,15821
Gm12217,696
Gm12218,399
Gm12219,443
Gm12220,172
Gm12221,1131
Gm12222,260
Gm12224,2350
Gm12225,298
Gm12226,876
Gm12227,563
Gm12229,468
Gm12230,454
Gm12235,170
Gm12236,566
Gm12237,470
Gm12238,124
Gm12239,6289
Gm12240,229
Gm12241,726
Gm12242,738
Gm12243,821
Gm12244,291
Gm12245,357
Gm12246,503
Gm12247,670
Gm12249,1403
Gm12250,3265
Gm12251,792
Gm12252,219
Gm12253,1356
Gm12254,471
Gm12255,284
Gm12256,1646
Gm12257,585
Gm12258,6997
Gm12259,940
Gm12261,645
Gm12262,305
Gm12263,1482
Gm12264,500
Gm12265,1494
Gm12266,962
Gm12267,761
Gm12268,442
Gm12269,717
Gm12271,414
Gm12272,333
Gm12273,1084
Gm12274,385
Gm12275,307
Gm12276,301
Gm12278,407
Gm12279,22908
Gm12280,2808
Gm12281,298
Gm12285,233
Gm12286,1002
Gm12287,707
Gm12288,1282
Gm12289,2235
Gm12290,2112
Gm12291,311
Gm12292,4466
Gm12293,590
Gm12294,490
Gm12295,27061
Gm12296,6478
Gm12297,979
Gm12298,3199
Gm12299,2327
Gm12301,523
Gm12303,673
Gm12304,385
Gm12305,516
Gm12306,171
Gm12307,590
Gm12308,389
Gm12309,182
Gm12310,492
Gm12311,374
Gm12312,644
Gm12313,421
Gm12314,538
Gm12315,1033
Gm12316,406
Gm12317,319
Gm12318,273
Gm12319,1974
Gm12320,3472
Gm12321,804
Gm12322,389
Gm12324,4572
Gm12325,320
Gm12326,3435
Gm12327,1168
Gm12328,197
Gm12329,1007
Gm12331,622
Gm12332,922
Gm12333,2669
Gm12335,327
Gm12336,322
Gm12337,400
Gm12338,192
Gm12339,943
Gm12340,462
Gm12341,503
Gm12343,414
Gm12344,329
Gm12345,898
Gm12346,2255
Gm12347,470
Gm12348,6500
Gm12349,3492
Gm12350,462
Gm12351,292
Gm12352,760
Gm12353,554
Gm12354,7392
Gm12356,353
Gm12358,520
Gm12359,2452
Gm12361,1044
Gm12362,342
Gm12363,668
Gm12364,1321
Gm12365,568
Gm12366,873
Gm12367,4370
Gm12368,434
Gm12369,942
Gm12370,604
Gm12371,14730
Gm12374,7278
Gm12375,921
Gm12376,607
Gm12377,252
Gm12378,1461
Gm12379,391
Gm12380,544
Gm12381,6724
Gm12382,922
Gm12383,760
Gm12384,919
Gm12385,795
Gm12386,688
Gm12387,955
Gm12388,1887
Gm12389,418
Gm12390,397
Gm12391,282
Gm12392,938
Gm12393,848
Gm12395,536
Gm12397,615
Gm12399,446
Gm12400,1003
Gm12401,228
Gm12402,334
Gm12403,959
Gm12404,1661
Gm12406,7248
Gm12408,18665
Gm12409,3153
Gm12410,405
Gm12411,483
Gm12412,328
Gm12413,312
Gm12414,1464
Gm12415,1235
Gm12416,1008
Gm12417,403
Gm12418,942
Gm12419,636
Gm12420,1048
Gm12421,307
Gm12422,302
Gm12423,135
Gm12424,447
Gm12425,363
Gm12426,7553
Gm12427,302
Gm12428,727
Gm12430,1322
Gm12431,168
Gm12432,186
Gm12433,255
Gm12434,8597
Gm12435,1016
Gm12436,2959
Gm12438,336
Gm12439,365
Gm12440,6812
Gm12441,588
Gm12442,338
Gm12443,323
Gm12444,877
Gm12445,885
Gm12446,2951
Gm12447,470
Gm12448,655
Gm12449,234
Gm12451,633
Gm12452,331
Gm12453,331
Gm12454,4389
Gm12455,416
Gm12458,495
Gm12459,356
Gm12460,357
Gm12461,1239
Gm12462,3056
Gm12463,849
Gm12464,1016
Gm12465,300
Gm12466,620
Gm12467,745
Gm12468,404
Gm12469,207
Gm12470,1049
Gm12472,4432
Gm12473,579
Gm12474,12068
Gm12475,1389
Gm12477,571
Gm12478,353
Gm12479,1585
Gm12480,774
Gm12481,297
Gm12482,630
Gm12484,581
Gm12485,291
Gm12486,541
Gm12488,499
Gm12489,148
Gm12490,560
Gm12492,564
Gm12493,3090
Gm12494,521
Gm12495,447
Gm12496,1353
Gm12497,237
Gm12498,5846
Gm12499,546
Gm12500,4462
Gm12501,529
Gm12502,444
Gm12503,6407
Gm12505,8916
Gm12507,415
Gm12508,480
Gm12509,609
Gm12510,2892
Gm12512,217
Gm12513,352
Gm12514,2915
Gm12515,361
Gm12516,385
Gm12517,425
Gm12518,779
Gm12519,15135
Gm12520,316
Gm12522,14726
Gm12523,599
Gm12524,1583
Gm12525,554
Gm12526,615
Gm12527,564
Gm12529,268
Gm12530,6302
Gm12531,5104
Gm12532,7006
Gm12534,469
Gm12535,484
Gm12536,6047
Gm12537,1002
Gm12538,486
Gm12539,1098
Gm12540,319
Gm12542,2533
Gm12543,543
Gm12550,329
Gm12551,7459
Gm12564,321
Gm12565,649
Gm12566,359
Gm12568,624
Gm12570,1030
Gm12571,243
Gm12573,286
Gm12576,6762
Gm12577,574
Gm12578,417
Gm12579,783
Gm12580,1751
Gm12582,697
Gm12583,853
Gm12584,1105
Gm12585,290
Gm12586,1316
Gm12587,427
Gm12589,3966
Gm12590,404
Gm12591,1177
Gm12592,4898
Gm12593,743
Gm12594,499
Gm12596,17408
Gm12598,830
Gm12599,792
Gm12600,708
Gm12601,846
Gm12602,13857
Gm12604,380
Gm12606,1988
Gm12607,493
Gm12608,1715
Gm12610,33734
Gm12611,1037
Gm12612,1986
Gm12613,382
Gm12614,382
Gm12615,382
Gm12616,382
Gm12617,381
Gm12618,483
Gm12619,385
Gm12620,1986
Gm12621,382
Gm12622,382
Gm12623,1983
Gm12624,382
Gm12625,382
Gm12626,1983
Gm12627,382
Gm12628,382
Gm12629,711
Gm12630,784
Gm12631,639
Gm12632,495
Gm12633,1705
Gm12634,992
Gm12635,752
Gm12636,624
Gm12637,5857
Gm12638,298
Gm12639,493
Gm12640,310
Gm12641,985
Gm12642,876
Gm12643,374
Gm12644,606
Gm12645,275
Gm12646,238
Gm12647,265
Gm12648,1762
Gm12649,581
Gm12650,258
Gm12653,561
Gm12654,587
Gm12655,8789
Gm12656,577
Gm12660,664
Gm12661,3335
Gm12663,958
Gm12664,913
Gm12665,7008
Gm12667,1332
Gm12668,575
Gm12669,1009
Gm12670,576
Gm12671,1002
Gm12676,1893
Gm12677,426
Gm12678,7720
Gm12679,4071
Gm12681,700
Gm12682,1081
Gm12683,415
Gm12684,999
Gm12685,214
Gm12686,397
Gm12687,706
Gm12688,10130
Gm12689,1359
Gm12690,4982
Gm12691,456
Gm12692,546
Gm12693,483
Gm12694,1931
Gm12695,1904
Gm12696,905
Gm12697,667
Gm12700,457
Gm12701,659
Gm12702,612
Gm12703,2039
Gm12704,464
Gm12705,872
Gm12706,698
Gm12707,2459
Gm12708,8842
Gm12709,2346
Gm12710,216
Gm12711,340
Gm12712,801
Gm12713,764
Gm12714,1139
Gm12715,1128
Gm12716,1354
Gm12717,983
Gm12718,10538
Gm12719,241
Gm12720,2883
Gm12721,268
Gm12722,493
Gm12723,451
Gm12724,1403
Gm12726,601
Gm12727,359
Gm12728,493
Gm12729,50410
Gm12730,291
Gm12731,268
Gm12732,180
Gm12733,767
Gm12734,948
Gm12735,651
Gm12736,236
Gm12737,725
Gm12738,536
Gm12739,382
Gm12740,308
Gm12741,556
Gm12742,410
Gm12743,5764
Gm12744,519
Gm12745,214
Gm12746,10256
Gm12748,504
Gm12749,1159
Gm12751,381
Gm12752,811
Gm12753,653
Gm12754,454
Gm12755,282
Gm12756,599
Gm12757,800
Gm12758,5624
Gm12760,482
Gm12762,2592
Gm12763,6894
Gm12764,2247
Gm12765,615
Gm12766,1823
Gm12768,759
Gm12770,462
Gm12771,135
Gm12773,587
Gm12774,416
Gm12778,333
Gm12779,143
Gm12780,645
Gm12781,7994
Gm12782,727
Gm12783,397
Gm12784,4318
Gm12785,172
Gm12786,1783
Gm12787,396
Gm12788,308
Gm12790,951
Gm12791,655
Gm12792,1019
Gm12793,292
Gm12795,539
Gm12796,7175
Gm12797,273
Gm12798,666
Gm12799,2560
Gm128,3248
Gm12801,961
Gm12802,1813
Gm12803,821
Gm12804,999
Gm12805,1048
Gm12806,268
Gm12807,962
Gm12808,404
Gm12811,1248
Gm12813,902
Gm12814,846
Gm12815,135
Gm12816,1212
Gm12817,610
Gm12818,1349
Gm12819,629
Gm12820,342
Gm12821,600
Gm12823,318
Gm12825,563
Gm12826,379
Gm12827,5133
Gm12828,289
Gm12829,5897
Gm12830,3232
Gm12833,477
Gm12834,2829
Gm12837,373
Gm12838,325
Gm12840,627
Gm12841,6164
Gm12842,476
Gm12843,1147
Gm12844,582
Gm12846,1373
Gm12848,842
Gm12849,739
Gm12850,436
Gm12851,421
Gm12852,719
Gm12853,4168
Gm12854,297
Gm12855,513
Gm12856,1293
Gm12857,592
Gm12858,208
Gm12859,427
Gm12860,15501
Gm12861,681
Gm12862,472
Gm12864,1006
Gm12865,6253
Gm12866,5887
Gm12867,457
Gm12868,417
Gm12869,1188
Gm12870,1016
Gm12871,438
Gm12872,320
Gm12874,913
Gm12875,344
Gm12876,408
Gm12877,510
Gm12878,332
Gm12879,1182
Gm12880,494
Gm12882,517
Gm12883,364
Gm12884,325
Gm12885,328
Gm12886,1149
Gm12887,360
Gm12888,1181
Gm12889,241
Gm12890,373
Gm12891,240
Gm12892,1146
Gm12893,275
Gm12895,226
Gm12896,226
Gm12897,250
Gm12898,642
Gm12899,551
Gm12900,573
Gm12901,532
Gm12902,322
Gm12903,544
Gm12904,1399
Gm12905,13531
Gm12906,441
Gm12907,1270
Gm12909,11781
Gm12910,724
Gm12911,1852
Gm12912,1381
Gm12914,305
Gm12915,7761
Gm12916,948
Gm12917,639
Gm12918,636
Gm12919,1594
Gm12920,1186
Gm12922,809
Gm12923,667
Gm12924,318
Gm12925,2925
Gm12926,409
Gm12927,2705
Gm12928,573
Gm12929,370
Gm12930,8311
Gm12931,324
Gm12932,2039
Gm12933,872
Gm12934,343
Gm12935,246
Gm12936,301
Gm12937,448
Gm12939,165
Gm12940,3081
Gm12941,220
Gm12943,210
Gm12944,463
Gm12945,674
Gm12946,519
Gm12947,420
Gm12948,682
Gm12949,362
Gm12950,417
Gm12951,897
Gm12953,751
Gm12954,611
Gm12955,957
Gm12956,414
Gm12957,377
Gm12958,2614
Gm12959,403
Gm12960,1066
Gm12961,1050
Gm12963,6875
Gm12966,810
Gm12967,289
Gm12968,1454
Gm12969,1004
Gm12970,3275
Gm12971,511
Gm12972,7706
Gm12973,8535
Gm12974,16575
Gm12976,11479
Gm12977,2721
Gm12978,522
Gm12979,2126
Gm12980,336
Gm12981,622
Gm12982,190
Gm12983,310
Gm12984,7022
Gm12985,183
Gm12986,967
Gm12987,489
Gm12988,478
Gm12989,731
Gm12990,468
Gm12991,78
Gm12992,6971
Gm12993,479
Gm12994,447
Gm12996,7811
Gm12997,640
Gm12998,789
Gm12999,4895
Gm13000,496
Gm13001,10962
Gm13002,682
Gm13003,17733
Gm13005,585
Gm13006,214
Gm13007,365
Gm13008,507
Gm13009,267
Gm13010,1337
Gm13012,4795
Gm13013,523
Gm13015,204
Gm13016,5751
Gm13017,4120
Gm13019,276
Gm13021,11761
Gm13022,285
Gm13024,718
Gm13025,1163
Gm13026,608
Gm13027,241
Gm13028,675
Gm13029,954
Gm13030,655
Gm13031,6762
Gm13032,2001
Gm13033,1057
Gm13034,3177
Gm13035,342
Gm13036,748
Gm13038,459
Gm13039,794
Gm13040,2075
Gm13041,1524
Gm13042,1955
Gm13043,2055
Gm13045,712
Gm13046,501
Gm13047,815
Gm13049,760
Gm13052,1403
Gm13053,459
Gm13054,1112
Gm13055,1961
Gm13056,4292
Gm13057,2053
Gm13058,3293
Gm13059,398
Gm13061,3563
Gm13062,562
Gm13063,669
Gm13064,557
Gm13065,141
Gm13066,884
Gm13067,6321
Gm13068,3451
Gm13070,2107
Gm13071,376
Gm13073,2250
Gm13074,3236
Gm13075,3330
Gm13076,204
Gm13077,484
Gm13080,420
Gm13081,5599
Gm13082,561
Gm13085,171
Gm13087,256
Gm13090,1675
Gm13091,2722
Gm13092,260
Gm13093,2900
Gm13094,409
Gm13096,251
Gm13100,1439
Gm13104,1446
Gm13106,1443
Gm13108,1455
Gm13110,3759
Gm13112,5257
Gm13114,106
Gm13115,620
Gm13117,691
Gm13118,549
Gm13120,1446
Gm13121,632
Gm13122,453
Gm13123,492
Gm13126,3063
Gm13127,1389
Gm13130,1166
Gm13131,321
Gm13132,472
Gm13133,736
Gm13134,1125
Gm13135,3121
Gm13136,2950
Gm13137,345
Gm13140,3151
Gm13141,456
Gm13142,1453
Gm13144,345
Gm13146,780
Gm13147,1173
Gm13148,745
Gm13149,339
Gm13153,637
Gm13155,646
Gm13156,321
Gm13158,736
Gm13160,627
Gm13161,559
Gm13162,454
Gm13163,336
Gm13165,3076
Gm13166,12738
Gm13167,578
Gm13168,632
Gm13169,1459
Gm13170,643
Gm13171,391
Gm13172,256
Gm13173,441
Gm13174,809
Gm13175,1160
Gm13176,477
Gm13179,1184
Gm13180,3544
Gm13181,1069
Gm13182,312
Gm13183,789
Gm13184,3132
Gm13185,944
Gm13186,316
Gm13187,1970
Gm13188,564
Gm13189,298
Gm13191,416
Gm13192,208
Gm13193,225
Gm13194,311
Gm13195,261
Gm13196,379
Gm13197,225
Gm13198,826
Gm13199,1364
Gm13200,4758
Gm13201,15606
Gm13203,1728
Gm13204,821
Gm13205,562
Gm13206,20221
Gm13207,773
Gm13209,494
Gm13210,273
Gm13211,697
Gm13213,474
Gm13214,408
Gm13215,472
Gm13216,591
Gm13217,953
Gm13219,5422
Gm13220,508
Gm13221,430
Gm13222,138
Gm13223,747
Gm13224,94
Gm13226,404
Gm13228,634
Gm13229,340
Gm13230,1575
Gm13231,2850
Gm13232,632
Gm13233,1443
Gm13234,747
Gm13236,53272
Gm13237,635
Gm13238,780
Gm13239,637
Gm13240,565
Gm13241,780
Gm13243,565
Gm13244,1446
Gm13245,260
Gm13246,315
Gm13249,345
Gm13250,753
Gm13252,321
Gm13254,654
Gm13255,547
Gm13256,520
Gm13257,3118
Gm13259,456
Gm13260,1264
Gm13261,8031
Gm13262,3572
Gm13263,838
Gm13264,2472
Gm13265,421
Gm13266,10357
Gm13267,17610
Gm13268,433
Gm13269,787
Gm13270,14003
Gm13271,549
Gm13272,811
Gm13273,159
Gm13274,11881
Gm13275,549
Gm13276,549
Gm13277,549
Gm13278,549
Gm13279,549
Gm13281,567
Gm13282,545
Gm13283,1463
Gm13284,547
Gm13285,1462
Gm13286,537
Gm13287,549
Gm13288,2850
Gm13289,549
Gm13290,968
Gm13291,8697
Gm13292,1000
Gm13293,5754
Gm13294,1330
Gm13296,997
Gm13297,934
Gm13299,16098
Gm1330,474
Gm13301,843
Gm13302,1849
Gm13307,27975
Gm13310,1381
Gm13311,379
Gm13312,718
Gm13313,1084
Gm13314,335
Gm13315,991
Gm13316,691
Gm13320,141
Gm13321,400
Gm13322,8636
Gm13323,1151
Gm13324,1720
Gm13325,806
Gm13326,1011
Gm13327,4024
Gm13328,1020
Gm13329,265
Gm13330,4646
Gm13331,448
Gm13332,1398
Gm13333,781
Gm13335,558
Gm13337,1594
Gm13338,361
Gm13339,510
Gm13340,1545
Gm13341,672
Gm13342,207
Gm13343,105
Gm13344,1557
Gm13345,228
Gm13346,3984
Gm13347,1353
Gm13348,4436
Gm13349,411
Gm1335,386
Gm13350,479
Gm13351,414
Gm13352,262
Gm13353,73
Gm13355,317
Gm13356,335
Gm13357,537
Gm13358,569
Gm13359,695
Gm13360,799
Gm13361,1431
Gm13362,839
Gm13363,522
Gm13365,973
Gm13366,970
Gm13367,796
Gm13368,430
Gm13369,987
Gm13370,483
Gm13371,4434
Gm13372,1507
Gm13373,27758
Gm13375,5662
Gm13376,509
Gm13377,683
Gm13378,336
Gm13379,621
Gm13380,718
Gm13381,1029
Gm13383,4951
Gm13384,1344
Gm13385,220
Gm13386,124
Gm13387,8941
Gm13388,425
Gm13389,678
Gm13391,11191
Gm13392,150
Gm13393,396
Gm13394,1000
Gm13396,271
Gm13397,878
Gm13398,2837
Gm13400,380
Gm13401,291
Gm13402,424
Gm13403,10119
Gm13404,12282
Gm13405,709
Gm13406,256
Gm13407,360
Gm13408,798
Gm13409,546
Gm13410,1415
Gm13411,493
Gm13412,2556
Gm13413,602
Gm13414,727
Gm13415,8014
Gm13416,1612
Gm13417,533
Gm13418,944
Gm13419,271
Gm13421,18115
Gm13422,504
Gm13423,888
Gm13424,354
Gm13425,5391
Gm13426,795
Gm13427,5520
Gm13428,365
Gm13429,13471
Gm13430,288
Gm13431,13631
Gm13432,241
Gm13433,240
Gm13435,1023
Gm13436,567
Gm13437,1981
Gm13438,573
Gm13439,409
Gm13441,2452
Gm13442,1670
Gm13444,522
Gm13445,307
Gm13446,9091
Gm13448,1847
Gm13449,2938
Gm13450,167
Gm13451,592
Gm13452,1097
Gm13453,357
Gm13454,483
Gm13455,517
Gm13456,1365
Gm13457,267
Gm13458,367
Gm13459,646
Gm13460,353
Gm13461,662
Gm13462,961
Gm13463,233
Gm13464,935
Gm13465,3854
Gm13466,999
Gm13467,281
Gm13469,350
Gm13470,4415
Gm13471,433
Gm13472,314
Gm13473,367
Gm13474,815
Gm13475,234
Gm13477,2687
Gm13478,413
Gm13479,4722
Gm13480,1000
Gm13481,18784
Gm13482,254
Gm13483,23622
Gm13484,412
Gm13485,659
Gm13486,282
Gm13487,864
Gm13488,179
Gm13489,971
Gm13490,4230
Gm13491,235
Gm13492,665
Gm13493,493
Gm13494,1096
Gm13495,537
Gm13496,1165
Gm13497,2038
Gm13498,2166
Gm13500,824
Gm13501,979
Gm13503,446
Gm13504,316
Gm13505,817
Gm13506,1083
Gm13508,775
Gm13510,429
Gm13511,363
Gm13517,1495
Gm13518,233
Gm13521,866
Gm13522,16881
Gm13523,3711
Gm13524,2882
Gm13525,478
Gm13527,691
Gm13528,1446
Gm13529,410
Gm13530,2672
Gm13531,543
Gm13532,240
Gm13533,177
Gm13534,513
Gm13535,1884
Gm13536,3246
Gm13537,267
Gm13538,2340
Gm13539,1052
Gm13541,283
Gm13542,637
Gm13543,796
Gm13544,3816
Gm13545,482
Gm13546,2575
Gm13547,1180
Gm13548,385
Gm13549,796
Gm13550,525
Gm13551,430
Gm13552,417
Gm13553,1970
Gm13554,477
Gm13555,319
Gm13556,1412
Gm13557,382
Gm13558,3826
Gm13559,863
Gm13560,329
Gm13561,2289
Gm13562,3708
Gm13563,2670
Gm13564,2849
Gm13565,1629
Gm13566,1142
Gm13567,247
Gm13568,446
Gm13569,574
Gm13570,309
Gm13571,3102
Gm13572,564
Gm13574,394
Gm13575,1520
Gm13576,778
Gm13577,205
Gm13578,590
Gm13579,517
Gm13580,10166
Gm13581,278
Gm13582,2655
Gm13583,2418
Gm13584,2860
Gm13586,464
Gm13588,135
Gm13589,5120
Gm13590,1588
Gm13592,1010
Gm13593,692
Gm13594,4478
Gm13595,511
Gm13596,6871
Gm13597,375
Gm13598,5121
Gm13599,747
Gm136,1311
Gm13600,744
Gm13601,404
Gm13602,493
Gm13603,83
Gm13604,482
Gm13605,4093
Gm13607,539
Gm13608,1406
Gm13609,2939
Gm13610,2324
Gm13611,318
Gm13612,390
Gm13613,1444
Gm13614,503
Gm13615,1612
Gm13616,222
Gm13617,2068
Gm13618,384
Gm13619,2138
Gm13620,511
Gm13622,433
Gm13623,625
Gm13624,462
Gm13625,480
Gm13626,402
Gm13627,706
Gm13629,17467
Gm13630,5546
Gm13631,654
Gm13632,384
Gm13633,898
Gm13640,264
Gm13641,473
Gm13642,381
Gm13645,699
Gm13647,622
Gm13648,1555
Gm13649,606
Gm13650,433
Gm13651,1110
Gm13652,5059
Gm13653,483
Gm13655,745
Gm13656,1560
Gm13657,15805
Gm13658,929
Gm13660,722
Gm13661,1987
Gm13662,712
Gm13663,1259
Gm13664,345
Gm13665,528
Gm13666,799
Gm13667,617
Gm13668,1001
Gm13669,457
Gm13670,461
Gm13672,459
Gm13673,531
Gm13674,823
Gm13675,529
Gm13676,591
Gm13677,595
Gm13678,340
Gm13679,484
Gm13680,793
Gm13681,210
Gm13682,702
Gm13683,1076
Gm13684,2264
Gm13685,141
Gm13686,986
Gm13687,282
Gm13688,608
Gm13689,685
Gm13690,285
Gm13692,371
Gm13700,1128
Gm13702,825
Gm13703,1240
Gm13707,2016
Gm13708,390
Gm13709,1206
Gm13710,4918
Gm13711,453
Gm13712,2295
Gm13714,221
Gm13715,3479
Gm13716,808
Gm13717,365
Gm13719,2111
Gm13720,196
Gm13722,3066
Gm13724,1155
Gm13725,207
Gm13726,794
Gm13727,424
Gm13728,400
Gm13729,406
Gm13730,1462
Gm13731,196
Gm13732,535
Gm13733,535
Gm13735,670
Gm13736,253
Gm13737,232
Gm13738,469
Gm13739,530
Gm13740,310
Gm13742,457
Gm13743,724
Gm13744,850
Gm13745,527
Gm13746,605
Gm13748,378
Gm13749,4124
Gm13750,465
Gm13751,752
Gm13752,2063
Gm13754,998
Gm13755,305
Gm13756,222
Gm13758,743
Gm13761,807
Gm13767,876
Gm13768,929
Gm13770,305
Gm13771,238
Gm13772,317
Gm13773,8184
Gm13775,25218
Gm13776,1261
Gm13777,345
Gm13778,6838
Gm13780,1187
Gm13781,492
Gm13782,880
Gm13783,732
Gm13784,519
Gm13785,690
Gm13786,333
Gm13787,168
Gm13788,601
Gm13790,473
Gm13791,14112
Gm13792,423
Gm13793,2215
Gm13794,1015
Gm13797,120
Gm13798,139
Gm13799,1251
Gm13801,160
Gm13802,663
Gm13803,489
Gm13804,172
Gm13806,325
Gm13807,7308
Gm13808,184
Gm13809,597
Gm13810,1347
Gm13811,256
Gm13812,1347
Gm13813,787
Gm13814,5959
Gm13815,412
Gm13816,2589
Gm13817,16425
Gm13818,511
Gm13821,3201
Gm13822,1913
Gm13823,345
Gm13827,372
Gm13828,363
Gm13829,138
Gm13830,13438
Gm13831,302
Gm13832,12713
Gm13833,3149
Gm13835,685
Gm13836,501
Gm13837,337
Gm13838,1362
Gm13839,506
Gm13840,304
Gm13841,483
Gm13842,8382
Gm13848,4006
Gm13849,835
Gm13850,3090
Gm13852,242
Gm13853,11133
Gm13854,1679
Gm13855,12837
Gm13856,1750
Gm13857,173
Gm13858,671
Gm13859,1423
Gm13860,1526
Gm13861,1789
Gm13862,197
Gm13863,602
Gm13864,785
Gm13865,865
Gm13866,968
Gm13867,395
Gm13868,294
Gm13869,1350
Gm13870,1023
Gm13872,6028
Gm13873,427
Gm13874,4206
Gm13875,282
Gm13876,261
Gm13877,417
Gm13878,577
Gm13879,242
Gm13880,474
Gm13882,1002
Gm13883,1818
Gm13884,829
Gm13885,187
Gm13886,1183
Gm13887,344
Gm13888,422
Gm13889,2626
Gm13890,390
Gm13898,610
Gm13899,1255
Gm13900,498
Gm13901,468
Gm13902,605
Gm13903,193
Gm13904,837
Gm13905,1967
Gm13912,1860
Gm13913,260
Gm13914,991
Gm13915,931
Gm13916,628
Gm13919,4956
Gm13920,1663
Gm13921,463
Gm13922,156
Gm13923,776
Gm13924,486
Gm13925,243
Gm13928,1732
Gm13929,1125
Gm13930,368
Gm13932,610
Gm13935,798
Gm13936,715
Gm13937,988
Gm13938,493
Gm13940,301
Gm13943,343
Gm13944,1137
Gm13954,543
Gm13961,4772
Gm13962,1025
Gm13963,1261
Gm13964,1775
Gm13966,832
Gm13967,380
Gm13972,3164
Gm13973,894
Gm13974,4860
Gm13975,782
Gm13976,2894
Gm13981,447
Gm13982,755
Gm13983,865
Gm13986,46119
Gm13988,288
Gm13990,19042
Gm13991,648
Gm13992,156
Gm13994,513
Gm13996,430
Gm13997,336
Gm13998,335
Gm13999,1071
Gm14000,233
Gm14001,247
Gm14002,3259
Gm14003,313
Gm14004,15694
Gm14006,981
Gm14007,210
Gm14008,274
Gm14009,6206
Gm1401,772
Gm14010,4405
Gm14011,302
Gm14013,270
Gm14014,2717
Gm14015,3949
Gm14016,486
Gm14017,386
Gm14018,455
Gm14019,2541
Gm14020,662
Gm14021,961
Gm14022,3132
Gm14023,6791
Gm14024,1319
Gm14026,1789
Gm14027,808
Gm14028,479
Gm14029,11852
Gm14032,1026
Gm14033,3380
Gm14034,551
Gm14035,1475
Gm14036,480
Gm14037,313
Gm14038,807
Gm14039,101
Gm14040,697
Gm14041,4787
Gm14042,833
Gm14044,447
Gm14046,509
Gm14048,1268
Gm14049,636
Gm14050,346
Gm14051,12125
Gm14052,1031
Gm14053,470
Gm14054,704
Gm14055,7435
Gm14056,642
Gm14057,482
Gm14058,735
Gm14061,6291
Gm14062,4134
Gm14064,11453
Gm14065,585
Gm14066,2057
Gm14067,314
Gm14069,229
Gm14070,428
Gm14071,509
Gm14073,381
Gm14082,801
Gm14083,620
Gm14086,173
Gm14089,12666
Gm14091,5082
Gm14092,1113
Gm14093,364
Gm14094,610
Gm14095,516
Gm14098,623
Gm14099,605
Gm14100,651
Gm14101,473
Gm14102,2013
Gm14103,366
Gm14104,4225
Gm14106,438
Gm14107,330
Gm14108,494
Gm14109,309
Gm14110,799
Gm14111,999
Gm14113,976
Gm14114,19980
Gm14115,482
Gm14116,805
Gm14117,843
Gm14119,235
Gm14120,2869
Gm14121,1380
Gm14122,973
Gm14123,2658
Gm14125,756
Gm14126,395
Gm14127,678
Gm14128,1011
Gm14129,291
Gm14130,987
Gm14132,1719
Gm14133,8869
Gm14135,591
Gm14137,3067
Gm14138,745
Gm14140,995
Gm14141,783
Gm14142,296
Gm14143,357
Gm14144,14804
Gm14145,1842
Gm14146,1144
Gm14147,2681
Gm14148,1008
Gm14149,9408
Gm14150,1354
Gm14151,3123
Gm14152,27381
Gm14153,1139
Gm14154,6110
Gm14155,587
Gm14156,483
Gm14158,308
Gm14159,451
Gm14161,5060
Gm14162,601
Gm14163,217
Gm14164,3435
Gm14165,952
Gm14167,10629
Gm14168,2197
Gm14170,331
Gm14172,644
Gm14173,278
Gm14174,3717
Gm14175,241
Gm14176,477
Gm14180,78
Gm14182,210
Gm14186,137
Gm14188,168
Gm14190,153
Gm14193,153
Gm14197,1049
Gm14198,3006
Gm14199,2074
Gm14200,192
Gm14201,289
Gm14202,311
Gm14204,17662
Gm14205,739
Gm14206,1888
Gm14207,16642
Gm14208,678
Gm14209,462
Gm14210,541
Gm14211,408
Gm14212,826
Gm14213,768
Gm14214,776
Gm14215,221
Gm14216,2627
Gm14218,1102
Gm14219,288
Gm14220,449
Gm14221,23766
Gm14222,1186
Gm14223,1153
Gm14224,864
Gm14225,539
Gm14226,3243
Gm14227,629
Gm14228,798
Gm14229,850
Gm14231,592
Gm14232,4019
Gm14233,439
Gm14234,845
Gm14236,872
Gm14237,430
Gm14238,323
Gm14239,685
Gm14240,546
Gm14241,264
Gm14242,375
Gm14243,2172
Gm14244,8510
Gm14245,1843
Gm14246,680
Gm14247,237
Gm14248,544
Gm14249,7596
Gm14250,6595
Gm14251,279
Gm14252,3215
Gm14253,639
Gm14254,296
Gm14255,248
Gm14257,765
Gm14258,2031
Gm14260,260
Gm14261,1443
Gm14262,3339
Gm14263,746
Gm14264,1864
Gm14266,21192
Gm14267,8979
Gm14268,7335
Gm14269,306
Gm14270,846
Gm14271,630
Gm14272,484
Gm14273,1786
Gm14274,615
Gm14275,560
Gm14276,720
Gm14277,360
Gm14278,878
Gm14279,332
Gm14280,1444
Gm14281,1294
Gm14282,240
Gm14283,325
Gm14285,7433
Gm14286,464
Gm14287,117
Gm14288,5158
Gm14291,804
Gm14292,456
Gm14293,577
Gm14294,751
Gm14295,3656
Gm14296,12746
Gm14297,291
Gm14298,237
Gm14299,397
Gm14300,946
Gm14301,324
Gm14302,1119
Gm14303,171
Gm14304,446
Gm14305,2634
Gm14307,291
Gm14308,4123
Gm14314,1015
Gm14317,7709
Gm14319,11309
Gm14320,1023
Gm14322,1633
Gm14324,3051
Gm14325,1759
Gm14326,3040
Gm14328,408
Gm14329,623
Gm14330,455
Gm14331,409
Gm14332,711
Gm14333,264
Gm14334,693
Gm14335,810
Gm14336,475
Gm14339,423
Gm14340,8268
Gm14341,1424
Gm14342,16792
Gm14343,2604
Gm14344,2681
Gm14348,868
Gm14349,711
Gm14350,640
Gm14352,449
Gm14353,869
Gm14355,264
Gm14356,869
Gm14357,868
Gm14358,403
Gm14359,424
Gm14360,393
Gm14361,868
Gm14362,273
Gm14363,409
Gm14364,267
Gm14365,587
Gm14366,730
Gm14367,1497
Gm14368,415
Gm14369,285
Gm14370,868
Gm14371,1131
Gm14372,2193
Gm14373,2158
Gm14375,855
Gm14376,297
Gm14377,2094
Gm14379,7376
Gm14380,431
Gm14381,414
Gm14382,437
Gm14383,386
Gm14385,876
Gm14387,2055
Gm14388,477
Gm14389,241
Gm14390,1695
Gm14391,8508
Gm14392,401
Gm14393,1062
Gm14394,295
Gm14395,563
Gm14396,3281
Gm14397,576
Gm14398,1073
Gm14399,5498
Gm14400,2135
Gm14401,2107
Gm14402,508
Gm14403,1783
Gm14404,1660
Gm14405,2330
Gm14406,2175
Gm14407,447
Gm14408,3730
Gm14410,3127
Gm14411,914
Gm14412,1581
Gm14413,408
Gm14414,573
Gm14415,1578
Gm14416,2308
Gm14417,1074
Gm14418,6477
Gm14419,3853
Gm14421,1958
Gm14424,10478
Gm14425,606
Gm14427,635
Gm14428,822
Gm14429,2024
Gm14434,3205
Gm14437,1643
Gm14438,624
Gm14439,441
Gm14441,540
Gm14442,1736
Gm14443,5891
Gm14444,2175
Gm14445,1484
Gm14448,210
Gm14450,240
Gm14451,1542
Gm14452,1632
Gm14453,553
Gm14455,4286
Gm14457,1161
Gm14460,639
Gm14461,42603
Gm14463,498
Gm14464,1254
Gm14465,567
Gm14466,451
Gm14469,202
Gm14470,466
Gm14471,2358
Gm14472,282
Gm14473,557
Gm14480,433
Gm14481,629
Gm14485,493
Gm14486,22972
Gm14487,16038
Gm14488,6262
Gm14489,901
Gm14491,199
Gm14493,543
Gm14494,435
Gm14496,10572
Gm14497,580
Gm14500,113
Gm14502,113
Gm14503,1164
Gm14504,1497
Gm14505,831
Gm14506,536
Gm14507,347
Gm14508,901
Gm14509,1286
Gm14510,1092
Gm14512,230
Gm14513,123
Gm14514,940
Gm14515,216
Gm14516,252
Gm14517,337
Gm14518,542
Gm14519,312
Gm14520,387
Gm14521,350
Gm14523,558
Gm14524,683
Gm14525,893
Gm14527,639
Gm14528,231
Gm14529,406
Gm14530,333
Gm14531,285
Gm14533,93
Gm14534,357
Gm14536,138
Gm14537,599
Gm14538,1327
Gm14539,174
Gm14540,3261
Gm14541,543
Gm14542,1248
Gm14546,10215
Gm14547,371
Gm14549,1035
Gm14550,407
Gm14551,256
Gm14552,2544
Gm14553,1118
Gm14554,661
Gm14558,381
Gm14559,496
Gm14560,375
Gm14561,798
Gm14562,543
Gm14563,354
Gm14564,294
Gm14565,2494
Gm14566,321
Gm14567,174
Gm14568,294
Gm14569,5964
Gm14570,391
Gm14571,570
Gm14573,451
Gm14574,279
Gm14575,560
Gm14576,1111
Gm14577,256
Gm14578,391
Gm14579,283
Gm14580,718
Gm14581,198
Gm14582,1189
Gm14584,637
Gm14585,634
Gm14586,408
Gm14587,658
Gm14588,172
Gm14589,727
Gm14590,537
Gm14591,518
Gm14592,560
Gm14593,294
Gm14594,537
Gm14595,537
Gm14596,3612
Gm14598,468
Gm14599,474
Gm14600,630
Gm14601,236
Gm14602,340
Gm14603,448
Gm14605,268
Gm14606,1155
Gm14607,491
Gm14608,1553
Gm14609,902
Gm14610,966
Gm14612,881
Gm14613,752
Gm14614,384
Gm14615,1816
Gm14616,1228
Gm14617,2123
Gm14618,740
Gm14619,168
Gm14620,383
Gm14621,689
Gm14622,468
Gm14623,603
Gm14624,192
Gm14625,468
Gm14626,216
Gm14627,567
Gm14628,635
Gm14629,144
Gm14630,246
Gm14631,594
Gm14632,1030
Gm14633,470
Gm14634,6020
Gm14635,2455
Gm14637,9660
Gm14638,216
Gm14639,866
Gm14640,437
Gm14641,1090
Gm14642,889
Gm14643,1848
Gm14644,647
Gm14645,417
Gm14647,680
Gm14648,483
Gm14649,324
Gm14650,889
Gm14651,442
Gm14652,235
Gm14653,1533
Gm14654,447
Gm14655,578
Gm14656,502
Gm14657,302
Gm14659,843
Gm14660,575
Gm14661,2051
Gm14662,23980
Gm14663,1153
Gm14665,557
Gm14666,843
Gm14667,1350
Gm14668,1724
Gm14669,250
Gm14670,337
Gm14671,262
Gm14673,746
Gm14676,858
Gm14677,486
Gm14678,482
Gm14679,722
Gm14681,411
Gm14682,524
Gm14684,123
Gm14686,343
Gm14687,363
Gm14688,303
Gm14692,782
Gm14694,282
Gm14695,282
Gm14696,3976
Gm14697,2562
Gm14699,228
Gm14701,348
Gm14703,1825
Gm14704,874
Gm14705,4318
Gm14706,255
Gm14707,398
Gm14709,304
Gm14710,1066
Gm14711,217
Gm14712,772
Gm14713,686
Gm14714,439
Gm14715,643
Gm14716,718
Gm14717,649
Gm14718,963
Gm14719,340
Gm14721,525
Gm14722,689
Gm14723,215
Gm14724,537
Gm14725,828
Gm14726,896
Gm14727,525
Gm14728,1100
Gm14729,689
Gm14730,1045
Gm14731,376
Gm14732,545
Gm14733,133
Gm14735,3088
Gm14736,336
Gm14739,802
Gm14740,1150
Gm14741,1009
Gm14742,1347
Gm14743,759
Gm14744,800
Gm14745,1096
Gm14746,741
Gm14747,984
Gm14748,411
Gm14749,333
Gm14750,516
Gm14752,2075
Gm14753,246
Gm14754,726
Gm14755,384
Gm14756,240
Gm14758,138
Gm14760,999
Gm14761,262
Gm14764,313
Gm14765,326
Gm14766,367
Gm14767,586
Gm14768,678
Gm14769,432
Gm14770,312
Gm14771,203
Gm14772,514
Gm14773,1523
Gm14774,536
Gm14775,310
Gm14776,887
Gm14777,176
Gm14780,2737
Gm14782,195
Gm14783,663
Gm14784,663
Gm14785,539
Gm14786,944
Gm14787,388
Gm14788,375
Gm14791,1166
Gm14792,258
Gm14793,311
Gm14794,192
Gm14795,471
Gm14796,959
Gm14797,1480
Gm14798,2259
Gm14799,429
Gm14800,1272
Gm14802,1885
Gm14803,361
Gm14804,508
Gm14805,340
Gm14806,2110
Gm14807,983
Gm14808,3315
Gm14810,486
Gm14811,117
Gm14812,10206
Gm14813,395
Gm14815,488
Gm14816,294
Gm14817,643
Gm14819,1094
Gm14820,21897
Gm14821,435
Gm14822,291
Gm14823,238
Gm14824,737
Gm14825,701
Gm14826,901
Gm14827,3089
Gm14828,1155
Gm14829,1138
Gm14830,700
Gm14831,409
Gm14832,322
Gm14833,1027
Gm14834,795
Gm14835,315
Gm14836,471
Gm14837,206
Gm14838,248
Gm14839,714
Gm14840,594
Gm14841,758
Gm14842,269
Gm14843,212
Gm14845,306
Gm14846,216
Gm14847,519
Gm14848,467
Gm14849,2846
Gm14852,647
Gm14853,549
Gm14854,841
Gm14855,192
Gm14856,613
Gm14857,3185
Gm14858,3263
Gm14859,357
Gm14860,429
Gm14861,455
Gm14862,3203
Gm14863,307
Gm14864,1087
Gm14865,494
Gm14866,2118
Gm14867,866
Gm14868,216
Gm14869,884
Gm14870,156
Gm14871,194
Gm14874,438
Gm14875,319
Gm14876,327
Gm14877,478
Gm14878,293
Gm14879,507
Gm14880,292
Gm14881,372
Gm14882,218
Gm14883,157
Gm14884,196
Gm14885,496
Gm14886,2629
Gm14887,663
Gm14890,676
Gm14891,823
Gm14892,267
Gm14893,282
Gm14894,270
Gm14895,1361
Gm14896,1351
Gm14897,207
Gm14898,645
Gm14899,548
Gm14900,733
Gm14901,283
Gm14902,2732
Gm14903,537
Gm14904,335
Gm14905,639
Gm14906,390
Gm14907,854
Gm14908,1286
Gm14909,351
Gm14910,1805
Gm14911,989
Gm14912,1773
Gm14913,1093
Gm14914,2031
Gm14915,204
Gm14916,204
Gm14917,2105
Gm14918,268
Gm14919,390
Gm14921,908
Gm14922,163
Gm14923,155
Gm14925,438
Gm14926,508
Gm14927,454
Gm14928,477
Gm14929,1850
Gm14930,652
Gm14931,253
Gm14932,453
Gm14933,481
Gm14935,1708
Gm14936,2621
Gm14937,208
Gm14938,943
Gm14939,680
Gm14940,495
Gm14942,336
Gm14943,546
Gm14945,1118
Gm14946,296
Gm14947,429
Gm14950,1155
Gm14951,570
Gm14957,817
Gm14963,5915
Gm14964,1235
Gm14965,6472
Gm14966,5799
Gm14968,3743
Gm14970,355
Gm14971,663
Gm14972,364
Gm14973,255
Gm14974,1281
Gm14975,664
Gm14976,1394
Gm14977,812
Gm14978,304
Gm14979,1035
Gm14980,736
Gm14981,943
Gm14982,442
Gm14983,323
Gm14984,1263
Gm14985,786
Gm14986,1002
Gm14987,676
Gm14988,1548
Gm14989,207
Gm14990,445
Gm14991,598
Gm14992,512
Gm14993,164
Gm14994,1092
Gm14995,391
Gm14996,512
Gm14997,636
Gm14998,495
Gm14999,624
Gm15000,1243
Gm15001,795
Gm15002,452
Gm15003,446
Gm15004,630
Gm15005,512
Gm15006,1122
Gm15007,710
Gm15008,460
Gm15009,322
Gm15010,407
Gm15011,1480
Gm15012,106
Gm15013,801
Gm15014,258
Gm15015,4905
Gm15016,720
Gm15017,3664
Gm15018,633
Gm15019,434
Gm15020,3781
Gm15021,742
Gm15022,746
Gm15025,418
Gm15026,458
Gm15027,138
Gm15028,370
Gm15029,199
Gm15030,484
Gm15031,210
Gm15032,411
Gm15033,673
Gm15034,349
Gm15036,400
Gm15037,259
Gm15038,296
Gm15039,875
Gm15040,1241
Gm15041,756
Gm15042,883
Gm15043,1543
Gm15044,598
Gm15045,883
Gm15046,1822
Gm15047,454
Gm15048,954
Gm15050,552
Gm15054,281
Gm15056,634
Gm15057,534
Gm15058,458
Gm15060,948
Gm15061,1046
Gm15062,367
Gm15063,895
Gm15065,273
Gm15066,2608
Gm15067,156
Gm15068,192
Gm15069,192
Gm15071,1366
Gm15073,634
Gm15074,936
Gm15075,477
Gm15076,474
Gm15077,362
Gm15078,782
Gm15079,216
Gm15080,2029
Gm15081,844
Gm15082,1960
Gm15083,1413
Gm15084,1502
Gm15085,2028
Gm15086,573
Gm15087,1172
Gm15088,1508
Gm15089,1196
Gm15090,1196
Gm15091,2026
Gm15092,574
Gm15093,2022
Gm15094,1131
Gm15095,1430
Gm15096,878
Gm15097,2045
Gm15098,1508
Gm15099,573
Gm15100,573
Gm15101,1502
Gm15102,1502
Gm15103,871
Gm15104,8822
Gm15105,204
Gm15106,821
Gm15107,2028
Gm15108,803
Gm15109,2026
Gm15110,881
Gm15111,878
Gm15112,860
Gm15113,836
Gm15114,1974
Gm15115,264
Gm15116,663
Gm15120,301
Gm15122,462
Gm15123,339
Gm15124,953
Gm15125,800
Gm15126,833
Gm15127,2042
Gm15128,2080
Gm15129,279
Gm15131,595
Gm15132,652
Gm15133,5448
Gm15136,533
Gm15138,379
Gm15141,729
Gm15142,856
Gm15143,714
Gm15147,483
Gm15148,156
Gm15149,360
Gm15151,177
Gm15152,394
Gm15153,274
Gm15154,366
Gm15156,417
Gm15157,702
Gm15158,570
Gm15159,764
Gm15160,907
Gm15161,387
Gm15162,283
Gm15163,1302
Gm15164,271
Gm15165,502
Gm15166,385
Gm15167,187
Gm15168,316
Gm15169,9891
Gm15170,2023
Gm15171,334
Gm15172,1046
Gm15173,433
Gm15175,132
Gm15176,135
Gm15177,577
Gm15178,472
Gm15179,9208
Gm15180,492
Gm15181,177
Gm15182,1676
Gm15183,348
Gm15185,746
Gm15186,563
Gm15187,264
Gm15188,704
Gm15189,1966
Gm15190,276
Gm15191,1000
Gm15192,293
Gm15193,865
Gm15194,434
Gm15195,263
Gm15196,482
Gm15197,478
Gm15198,177
Gm15199,970
Gm15200,1869
Gm15201,3820
Gm15202,393
Gm15203,455
Gm15204,2281
Gm15206,454
Gm15207,442
Gm15208,493
Gm15209,400
Gm15211,528
Gm15212,466
Gm15213,216
Gm15214,470
Gm15215,489
Gm15216,277
Gm15217,2354
Gm15218,1466
Gm15220,379
Gm15221,1886
Gm15222,3056
Gm15223,826
Gm15224,388
Gm15225,1017
Gm15226,2971
Gm15227,399
Gm15228,3440
Gm15229,2081
Gm15230,510
Gm15231,447
Gm15233,400
Gm15234,4608
Gm15235,194
Gm15236,379
Gm15237,469
Gm15238,1296
Gm15239,603
Gm15240,720
Gm15241,1352
Gm15242,283
Gm15243,439
Gm15244,130
Gm15245,1186
Gm15246,2543
Gm15247,430
Gm15251,883
Gm15252,883
Gm15254,273
Gm15256,883
Gm15257,883
Gm15258,741
Gm15259,291
Gm15260,883
Gm15261,3488
Gm15263,642
Gm15264,502
Gm15265,1365
Gm15266,255
Gm15267,464
Gm15268,352
Gm1527,2120
Gm15270,23389
Gm15271,6795
Gm15272,233
Gm15273,868
Gm15274,291
Gm15275,347
Gm15276,498
Gm15279,288
Gm15280,640
Gm15281,351
Gm15282,300
Gm15283,10325
Gm15285,473
Gm15286,1744
Gm15287,2818
Gm15288,653
Gm15289,244
Gm15290,1439
Gm15294,977
Gm15295,4482
Gm15297,290
Gm15298,1212
Gm15300,279
Gm15302,2630
Gm15303,2624
Gm15304,2640
Gm15305,288
Gm15309,240
Gm15310,372
Gm15311,282
Gm15312,271
Gm15313,282
Gm15314,1887
Gm15316,421
Gm15318,9935
Gm15320,364
Gm15321,288
Gm15322,1519
Gm15323,6825
Gm15325,1038
Gm15326,14549
Gm15327,7019
Gm15328,14111
Gm15329,155
Gm15331,385
Gm15332,357
Gm15333,364
Gm15334,325
Gm15335,411
Gm15336,1571
Gm15337,8681
Gm15339,506
Gm15340,1829
Gm15342,2100
Gm15343,17846
Gm15344,421
Gm15345,663
Gm15346,475
Gm15347,10327
Gm15348,7979
Gm15349,204
Gm15350,5285
Gm15351,1352
Gm15352,270
Gm15354,1772
Gm15355,285
Gm15356,2741
Gm15357,285
Gm15358,520
Gm15361,444
Gm15362,388
Gm15363,631
Gm15364,585
Gm15365,300
Gm15366,1019
Gm15367,1016
Gm15368,858
Gm15369,394
Gm15370,253
Gm15371,784
Gm15372,834
Gm15373,214
Gm15374,844
Gm15375,849
Gm15376,783
Gm15377,246
Gm15378,207
Gm15379,648
Gm15381,1156
Gm15382,537
Gm15383,1443
Gm15384,486
Gm15385,743
Gm15387,648
Gm15388,726
Gm15389,3241
Gm15390,738
Gm15391,653
Gm15392,778
Gm15393,219
Gm15394,1308
Gm15395,2132
Gm15396,1100
Gm15397,804
Gm15398,2643
Gm15399,724
Gm15400,601
Gm15401,4298
Gm15402,793
Gm15403,1227
Gm15404,364
Gm15406,1125
Gm15407,634
Gm15408,13295
Gm15409,1531
Gm15410,2019
Gm15411,26545
Gm15412,3363
Gm15413,1935
Gm15414,440
Gm15417,30010
Gm15418,6585
Gm15419,743
Gm15420,954
Gm15421,842
Gm15422,541
Gm15423,4427
Gm15425,2711
Gm15426,556
Gm15427,531
Gm15428,333
Gm15429,798
Gm15432,195
Gm15433,1120
Gm15441,11646
Gm15442,1527
Gm15443,820
Gm15444,803
Gm15445,603
Gm15446,8072
Gm15452,240
Gm15454,483
Gm15455,2557
Gm15457,3990
Gm15458,709
Gm15459,1941
Gm15460,391
Gm15461,4647
Gm15462,4580
Gm15464,431
Gm15465,358
Gm15466,333
Gm15467,445
Gm15469,3138
Gm15470,1371
Gm15471,1703
Gm15472,847
Gm15473,6795
Gm15475,3757
Gm15476,1191
Gm15477,9263
Gm15478,2172
Gm15479,1133
Gm15480,519
Gm15481,539
Gm15482,7722
Gm15483,456
Gm15484,828
Gm15485,672
Gm15486,6356
Gm15489,15955
Gm15490,387
Gm15491,2032
Gm15492,3545
Gm15493,528
Gm15494,758
Gm15495,1312
Gm15496,10512
Gm15497,551
Gm15498,914
Gm15499,879
Gm15500,894
Gm15501,1954
Gm15502,208
Gm15503,2475
Gm15504,265
Gm15506,26056
Gm15507,1845
Gm15508,325
Gm15509,3554
Gm15510,2172
Gm15511,5704
Gm15512,2257
Gm15513,1569
Gm15515,822
Gm15516,193
Gm15517,822
Gm15518,7079
Gm15519,1566
Gm15520,1203
Gm15521,835
Gm15522,1097
Gm15523,6700
Gm15524,1049
Gm15526,204
Gm15527,4412
Gm15528,864
Gm15529,994
Gm1553,658
Gm15530,555
Gm15531,252
Gm15532,884
Gm15533,3754
Gm15534,562
Gm15535,2513
Gm15536,114
Gm15537,1306
Gm15538,313
Gm15539,566
Gm15540,1488
Gm15541,2713
Gm15542,1194
Gm15543,1314
Gm15544,1531
Gm15545,6012
Gm15546,826
Gm15547,333
Gm15549,622
Gm15550,1748
Gm15551,626
Gm15553,262
Gm15554,895
Gm15555,713
Gm15556,663
Gm15557,1380
Gm15558,2071
Gm15559,4029
Gm15560,643
Gm15561,540
Gm15562,426
Gm15563,410
Gm15564,4618
Gm15565,427
Gm15566,590
Gm15567,4198
Gm15568,1213
Gm15569,7952
Gm15570,625
Gm15571,637
Gm15572,593
Gm15573,540
Gm15574,405
Gm15575,1581
Gm15576,583
Gm15577,2293
Gm15578,475
Gm15579,1547
Gm15580,556
Gm15581,7538
Gm15582,1581
Gm15583,3510
Gm15584,2070
Gm15586,528
Gm15587,3906
Gm15589,1077
Gm1559,3441
Gm15590,552
Gm15591,627
Gm15592,1707
Gm15593,1008
Gm15594,2215
Gm15595,961
Gm15596,784
Gm15597,1050
Gm15599,1345
Gm15600,1498
Gm15602,465
Gm15603,492
Gm15604,1456
Gm15606,957
Gm15607,358
Gm15608,8618
Gm15609,2960
Gm15610,195
Gm15611,406
Gm15612,3118
Gm15613,326
Gm15614,1537
Gm15615,198
Gm15616,375
Gm15617,771
Gm15619,1294
Gm15620,270
Gm15621,364
Gm15622,1464
Gm15624,5520
Gm15625,1093
Gm15626,868
Gm15627,6193
Gm15628,547
Gm15629,476
Gm15631,21315
Gm15632,986
Gm15634,1659
Gm15635,5206
Gm15636,668
Gm15637,1201
Gm15638,21681
Gm15640,2900
Gm15641,670
Gm15642,311
Gm15643,2808
Gm15644,387
Gm15645,1299
Gm15647,735
Gm15650,770
Gm15651,6441
Gm15653,907
Gm15654,300
Gm15655,440
Gm15656,615
Gm15657,6579
Gm15659,341
Gm15660,478
Gm15661,556
Gm15663,20474
Gm15664,184
Gm15665,847
Gm15666,976
Gm15667,782
Gm15668,678
Gm15669,2778
Gm15670,447
Gm15671,576
Gm15672,3001
Gm15675,3681
Gm15677,766
Gm15678,960
Gm15679,1936
Gm15680,465
Gm15681,2704
Gm15682,483
Gm15684,1814
Gm15687,3039
Gm15688,2418
Gm15689,2310
Gm15690,435
Gm15691,849
Gm15692,346
Gm15693,637
Gm15694,283
Gm15696,445
Gm15697,2902
Gm15699,280
Gm15700,821
Gm15701,573
Gm15702,444
Gm15703,880
Gm15704,5904
Gm15706,911
Gm15707,996
Gm15708,3370
Gm15709,213
Gm15710,636
Gm15711,535
Gm15712,1156
Gm15713,1546
Gm15715,283
Gm15716,404
Gm15718,311
Gm15719,635
Gm15720,282
Gm15721,3308
Gm15722,661
Gm15723,4456
Gm15725,1090
Gm15726,509
Gm15727,437
Gm15728,4080
Gm15729,4128
Gm15730,415
Gm15731,2195
Gm15732,480
Gm15733,242
Gm15734,2952
Gm15736,747
Gm15737,4898
Gm15738,14166
Gm15739,872
Gm15740,1292
Gm15741,754
Gm15742,659
Gm15743,2784
Gm15744,213
Gm15745,115
Gm15746,1027
Gm15747,1460
Gm15749,612
Gm15750,616
Gm15751,4279
Gm15752,394
Gm15755,6181
Gm15756,10848
Gm15758,1291
Gm15759,3723
Gm15760,9040
Gm15762,1648
Gm15763,403
Gm15764,2531
Gm15765,910
Gm15766,813
Gm15767,4084
Gm15770,584
Gm15772,438
Gm15773,1448
Gm15775,1143
Gm15777,2394
Gm15778,608
Gm15779,412
Gm15780,935
Gm15781,323
Gm15782,445
Gm15783,633
Gm15784,1462
Gm15785,694
Gm15786,450
Gm15787,13974
Gm15788,1364
Gm15789,1359
Gm15790,1251
Gm15791,319
Gm15792,769
Gm15793,495
Gm15794,631
Gm15795,553
Gm15796,204
Gm15798,408
Gm15799,289
Gm15801,522
Gm15802,5319
Gm15803,394
Gm15806,955
Gm15807,1128
Gm15808,604
Gm15809,661
Gm15810,681
Gm15812,748
Gm15813,2892
Gm15815,255
Gm15816,5248
Gm15818,656
Gm15819,481
Gm15820,728
Gm15821,1210
Gm15823,670
Gm15824,955
Gm15825,1469
Gm15826,1384
Gm15828,522
Gm15829,869
Gm15831,1388
Gm15832,2440
Gm15833,957
Gm15834,10193
Gm15835,930
Gm15836,793
Gm15838,180
Gm15839,2531
Gm15840,943
Gm15841,517
Gm15842,618
Gm15843,529
Gm15844,576
Gm15845,996
Gm15846,320
Gm15848,8767
Gm15849,335
Gm15850,12891
Gm15851,662
Gm15852,942
Gm15853,2517
Gm15854,808
Gm15856,1162
Gm15857,789
Gm15859,710
Gm15860,3040
Gm15861,339
Gm15862,1419
Gm15864,4016
Gm15866,1699
Gm15867,3611
Gm15868,520
Gm1587,1354
Gm15870,644
Gm15872,1108
Gm15873,3178
Gm15875,708
Gm15877,964
Gm15878,306
Gm15879,4897
Gm15880,2884
Gm15881,942
Gm15882,855
Gm15883,2294
Gm15884,2485
Gm15885,388
Gm15886,5535
Gm15888,538
Gm15889,10296
Gm15890,8354
Gm15891,611
Gm15892,4793
Gm15893,5103
Gm15894,2067
Gm15895,856
Gm15896,440
Gm15897,1486
Gm15898,627
Gm15899,238
Gm15900,342
Gm15901,941
Gm15902,3946
Gm15903,3901
Gm15904,2712
Gm15905,298
Gm15906,323
Gm15907,2309
Gm15908,4865
Gm15910,2982
Gm15911,809
Gm15912,5777
Gm15913,331
Gm15914,309
Gm15915,3149
Gm15916,736
Gm15917,3996
Gm15918,1996
Gm15921,483
Gm15923,1169
Gm15926,550
Gm15927,19900
Gm15928,280
Gm15929,1656
Gm15931,1852
Gm15932,1985
Gm15933,616
Gm15934,3877
Gm15935,4129
Gm15936,460
Gm15937,1235
Gm15938,1600
Gm15939,2147
Gm15940,817
Gm15941,4713
Gm15942,810
Gm15943,15266
Gm15945,810
Gm15946,423
Gm15947,2742
Gm15948,403
Gm15949,126
Gm15950,1973
Gm15951,400
Gm15952,3333
Gm15953,1732
Gm15956,675
Gm15957,974
Gm15958,5266
Gm15959,368
Gm15961,542
Gm15962,986
Gm15963,876
Gm15964,6267
Gm15965,1428
Gm15966,8734
Gm15967,1116
Gm15968,1168
Gm15969,1009
Gm15970,834
Gm15971,211
Gm15972,5673
Gm15974,531
Gm15976,429
Gm15978,1364
Gm15979,590
Gm15981,457
Gm15982,554
Gm15983,6460
Gm15984,7055
Gm15985,1432
Gm15986,400
Gm15987,16474
Gm15988,367
Gm15989,498
Gm15990,3321
Gm15991,5356
Gm15994,402
Gm15995,574
Gm15996,762
Gm15997,7518
Gm15998,4446
Gm15999,1511
Gm1600,12697
Gm16000,1606
Gm16001,6155
Gm16004,2689
Gm16005,272
Gm16006,662
Gm16007,286
Gm16008,17278
Gm16010,5173
Gm16011,2662
Gm16013,2664
Gm16014,544
Gm16015,10921
Gm16016,550
Gm16017,208
Gm16019,4029
Gm16020,210
Gm16021,219
Gm16023,5326
Gm16024,171
Gm16025,2609
Gm16027,758
Gm16028,890
Gm16029,2427
Gm16030,603
Gm16031,448
Gm16032,168
Gm16033,596
Gm16034,480
Gm16035,2862
Gm16036,1112
Gm16038,193
Gm16041,3725
Gm16042,1247
Gm16043,616
Gm16044,450
Gm16045,2969
Gm16046,2027
Gm16048,663
Gm1604a,14602
Gm16050,2463
Gm16053,188
Gm16054,1823
Gm16055,626
Gm16056,135
Gm16057,759
Gm16058,427
Gm16059,4923
Gm16060,478
Gm16061,857
Gm16062,943
Gm16063,8566
Gm16066,2327
Gm16068,504
Gm16069,545
Gm16070,9367
Gm16071,793
Gm16072,2377
Gm16073,517
Gm16074,444
Gm16075,361
Gm16076,480
Gm16077,655
Gm16079,4922
Gm16080,12554
Gm16081,684
Gm16082,377
Gm16083,9572
Gm16084,12370
Gm16085,3067
Gm16087,5464
Gm16089,336
Gm16090,1704
Gm16092,2845
Gm16093,392
Gm16094,427
Gm16095,253
Gm16096,4780
Gm16098,10804
Gm16099,2457
Gm16100,231
Gm16101,430
Gm16102,420
Gm16103,1279
Gm16104,3819
Gm16105,697
Gm16106,294
Gm16107,862
Gm16110,892
Gm16111,285
Gm16112,382
Gm16113,372
Gm16114,300
Gm16116,640
Gm16117,324
Gm16118,1781
Gm16120,1199
Gm16121,2253
Gm16122,1158
Gm16123,1517
Gm16124,1124
Gm16125,339
Gm16126,3149
Gm16127,234
Gm16128,626
Gm16129,486
Gm16130,2799
Gm16131,659
Gm16132,598
Gm16133,4899
Gm16134,336
Gm16135,568
Gm16136,5283
Gm16137,664
Gm16138,821
Gm16139,420
Gm16140,1796
Gm16141,8060
Gm16142,2850
Gm16143,880
Gm16144,827
Gm16145,583
Gm16146,1824
Gm16147,373
Gm16148,893
Gm16149,309
Gm16150,5091
Gm16151,639
Gm16152,1969
Gm16153,4118
Gm16155,1129
Gm16156,713
Gm16158,8375
Gm16159,4089
Gm16160,4056
Gm16161,290
Gm16162,297
Gm16163,1119
Gm16164,468
Gm16165,795
Gm16166,787
Gm16167,1065
Gm16168,2392
Gm16169,3644
Gm16170,3754
Gm16171,324
Gm16172,682
Gm16175,8897
Gm16177,718
Gm16178,677
Gm16179,373
Gm16180,594
Gm16181,1127
Gm16183,4339
Gm16184,573
Gm16185,3207
Gm16186,216
Gm16188,3629
Gm16189,997
Gm16191,1844
Gm16192,1442
Gm16193,778
Gm16195,442
Gm16198,670
Gm16199,288
Gm16200,331
Gm16201,15296
Gm16202,544
Gm16204,1897
Gm16205,1027
Gm16206,1966
Gm16208,3607
Gm16209,627
Gm16210,610
Gm16211,1620
Gm16212,793
Gm16213,7737
Gm16214,1388
Gm16215,637
Gm16216,1111
Gm16217,616
Gm16218,388
Gm16219,274
Gm16220,1292
Gm16221,393
Gm16222,1298
Gm16223,8329
Gm16224,412
Gm16225,1344
Gm16226,9076
Gm16227,1332
Gm16228,809
Gm16229,1232
Gm16230,3329
Gm16231,375
Gm16232,167
Gm16233,5097
Gm16234,815
Gm16235,699
Gm16236,379
Gm16237,2210
Gm16238,586
Gm16239,2635
Gm16240,2642
Gm16242,334
Gm16243,494
Gm16244,5071
Gm16246,1346
Gm16248,5278
Gm16249,1258
Gm16250,256
Gm16251,1591
Gm16252,3638
Gm16253,550
Gm16254,730
Gm16259,553
Gm16260,304
Gm16261,205
Gm16262,1751
Gm16263,502
Gm16265,108
Gm16267,3115
Gm16268,1157
Gm16269,409
Gm16270,3238
Gm16271,2149
Gm16272,2705
Gm16273,268
Gm16274,592
Gm16275,712
Gm16276,262
Gm16277,12432
Gm16278,2071
Gm16279,7596
Gm16280,664
Gm16282,451
Gm16283,5317
Gm16284,400
Gm16285,347
Gm16287,4768
Gm16288,367
Gm16289,183
Gm16290,474
Gm16291,2594
Gm16294,1459
Gm16295,1794
Gm16296,423
Gm16297,459
Gm16298,420
Gm16299,2814
Gm16300,1279
Gm16301,295
Gm16302,803
Gm16303,390
Gm16304,775
Gm16305,556
Gm16306,176
Gm16307,210
Gm16308,940
Gm16310,960
Gm16311,1987
Gm16312,7707
Gm16315,798
Gm16316,5879
Gm16318,601
Gm16321,574
Gm16322,5074
Gm16323,556
Gm16325,5110
Gm16326,414
Gm16327,228
Gm16328,196
Gm16329,371
Gm16330,297
Gm16331,498
Gm16332,2967
Gm16333,318
Gm16335,309
Gm16336,380
Gm16337,917
Gm16339,929
Gm16341,5860
Gm16342,1025
Gm16343,845
Gm16344,3384
Gm16345,158
Gm16346,937
Gm16347,7751
Gm16348,3362
Gm16349,394
Gm16350,446
Gm16351,4980
Gm16353,1223
Gm16354,150
Gm16355,231
Gm16356,169
Gm16357,474
Gm16358,210
Gm16359,289
Gm16362,214
Gm16363,877
Gm16364,10913
Gm16367,1446
Gm16372,450
Gm16373,303
Gm16374,999
Gm16378,342
Gm16380,478
Gm16383,232
Gm16385,1102
Gm16386,1533
Gm16387,2632
Gm16391,447
Gm16394,675
Gm16399,219
Gm16400,1029
Gm16401,4631
Gm16404,1180
Gm16405,881
Gm16407,567
Gm16409,747
Gm16410,774
Gm16411,1100
Gm16412,273
Gm16415,489
Gm16416,483
Gm16418,171
Gm16419,625
Gm16420,856
Gm16421,1557
Gm16423,947
Gm16425,3130
Gm16428,723
Gm16430,1028
Gm16431,431
Gm16433,1984
Gm16434,2066
Gm16436,1607
Gm16437,504
Gm16439,564
Gm16440,1089
Gm16441,924
Gm16443,2184
Gm16445,1919
Gm16451,924
Gm16456,920
Gm16458,502
Gm16459,686
Gm16463,721
Gm16464,1095
Gm16465,1758
Gm1647,4584
Gm16470,998
Gm16471,618
Gm16476,139
Gm16477,801
Gm16478,5084
Gm16479,932
Gm16480,832
Gm16481,1227
Gm16485,3983
Gm16490,351
Gm16494,259
Gm16497,6348
Gm16499,13898
Gm16505,232
Gm16506,1405
Gm16508,3642
Gm16510,249
Gm16511,564
Gm16518,508
Gm16519,489
Gm16523,5342
Gm16525,6432
Gm16527,1200
Gm1653,682
Gm16531,967
Gm16533,228
Gm16534,2050
Gm16536,1589
Gm16537,11751
Gm16538,9432
Gm16539,327
Gm16540,426
Gm16541,5809
Gm16545,463
Gm16546,355
Gm16547,293
Gm16548,16055
Gm16549,563
Gm16550,126
Gm16551,31206
Gm16552,685
Gm16553,716
Gm16554,460
Gm16555,1199
Gm16556,11309
Gm16557,191
Gm16558,532
Gm16559,4509
Gm16560,404
Gm16561,192
Gm16563,423
Gm16564,4042
Gm16565,6975
Gm16567,576
Gm16568,1910
Gm16569,314
Gm16570,436
Gm16571,291
Gm16573,5216
Gm16574,745
Gm16575,2276
Gm16576,15597
Gm16577,471
Gm16578,6026
Gm16579,2566
Gm16580,1048
Gm16581,991
Gm16582,1930
Gm16584,189
Gm16585,610
Gm16588,355
Gm16589,918
Gm16596,4570
Gm16599,1182
Gm16617,675
Gm16618,955
Gm16630,5941
Gm16638,21022
Gm1667,558
Gm16675,20699
Gm16677,23437
Gm16685,11732
Gm16701,20648
Gm16712,2484
Gm16725,1253
Gm16726,3787
Gm16731,4099
Gm16740,4656
Gm16741,3797
Gm16751,2161
Gm16754,10652
Gm16758,3848
Gm16759,9439
Gm16764,883
Gm16793,17921
Gm16794,9108
Gm16796,3172
Gm16833,873
Gm16835,47788
Gm16838,816
Gm16845,2828
Gm16853,5275
Gm16861,1694
Gm16863,3740
Gm16867,13160
Gm16876,3213
Gm16892,4538
Gm16894,7662
Gm16897,8901
Gm16907,1336
Gm16933,2350
Gm16938,4752
Gm16958,2547
Gm16968,23
Gm16973,4285
Gm16976,226
Gm1698,3484
Gm16982,3396
Gm16984,11390
Gm16998,2212
Gm17014,168
Gm17017,4220
Gm17019,1162
Gm17020,274
Gm17021,2740
Gm17022,922
Gm17023,448
Gm17024,634
Gm17025,1835
Gm17026,1379
Gm17027,636
Gm17028,704
Gm17029,6217
Gm17030,393
Gm17031,1669
Gm17032,1657
Gm17033,1331
Gm17034,2229
Gm17035,419
Gm17036,254
Gm17038,494
Gm17039,6217
Gm17040,889
Gm17041,479
Gm17042,1216
Gm17043,1283
Gm17044,828
Gm17045,844
Gm17046,850
Gm17047,430
Gm17048,847
Gm17051,487
Gm17052,289
Gm17053,495
Gm17054,259
Gm17055,9221
Gm17056,2299
Gm17057,591
Gm17058,928
Gm17059,1212
Gm17060,824
Gm17061,499
Gm17062,461
Gm17063,456
Gm17064,452
Gm17065,239
Gm17066,1849
Gm17067,8243
Gm17068,980
Gm17069,490
Gm17070,784
Gm17072,658
Gm17073,556
Gm17074,556
Gm17075,670
Gm17076,1401
Gm17077,279
Gm17078,668
Gm17079,666
Gm17080,811
Gm17081,2349
Gm17082,1091
Gm17083,1366
Gm17084,511
Gm17085,502
Gm17086,484
Gm17087,1099
Gm17088,3535
Gm17089,5059
Gm17090,490
Gm17091,357
Gm17092,3958
Gm17093,1404
Gm17094,3334
Gm17096,733
Gm17097,714
Gm17098,2094
Gm17099,412
Gm17100,272
Gm17101,1588
Gm17102,12083
Gm17103,549
Gm17105,652
Gm17106,459
Gm17107,553
Gm17108,2877
Gm17109,358
Gm17110,735
Gm17111,411
Gm17112,432
Gm17113,171
Gm17114,511
Gm17115,3180
Gm17116,1013
Gm17117,299
Gm17118,335
Gm17119,280
Gm17120,743
Gm17121,847
Gm17122,372
Gm17124,1379
Gm17126,523
Gm17129,505
Gm17130,2683
Gm17131,3846
Gm17132,1158
Gm17133,289
Gm17134,437
Gm17135,1823
Gm17136,411
Gm17137,957
Gm17138,459
Gm17139,571
Gm17140,627
Gm17141,3148
Gm17142,645
Gm17146,372
Gm17147,432
Gm17148,249
Gm17149,375
Gm1715,1459
Gm17150,381
Gm17151,367
Gm17152,535
Gm17153,490
Gm17154,431
Gm17155,473
Gm17157,348
Gm17158,493
Gm17159,482
Gm17161,524
Gm17162,473
Gm17163,886
Gm17164,506
Gm17165,493
Gm17166,431
Gm17167,5054
Gm17168,345
Gm17169,351
Gm17170,316
Gm17171,534
Gm17172,1622
Gm17173,18279
Gm17174,671
Gm17175,1403
Gm17177,483
Gm17178,357
Gm17180,435
Gm17181,123
Gm17182,860
Gm17183,493
Gm17184,462
Gm17186,456
Gm17187,410
Gm17188,11714
Gm17189,2992
Gm17190,849
Gm17191,417
Gm17192,511
Gm17193,691
Gm17194,348
Gm17195,428
Gm17196,1739
Gm17197,2979
Gm17198,1154
Gm17199,416
Gm1720,8003
Gm17200,2022
Gm17201,390
Gm17202,6263
Gm17203,4017
Gm17204,478
Gm17205,1207
Gm17206,1514
Gm17207,645
Gm17208,535
Gm17210,8454
Gm17212,259
Gm17213,1360
Gm17214,541
Gm17215,4629
Gm17216,728
Gm17217,469
Gm17218,410
Gm17219,593
Gm17221,481
Gm17222,847
Gm17223,481
Gm17224,4904
Gm17225,1482
Gm17226,1200
Gm17227,3863
Gm17228,491
Gm17229,1753
Gm17230,3942
Gm17231,1515
Gm17232,1849
Gm17233,698
Gm17234,392
Gm17235,964
Gm17241,252
Gm17244,4704
Gm17249,3500
Gm17250,15621
Gm17259,9801
Gm17266,2073
Gm17267,499
Gm17271,355
Gm17276,23059
Gm17300,1891
Gm17308,5289
Gm17315,11210
Gm17322,2169
Gm17324,922
Gm17330,165
Gm17333,1699
Gm17334,4051
Gm17344,11742
Gm17354,3039
Gm17361,1171
Gm17366,187
Gm17377,206
Gm17382,7973
Gm17383,1355
Gm17391,126
Gm17396,6641
Gm17399,28219
Gm17409,962
Gm17412,642
Gm17415,789
Gm17416,756
Gm17421,674
Gm17430,466
Gm17435,8628
Gm17450,426
Gm17455,1570
Gm17467,642
Gm17469,1177
Gm17473,8156
Gm17477,2581
Gm17484,4361
Gm17491,5457
Gm17494,8644
Gm17501,16444
Gm17508,721
Gm17509,4745
Gm17511,342
Gm17518,13267
Gm17521,642
Gm17522,1171
Gm17529,3093
Gm17530,586
Gm17538,325
Gm17540,1528
Gm17541,525
Gm17546,1500
Gm17552,3877
Gm17572,408
Gm17577,642
Gm1758,600
Gm17584,1171
Gm17586,4318
Gm17590,1360
Gm17597,4212
Gm17611,1045
Gm17613,1347
Gm17619,17470
Gm17634,5344
Gm17638,4343
Gm17641,4698
Gm17644,6126
Gm17654,1403
Gm17655,2031
Gm17669,442
Gm17690,6735
Gm17693,997
Gm17705,3255
Gm17709,1096
Gm17728,399
Gm17733,5623
Gm17740,2368
Gm17743,1675
Gm17746,11448
Gm17747,3041
Gm17748,522
Gm17749,5274
Gm17750,11148
Gm17751,6401
Gm17752,7214
Gm17753,12010
Gm17756,204
Gm17764,391
Gm17766,442
Gm17767,8475
Gm17768,1332
Gm17771,1147
Gm17772,351
Gm17775,258
Gm17777,1276
Gm17778,2618
Gm17779,394
Gm17780,612
Gm17781,649
Gm17782,880
Gm17786,427
Gm17790,1228
Gm17791,1501
Gm17794,955
Gm17795,757
Gm17796,1213
Gm17797,997
Gm17798,1035
Gm17799,667
Gm17800,971
Gm17802,1349
Gm17804,1159
Gm17805,574
Gm17806,383
Gm17807,298
Gm17808,894
Gm17809,1420
Gm17811,387
Gm17812,318
Gm17813,328
Gm17814,843
Gm17815,895
Gm17816,2603
Gm17819,138
Gm17820,1068
Gm17821,1693
Gm17822,351
Gm17823,1006
Gm17824,805
Gm17825,794
Gm17826,798
Gm17827,742
Gm17828,799
Gm17829,344
Gm17830,13025
Gm17831,900
Gm17832,1364
Gm17833,1065
Gm17834,891
Gm17835,499
Gm17836,1302
Gm17837,985
Gm17838,876
Gm17841,2425
Gm17844,1098
Gm17847,1127
Gm17849,853
Gm17850,1154
Gm17851,717
Gm17853,1349
Gm17867,391
Gm17868,668
Gm17870,1174
Gm17872,532
Gm17873,576
Gm17875,941
Gm17877,814
Gm17878,1025
Gm17879,838
Gm17882,299
Gm17885,583
Gm17887,547
Gm17889,598
Gm17890,757
Gm17891,779
Gm17892,793
Gm17893,770
Gm17895,874
Gm17900,1198
Gm17906,901
Gm17907,710
Gm17908,1256
Gm17909,907
Gm17910,838
Gm17911,877
Gm17915,548
Gm17916,1187
Gm17917,953
Gm17918,574
Gm17919,312
Gm17920,860
Gm17921,945
Gm17922,802
Gm17923,1423
Gm17928,564
Gm17929,627
Gm17931,634
Gm17932,584
Gm17934,422
Gm17935,772
Gm17936,988
Gm17937,742
Gm17938,646
Gm17940,810
Gm17941,1071
Gm17943,664
Gm17944,643
Gm17946,538
Gm17948,639
Gm17949,1179
Gm17950,646
Gm17951,496
Gm17952,747
Gm17953,667
Gm17954,607
Gm17956,838
Gm17965,517
Gm17966,594
Gm17967,647
Gm17968,784
Gm17969,2557
Gm17970,685
Gm17971,806
Gm17973,520
Gm17976,1909
Gm17977,574
Gm17978,769
Gm17979,611
Gm17980,2349
Gm17981,739
Gm17982,1027
Gm17983,594
Gm17984,859
Gm17987,603
Gm17988,535
Gm17989,412
Gm17990,553
Gm17991,297
Gm17992,1072
Gm17994,533
Gm17995,530
Gm17997,840
Gm17999,542
Gm18000,800
Gm18001,688
Gm18003,2397
Gm18006,662
Gm18007,844
Gm18010,202
Gm18011,565
Gm18012,773
Gm18014,817
Gm18015,316
Gm18016,801
Gm18018,408
Gm18020,448
Gm18021,862
Gm18024,690
Gm18025,862
Gm18026,727
Gm18027,619
Gm18029,844
Gm18030,731
Gm18032,538
Gm18033,550
Gm18035,589
Gm18036,272
Gm18038,485
Gm18039,728
Gm18040,827
Gm18041,618
Gm18042,790
Gm18043,739
Gm18049,581
Gm18052,559
Gm18054,555
Gm18055,547
Gm18056,568
Gm18057,503
Gm18058,492
Gm18059,580
Gm18060,564
Gm18061,562
Gm18062,547
Gm18063,568
Gm18064,1574
Gm18065,526
Gm18066,1774
Gm18067,887
Gm18068,662
Gm18070,748
Gm18071,709
Gm18072,552
Gm18073,552
Gm18074,604
Gm18075,835
Gm18076,614
Gm18077,489
Gm18078,592
Gm18079,885
Gm18080,614
Gm18082,775
Gm18083,754
Gm18085,835
Gm18086,669
Gm18087,727
Gm18089,655
Gm18092,820
Gm18094,730
Gm18095,746
Gm18100,452
Gm18101,548
Gm18103,779
Gm18112,1195
Gm18113,303
Gm18114,523
Gm18115,621
Gm18116,537
Gm18117,742
Gm18118,645
Gm18119,616
Gm18120,511
Gm18122,904
Gm18123,822
Gm18124,706
Gm18126,1321
Gm18127,725
Gm18128,511
Gm18129,1044
Gm18131,449
Gm18132,1300
Gm18134,400
Gm18135,533
Gm18138,493
Gm18139,1273
Gm18142,1363
Gm18143,391
Gm18146,514
Gm18147,545
Gm18148,680
Gm18149,520
Gm18150,645
Gm18152,581
Gm18153,407
Gm18154,589
Gm18155,540
Gm18159,1070
Gm18160,827
Gm18161,528
Gm18163,1643
Gm18164,927
Gm18165,928
Gm18166,927
Gm18168,592
Gm18169,526
Gm18177,404
Gm1818,1184
Gm18180,1484
Gm18181,736
Gm18182,1251
Gm18183,615
Gm18185,667
Gm18186,1580
Gm18187,984
Gm18188,478
Gm18189,1951
Gm18190,1738
Gm18191,824
Gm18193,772
Gm18194,481
Gm18195,706
Gm18197,1011
Gm18198,1551
Gm18199,835
Gm18200,833
Gm18201,875
Gm18204,793
Gm18205,841
Gm18206,926
Gm18207,526
Gm18210,1524
Gm18212,889
Gm18213,178
Gm18214,1882
Gm18215,798
Gm18216,317
Gm18217,541
Gm18218,970
Gm18222,1387
Gm18223,1978
Gm18225,742
Gm18226,521
Gm18227,1468
Gm18228,1091
Gm18234,1051
Gm18236,592
Gm18237,904
Gm18242,542
Gm18243,887
Gm18244,1566
Gm18246,728
Gm18247,601
Gm18248,1846
Gm18251,238
Gm18252,757
Gm18254,1204
Gm18255,765
Gm18256,907
Gm18258,542
Gm18259,2010
Gm1826,1162
Gm18260,993
Gm18262,1946
Gm18263,1928
Gm18265,799
Gm18268,943
Gm18269,1656
Gm18270,1560
Gm18271,945
Gm18272,334
Gm18273,1702
Gm18275,1667
Gm18276,596
Gm18280,682
Gm18283,1356
Gm18284,619
Gm18289,2989
Gm18290,844
Gm18291,301
Gm18292,919
Gm18293,213
Gm18294,1748
Gm18296,783
Gm18299,636
Gm18300,1406
Gm18301,888
Gm18303,1176
Gm18304,546
Gm18305,2128
Gm18306,569
Gm18307,1042
Gm18313,1784
Gm18320,595
Gm18325,835
Gm18326,433
Gm18327,830
Gm18329,589
Gm1833,682
Gm18330,547
Gm18334,514
Gm18335,665
Gm18337,5762
Gm18338,560
Gm18339,888
Gm18340,609
Gm18341,622
Gm18342,694
Gm18343,604
Gm18345,1390
Gm18346,325
Gm18348,820
Gm18349,904
Gm18350,955
Gm18351,883
Gm18352,902
Gm18353,784
Gm18354,1068
Gm18356,623
Gm18357,580
Gm18358,1277
Gm18359,1459
Gm18360,1524
Gm18361,880
Gm18362,529
Gm18363,730
Gm18365,586
Gm18366,505
Gm18367,600
Gm18368,754
Gm18369,574
Gm18371,735
Gm18377,607
Gm18378,628
Gm18379,574
Gm18380,737
Gm18382,582
Gm18384,808
Gm18387,702
Gm18388,557
Gm18391,658
Gm18393,1131
Gm18396,361
Gm18397,587
Gm18398,1501
Gm18402,586
Gm18403,529
Gm18405,511
Gm18406,669
Gm18407,790
Gm18409,3981
Gm18410,577
Gm18413,655
Gm18414,694
Gm18415,647
Gm18416,1003
Gm18417,648
Gm18421,625
Gm18422,1032
Gm18423,1074
Gm18425,1009
Gm18426,973
Gm18427,515
Gm18428,791
Gm18429,421
Gm18430,682
Gm18432,1451
Gm18433,196
Gm18438,556
Gm18439,615
Gm18441,617
Gm18442,639
Gm18443,556
Gm18444,629
Gm18445,774
Gm18447,307
Gm18448,599
Gm18451,1719
Gm18452,1111
Gm18453,626
Gm18455,459
Gm18458,369
Gm18460,464
Gm18461,420
Gm18462,417
Gm18463,474
Gm18464,420
Gm18465,369
Gm18466,499
Gm18467,434
Gm18468,369
Gm18469,439
Gm18470,420
Gm18471,452
Gm18473,868
Gm18476,557
Gm1848,789
Gm18482,760
Gm18484,991
Gm18485,1114
Gm18486,298
Gm18487,878
Gm18488,364
Gm18489,551
Gm18491,1594
Gm18492,1018
Gm18493,1612
Gm18494,1154
Gm18495,571
Gm18496,663
Gm18499,1021
Gm18500,820
Gm18501,664
Gm18502,199
Gm18503,728
Gm18504,929
Gm18505,790
Gm18507,525
Gm18508,1642
Gm18510,1096
Gm18513,560
Gm18514,436
Gm18515,797
Gm18517,808
Gm18518,1000
Gm18519,1040
Gm18520,658
Gm18521,826
Gm18522,650
Gm18523,791
Gm18524,769
Gm18525,719
Gm18526,548
Gm18529,1257
Gm18530,1024
Gm18531,718
Gm18532,416
Gm18533,1093
Gm18537,989
Gm18538,484
Gm18539,1090
Gm18540,526
Gm18541,538
Gm18546,676
Gm18547,811
Gm18549,850
Gm18550,982
Gm18551,642
Gm18552,538
Gm18553,634
Gm18555,584
Gm18556,1031
Gm18557,433
Gm18558,1214
Gm18559,604
Gm18560,1123
Gm18561,804
Gm18562,915
Gm18564,2048
Gm18577,1860
Gm18578,2209
Gm18580,892
Gm18581,1003
Gm18582,1947
Gm18584,964
Gm18585,556
Gm18586,518
Gm18587,841
Gm18588,492
Gm18589,3611
Gm1859,495
Gm18591,763
Gm18592,276
Gm18593,1139
Gm18594,1403
Gm18595,1068
Gm18597,694
Gm18598,597
Gm18599,1125
Gm18600,505
Gm18601,634
Gm18602,851
Gm18604,558
Gm18605,623
Gm18609,3601
Gm18610,648
Gm18611,1118
Gm18615,1031
Gm18616,1400
Gm18617,259
Gm18618,473
Gm18619,1147
Gm18620,324
Gm18621,679
Gm18622,595
Gm18623,953
Gm18624,658
Gm18625,271
Gm18626,1409
Gm18627,2018
Gm18628,475
Gm18629,884
Gm18630,1397
Gm18631,1043
Gm18632,2087
Gm18635,1060
Gm18636,1066
Gm18637,1900
Gm18638,1773
Gm18639,1769
Gm18640,2165
Gm18641,1246
Gm18642,1400
Gm18643,3129
Gm18644,815
Gm18645,1411
Gm18646,1063
Gm18648,1411
Gm18649,461
Gm18652,565
Gm18655,1090
Gm18658,270
Gm1866,477
Gm18660,629
Gm18665,270
Gm18666,958
Gm18669,778
Gm18670,696
Gm18671,683
Gm18672,270
Gm18679,1766
Gm18681,614
Gm18683,583
Gm18685,693
Gm18688,1859
Gm18689,902
Gm18690,985
Gm18691,872
Gm18692,511
Gm18694,1226
Gm18696,274
Gm18697,2126
Gm18698,668
Gm18699,243
Gm18700,553
Gm18701,1536
Gm18702,588
Gm18703,333
Gm18704,446
Gm18705,913
Gm18706,1066
Gm18709,489
Gm18711,750
Gm18713,277
Gm18714,270
Gm18715,270
Gm18716,1603
Gm18717,1241
Gm18719,1413
Gm18722,2363
Gm18723,1126
Gm18724,1103
Gm18726,2010
Gm18727,553
Gm18728,753
Gm18729,621
Gm18730,343
Gm18733,1257
Gm18734,808
Gm18735,584
Gm18736,570
Gm18737,937
Gm18738,523
Gm18739,550
Gm18741,635
Gm18745,548
Gm18747,648
Gm18748,622
Gm18749,692
Gm18751,2013
Gm18752,608
Gm18753,566
Gm18755,1099
Gm18757,3141
Gm18759,1213
Gm18760,665
Gm18761,1079
Gm18762,1847
Gm18763,983
Gm18764,754
Gm18765,660
Gm18766,808
Gm18769,516
Gm18770,515
Gm18771,515
Gm18774,601
Gm18775,586
Gm18776,654
Gm18777,522
Gm18779,577
Gm18780,574
Gm18781,924
Gm18782,1399
Gm18783,1151
Gm18784,1218
Gm18786,1236
Gm18787,784
Gm18789,550
Gm18791,726
Gm18795,2964
Gm18796,1767
Gm18797,1174
Gm18798,1700
Gm18799,913
Gm18800,2240
Gm18801,536
Gm18802,888
Gm18806,1775
Gm18807,641
Gm18808,462
Gm18811,664
Gm18812,844
Gm18813,1352
Gm18814,988
Gm18815,1483
Gm18820,916
Gm18821,709
Gm18822,1025
Gm18825,1017
Gm18827,790
Gm18828,857
Gm18829,1622
Gm18830,1396
Gm18832,749
Gm18833,862
Gm18834,862
Gm18838,886
Gm18839,670
Gm18840,506
Gm18842,598
Gm18843,719
Gm18848,792
Gm18849,560
Gm18850,388
Gm18851,1058
Gm18854,329
Gm18855,570
Gm18856,1374
Gm18857,901
Gm18859,825
Gm18860,764
Gm18861,1186
Gm18862,933
Gm18863,1299
Gm18864,1051
Gm18865,1171
Gm18867,1179
Gm18869,997
Gm18870,2890
Gm18871,745
Gm18873,1045
Gm18874,2327
Gm18875,882
Gm18876,1849
Gm18877,539
Gm18878,1443
Gm18879,1537
Gm18880,1541
Gm18881,1545
Gm18883,358
Gm18884,579
Gm18885,1636
Gm18888,386
Gm18889,929
Gm18890,805
Gm18891,1087
Gm18892,881
Gm18894,694
Gm18896,1271
Gm18897,1932
Gm18899,546
Gm18900,584
Gm18901,1444
Gm18903,480
Gm18904,329
Gm18905,928
Gm18907,932
Gm18908,1483
Gm18909,965
Gm18910,802
Gm18911,1048
Gm18913,1789
Gm18914,616
Gm18916,1246
Gm18917,550
Gm18918,948
Gm18921,366
Gm18924,316
Gm18926,814
Gm18929,2144
Gm18930,1763
Gm18934,1044
Gm18935,664
Gm18936,596
Gm18939,672
Gm18940,871
Gm18942,1121
Gm18943,1216
Gm18944,643
Gm18945,1090
Gm18948,595
Gm18949,1199
Gm18952,846
Gm18953,300
Gm18954,1792
Gm18955,649
Gm18956,480
Gm18957,1813
Gm18959,655
Gm18960,713
Gm18961,661
Gm18962,892
Gm18963,616
Gm18964,563
Gm18968,862
Gm18969,730
Gm18970,938
Gm18971,374
Gm18972,630
Gm18973,511
Gm18974,1031
Gm18977,998
Gm18978,872
Gm18979,1350
Gm18980,1079
Gm18981,1599
Gm18982,529
Gm18983,2729
Gm18984,1124
Gm18985,1079
Gm18986,1986
Gm18988,746
Gm18990,1649
Gm18991,746
Gm18992,553
Gm18993,968
Gm18994,1019
Gm18995,520
Gm18996,755
Gm18997,822
Gm18999,1570
Gm19000,1099
Gm19001,1651
Gm19002,1012
Gm19005,865
Gm19007,874
Gm19009,823
Gm19010,601
Gm19011,808
Gm19012,787
Gm19013,1222
Gm19016,816
Gm19018,772
Gm19024,1319
Gm19026,4530
Gm19027,1355
Gm19028,1873
Gm19029,564
Gm19030,552
Gm19031,1365
Gm19032,592
Gm19033,964
Gm19034,392
Gm19035,959
Gm19039,575
Gm19040,4726
Gm19045,1193
Gm19046,1298
Gm19047,1099
Gm19050,805
Gm19052,917
Gm19056,797
Gm19057,1197
Gm19058,598
Gm19060,421
Gm19062,2245
Gm19064,3590
Gm19065,1165
Gm19066,1078
Gm19073,555
Gm19074,1429
Gm19076,700
Gm19077,365
Gm19078,727
Gm19080,550
Gm19082,1108
Gm19084,1762
Gm19085,2162
Gm19086,665
Gm19087,946
Gm19088,566
Gm19089,613
Gm19090,774
Gm19091,978
Gm19092,969
Gm19093,1454
Gm19094,1246
Gm19095,730
Gm19096,766
Gm19097,1009
Gm19098,1945
Gm19099,721
Gm19100,606
Gm19102,553
Gm19104,679
Gm19108,767
Gm19109,961
Gm19111,1503
Gm19113,1828
Gm19114,1357
Gm19116,642
Gm19118,98
Gm19119,725
Gm19120,688
Gm19121,1022
Gm19123,651
Gm19124,832
Gm19125,1383
Gm19126,509
Gm19127,2445
Gm19129,661
Gm19131,3997
Gm19134,487
Gm19136,2067
Gm19137,1164
Gm19139,1943
Gm19140,421
Gm19141,2047
Gm19142,1601
Gm19144,1859
Gm19145,570
Gm19146,818
Gm19147,652
Gm19148,429
Gm19153,579
Gm19154,940
Gm19156,465
Gm19157,481
Gm19158,478
Gm19159,985
Gm19161,737
Gm19163,780
Gm19164,640
Gm19165,1982
Gm19166,1063
Gm19168,1091
Gm19169,1246
Gm19170,1084
Gm19172,1246
Gm19173,1523
Gm19174,956
Gm19175,916
Gm19176,1831
Gm19177,613
Gm19178,1819
Gm19179,600
Gm19181,940
Gm19182,577
Gm19183,889
Gm19184,928
Gm19185,643
Gm19186,333
Gm19187,892
Gm19189,754
Gm19193,590
Gm19194,3774
Gm19195,511
Gm19196,357
Gm19197,603
Gm19198,768
Gm19199,573
Gm19200,1001
Gm19201,778
Gm19202,808
Gm19203,939
Gm19206,827
Gm19207,757
Gm19208,912
Gm19209,626
Gm19210,1350
Gm19211,1206
Gm19212,862
Gm19214,1083
Gm19216,677
Gm19217,328
Gm19219,724
Gm19220,803
Gm19221,1477
Gm19222,1768
Gm19223,1687
Gm19224,793
Gm19227,1011
Gm19228,717
Gm19231,830
Gm19232,652
Gm19233,936
Gm19235,1003
Gm19236,2698
Gm19237,1132
Gm19238,1260
Gm19239,522
Gm19241,908
Gm19243,269
Gm19244,253
Gm19246,255
Gm19248,110
Gm19252,305
Gm19253,307
Gm19254,294
Gm19256,231
Gm19257,183
Gm19261,1843
Gm19265,5754
Gm19267,696
Gm19269,804
Gm19272,12272
Gm19276,4323
Gm19277,17589
Gm19280,205
Gm19283,1557
Gm19287,358
Gm19290,311
Gm19291,379
Gm19299,4604
Gm19301,2615
Gm19303,1874
Gm19309,205
Gm19311,466
Gm19312,797
Gm19320,473
Gm19324,1153
Gm19325,3382
Gm19326,326
Gm19327,3271
Gm19331,1092
Gm19334,2152
Gm19335,2069
Gm19337,1584
Gm19340,345
Gm19345,993
Gm19353,445
Gm19366,156
Gm19368,4424
Gm19371,288
Gm19385,2647
Gm19391,6369
Gm19399,153
Gm19409,2858
Gm19410,6352
Gm19412,4174
Gm19417,1634
Gm19418,580
Gm19426,5348
Gm19427,208
Gm19428,1737
Gm1943,174
Gm19430,2137
Gm19434,2573
Gm19437,1065
Gm19439,12356
Gm19441,330
Gm19445,2438
Gm19448,3737
Gm19457,448
Gm19459,835
Gm19461,12120
Gm19465,1391
Gm19466,8884
Gm1947,910
Gm19480,667
Gm19486,174
Gm19497,11694
Gm19498,331
Gm19500,11848
Gm19503,241
Gm19505,328
Gm19510,3043
Gm19514,4489
Gm19519,8094
Gm19522,5305
Gm19531,2644
Gm19540,810
Gm19541,2868
Gm19552,2833
Gm19553,494
Gm19554,5899
Gm19557,2765
Gm19560,514
Gm19563,270
Gm19566,610
Gm19569,2571
Gm19571,373
Gm19572,338
Gm19582,3706
Gm19583,3841
Gm19585,12898
Gm19587,545
Gm19589,8195
Gm19590,7937
Gm19596,739
Gm19599,358
Gm19605,10722
Gm19610,5427
Gm19611,1865
Gm19612,982
Gm19617,308
Gm19619,11546
Gm19620,434
Gm19624,218
Gm19637,579
Gm19640,464
Gm19641,417
Gm19649,822
Gm1965,9204
Gm19653,1039
Gm19656,4610
Gm19663,2991
Gm19666,1893
Gm19667,3334
Gm1968,37997
Gm19680,1513
Gm19683,1781
Gm19684,1611
Gm19688,424
Gm19689,31071
Gm1969,1220
Gm19692,2084
Gm19694,505
Gm19696,33994
Gm19705,41304
Gm19708,9607
Gm19709,482
Gm19710,1553
Gm19716,1837
Gm19719,4230
Gm1972,964
Gm19721,1764
Gm19723,562
Gm19724,186
Gm19726,240
Gm19739,153
Gm19744,33587
Gm19755,195
Gm19757,2971
Gm1976,43183
Gm19761,391
Gm19764,649
Gm19771,235
Gm19774,114
Gm19777,358
Gm19782,4212
Gm19784,4666
Gm19786,580
Gm1979,2363
Gm19790,251
Gm19791,859
Gm19792,2021
Gm19798,457
Gm1980,2306
Gm19801,1882
Gm19802,1845
Gm19807,667
Gm19810,251
Gm19811,260
Gm19815,335
Gm19817,2132
Gm1982,1887
Gm19829,2104
Gm19835,970
Gm19840,882
Gm19843,772
Gm19853,400
Gm19855,249
Gm19863,2218
Gm19866,5276
Gm19867,485
Gm19872,35033
Gm1988,2565
Gm19880,318
Gm19883,481
Gm19885,343
Gm19891,303
Gm19897,1312
Gm19898,251
Gm19900,576
Gm19901,495
Gm19908,391
Gm19911,711
Gm19918,400
Gm1992,266
Gm19921,703
Gm19927,781
Gm1993,1131
Gm19931,368
Gm19932,313
Gm19935,979
Gm19936,838
Gm19938,3259
Gm19945,240
Gm1995,2602
Gm19951,1348
Gm19956,3907
Gm19963,1255
Gm19965,3030
Gm19967,2138
Gm19969,169
Gm19972,5664
Gm19987,499
Gm19989,1255
Gm19990,11418
Gm19994,586
Gm20005,8351
Gm20008,2370
Gm20016,1128
Gm20026,318
Gm2003,636
Gm20033,24364
Gm20036,2692
Gm20039,394
Gm2004,4546
Gm20040,401
Gm20043,2565
Gm20045,5577
Gm20049,730
Gm2005,542
Gm20052,8192
Gm20056,519
Gm20058,284
Gm20063,14403
Gm20069,655
Gm2007,2662
Gm20070,227
Gm20072,292
Gm20074,484
Gm20082,331
Gm20083,9745
Gm20089,2084
Gm20091,189
Gm20098,4491
Gm20100,2272
Gm20102,220
Gm20108,153
Gm20109,2332
Gm2011,5189
Gm20111,319
Gm20118,162
Gm2012,1550
Gm20121,1594
Gm20125,11429
Gm20127,458
Gm20128,417
Gm20136,891
Gm20139,28182
Gm20144,165
Gm20147,493
Gm20149,1667
Gm20150,486
Gm20153,6427
Gm20156,1276
Gm20161,2816
Gm20162,871
Gm20163,7646
Gm20164,316
Gm20167,150
Gm20172,1551
Gm20177,334
Gm2018,478
Gm20186,14138
Gm20190,1284
Gm2020,579
Gm20203,332
Gm20208,18936
Gm2021,464
Gm20223,805
Gm20234,4139
Gm20236,4540
Gm20239,982
Gm20241,547
Gm20242,1855
Gm20257,130
Gm2026,3280
Gm20268,2994
Gm2027,1629
Gm20274,584
Gm20275,4384
Gm20276,2648
Gm20281,267
Gm20287,2367
Gm20288,180
Gm20294,476
Gm2030,1129
Gm20300,3440
Gm20302,275
Gm20304,444
Gm20305,177
Gm20319,9493
Gm20324,1669
Gm2033,2287
Gm20336,1283
Gm20337,5329
Gm20348,751
Gm20356,2477
Gm20362,2072
Gm20368,301
Gm20369,307
Gm20371,1756
Gm20379,1204
Gm20383,6128
Gm20386,132
Gm20387,5483
Gm20389,6217
Gm20391,106
Gm20392,701
Gm20394,942
Gm20395,690
Gm20396,745
Gm20397,362
Gm20399,132
Gm2040,289
Gm20400,2720
Gm20401,212
Gm20402,687
Gm20403,372
Gm20404,1281
Gm20405,229
Gm20406,747
Gm20407,598
Gm20409,130
Gm20412,633
Gm20414,646
Gm20415,423
Gm20416,484
Gm2042,7900
Gm20420,1749
Gm20421,672
Gm20422,1482
Gm20426,440
Gm20427,4406
Gm20428,283
Gm20429,10807
Gm20430,207
Gm20431,2367
Gm20432,250
Gm20438,329
Gm2044,2846
Gm20441,756
Gm20442,1535
Gm20443,879
Gm20444,648
Gm20445,565
Gm20447,599
Gm20449,3847
Gm20450,147
Gm20451,273
Gm20452,513
Gm20453,226
Gm20454,221
Gm20455,1543
Gm20456,385
Gm20457,2442
Gm20458,1369
Gm20460,1572
Gm20461,305
Gm20462,408
Gm20463,1023
Gm20465,3511
Gm20467,4589
Gm20468,20912
Gm20470,1797
Gm20471,4218
Gm20472,1240
Gm20473,112
Gm20474,596
Gm20475,424
Gm20477,280
Gm20478,5374
Gm20479,556
Gm2048,690
Gm20480,250
Gm20481,564
Gm20482,9057
Gm20483,851
Gm20484,4061
Gm20485,1711
Gm20486,128
Gm20488,4373
Gm20490,198
Gm20491,1241
Gm20492,1768
Gm20493,392
Gm20495,235
Gm20496,894
Gm20500,321
Gm20501,9977
Gm20507,2860
Gm20508,1093
Gm20509,1201
Gm20511,1222
Gm20513,9462
Gm20515,16390
Gm20517,7010
Gm20518,3811
Gm20519,359
Gm20521,1245
Gm20522,2550
Gm20523,1124
Gm20525,48
Gm20526,158
Gm20528,1753
Gm20529,203
Gm2053,631
Gm20530,254
Gm20531,1373
Gm20532,780
Gm20534,172
Gm20535,1268
Gm20536,406
Gm20537,1225
Gm20538,996
Gm20540,1158
Gm20541,1406
Gm20542,372
Gm20543,726
Gm20544,59016
Gm20545,210
Gm20546,1889
Gm20547,4059
Gm20548,4972
Gm20549,429
Gm20553,844
Gm20554,14684
Gm20555,3433
Gm20556,3329
Gm20557,3649
Gm20559,16982
Gm20560,5864
Gm20561,292
Gm20564,473
Gm20568,208
Gm20570,132
Gm20574,917
Gm2058,560
Gm20586,547
Gm20587,1186
Gm20589,2530
Gm2059,287
Gm20593,266
Gm20596,153
Gm20597,10191
Gm20604,2795
Gm20605,4464
Gm20609,1527
Gm2061,6365
Gm20610,17047
Gm20611,7873
Gm20612,236
Gm20613,345
Gm20614,632
Gm20615,705
Gm20616,5862
Gm20617,4846
Gm20618,9632
Gm20619,66706
Gm20620,168
Gm20621,2449
Gm20627,1868
Gm20628,3215
Gm20629,513
Gm20630,551
Gm20631,7324
Gm20632,2849
Gm20633,3307
Gm20634,2956
Gm20636,707
Gm20637,462
Gm20638,550
Gm20641,615
Gm20642,6406
Gm20643,322
Gm20644,2063
Gm20646,8632
Gm20647,1824
Gm20648,328
Gm20649,2740
Gm2065,2757
Gm20650,198
Gm20651,329
Gm20652,383
Gm20655,16070
Gm20656,518
Gm20657,515
Gm20658,4084
Gm20659,1603
Gm2066,389
Gm20660,289
Gm20661,2958
Gm20662,2472
Gm20663,474
Gm20667,1930
Gm20670,6147
Gm20672,261
Gm20673,430
Gm20674,369
Gm20675,2612
Gm20679,1402
Gm20681,503
Gm20682,3517
Gm20683,2790
Gm20684,19399
Gm20686,581
Gm20688,512
Gm20689,279
Gm20690,670
Gm20691,333
Gm20692,681
Gm20693,211
Gm20694,404
Gm20695,1094
Gm20696,4889
Gm20700,2206
Gm20701,347
Gm20702,460
Gm20703,5188
Gm20705,3056
Gm20706,2023
Gm20707,2516
Gm20708,1780
Gm20711,714
Gm20712,1491
Gm20713,435
Gm20714,8600
Gm20715,4460
Gm20716,5288
Gm20717,1343
Gm20718,259
Gm20730,359
Gm20731,2288
Gm20732,4663
Gm20734,193
Gm20735,3036
Gm20736,1262
Gm20737,1338
Gm20738,1225
Gm20742,7407
Gm20743,11105
Gm20744,3066
Gm20745,3796
Gm20747,1907
Gm20749,3492
Gm20750,4730
Gm20751,11027
Gm20752,3905
Gm20753,12694
Gm20755,1827
Gm20756,3160
Gm20757,6210
Gm20758,5231
Gm2076,971
Gm20760,648
Gm20762,243
Gm20763,1858
Gm20764,409
Gm20768,2336
Gm20769,330
Gm2077,319
Gm20770,694
Gm20772,1343
Gm20773,1341
Gm20775,1851
Gm20776,700
Gm20777,1341
Gm20778,627
Gm20781,693
Gm20784,1246
Gm20786,436
Gm20788,697
Gm20789,4195
Gm20791,693
Gm20792,1191
Gm20793,696
Gm20794,628
Gm20795,2043
Gm20796,5838
Gm20797,383
Gm20798,696
Gm20799,696
Gm2080,1573
Gm20800,693
Gm20801,678
Gm20802,698
Gm20803,694
Gm20804,696
Gm20805,696
Gm20806,1907
Gm20807,1336
Gm20808,693
Gm20809,1908
Gm20810,696
Gm20811,553
Gm20812,1914
Gm20813,705
Gm20814,922
Gm20815,1224
Gm20816,1909
Gm20817,923
Gm20818,693
Gm20819,925
Gm20820,921
Gm20821,1153
Gm20822,1916
Gm20823,1231
Gm20824,919
Gm20825,1910
Gm20826,5363
Gm20827,696
Gm20828,1916
Gm20830,1905
Gm20831,2494
Gm20832,665
Gm20833,696
Gm20834,1904
Gm20835,1072
Gm20836,696
Gm20837,1349
Gm20838,1191
Gm20840,696
Gm20841,696
Gm20842,696
Gm20843,1179
Gm20844,654
Gm20846,693
Gm20847,678
Gm20848,678
Gm20849,696
Gm20850,924
Gm20851,696
Gm20852,1908
Gm20853,693
Gm20854,2158
Gm20855,1195
Gm20856,696
Gm20857,657
Gm20858,657
Gm20859,693
Gm20860,696
Gm20861,693
Gm20862,696
Gm20863,696
Gm20864,696
Gm20865,2081
Gm20866,696
Gm20867,1908
Gm20868,1955
Gm20869,924
Gm2087,748
Gm20870,922
Gm20871,931
Gm20873,2041
Gm20874,663
Gm20877,2434
Gm20878,3568
Gm20879,1968
Gm20880,696
Gm20881,693
Gm20882,696
Gm20883,922
Gm20884,693
Gm20885,654
Gm20886,693
Gm20887,696
Gm20888,919
Gm20889,696
Gm2089,479
Gm20890,1175
Gm20891,696
Gm20892,696
Gm20893,693
Gm20894,1072
Gm20895,693
Gm20896,921
Gm20897,923
Gm20898,693
Gm2090,740
Gm20900,472
Gm20901,1510
Gm20902,696
Gm20903,923
Gm20904,696
Gm20905,923
Gm20906,923
Gm20907,693
Gm20908,922
Gm20909,1907
Gm20910,696
Gm20911,1195
Gm20912,693
Gm20913,696
Gm20914,1912
Gm20915,663
Gm20916,1400
Gm20917,2214
Gm20918,1911
Gm20919,696
Gm20920,1071
Gm20921,652
Gm20922,696
Gm20923,319
Gm20924,1914
Gm20925,696
Gm20926,696
Gm20927,696
Gm20928,696
Gm20929,923
Gm2093,10167
Gm20930,696
Gm20931,922
Gm20932,694
Gm20933,693
Gm20934,696
Gm20935,693
Gm20936,658
Gm20937,1105
Gm20939,6413
Gm20940,360
Gm20942,589
Gm20945,1145
Gm20946,461
Gm20948,449
Gm20949,952
Gm20953,2614
Gm20954,644
Gm20957,634
Gm20963,174
Gm20978,174
Gm2098,1763
Gm20987,174
Gm2099,412
Gm20997,231
Gm21006,667
Gm21007,326
Gm21009,1669
Gm2101,3823
Gm21010,1286
Gm21011,2047
Gm21013,1201
Gm21018,1192
Gm2102,2868
Gm21021,1186
Gm21025,1058
Gm21026,1345
Gm21027,1236
Gm21032,2578
Gm21033,2608
Gm21034,2608
Gm21035,2608
Gm21036,2611
Gm21037,2608
Gm21038,1383
Gm21039,2012
Gm21040,1132
Gm21041,823
Gm21043,1517
Gm21045,1020
Gm21046,1447
Gm21048,1166
Gm21049,987
Gm21050,1020
Gm21051,1688
Gm21055,368
Gm21056,423
Gm21057,3727
Gm2106,1550
Gm21060,12449
Gm21063,969
Gm21064,2950
Gm21065,696
Gm21070,985
Gm21076,696
Gm2108,2177
Gm21083,1141
Gm21088,316
Gm21089,325
Gm2109,1409
Gm21092,955
Gm21093,1474
Gm21094,926
Gm21095,1175
Gm21103,2266
Gm21111,696
Gm21112,578
Gm21114,1998
Gm21115,2578
Gm21117,925
Gm21118,1903
Gm21122,3452
Gm21123,3417
Gm21127,693
Gm21129,2560
Gm21135,436
Gm21136,2575
Gm21139,877
Gm21142,2604
Gm21147,913
Gm21149,1212
Gm21151,693
Gm21152,3483
Gm21154,3688
Gm21155,693
Gm21156,869
Gm2116,1606
Gm21160,696
Gm21162,672
Gm21163,693
Gm21168,1096
Gm2117,3165
Gm21170,419
Gm21171,673
Gm21173,1175
Gm21178,728
Gm21180,696
Gm21181,330
Gm21182,794
Gm21184,693
Gm21190,1167
Gm21191,930
Gm21198,696
Gm21201,693
Gm21209,1173
Gm21221,4005
Gm2123,2836
Gm21232,1006
Gm21241,934
Gm21242,1989
Gm21244,3115
Gm21245,696
Gm21247,693
Gm21248,696
Gm21249,696
Gm21256,1193
Gm21257,696
Gm21258,1357
Gm21268,696
Gm21269,14524
Gm21271,693
Gm21275,696
Gm21276,2626
Gm2128,2560
Gm21281,693
Gm21282,696
Gm21283,3115
Gm21284,5896
Gm21285,693
Gm21286,545
Gm21287,696
Gm21292,1225
Gm21294,934
Gm21297,126
Gm21301,699
Gm21302,1978
Gm21308,696
Gm21310,2042
Gm21316,1983
Gm21317,1188
Gm21321,446
Gm21330,2028
Gm21333,696
Gm21340,696
Gm21344,693
Gm21350,696
Gm21358,1659
Gm2136,2577
Gm21362,928
Gm21366,923
Gm2137,947
Gm21370,709
Gm21378,1246
Gm21379,1955
Gm21380,696
Gm21387,696
Gm21388,21806
Gm2139,1075
Gm21392,972
Gm21394,1907
Gm21396,693
Gm21399,597
Gm2140,464
Gm21405,930
Gm21409,1269
Gm2141,540
Gm21411,1296
Gm21412,696
Gm21413,174
Gm21419,173
Gm2142,589
Gm21425,1345
Gm21427,696
Gm21428,174
Gm21430,998
Gm21435,696
Gm21440,1344
Gm21443,696
Gm21450,174
Gm21451,2775
Gm21454,2441
Gm21461,863
Gm21462,696
Gm21469,2005
Gm2147,639
Gm21470,696
Gm21476,693
Gm21477,924
Gm2148,1096
Gm21488,1175
Gm21489,818
Gm21497,1171
Gm2150,529
Gm21506,696
Gm21518,1173
Gm21524,696
Gm21529,672
Gm21530,694
Gm21539,672
Gm21542,993
Gm2155,3330
Gm21559,855
Gm21560,2066
Gm21562,672
Gm21569,2036
Gm2157,367
Gm21572,672
Gm21573,691
Gm21577,697
Gm21586,582
Gm21588,672
Gm21596,1316
Gm21599,672
Gm2161,705
Gm21614,1005
Gm21616,997
Gm21617,691
Gm21620,710
Gm21626,672
Gm21627,918
Gm2163,3365
Gm21631,754
Gm21633,672
Gm21634,694
Gm21638,836
Gm2164,2327
Gm21642,696
Gm21647,664
Gm2165,3823
Gm21650,1141
Gm21654,691
Gm21655,3226
Gm21658,696
Gm21660,696
Gm21661,696
Gm21663,2864
Gm21672,696
Gm21673,436
Gm21678,696
Gm21679,6842
Gm21680,2975
Gm21683,678
Gm21691,8175
Gm21698,3333
Gm21715,694
Gm21717,696
Gm21718,1333
Gm21719,1358
Gm21720,696
Gm21721,1225
Gm21722,696
Gm21723,672
Gm21724,696
Gm21725,5383
Gm21726,392
Gm21728,695
Gm21729,664
Gm21733,696
Gm21734,696
Gm21735,696
Gm21736,693
Gm21737,664
Gm21739,1195
Gm2174,402
Gm21740,696
Gm21741,696
Gm21742,548
Gm21744,662
Gm21745,696
Gm21746,543
Gm21748,3779
Gm21749,696
Gm21751,696
Gm21752,696
Gm21753,696
Gm21754,479
Gm21755,696
Gm21756,930
Gm21757,696
Gm21758,819
Gm21759,1828
Gm2176,2497
Gm21760,1175
Gm21763,696
Gm21764,4383
Gm21765,696
Gm21766,696
Gm21767,2270
Gm21768,696
Gm21769,111
Gm21771,696
Gm21772,478
Gm21773,1083
Gm21774,696
Gm21775,540
Gm21776,1083
Gm21777,696
Gm21778,1482
Gm21779,696
Gm2178,357
Gm21780,672
Gm21781,4838
Gm21782,678
Gm21783,696
Gm21784,694
Gm21785,696
Gm21787,693
Gm21788,543
Gm21789,333
Gm21790,693
Gm21791,696
Gm21792,696
Gm21794,696
Gm21795,696
Gm21796,696
Gm21797,6538
Gm21799,696
Gm21800,6536
Gm21801,672
Gm21802,696
Gm21803,693
Gm21804,693
Gm21805,696
Gm21806,696
Gm21808,696
Gm21809,642
Gm21810,696
Gm21811,930
Gm21812,1908
Gm21813,696
Gm21814,8597
Gm21815,664
Gm21816,5525
Gm21817,2583
Gm21819,696
Gm2182,663
Gm21821,673
Gm21822,6538
Gm21823,696
Gm21824,696
Gm21825,696
Gm21826,696
Gm21827,423
Gm21828,6535
Gm21829,696
Gm21832,691
Gm21835,696
Gm21837,696
Gm21838,696
Gm21840,696
Gm21841,696
Gm21842,672
Gm21843,694
Gm21844,663
Gm21845,696
Gm21846,3073
Gm21847,1804
Gm21848,696
Gm21849,696
Gm21850,359
Gm21851,696
Gm21853,664
Gm21854,1480
Gm21855,696
Gm21856,696
Gm21858,1175
Gm21859,5910
Gm21861,1191
Gm21862,696
Gm21863,336
Gm21864,696
Gm21865,1175
Gm21866,6538
Gm21867,696
Gm21868,694
Gm21869,696
Gm21870,367
Gm21871,696
Gm21872,678
Gm21873,696
Gm21874,1538
Gm21875,696
Gm21877,694
Gm21878,696
Gm21879,696
Gm21880,696
Gm21881,696
Gm21882,3241
Gm21883,333
Gm21889,695
Gm2189,429
Gm21890,696
Gm21891,6538
Gm21892,696
Gm21893,397
Gm21894,546
Gm21895,696
Gm21896,696
Gm21898,696
Gm21899,696
Gm21900,543
Gm21901,696
Gm21902,696
Gm21903,90
Gm21904,6538
Gm21906,696
Gm21907,696
Gm21908,696
Gm21909,439
Gm21910,696
Gm21912,696
Gm21913,3242
Gm21914,672
Gm21916,672
Gm21917,6201
Gm21918,696
Gm21919,696
Gm2192,22451
Gm21920,695
Gm21921,1083
Gm21922,678
Gm21923,696
Gm21924,696
Gm21926,659
Gm21928,1962
Gm21929,2071
Gm21930,1124
Gm21937,218
Gm21939,2773
Gm21940,2999
Gm21941,562
Gm21943,1229
Gm21953,520
Gm21955,4968
Gm21956,522
Gm21957,438
Gm21959,452
Gm21960,452
Gm21963,330
Gm21965,384
Gm21969,4402
Gm21970,2579
Gm21971,337
Gm21972,776
Gm21973,358
Gm21974,2037
Gm21976,528
Gm21977,1091
Gm21978,377
Gm21979,291
Gm21980,7732
Gm21981,2721
Gm21982,3821
Gm21983,1690
Gm21984,822
Gm21985,4532
Gm21986,5560
Gm21988,2055
Gm21989,405
Gm2199,874
Gm21990,383
Gm21991,508
Gm21992,8566
Gm21996,1195
Gm21998,1308
Gm21999,387
Gm2200,764
Gm22000,1157
Gm22003,107
Gm22004,107
Gm22005,141
Gm22006,114
Gm22009,343
Gm22011,123
Gm22013,103
Gm22018,131
Gm22019,96
Gm22020,136
Gm22021,107
Gm22022,127
Gm22023,130
Gm22027,127
Gm2203,934
Gm22031,126
Gm22034,134
Gm22039,132
Gm22042,165
Gm22043,158
Gm22044,107
Gm22045,108
Gm22046,94
Gm22047,94
Gm22050,79
Gm22053,200
Gm22054,155
Gm22055,107
Gm22056,81
Gm22057,107
Gm22059,104
Gm22060,107
Gm22061,107
Gm22062,107
Gm22063,107
Gm22067,107
Gm22068,164
Gm22069,107
Gm22070,107
Gm22073,189
Gm22074,113
Gm22078,103
Gm22079,106
Gm22082,161
Gm22085,110
Gm22087,88
Gm22089,102
Gm22090,111
Gm22092,107
Gm22099,123
Gm22100,63
Gm22105,116
Gm22106,127
Gm22107,100
Gm22108,106
Gm22109,119
Gm22111,79
Gm22113,104
Gm22114,107
Gm22115,133
Gm22116,141
Gm22122,200
Gm22123,53
Gm22126,142
Gm22127,106
Gm22128,94
Gm22129,107
Gm2213,688
Gm22130,79
Gm22131,94
Gm22138,128
Gm22139,105
Gm2214,330
Gm22140,120
Gm22144,102
Gm22145,148
Gm22146,2191
Gm22148,107
Gm22149,273
Gm22150,135
Gm22152,125
Gm22154,131
Gm22155,162
Gm22156,141
Gm22157,104
Gm22158,126
Gm22159,130
Gm22163,135
Gm22165,103
Gm22169,107
Gm22170,107
Gm22177,158
Gm22180,59
Gm22186,122
Gm22187,129
Gm22192,85
Gm22193,76
Gm22199,126
Gm22200,67
Gm22203,58
Gm22205,71
Gm22206,116
Gm22208,110
Gm2221,418
Gm22210,144
Gm22212,106
Gm22215,96
Gm22218,59
Gm22219,10648
Gm22220,149
Gm22221,103
Gm22223,125
Gm22226,109
Gm22229,108
Gm2223,1350
Gm22233,114
Gm22236,106
Gm22245,103
Gm22246,107
Gm22247,131
Gm22248,150
Gm22249,136
Gm2225,377
Gm22251,107
Gm22252,79
Gm22253,79
Gm22255,79
Gm22258,94
Gm22259,107
Gm22260,107
Gm22263,104
Gm22264,107
Gm22265,116
Gm22266,138
Gm22267,131
Gm22268,131
Gm22269,130
Gm22270,132
Gm22271,128
Gm22272,134
Gm22273,132
Gm22274,79
Gm22279,93
Gm22281,103
Gm22283,161
Gm22284,132
Gm22285,94
Gm22286,107
Gm22287,107
Gm22288,107
Gm2229,710
Gm22290,107
Gm22291,119
Gm22293,109
Gm22294,104
Gm22295,107
Gm22296,103
Gm22297,106
Gm22298,133
Gm22299,136
Gm22300,126
Gm22301,107
Gm22302,106
Gm22303,122
Gm22304,129
Gm22305,108
Gm22306,107
Gm22307,107
Gm22308,107
Gm2231,612
Gm22310,116
Gm22312,130
Gm22313,129
Gm22315,143
Gm22317,164
Gm22319,122
Gm22321,104
Gm22322,111
Gm22324,114
Gm22327,108
Gm2233,1916
Gm22330,115
Gm22331,136
Gm22332,126
Gm22333,101
Gm22334,133
Gm22335,99
Gm22336,107
Gm22337,132
Gm22339,62
Gm22341,129
Gm22345,107
Gm22347,132
Gm22348,79
Gm22350,156
Gm22351,107
Gm22352,107
Gm22353,136
Gm22354,70
Gm22357,83
Gm22358,122
Gm22359,108
Gm22360,107
Gm22361,176
Gm22362,134
Gm22363,108
Gm22364,98
Gm22365,117
Gm22367,132
Gm2237,2246
Gm22371,130
Gm22372,136
Gm22373,89
Gm22374,132
Gm22378,111
Gm22379,131
Gm22380,95
Gm22381,107
Gm22382,130
Gm22386,129
Gm22387,131
Gm22391,79
Gm22392,107
Gm22393,79
Gm22394,76
Gm22416,88
Gm22417,94
Gm22418,107
Gm22421,107
Gm22422,135
Gm22423,184
Gm22424,87
Gm22425,138
Gm22428,132
Gm22429,130
Gm22430,107
Gm22433,142
Gm22434,122
Gm22438,132
Gm22439,132
Gm2244,1506
Gm22442,144
Gm22443,107
Gm22444,108
Gm22446,104
Gm22447,92
Gm22448,107
Gm22449,79
Gm2245,9983
Gm22450,107
Gm22451,151
Gm22452,104
Gm22454,107
Gm22455,71
Gm22456,125
Gm22458,107
Gm22459,108
Gm22469,133
Gm22470,130
Gm22471,130
Gm22472,134
Gm22473,132
Gm22474,107
Gm22476,100
Gm22479,81
Gm22480,128
Gm22488,127
Gm22489,62
Gm22490,119
Gm22491,102
Gm22493,132
Gm22494,128
Gm22495,126
Gm22496,88
Gm22497,131
Gm22498,86
Gm22499,135
Gm22500,99
Gm22501,127
Gm22502,107
Gm22503,115
Gm22504,139
Gm22505,108
Gm22506,98
Gm22507,160
Gm22509,107
Gm22510,79
Gm22511,79
Gm22513,164
Gm22516,124
Gm22517,136
Gm22519,178
Gm22520,129
Gm22521,134
Gm22522,151
Gm22523,100
Gm22524,79
Gm22529,123
Gm2253,414
Gm22530,118
Gm22531,140
Gm22534,104
Gm22536,134
Gm22539,117
Gm22540,117
Gm22542,95
Gm22543,94
Gm22544,127
Gm22545,132
Gm22546,130
Gm22549,107
Gm22550,107
Gm22551,103
Gm22554,147
Gm22557,102
Gm22559,134
Gm22567,342
Gm22571,70
Gm22572,105
Gm22573,102
Gm22575,110
Gm22576,104
Gm22577,109
Gm22578,107
Gm22579,133
Gm22580,107
Gm22581,136
Gm22583,107
Gm22584,92
Gm22588,140
Gm22589,77
Gm22590,128
Gm22591,106
Gm22592,131
Gm22593,109
Gm22594,130
Gm22595,130
Gm22597,80
Gm22598,127
Gm22599,132
Gm22603,96
Gm22605,108
Gm22606,103
Gm22608,103
Gm22609,121
Gm22614,165
Gm22618,107
Gm22620,133
Gm22621,74
Gm22622,129
Gm22623,107
Gm22627,79
Gm22628,107
Gm22629,79
Gm22630,79
Gm22631,94
Gm22632,79
Gm22633,107
Gm22638,107
Gm22640,79
Gm22642,252
Gm22645,107
Gm22649,298
Gm22652,131
Gm22654,105
Gm22656,171
Gm22657,132
Gm22658,155
Gm22659,130
Gm22660,130
Gm22661,132
Gm22663,102
Gm2267,1740
Gm22670,143
Gm22671,134
Gm22672,134
Gm22673,131
Gm22674,131
Gm22675,104
Gm22676,129
Gm22680,69
Gm22681,106
Gm22682,107
Gm22683,137
Gm22684,132
Gm22685,106
Gm22686,100
Gm22699,105
Gm2270,1797
Gm22701,291
Gm22704,137
Gm22708,103
Gm22711,268
Gm22713,130
Gm22716,107
Gm22717,171
Gm2272,582
Gm22720,87
Gm22722,132
Gm22723,129
Gm22724,127
Gm22725,110
Gm22727,116
Gm22728,129
Gm22732,121
Gm22733,91
Gm22738,147
Gm22739,160
Gm22740,109
Gm22741,165
Gm22743,133
Gm22744,65
Gm22746,107
Gm22747,107
Gm22748,136
Gm22749,107
Gm22753,107
Gm22756,107
Gm22762,137
Gm22763,107
Gm22764,92
Gm22766,99
Gm22767,165
Gm22769,98
Gm22771,91
Gm22772,121
Gm22776,94
Gm22777,129
Gm22778,128
Gm22779,107
Gm22780,132
Gm22781,137
Gm22782,132
Gm22783,107
Gm22784,132
Gm22785,132
Gm22786,122
Gm22788,61
Gm22789,130
Gm22791,145
Gm22792,133
Gm22795,118
Gm22797,131
Gm22798,107
Gm22805,107
Gm22806,136
Gm22807,129
Gm22808,107
Gm22809,156
Gm22810,158
Gm22811,154
Gm22812,94
Gm22813,247
Gm22815,62
Gm22817,356
Gm22818,104
Gm22821,107
Gm22822,107
Gm22823,107
Gm22826,165
Gm22827,107
Gm22828,107
Gm22829,106
Gm22830,130
Gm22833,132
Gm22834,79
Gm22836,61
Gm22840,136
Gm22841,62
Gm22845,104
Gm22847,105
Gm22850,82
Gm22851,94
Gm22857,134
Gm22858,76
Gm2286,1284
Gm22863,94
Gm22866,177
Gm22868,164
Gm2287,1000
Gm22870,112
Gm22871,54
Gm22876,298
Gm22879,74
Gm2288,638
Gm22880,103
Gm22881,134
Gm22882,124
Gm22883,106
Gm22884,140
Gm22885,107
Gm22886,107
Gm22887,107
Gm22888,77
Gm22889,58
Gm22890,144
Gm22893,116
Gm22897,255
Gm22899,131
Gm22900,130
Gm22902,302
Gm22909,79
Gm22910,132
Gm22911,107
Gm22912,79
Gm22915,136
Gm22916,119
Gm22927,131
Gm22929,107
Gm22934,132
Gm22935,104
Gm22936,126
Gm22937,131
Gm22938,120
Gm22939,131
Gm22941,94
Gm22942,124
Gm22944,133
Gm22945,157
Gm22946,82
Gm22947,91
Gm22950,107
Gm22951,107
Gm22953,101
Gm22956,80
Gm22958,184
Gm22960,104
Gm22965,101
Gm22966,129
Gm22969,107
Gm22970,186
Gm22971,97
Gm22972,131
Gm22973,191
Gm22974,103
Gm22975,107
Gm22977,107
Gm22978,160
Gm22979,159
Gm22980,70
Gm22981,75
Gm22984,122
Gm22985,116
Gm22988,144
Gm22995,107
Gm22996,79
Gm22997,107
Gm22999,88
Gm23000,139
Gm23002,107
Gm23003,107
Gm23005,136
Gm23008,80
Gm23010,126
Gm23011,132
Gm23012,83
Gm23013,106
Gm23014,130
Gm23015,128
Gm23016,62
Gm23017,72
Gm23021,169
Gm23022,180
Gm23025,111
Gm23031,119
Gm23032,107
Gm23033,134
Gm23034,147
Gm23035,106
Gm23036,99
Gm23038,104
Gm23039,161
Gm23040,163
Gm23041,106
Gm23042,101
Gm23043,109
Gm23044,100
Gm23047,94
Gm23048,129
Gm23050,165
Gm23054,162
Gm23055,94
Gm23056,111
Gm23057,107
Gm23058,107
Gm23059,107
Gm23067,62
Gm2307,1284
Gm23072,123
Gm23076,79
Gm23077,116
Gm23079,117
Gm2308,1004
Gm23080,103
Gm23082,133
Gm23083,116
Gm23089,94
Gm2309,1941
Gm23090,78
Gm23092,107
Gm23093,102
Gm23095,107
Gm23096,107
Gm23097,105
Gm23099,139
Gm2310,3544
Gm23100,141
Gm23101,137
Gm23102,116
Gm23103,107
Gm23104,104
Gm23105,134
Gm23109,126
Gm23111,105
Gm23112,125
Gm23113,99
Gm23116,67
Gm23117,108
Gm23118,187
Gm23119,140
Gm23123,144
Gm23124,107
Gm23125,106
Gm23126,134
Gm23127,130
Gm23128,265
Gm23129,132
Gm23130,74
Gm23131,132
Gm23132,132
Gm23136,99
Gm23137,107
Gm23138,103
Gm23139,132
Gm2314,586
Gm23140,107
Gm23141,94
Gm23142,105
Gm23143,116
Gm23144,107
Gm23145,79
Gm23148,107
Gm23151,107
Gm23153,313
Gm2316,921
Gm23167,103
Gm23168,143
Gm23169,112
Gm23175,132
Gm23176,130
Gm2318,639
Gm23180,125
Gm23181,110
Gm23182,135
Gm23185,85
Gm23186,107
Gm23187,86
Gm23191,107
Gm23194,105
Gm23195,129
Gm23196,107
Gm23199,107
Gm232,2559
Gm23200,132
Gm23201,89
Gm23202,129
Gm23203,107
Gm23205,103
Gm23206,184
Gm23207,102
Gm23210,98
Gm23212,60
Gm23214,157
Gm23216,107
Gm23217,107
Gm23219,87
Gm23220,137
Gm23223,127
Gm23225,114
Gm23226,103
Gm23229,105
Gm23230,133
Gm23231,104
Gm23233,137
Gm23234,134
Gm23238,164
Gm23239,181
Gm2324,662
Gm23240,121
Gm23241,106
Gm23242,107
Gm23244,92
Gm23245,135
Gm23246,67
Gm23247,107
Gm23248,108
Gm23249,161
Gm2325,581
Gm23254,79
Gm23258,106
Gm23260,172
Gm23261,136
Gm23262,168
Gm23264,107
Gm23265,94
Gm23266,134
Gm23267,132
Gm23269,107
Gm23270,131
Gm23271,124
Gm23272,129
Gm23273,135
Gm23274,130
Gm23275,104
Gm23276,138
Gm23277,136
Gm23278,143
Gm2328,535
Gm23280,139
Gm23284,119
Gm23286,79
Gm23287,116
Gm23293,104
Gm23294,164
Gm23296,107
Gm23297,127
Gm23298,107
Gm23300,125
Gm23301,65
Gm23302,100
Gm23303,152
Gm23305,79
Gm23308,107
Gm23310,79
Gm23311,134
Gm23312,102
Gm23313,94
Gm23315,109
Gm23316,114
Gm23318,108
Gm23319,131
Gm23320,127
Gm23321,126
Gm23322,167
Gm23323,133
Gm23324,131
Gm23325,129
Gm23326,105
Gm23327,78
Gm23328,132
Gm23329,108
Gm2333,342
Gm23330,164
Gm23331,108
Gm23336,123
Gm23337,118
Gm23338,95
Gm23339,139
Gm23340,123
Gm23341,97
Gm23343,143
Gm23344,68
Gm23345,150
Gm23346,136
Gm23347,82
Gm23349,98
Gm23350,103
Gm23351,125
Gm23352,64
Gm23354,104
Gm23355,107
Gm23356,79
Gm23369,105
Gm23370,259
Gm23376,160
Gm23377,264
Gm23378,107
Gm23379,107
Gm23382,104
Gm23386,144
Gm23389,69
Gm23390,106
Gm23402,107
Gm23404,97
Gm23405,160
Gm23406,122
Gm23407,91
Gm23410,107
Gm23411,62
Gm23412,107
Gm23421,104
Gm23422,107
Gm23423,106
Gm23428,102
Gm23429,149
Gm2343,1042
Gm23431,107
Gm23432,131
Gm23434,100
Gm23435,156
Gm23437,127
Gm23439,132
Gm23440,130
Gm23441,127
Gm23442,134
Gm23443,128
Gm23444,191
Gm23445,107
Gm23446,94
Gm23447,163
Gm23448,104
Gm23449,79
Gm2345,589
Gm23451,122
Gm23452,107
Gm23453,106
Gm23454,133
Gm23455,100
Gm23458,169
Gm23459,131
Gm2346,1284
Gm23460,109
Gm23461,107
Gm23462,104
Gm23463,99
Gm23464,147
Gm23467,159
Gm23470,120
Gm23471,79
Gm23472,191
Gm23475,62
Gm23477,128
Gm23479,122
Gm2348,300
Gm23481,131
Gm23482,122
Gm23483,108
Gm23484,131
Gm23485,155
Gm2349,478
Gm23494,126
Gm23497,130
Gm23498,87
Gm2350,479
Gm23502,145
Gm23503,107
Gm23505,130
Gm23506,107
Gm23507,107
Gm23508,72
Gm23509,160
Gm23510,163
Gm23511,164
Gm23512,107
Gm23513,133
Gm23514,130
Gm23515,107
Gm23516,107
Gm23517,192
Gm23518,153
Gm23520,107
Gm23523,107
Gm23527,130
Gm23528,132
Gm23529,132
Gm23530,137
Gm23532,112
Gm23534,97
Gm23535,106
Gm23538,101
Gm23540,164
Gm23545,104
Gm23546,137
Gm23547,271
Gm23552,74
Gm23554,110
Gm23555,135
Gm23557,138
Gm23560,79
Gm23561,92
Gm23567,107
Gm23568,92
Gm23570,104
Gm23573,107
Gm23575,79
Gm23579,103
Gm23581,63
Gm23582,139
Gm23585,102
Gm23586,123
Gm23592,117
Gm23593,120
Gm23594,134
Gm23595,130
Gm23596,132
Gm23598,144
Gm23601,131
Gm23602,132
Gm23604,269
Gm23605,127
Gm23607,126
Gm23608,128
Gm23609,127
Gm2361,620
Gm23610,107
Gm23613,87
Gm23614,107
Gm23615,65
Gm23618,79
Gm23619,94
Gm23622,107
Gm23623,107
Gm23625,100
Gm23626,133
Gm23627,107
Gm23628,173
Gm23629,107
Gm23639,132
Gm23641,101
Gm23644,77
Gm23645,108
Gm23647,109
Gm23648,107
Gm23649,107
Gm23650,70
Gm23655,105
Gm23656,112
Gm2366,3982
Gm23660,79
Gm23661,87
Gm23664,89
Gm23665,62
Gm23666,116
Gm23669,128
Gm2367,472
Gm23670,119
Gm23674,131
Gm23675,125
Gm23676,105
Gm23677,104
Gm23678,107
Gm23680,164
Gm23682,79
Gm23686,164
Gm23687,79
Gm23688,79
Gm23690,94
Gm23691,107
Gm23692,160
Gm23698,128
Gm23699,135
Gm23703,143
Gm23705,130
Gm23706,82
Gm23707,125
Gm23708,123
Gm23709,130
Gm23711,83
Gm23712,107
Gm23714,105
Gm23716,144
Gm23721,107
Gm23722,130
Gm23723,132
Gm23725,107
Gm23727,164
Gm23730,107
Gm23731,107
Gm23732,107
Gm23733,106
Gm23734,109
Gm23735,134
Gm23736,75
Gm23737,159
Gm23738,171
Gm23741,171
Gm23744,149
Gm23745,125
Gm23746,125
Gm23747,131
Gm23748,131
Gm23749,131
Gm23750,132
Gm23751,136
Gm23754,63
Gm23758,90
Gm23760,116
Gm23767,94
Gm23768,131
Gm23769,121
Gm23774,131
Gm23779,64
Gm23786,240
Gm23787,73
Gm23788,106
Gm2379,11705
Gm23790,107
Gm23792,93
Gm23793,117
Gm23794,104
Gm23795,137
Gm23796,160
Gm23803,132
Gm23805,107
Gm2381,4073
Gm23814,102
Gm23815,107
Gm23816,132
Gm23817,104
Gm23819,109
Gm23822,128
Gm23823,124
Gm23826,119
Gm2383,807
Gm23831,85
Gm23834,129
Gm23835,132
Gm23838,162
Gm23839,109
Gm23845,152
Gm23846,107
Gm23847,110
Gm23848,106
Gm23849,191
Gm23850,169
Gm23851,103
Gm23852,77
Gm23855,135
Gm23856,99
Gm23858,106
Gm23859,64
Gm23860,132
Gm23862,94
Gm23864,107
Gm2387,646
Gm23877,129
Gm23879,126
Gm23887,172
Gm23889,104
Gm2389,189
Gm23891,138
Gm23892,130
Gm23895,160
Gm23896,130
Gm23897,158
Gm2390,897
Gm23901,107
Gm23902,134
Gm23903,131
Gm23904,124
Gm23906,128
Gm23907,189
Gm23908,132
Gm23909,131
Gm23910,132
Gm23911,134
Gm23916,399
Gm23921,107
Gm23922,79
Gm23923,133
Gm23924,108
Gm23925,132
Gm23926,90
Gm23928,145
Gm23932,107
Gm23933,79
Gm23934,107
Gm23939,133
Gm23940,105
Gm23941,107
Gm23942,107
Gm23944,79
Gm23946,197
Gm23947,107
Gm23948,132
Gm23949,127
Gm2395,424
Gm23950,129
Gm23951,132
Gm23952,4313
Gm23953,94
Gm23955,100
Gm23958,105
Gm2396,13645
Gm23960,131
Gm23965,142
Gm23966,107
Gm23969,74
Gm23970,107
Gm23971,191
Gm23972,165
Gm23974,131
Gm23975,106
Gm23977,74
Gm23979,128
Gm2398,883
Gm23980,158
Gm23981,106
Gm23984,203
Gm23985,124
Gm23986,63
Gm23987,129
Gm2399,225
Gm23991,93
Gm23993,144
Gm23994,88
Gm23995,129
Gm23996,131
Gm24000,89
Gm24002,104
Gm24003,100
Gm24004,178
Gm24006,132
Gm24008,138
Gm24013,99
Gm24016,68
Gm24018,107
Gm24019,107
Gm24021,79
Gm24027,79
Gm24029,143
Gm24030,164
Gm24031,131
Gm24032,159
Gm24035,107
Gm24036,156
Gm24037,180
Gm24038,159
Gm24039,132
Gm2404,844
Gm24040,79
Gm24041,156
Gm24042,103
Gm24043,116
Gm24044,156
Gm24045,98
Gm24046,165
Gm24056,146
Gm24061,120
Gm24064,106
Gm24066,131
Gm24067,85
Gm24068,132
Gm24069,127
Gm24070,130
Gm24071,132
Gm24072,74
Gm24075,72
Gm24077,136
Gm24079,132
Gm24086,98
Gm24088,79
Gm24091,83
Gm24095,133
Gm24097,107
Gm24099,107
Gm24100,79
Gm24105,293
Gm24116,107
Gm24117,133
Gm24118,126
Gm24119,246
Gm2412,426
Gm24120,129
Gm24121,106
Gm24122,132
Gm24123,83
Gm24124,132
Gm24125,137
Gm24126,106
Gm24127,130
Gm24128,99
Gm24129,97
Gm24130,151
Gm24131,107
Gm24134,71
Gm24136,165
Gm24137,79
Gm24138,114
Gm24141,115
Gm24142,107
Gm24143,145
Gm24144,111
Gm24145,163
Gm24147,144
Gm24149,107
Gm2415,10178
Gm24150,104
Gm24151,141
Gm24152,163
Gm24153,94
Gm24154,130
Gm24160,126
Gm24161,130
Gm24162,102
Gm24163,132
Gm24164,104
Gm24165,128
Gm24166,135
Gm24168,107
Gm24170,133
Gm24171,131
Gm24172,117
Gm24173,128
Gm24175,129
Gm24176,121
Gm24177,131
Gm24178,96
Gm24179,127
Gm24182,107
Gm24183,93
Gm24185,105
Gm24192,145
Gm24195,137
Gm24198,108
Gm24199,136
Gm2420,2351
Gm24200,157
Gm24201,125
Gm24202,103
Gm24203,114
Gm24204,107
Gm24205,107
Gm24206,79
Gm24207,108
Gm24208,135
Gm24210,133
Gm24211,107
Gm24212,132
Gm24216,117
Gm24218,105
Gm24219,79
Gm24220,79
Gm24221,313
Gm24223,90
Gm24224,1424
Gm24228,129
Gm24229,118
Gm2423,733
Gm24230,129
Gm24231,133
Gm24232,132
Gm24233,122
Gm24234,107
Gm24235,129
Gm24236,134
Gm2424,1103
Gm24240,135
Gm24241,145
Gm24242,107
Gm24244,130
Gm24246,132
Gm24249,64
Gm24251,114
Gm24252,132
Gm24253,76
Gm24254,104
Gm24255,128
Gm24256,84
Gm24257,131
Gm24258,133
Gm24259,107
Gm24260,107
Gm24261,104
Gm24262,144
Gm24263,107
Gm24264,94
Gm24265,141
Gm24267,107
Gm24268,110
Gm2427,881
Gm24274,124
Gm24278,127
Gm24279,131
Gm24280,134
Gm24281,136
Gm24283,107
Gm24285,100
Gm24286,128
Gm24288,144
Gm24289,135
Gm2429,586
Gm24291,162
Gm24292,107
Gm24295,131
Gm24296,106
Gm24298,60
Gm24299,71
Gm24304,107
Gm24305,164
Gm24306,79
Gm2431,519
Gm24310,79
Gm24311,104
Gm24312,119
Gm24313,133
Gm24314,123
Gm24316,107
Gm24317,107
Gm24318,131
Gm24319,107
Gm24326,125
Gm24334,128
Gm24335,132
Gm24336,146
Gm24337,126
Gm24338,127
Gm24339,76
Gm24340,97
Gm24341,125
Gm24343,111
Gm24345,124
Gm24347,142
Gm24348,130
Gm24349,101
Gm24350,132
Gm24352,125
Gm24355,122
Gm24356,106
Gm24357,74
Gm2436,850
Gm24362,416
Gm24373,132
Gm24374,106
Gm24375,132
Gm24376,127
Gm24377,131
Gm24378,106
Gm24379,86
Gm24381,104
Gm24382,107
Gm24384,75
Gm24388,107
Gm24389,107
Gm24390,62
Gm24392,103
Gm24393,97
Gm24394,123
Gm24395,125
Gm24398,109
Gm24399,74
Gm24400,107
Gm24401,91
Gm24403,130
Gm24405,167
Gm24407,141
Gm24409,152
Gm24410,107
Gm24411,131
Gm24412,109
Gm24414,107
Gm24415,107
Gm24416,114
Gm24417,79
Gm24418,79
Gm24422,119
Gm24423,106
Gm24424,107
Gm24429,132
Gm24430,104
Gm24432,126
Gm24433,133
Gm24434,132
Gm24435,110
Gm24437,104
Gm24440,63
Gm24443,132
Gm24445,107
Gm24446,156
Gm24448,107
Gm24449,106
Gm2445,989
Gm24451,133
Gm24452,72
Gm24453,76
Gm24454,132
Gm24455,131
Gm24456,107
Gm24457,105
Gm24458,107
Gm24459,86
Gm2446,847
Gm24460,106
Gm24461,103
Gm24463,72
Gm24464,107
Gm24465,107
Gm24467,126
Gm24468,104
Gm24469,131
Gm2447,4593
Gm24470,132
Gm24471,131
Gm24472,132
Gm24473,131
Gm24474,21276
Gm24475,143
Gm2448,559
Gm24481,102
Gm24486,107
Gm24487,63
Gm2449,4873
Gm24490,98
Gm24491,107
Gm24492,107
Gm24493,143
Gm24494,81
Gm24495,79
Gm24497,191
Gm24499,104
Gm24502,105
Gm24503,135
Gm24504,100
Gm24505,126
Gm24507,134
Gm24508,107
Gm2451,999
Gm24512,65
Gm24514,285
Gm24517,107
Gm24518,94
Gm24519,132
Gm24521,107
Gm24522,108
Gm24523,132
Gm24524,170
Gm24525,151
Gm24526,158
Gm24527,107
Gm24528,79
Gm2453,2002
Gm24533,196
Gm24535,107
Gm24536,107
Gm24537,102
Gm24538,107
Gm24539,133
Gm24540,107
Gm24546,102
Gm24547,149
Gm24548,108
Gm24549,139
Gm24552,103
Gm24553,131
Gm24554,73
Gm24555,124
Gm24556,130
Gm24564,75
Gm24565,107
Gm24566,79
Gm24568,92
Gm24569,104
Gm24570,79
Gm24574,74
Gm24576,248
Gm24577,63
Gm24578,129
Gm24579,144
Gm24580,131
Gm24581,133
Gm24582,103
Gm24584,107
Gm24585,79
Gm24592,106
Gm24593,106
Gm24595,110
Gm24596,107
Gm24598,74
Gm24599,50
Gm24607,133
Gm24608,136
Gm24609,94
Gm24610,109
Gm24611,107
Gm24612,107
Gm24613,130
Gm24614,107
Gm24615,113
Gm24616,139
Gm24618,94
Gm24620,130
Gm24621,140
Gm24622,162
Gm24623,194
Gm24624,164
Gm24625,130
Gm24626,161
Gm24629,89
Gm24630,106
Gm24631,81
Gm24635,128
Gm24637,85
Gm24638,132
Gm24639,79
Gm2464,4464
Gm24641,107
Gm24644,139
Gm24646,99
Gm24648,132
Gm24651,107
Gm24652,79
Gm24653,79
Gm24654,79
Gm24655,107
Gm24656,132
Gm24657,79
Gm24661,104
Gm24665,129
Gm24666,167
Gm24667,103
Gm24668,104
Gm24669,97
Gm2467,1010
Gm24670,132
Gm24671,158
Gm24674,104
Gm24676,75
Gm24677,150
Gm24678,104
Gm24679,111
Gm24680,126
Gm24681,107
Gm24686,93
Gm24687,241
Gm24691,140
Gm24693,107
Gm24695,83
Gm24696,134
Gm24697,107
Gm24698,130
Gm24701,105
Gm24702,79
Gm24704,107
Gm24706,137
Gm24707,107
Gm24708,103
Gm24709,132
Gm24711,94
Gm24712,74
Gm24713,107
Gm24716,104
Gm24717,124
Gm24718,136
Gm24719,110
Gm24722,107
Gm24723,132
Gm24725,125
Gm24726,121
Gm24727,144
Gm24728,125
Gm24729,137
Gm24730,117
Gm24731,131
Gm24732,63
Gm24735,118
Gm24737,100
Gm2474,559
Gm24745,85
Gm24750,104
Gm24751,102
Gm24753,107
Gm24754,107
Gm24759,79
Gm24760,94
Gm24762,104
Gm24763,190
Gm24764,199
Gm24765,103
Gm2477,554
Gm24770,92
Gm24771,137
Gm24774,134
Gm24775,99
Gm24780,143
Gm24781,117
Gm24782,132
Gm24784,62
Gm24787,123
Gm24788,156
Gm24789,131
Gm2479,2653
Gm24790,132
Gm24791,131
Gm24792,128
Gm24793,132
Gm24794,140
Gm24796,107
Gm24797,107
Gm24798,106
Gm24799,79
Gm24803,107
Gm24805,104
Gm24809,271
Gm24812,284
Gm24817,105
Gm24826,431
Gm24829,92
Gm24830,166
Gm24831,126
Gm24833,120
Gm24836,108
Gm24837,81
Gm24838,130
Gm24839,107
Gm24840,147
Gm24843,76
Gm24844,127
Gm24846,108
Gm24848,107
Gm24850,119
Gm24851,103
Gm24853,121
Gm24856,107
Gm24859,107
Gm24861,107
Gm24862,79
Gm24863,107
Gm24866,79
Gm24867,107
Gm24868,136
Gm24869,128
Gm24870,107
Gm24871,116
Gm24872,79
Gm24873,107
Gm24875,104
Gm24878,104
Gm24879,143
Gm24884,119
Gm24885,270
Gm24886,123
Gm24887,108
Gm24888,130
Gm24889,132
Gm24890,102
Gm24891,136
Gm24892,104
Gm24895,74
Gm24896,135
Gm24897,107
Gm24901,110
Gm24902,123
Gm24903,126
Gm24905,104
Gm24907,128
Gm24908,127
Gm24911,136
Gm24912,117
Gm24916,79
Gm24917,104
Gm24918,130
Gm24919,106
Gm2492,1394
Gm24920,85
Gm24921,107
Gm24922,102
Gm24924,164
Gm24925,107
Gm24926,79
Gm24927,107
Gm24928,107
Gm24929,139
Gm24940,108
Gm24942,114
Gm24943,433
Gm24947,110
Gm24948,207
Gm24949,215
Gm2495,466
Gm24950,191
Gm24952,79
Gm24957,132
Gm24958,97
Gm24963,144
Gm24965,106
Gm24966,79
Gm24967,107
Gm24968,107
Gm24969,79
Gm2497,601
Gm24977,163
Gm24978,107
Gm24981,132
Gm24982,132
Gm24983,69
Gm24984,133
Gm24985,129
Gm24986,132
Gm24987,134
Gm24988,121
Gm24989,88
Gm24992,130
Gm24994,121
Gm24998,89
Gm25004,161
Gm25005,156
Gm25006,107
Gm25007,133
Gm25008,81
Gm25009,102
Gm25010,65
Gm25013,128
Gm25014,103
Gm25015,128
Gm25016,131
Gm25017,79
Gm25018,119
Gm25020,107
Gm25021,107
Gm25023,107
Gm25024,104
Gm25038,130
Gm25039,107
Gm25043,212
Gm25045,99
Gm25047,104
Gm25049,73
Gm2505,825
Gm25052,158
Gm25053,265
Gm25054,97
Gm25056,62
Gm25058,128
Gm25059,117
Gm25061,107
Gm25064,107
Gm25065,132
Gm25066,123
Gm25072,235
Gm25074,94
Gm25076,132
Gm25077,79
Gm25078,107
Gm25079,203
Gm25080,107
Gm25081,108
Gm25085,79
Gm25087,78
Gm25088,79
Gm25089,79
Gm25090,132
Gm25091,71
Gm25092,129
Gm25093,132
Gm25094,131
Gm25095,131
Gm25096,129
Gm25097,145
Gm25098,79
Gm25099,116
Gm25101,107
Gm25102,112
Gm25104,163
Gm25106,134
Gm25107,129
Gm25112,104
Gm25113,143
Gm25115,140
Gm25116,122
Gm25117,144
Gm25119,88
Gm25120,79
Gm25121,79
Gm25124,164
Gm25125,136
Gm25126,102
Gm25127,107
Gm25128,76
Gm25129,133
Gm25130,156
Gm25131,151
Gm25132,107
Gm25133,130
Gm25134,160
Gm25135,143
Gm25136,115
Gm25137,110
Gm25138,136
Gm25139,210
Gm25140,140
Gm25141,107
Gm25142,107
Gm25143,109
Gm25146,79
Gm25147,105
Gm25148,123
Gm25150,60
Gm25151,91
Gm25152,114
Gm25155,94
Gm25156,79
Gm25157,94
Gm2516,954
Gm25160,102
Gm25161,132
Gm25162,159
Gm25163,104
Gm25166,111
Gm25167,120
Gm25168,132
Gm25169,129
Gm2517,348
Gm25170,129
Gm25173,107
Gm25175,79
Gm25176,125
Gm25177,117
Gm25179,128
Gm2518,295
Gm25183,106
Gm25184,163
Gm25185,96
Gm25186,108
Gm25187,133
Gm25188,122
Gm25189,164
Gm25194,79
Gm25199,104
Gm25200,130
Gm25201,170
Gm25202,191
Gm25203,431
Gm25204,106
Gm25205,103
Gm25207,107
Gm25209,79
Gm25210,94
Gm25211,107
Gm25212,119
Gm25214,129
Gm25215,121
Gm25216,126
Gm25217,101
Gm2522,322
Gm25221,79
Gm25222,126
Gm25224,68
Gm25226,123
Gm25227,112
Gm25229,79
Gm25230,79
Gm25232,132
Gm25235,107
Gm25244,132
Gm25245,107
Gm25253,107
Gm25256,107
Gm25257,110
Gm25258,107
Gm25259,193
Gm25260,134
Gm25261,134
Gm25264,117
Gm25267,63
Gm25268,103
Gm25269,104
Gm25270,138
Gm25272,128
Gm25274,135
Gm25275,129
Gm25276,124
Gm25278,120
Gm25279,133
Gm25280,101
Gm25283,77
Gm25284,141
Gm25289,119
Gm25290,144
Gm25291,144
Gm25294,104
Gm25296,67
Gm25308,158
Gm25309,126
Gm25311,132
Gm25312,107
Gm25313,116
Gm25314,79
Gm25321,102
Gm25322,104
Gm25323,103
Gm25326,107
Gm25327,107
Gm25328,107
Gm25332,105
Gm25335,103
Gm25336,105
Gm25337,104
Gm25338,120
Gm2534,430
Gm25342,122
Gm25344,132
Gm25345,133
Gm25346,128
Gm25350,94
Gm25354,105
Gm25357,72
Gm25360,191
Gm25362,105
Gm25364,107
Gm25369,132
Gm25370,94
Gm25373,115
Gm25375,135
Gm25376,133
Gm25377,129
Gm25378,129
Gm25379,114
Gm25380,107
Gm25383,144
Gm25384,105
Gm25387,132
Gm25388,151
Gm2539,746
Gm25390,103
Gm25391,134
Gm25394,133
Gm25395,272
Gm25396,133
Gm25401,106
Gm25402,131
Gm25404,107
Gm25405,107
Gm25406,105
Gm25407,134
Gm25408,133
Gm25409,131
Gm2541,711
Gm25410,137
Gm25411,151
Gm25412,107
Gm25414,107
Gm25415,132
Gm25416,107
Gm25417,131
Gm25418,129
Gm25419,191
Gm25420,127
Gm25421,164
Gm25422,129
Gm25424,58
Gm25425,96
Gm25429,132
Gm25431,107
Gm25432,728
Gm25434,167
Gm25436,145
Gm25437,132
Gm25438,110
Gm25439,131
Gm2544,756
Gm25443,76
Gm25448,107
Gm25449,79
Gm25450,107
Gm25452,79
Gm25453,107
Gm25456,109
Gm25457,107
Gm25459,114
Gm2546,991
Gm25460,127
Gm25461,79
Gm25462,79
Gm25463,79
Gm25464,107
Gm25466,132
Gm25471,94
Gm25473,107
Gm25474,94
Gm25475,180
Gm25480,133
Gm25481,158
Gm25482,107
Gm25483,227
Gm25484,107
Gm25485,132
Gm25486,63
Gm25487,125
Gm25489,141
Gm25490,130
Gm25492,129
Gm25494,100
Gm25495,131
Gm25496,120
Gm25497,132
Gm25498,129
Gm25499,69
Gm25501,132
Gm25502,131
Gm25506,70
Gm25512,107
Gm25513,162
Gm25514,135
Gm25515,157
Gm25516,107
Gm25517,134
Gm25518,107
Gm25519,127
Gm25520,118
Gm25521,108
Gm25522,105
Gm25523,79
Gm25524,107
Gm25525,107
Gm25526,132
Gm25528,132
Gm2553,605
Gm25538,107
Gm25539,122
Gm25541,126
Gm25542,94
Gm25546,132
Gm25547,107
Gm25549,94
Gm25550,128
Gm25552,91
Gm25558,106
Gm25560,176
Gm25561,125
Gm25562,133
Gm25563,74
Gm25564,132
Gm25565,105
Gm25569,131
Gm25572,172
Gm25574,249
Gm25577,107
Gm25578,104
Gm25579,106
Gm25581,164
Gm25582,110
Gm25583,107
Gm25585,79
Gm25587,166
Gm25588,140
Gm25589,166
Gm2559,363
Gm25592,131
Gm25596,107
Gm25597,94
Gm25598,107
Gm25599,103
Gm25600,106
Gm25602,62
Gm25604,133
Gm25607,127
Gm25608,132
Gm25609,104
Gm25610,129
Gm25611,133
Gm25612,126
Gm25613,129
Gm25614,133
Gm25615,94
Gm25617,265
Gm25618,107
Gm25619,104
Gm25622,104
Gm25623,108
Gm25624,275
Gm25626,107
Gm25627,153
Gm25628,105
Gm25629,107
Gm25630,162
Gm25631,130
Gm25632,85
Gm25633,107
Gm25634,105
Gm25635,131
Gm25636,133
Gm25637,107
Gm25644,107
Gm25646,79
Gm25647,78
Gm25648,79
Gm25650,162
Gm25651,119
Gm25652,103
Gm25653,138
Gm25656,66
Gm25657,95
Gm25658,128
Gm2566,431
Gm25661,296
Gm25663,135
Gm25665,110
Gm25668,129
Gm25670,107
Gm25672,107
Gm25679,164
Gm2568,1166
Gm25681,106
Gm25682,164
Gm25683,131
Gm25684,107
Gm25687,241
Gm25694,282
Gm25696,105
Gm25697,98
Gm25698,107
Gm25699,167
Gm25702,63
Gm25703,151
Gm25704,168
Gm25705,104
Gm25709,107
Gm25710,79
Gm25711,128
Gm25715,125
Gm25716,104
Gm25718,118
Gm25721,171
Gm25723,126
Gm25724,117
Gm25725,130
Gm25726,129
Gm25727,131
Gm25728,159
Gm2573,318
Gm25730,165
Gm25735,215
Gm25737,107
Gm25739,107
Gm2574,1002
Gm25740,107
Gm25741,79
Gm25742,79
Gm25744,63
Gm25755,107
Gm25756,136
Gm25757,123
Gm25758,129
Gm25759,129
Gm25760,132
Gm25761,128
Gm25762,132
Gm25763,129
Gm25764,134
Gm25765,132
Gm25766,131
Gm25767,124
Gm25768,98
Gm25769,127
Gm25770,115
Gm25771,144
Gm25776,143
Gm25777,126
Gm25781,84
Gm25783,190
Gm25784,81
Gm25785,125
Gm25788,131
Gm25789,76
Gm25790,107
Gm25791,137
Gm25792,100
Gm25793,107
Gm25794,107
Gm25795,132
Gm25796,163
Gm25797,107
Gm25798,107
Gm25799,107
Gm25800,134
Gm25801,106
Gm25802,77
Gm25803,131
Gm25804,188
Gm25805,108
Gm25806,122
Gm2581,171
Gm25810,108
Gm25811,101
Gm25812,103
Gm25813,191
Gm25814,107
Gm25815,107
Gm25816,94
Gm25818,164
Gm25819,84
Gm2582,867
Gm25820,255
Gm25821,133
Gm25823,78
Gm25824,121
Gm25826,137
Gm25827,107
Gm25828,95
Gm25829,107
Gm25830,132
Gm25831,163
Gm25832,130
Gm25833,133
Gm25834,101
Gm25835,144
Gm25836,123
Gm25840,79
Gm25846,135
Gm25848,144
Gm25851,107
Gm25852,130
Gm25853,132
Gm25854,72
Gm25855,72
Gm25856,75
Gm25857,129
Gm25860,126
Gm25861,109
Gm25862,129
Gm25863,329
Gm25866,112
Gm25867,103
Gm25868,114
Gm25869,107
Gm25870,79
Gm25873,107
Gm25874,79
Gm25875,107
Gm25877,129
Gm25878,93
Gm25879,107
Gm25880,132
Gm25881,103
Gm25884,62
Gm25886,114
Gm25887,84
Gm25890,165
Gm25891,132
Gm25894,75
Gm25895,100
Gm25896,136
Gm25897,107
Gm25898,106
Gm25899,141
Gm25901,130
Gm25903,103
Gm25904,143
Gm25906,126
Gm25909,121
Gm25910,140
Gm25913,135
Gm25915,126
Gm25916,131
Gm25917,130
Gm25918,103
Gm25919,132
Gm25921,137
Gm25922,130
Gm25924,103
Gm25926,160
Gm25929,107
Gm25930,107
Gm25934,79
Gm25935,107
Gm25936,114
Gm25937,107
Gm25938,166
Gm25939,191
Gm2594,742
Gm25944,94
Gm25964,97
Gm25965,93
Gm25967,147
Gm25968,100
Gm25970,86
Gm25973,127
Gm25975,125
Gm25976,130
Gm25977,85
Gm25979,138
Gm25982,101
Gm25984,79
Gm25985,107
Gm25986,68
Gm25987,107
Gm25988,79
Gm25989,133
Gm25995,142
Gm25999,133
Gm26000,107
Gm26002,107
Gm26003,113
Gm26005,134
Gm26006,81
Gm26007,120
Gm26008,99
Gm26011,104
Gm26012,128
Gm26013,119
Gm26014,132
Gm26015,125
Gm26016,129
Gm26017,74
Gm26018,128
Gm26019,119
Gm2602,571
Gm26020,183
Gm26021,131
Gm26022,108
Gm26029,132
Gm26032,94
Gm26036,144
Gm26038,106
Gm26040,161
Gm26044,126
Gm26046,166
Gm26047,228
Gm26048,142
Gm26049,108
Gm26054,107
Gm26055,107
Gm26056,104
Gm26057,165
Gm26058,107
Gm26059,79
Gm2606,1002
Gm26061,108
Gm26062,107
Gm26063,107
Gm26064,109
Gm26065,105
Gm26066,109
Gm2607,627
Gm26070,137
Gm26071,107
Gm26072,107
Gm26074,129
Gm26075,121
Gm26076,105
Gm26077,123
Gm26078,128
Gm26079,133
Gm26080,131
Gm26081,132
Gm26082,127
Gm26084,104
Gm26085,116
Gm26087,62
Gm26088,131
Gm26091,82
Gm26096,79
Gm26097,93
Gm26099,109
Gm26100,127
Gm26101,105
Gm26104,108
Gm26105,190
Gm26107,107
Gm26108,191
Gm26109,70
Gm2611,605
Gm26110,165
Gm26111,106
Gm26121,162
Gm26122,82
Gm26123,135
Gm26124,108
Gm26125,107
Gm26126,164
Gm26127,107
Gm26128,110
Gm26129,107
Gm26130,138
Gm26131,110
Gm26132,148
Gm26133,100
Gm26135,72
Gm26138,107
Gm26139,107
Gm2614,403
Gm26143,108
Gm26144,132
Gm26145,127
Gm26146,185
Gm26147,114
Gm26148,68
Gm26150,151
Gm26153,127
Gm26159,104
Gm26160,63
Gm26162,132
Gm26163,178
Gm26164,104
Gm26165,138
Gm26166,107
Gm26168,112
Gm26169,135
Gm2617,292
Gm26172,134
Gm26174,219
Gm26175,131
Gm26176,105
Gm26177,107
Gm26178,107
Gm26179,132
Gm26180,107
Gm26181,106
Gm26182,116
Gm26183,139
Gm26184,131
Gm26187,101
Gm26188,94
Gm26189,107
Gm2619,8198
Gm26200,79
Gm26201,94
Gm26202,65
Gm26203,114
Gm26204,107
Gm26205,134
Gm26206,110
Gm26207,104
Gm26208,124
Gm26211,129
Gm26214,107
Gm2622,471
Gm26224,80
Gm26225,135
Gm26226,116
Gm26227,101
Gm26228,107
Gm2623,286
Gm26230,79
Gm26236,137
Gm26239,107
Gm26240,105
Gm26243,107
Gm26244,164
Gm26245,107
Gm26246,94
Gm26247,91
Gm26249,118
Gm26251,122
Gm26253,103
Gm26254,118
Gm26255,103
Gm26256,186
Gm26257,107
Gm26262,127
Gm26263,164
Gm26264,159
Gm26265,268
Gm26270,94
Gm26271,104
Gm26272,132
Gm26273,131
Gm26276,109
Gm26277,152
Gm26278,132
Gm26279,102
Gm2628,426
Gm26283,79
Gm26284,79
Gm26285,107
Gm26286,134
Gm26287,81
Gm26288,132
Gm26289,131
Gm2629,20738
Gm26291,137
Gm26293,84
Gm26295,107
Gm26296,62
Gm26297,132
Gm26306,119
Gm26307,126
Gm26310,117
Gm26312,165
Gm26314,107
Gm26316,191
Gm26317,107
Gm26324,107
Gm26325,107
Gm26326,129
Gm26327,111
Gm26328,107
Gm26329,110
Gm26330,104
Gm26331,107
Gm26332,94
Gm26334,79
Gm26335,107
Gm26336,79
Gm26337,79
Gm26341,134
Gm26342,129
Gm26343,131
Gm26344,132
Gm26345,120
Gm26347,131
Gm26349,130
Gm26351,232
Gm26352,125
Gm26354,129
Gm26357,115
Gm26358,97
Gm26359,101
Gm26361,186
Gm26365,94
Gm26366,79
Gm26367,132
Gm26368,118
Gm26369,100
Gm26371,104
Gm26373,103
Gm26374,79
Gm26375,106
Gm26377,108
Gm26378,107
Gm26379,270
Gm2638,875
Gm26387,132
Gm26389,79
Gm2639,1297
Gm26390,79
Gm26391,119
Gm26392,79
Gm26395,132
Gm26396,132
Gm26397,134
Gm26401,76
Gm26402,113
Gm26403,105
Gm26404,109
Gm26406,124
Gm26408,127
Gm26409,63
Gm26411,107
Gm26413,253
Gm26416,134
Gm26417,135
Gm26418,137
Gm26419,133
Gm26420,103
Gm26421,132
Gm26422,132
Gm26423,128
Gm26424,104
Gm26425,82
Gm26427,107
Gm26430,107
Gm26432,79
Gm26433,94
Gm26434,79
Gm26435,107
Gm26436,132
Gm26437,105
Gm26438,107
Gm26439,106
Gm26440,129
Gm26441,104
Gm26442,153
Gm26444,164
Gm26446,103
Gm26447,129
Gm26448,203
Gm26449,104
Gm2645,547
Gm26454,107
Gm26456,111
Gm26457,113
Gm26458,128
Gm26461,290
Gm26464,305
Gm26465,107
Gm26466,79
Gm26467,78
Gm26468,106
Gm26473,127
Gm26478,133
Gm26479,106
Gm26482,62
Gm26485,64
Gm26487,94
Gm26488,79
Gm26489,264
Gm2649,610
Gm26490,140
Gm26493,136
Gm26494,143
Gm26495,137
Gm26496,107
Gm26497,107
Gm26498,79
Gm26499,79
Gm26500,106
Gm26501,107
Gm26502,94
Gm26504,94
Gm26505,166
Gm26509,948
Gm2651,838
Gm26510,21319
Gm26511,3006
Gm26512,9502
Gm26513,2489
Gm26515,2254
Gm26520,1446
Gm26524,778
Gm26528,283
Gm26531,4270
Gm26532,767
Gm26533,3042
Gm26535,13528
Gm26536,2537
Gm26537,652
Gm2654,1592
Gm26542,3013
Gm26543,2221
Gm26544,2763
Gm26549,2868
Gm26550,1184
Gm26552,7314
Gm26553,5911
Gm26554,845
Gm26555,8496
Gm26556,320
Gm26557,493
Gm26558,1822
Gm26559,12072
Gm26560,20976
Gm26562,25796
Gm26567,9247
Gm26568,1653
Gm26570,342
Gm26571,13525
Gm26574,2141
Gm26576,3311
Gm26577,2604
Gm26579,918
Gm26581,10876
Gm26583,4872
Gm26585,630
Gm26586,11064
Gm26587,989
Gm26588,5594
Gm26590,7172
Gm26592,2012
Gm26594,2644
Gm26595,484
Gm26596,2655
Gm26597,6413
Gm266,1215
Gm26600,2614
Gm26604,5102
Gm26607,867
Gm26608,14580
Gm26611,11553
Gm26612,1173
Gm26614,5066
Gm26616,3710
Gm26618,13782
Gm26620,817
Gm26621,3417
Gm26622,298
Gm26626,796
Gm26627,7265
Gm26628,4868
Gm26629,2276
Gm2663,862
Gm26630,8484
Gm26631,2505
Gm26632,1400
Gm26633,13432
Gm26634,1570
Gm26636,2861
Gm26637,5097
Gm26638,1924
Gm26639,2034
Gm26640,4231
Gm26641,4805
Gm26642,2782
Gm26644,19754
Gm26645,1316
Gm26646,1929
Gm26647,1255
Gm26648,7820
Gm26650,12826
Gm26651,2325
Gm26652,33449
Gm26653,8817
Gm26654,3960
Gm26655,7773
Gm26658,2711
Gm26661,1061
Gm26663,1925
Gm26664,12662
Gm26665,839
Gm26670,8022
Gm26671,7408
Gm26672,11240
Gm26673,3377
Gm26674,1446
Gm26676,2226
Gm26679,2228
Gm26680,10052
Gm26682,11376
Gm26684,27785
Gm26685,10955
Gm26686,3467
Gm26688,1568
Gm26689,4811
Gm26691,13505
Gm26693,1839
Gm26696,2848
Gm26698,8506
Gm2670,2804
Gm26701,234
Gm26703,9411
Gm26704,2901
Gm26705,2185
Gm26707,8322
Gm26708,17479
Gm26709,1959
Gm26710,515
Gm26712,217
Gm26713,627
Gm26714,3374
Gm26716,415
Gm26717,5732
Gm26721,3929
Gm26724,1650
Gm26725,19582
Gm26726,395
Gm26728,9721
Gm26729,352
Gm2673,1608
Gm26730,2310
Gm26731,543
Gm26736,1236
Gm26737,6331
Gm26738,601
Gm26739,427
Gm26740,34900
Gm26743,1726
Gm26744,6313
Gm26746,487
Gm26747,4816
Gm26748,4230
Gm26749,3938
Gm2675,1390
Gm26752,958
Gm26754,15056
Gm26756,2356
Gm26759,6782
Gm2676,606
Gm26760,29886
Gm26761,3238
Gm26763,7818
Gm26766,6970
Gm26769,619
Gm26770,2237
Gm26771,11710
Gm26774,2401
Gm26777,14068
Gm26779,551
Gm26781,1477
Gm26782,17985
Gm26783,2377
Gm26784,410
Gm26787,10639
Gm26788,8065
Gm26789,2502
Gm26791,9352
Gm26793,3226
Gm26795,15410
Gm26796,4934
Gm26797,7486
Gm26800,780
Gm26801,11413
Gm26802,2144
Gm26805,3089
Gm26806,8167
Gm26807,4363
Gm26808,3520
Gm26810,2275
Gm26811,6304
Gm26812,5875
Gm26813,4211
Gm26814,4149
Gm26815,3366
Gm26817,339
Gm2682,22786
Gm26820,1008
Gm26822,3811
Gm26826,2360
Gm26827,148
Gm26828,172
Gm26831,1380
Gm26832,5287
Gm26833,440
Gm26834,8256
Gm26838,911
Gm26839,12526
Gm26844,5731
Gm26850,4485
Gm26851,1246
Gm26852,5751
Gm26854,705
Gm26861,10712
Gm26862,14248
Gm26864,156
Gm26865,3289
Gm26866,802
Gm26868,5575
Gm26871,22168
Gm26872,2261
Gm26873,3714
Gm26875,950
Gm26876,5648
Gm26877,1297
Gm26878,1644
Gm26879,4393
Gm26881,4050
Gm26885,26794
Gm26886,9856
Gm26891,9870
Gm26893,7299
Gm26897,93
Gm26898,384
Gm26901,14727
Gm26902,9702
Gm26903,9763
Gm26907,729
Gm2691,901
Gm26911,3343
Gm26912,2970
Gm26913,732
Gm26914,223
Gm26915,748
Gm26916,352
Gm26918,728
Gm26920,2374
Gm26922,72
Gm26923,996
Gm26925,957
Gm26927,965
Gm26928,572
Gm26929,753
Gm2693,571
Gm26931,609
Gm26933,827
Gm26936,5635
Gm26937,1008
Gm26938,744
Gm26939,2261
Gm26940,105
Gm26942,797
Gm26943,957
Gm26944,4854
Gm26947,21755
Gm26950,498
Gm26952,409
Gm26953,16228
Gm26954,1384
Gm26956,986
Gm26957,977
Gm26959,978
Gm26960,412
Gm26963,941
Gm26964,3323
Gm26965,1520
Gm26967,2303
Gm26968,481
Gm26969,648
Gm26970,964
Gm26971,1072
Gm26972,2589
Gm26973,8241
Gm26976,908
Gm26977,996
Gm26978,304
Gm26980,395
Gm26981,3169
Gm26982,1151
Gm26983,388
Gm26984,3510
Gm26988,945
Gm26989,749
Gm26991,620
Gm26992,468
Gm26993,789
Gm26994,5528
Gm26995,1306
Gm26996,1359
Gm270,976
Gm27000,842
Gm27001,936
Gm27002,2797
Gm27003,2415
Gm27004,727
Gm27005,921
Gm27006,943
Gm27008,21802
Gm27010,863
Gm27011,972
Gm27013,1024
Gm27014,937
Gm27016,4654
Gm27017,21257
Gm27018,225
Gm27019,404
Gm27021,758
Gm27022,715
Gm27023,285
Gm27024,755
Gm27025,942
Gm27026,892
Gm27027,547
Gm27028,399
Gm27029,2265
Gm27030,1674
Gm27032,2917
Gm27033,544
Gm27034,940
Gm27036,980
Gm27037,960
Gm27038,175
Gm27039,962
Gm27040,6921
Gm27042,5520
Gm27043,958
Gm27044,796
Gm27045,1428
Gm27046,463
Gm27047,1819
Gm27048,4627
Gm2707,714
Gm2709,350
Gm2710,603
Gm27148,160
Gm27149,1266
Gm27150,1038
Gm27151,2378
Gm27152,99
Gm27153,407
Gm27155,898
Gm27156,754
Gm27158,238
Gm27159,432
Gm2716,643
Gm27160,199
Gm27161,562
Gm27162,5425
Gm27163,409
Gm27164,1174
Gm27165,232
Gm27166,3223
Gm27167,9018
Gm27168,4226
Gm27169,1182
Gm27174,20526
Gm27175,11622
Gm27176,961
Gm27177,9006
Gm27178,340
Gm27179,3017
Gm27184,818
Gm27185,247
Gm27186,307
Gm27187,1528
Gm27188,1805
Gm27189,190
Gm2719,444
Gm27190,542
Gm27191,448
Gm27192,1481
Gm27193,586
Gm27195,984
Gm27196,2582
Gm27198,13595
Gm272,919
Gm27200,778
Gm27201,485
Gm27202,512
Gm27203,307
Gm27204,3386
Gm27206,979
Gm27207,878
Gm27208,3017
Gm27209,898
Gm2721,6910
Gm27210,402
Gm27211,16369
Gm27216,19059
Gm27217,7124
Gm27218,392
Gm27219,742
Gm27220,262
Gm27221,961
Gm27222,427
Gm27223,13665
Gm27224,964
Gm27225,557
Gm27226,1932
Gm27227,978
Gm27228,1038
Gm27230,14631
Gm27231,551
Gm27232,597
Gm27233,307
Gm27234,3794
Gm27235,903
Gm27236,442
Gm27239,1947
Gm27240,677
Gm27241,1192
Gm27242,7412
Gm27243,3938
Gm27244,380
Gm27245,376
Gm27246,26680
Gm27248,166
Gm27249,328
Gm27252,5749
Gm27253,367
Gm27254,517
Gm2726,577
Gm2734,743
Gm27343,63
Gm2735,277
Gm2736,313
Gm27393,62
Gm27396,58
Gm27414,381
Gm27449,59
Gm27510,64
Gm27521,64
Gm27528,2012
Gm2754,589
Gm27549,62
Gm2756,400
Gm27572,255
Gm2759,639
Gm27616,63
Gm2762,47885
Gm2767,473
Gm2768,250
Gm27680,807
Gm2774,1165
Gm27811,64
Gm27825,736
Gm2788,54265
Gm2791,505
Gm2792,3159
Gm27926,66
Gm27934,63
Gm27956,244
Gm2796,496
Gm27991,137
Gm2800,1071
Gm28020,67
Gm28023,736
Gm2803,634
Gm28035,4238
Gm28036,8809
Gm28037,611
Gm28039,254
Gm28040,2793
Gm28041,779
Gm28042,6006
Gm28043,6521
Gm28044,781
Gm28047,1611
Gm2805,514
Gm28050,7860
Gm28051,445
Gm28052,902
Gm28053,1145
Gm28054,872
Gm28055,4321
Gm28057,615
Gm28058,264
Gm28060,189
Gm28061,807
Gm28064,858
Gm28065,833
Gm28066,472
Gm28068,7554
Gm28069,214
Gm28070,445
Gm28071,478
Gm28072,537
Gm28073,622
Gm28074,1752
Gm28075,2939
Gm28076,14732
Gm28077,2534
Gm28079,615
Gm2808,3159
Gm28080,722
Gm28081,1934
Gm28082,1936
Gm28083,538
Gm28085,1137
Gm28086,2841
Gm28087,767
Gm28088,1924
Gm28089,1935
Gm28090,664
Gm28091,622
Gm28092,174
Gm28093,696
Gm28094,390
Gm28095,1515
Gm28097,366
Gm28098,699
Gm28099,699
Gm2810,990
Gm28100,582
Gm28101,697
Gm28102,1177
Gm28103,416
Gm28104,2168
Gm28105,694
Gm28106,615
Gm28107,696
Gm28108,1935
Gm28109,2167
Gm28110,315
Gm28111,5245
Gm28112,1875
Gm28113,229
Gm28114,379
Gm28115,360
Gm28116,387
Gm28117,371
Gm28118,294
Gm28119,1149
Gm28120,315
Gm28121,339
Gm28122,615
Gm28123,696
Gm28124,1936
Gm28125,615
Gm28126,356
Gm28127,622
Gm28128,174
Gm28129,537
Gm28130,1935
Gm28131,1927
Gm28132,166
Gm28133,1596
Gm28134,2166
Gm28135,1938
Gm28136,615
Gm28137,416
Gm28138,2167
Gm28139,643
Gm2814,24278
Gm28140,1271
Gm28141,342
Gm28142,698
Gm28143,109
Gm28144,699
Gm28145,380
Gm28146,701
Gm28147,621
Gm28148,697
Gm28149,378
Gm28150,614
Gm28151,951
Gm28152,1931
Gm28153,629
Gm28154,4669
Gm28155,151
Gm28156,1136
Gm28157,2165
Gm28158,696
Gm28159,696
Gm28160,315
Gm28161,614
Gm28162,615
Gm28163,325
Gm28164,442
Gm28165,694
Gm28166,620
Gm28167,4921
Gm28168,1776
Gm28169,345
Gm28170,622
Gm28171,1226
Gm28173,1496
Gm28174,370
Gm28175,25130
Gm28176,622
Gm28177,3532
Gm28178,5020
Gm28179,613
Gm28180,722
Gm28181,6715
Gm28182,2477
Gm28183,1406
Gm28184,67
Gm28185,694
Gm28186,679
Gm28187,2134
Gm28188,236
Gm28189,571
Gm28190,722
Gm28191,211
Gm28192,778
Gm28193,615
Gm28194,658
Gm28195,372
Gm28196,640
Gm28197,1937
Gm28198,471
Gm28199,619
Gm28200,315
Gm28201,2166
Gm28202,1590
Gm28203,695
Gm28204,614
Gm28205,697
Gm28206,2169
Gm28207,1936
Gm28208,1594
Gm28209,9769
Gm28210,166
Gm28211,315
Gm28212,356
Gm28213,615
Gm28214,420
Gm28215,346
Gm28216,174
Gm28217,648
Gm28218,1931
Gm28219,696
Gm2822,5804
Gm28220,1940
Gm28221,347
Gm28222,615
Gm28223,315
Gm28224,697
Gm28225,1933
Gm28226,2169
Gm28227,696
Gm28228,632
Gm28229,2153
Gm28230,3527
Gm28231,2599
Gm28232,315
Gm28233,356
Gm28234,615
Gm28235,1120
Gm28236,1938
Gm28237,1389
Gm28238,383
Gm28239,447
Gm2824,25039
Gm28240,2053
Gm28241,235
Gm28242,1492
Gm28243,615
Gm28244,356
Gm28245,1930
Gm28246,2167
Gm28247,696
Gm28248,615
Gm28249,1930
Gm28250,2168
Gm28251,695
Gm28252,1938
Gm28253,615
Gm28254,2166
Gm28255,694
Gm28256,139
Gm28257,463
Gm28258,2894
Gm28259,1930
Gm28260,1937
Gm28261,615
Gm28262,6008
Gm28263,400
Gm28264,398
Gm28265,2319
Gm28266,439
Gm28267,265
Gm28268,2528
Gm28269,559
Gm28270,109
Gm28271,13388
Gm28272,696
Gm28273,695
Gm28274,1594
Gm28275,695
Gm28276,2166
Gm28277,885
Gm28278,1936
Gm28279,1924
Gm28280,622
Gm28281,187
Gm28282,186
Gm28283,178
Gm28284,1935
Gm28287,546
Gm28288,214
Gm28289,315
Gm2829,499
Gm28290,614
Gm28291,2002
Gm28292,697
Gm28293,1935
Gm28294,3334
Gm28295,622
Gm28296,622
Gm28297,537
Gm28298,622
Gm28299,339
Gm2830,385
Gm28300,622
Gm28301,537
Gm28302,697
Gm28303,747
Gm28304,312
Gm28305,365
Gm28306,529
Gm28307,2694
Gm28308,752
Gm28309,623
Gm28310,1924
Gm28311,1933
Gm28312,174
Gm28313,397
Gm28314,345
Gm28315,2168
Gm28316,1933
Gm28317,2166
Gm28318,1937
Gm28319,226
Gm2832,8931
Gm28320,2273
Gm28321,2327
Gm28322,1475
Gm28323,2499
Gm28324,264
Gm28325,1689
Gm28326,1689
Gm28327,615
Gm28328,109
Gm28329,689
Gm28330,171
Gm28331,621
Gm28332,1935
Gm28333,2168
Gm28334,315
Gm28335,696
Gm28336,166
Gm28337,666
Gm28338,1933
Gm28339,696
Gm28340,4102
Gm28341,472
Gm28342,3452
Gm28343,112
Gm28344,279
Gm28345,1139
Gm28346,2167
Gm28347,1602
Gm28348,397
Gm28349,615
Gm28350,696
Gm28351,1991
Gm28352,2167
Gm28353,570
Gm28354,678
Gm28355,356
Gm28357,622
Gm28358,636
Gm28359,1322
Gm28360,1107
Gm28361,474
Gm28362,2420
Gm28363,1514
Gm28364,4561
Gm28365,1936
Gm28366,615
Gm28367,1933
Gm28368,696
Gm28369,315
Gm28370,3375
Gm28371,3047
Gm28373,2724
Gm28374,728
Gm28375,5527
Gm28376,176
Gm28377,720
Gm28379,3450
Gm28380,10673
Gm28381,193
Gm28382,3173
Gm28383,139
Gm28384,463
Gm28385,292
Gm28386,1849
Gm28387,1294
Gm28388,437
Gm28389,697
Gm28390,700
Gm28391,379
Gm28392,393
Gm28393,1498
Gm28394,1495
Gm28395,2168
Gm28396,379
Gm28397,699
Gm28398,166
Gm28399,318
Gm2840,411
Gm28400,380
Gm28401,1157
Gm28402,816
Gm28403,9167
Gm28404,453
Gm28405,1936
Gm28406,397
Gm28407,1934
Gm28408,463
Gm28409,103
Gm28410,1450
Gm28411,8314
Gm28412,177
Gm28413,291
Gm28414,294
Gm28415,452
Gm28416,292
Gm28417,11312
Gm28418,423
Gm28419,475
Gm28420,615
Gm28421,356
Gm28422,1938
Gm28423,696
Gm28424,2452
Gm28425,621
Gm28426,686
Gm28427,2162
Gm28428,697
Gm28429,363
Gm28430,628
Gm28431,2166
Gm28432,1937
Gm28433,315
Gm28434,500
Gm28435,108
Gm28436,698
Gm28437,783
Gm28438,345
Gm28439,876
Gm28440,1937
Gm28441,5096
Gm28442,174
Gm28443,698
Gm28444,2137
Gm28445,2017
Gm28446,694
Gm28447,3207
Gm28448,428
Gm28449,506
Gm28450,638
Gm28451,2560
Gm28452,696
Gm28453,189
Gm28454,1926
Gm28455,1290
Gm28456,622
Gm28457,1935
Gm28458,1934
Gm28459,1970
Gm28460,618
Gm28461,658
Gm28462,418
Gm28463,1935
Gm28464,622
Gm28465,3209
Gm28466,659
Gm28467,318
Gm28468,615
Gm28469,2166
Gm28470,1936
Gm28471,615
Gm28472,1937
Gm28473,696
Gm28474,315
Gm28475,1934
Gm28476,696
Gm28477,406
Gm28478,183
Gm2848,14380
Gm28480,453
Gm28481,315
Gm28482,452
Gm28483,696
Gm28484,312
Gm28485,1937
Gm28486,621
Gm28487,1924
Gm28488,1935
Gm28489,316
Gm28490,1176
Gm28491,1924
Gm28492,1019
Gm28493,604
Gm28494,562
Gm28495,315
Gm28496,5062
Gm28497,6405
Gm28499,666
Gm28500,151
Gm28501,421
Gm28502,537
Gm28503,147
Gm28504,666
Gm28505,680
Gm28506,150
Gm28507,703
Gm28508,696
Gm28509,2170
Gm28510,928
Gm28511,2182
Gm28512,1657
Gm28513,15232
Gm28515,2530
Gm28516,933
Gm28517,174
Gm28518,1935
Gm28519,1924
Gm28520,1924
Gm28521,622
Gm28522,537
Gm28523,1588
Gm28526,419
Gm28527,297
Gm28528,857
Gm28529,1057
Gm28530,577
Gm28531,696
Gm28532,572
Gm28533,570
Gm28534,676
Gm28535,1017
Gm28536,2542
Gm28537,315
Gm28538,2166
Gm28539,2982
Gm28540,1935
Gm28541,442
Gm28542,696
Gm28543,6397
Gm28545,1937
Gm28546,615
Gm28547,2167
Gm28548,2135
Gm28549,1933
Gm2855,456
Gm28550,618
Gm28551,3142
Gm28552,388
Gm28553,1175
Gm28554,658
Gm28556,1559
Gm28557,6352
Gm28558,696
Gm28559,139
Gm28560,315
Gm28561,2167
Gm28563,7139
Gm28564,30655
Gm28565,537
Gm28566,658
Gm28567,693
Gm28568,1935
Gm28569,315
Gm28570,1495
Gm28571,2168
Gm28572,318
Gm28573,380
Gm28574,699
Gm28575,166
Gm28576,919
Gm28577,741
Gm28578,27830
Gm28579,369
Gm28580,88
Gm28581,2177
Gm28583,2141
Gm28584,696
Gm28585,442
Gm28586,456
Gm28587,3005
Gm28588,802
Gm28589,615
Gm28590,1609
Gm28591,183
Gm28592,741
Gm28593,2170
Gm28594,661
Gm28595,437
Gm28596,696
Gm28597,666
Gm28598,615
Gm28599,694
Gm2860,707
Gm28600,1751
Gm28603,696
Gm28604,658
Gm28606,1937
Gm28607,339
Gm28608,615
Gm28609,11850
Gm28610,406
Gm28611,696
Gm28612,416
Gm28613,1498
Gm28614,458
Gm28615,482
Gm28616,441
Gm28617,537
Gm28618,567
Gm28619,622
Gm2862,328
Gm28620,439
Gm28622,507
Gm28623,192
Gm28624,2131
Gm28625,205
Gm28626,756
Gm28627,453
Gm28628,264
Gm28629,263
Gm28630,498
Gm28631,334
Gm28632,1937
Gm28633,2093
Gm28634,2613
Gm28635,4734
Gm28636,696
Gm28637,345
Gm28638,288
Gm28639,481
Gm28640,1291
Gm28641,335
Gm28643,3950
Gm28645,564
Gm28646,697
Gm28647,197
Gm28648,343
Gm28649,1581
Gm28650,411
Gm28651,11463
Gm28652,599
Gm28654,379
Gm28655,692
Gm28656,174
Gm28657,687
Gm28658,615
Gm28659,759
Gm2866,481
Gm28660,253
Gm28661,681
Gm28662,695
Gm28663,1935
Gm28664,457
Gm28665,670
Gm28666,274
Gm28667,2171
Gm28668,1933
Gm28669,100
Gm28670,1935
Gm28671,692
Gm28672,1927
Gm28673,1935
Gm28674,1923
Gm28675,675
Gm28676,591
Gm28677,615
Gm28678,696
Gm28679,1937
Gm28680,480
Gm28681,2166
Gm28682,696
Gm28683,615
Gm28684,1938
Gm28685,1101
Gm28686,609
Gm28687,1749
Gm28688,268
Gm28689,174
Gm2869,2621
Gm28690,622
Gm28691,1924
Gm28692,621
Gm28693,331
Gm28694,6819
Gm28695,697
Gm28696,2169
Gm28697,622
Gm28698,615
Gm28699,696
Gm28700,579
Gm28701,1010
Gm28702,253
Gm28703,7329
Gm28704,2169
Gm28705,315
Gm28706,2239
Gm28707,3728
Gm28709,456
Gm2871,1204
Gm28716,696
Gm28717,315
Gm28718,2168
Gm28719,1757
Gm28720,3156
Gm28721,918
Gm28722,1036
Gm28723,37753
Gm28724,920
Gm28725,622
Gm28726,1934
Gm28728,405
Gm28731,1569
Gm28732,2167
Gm28733,1935
Gm28734,696
Gm28735,1937
Gm28736,615
Gm28737,315
Gm28738,696
Gm28739,696
Gm28740,215
Gm28741,1931
Gm28742,615
Gm28743,2168
Gm28744,340
Gm28745,305
Gm28746,380
Gm28747,1696
Gm28749,614
Gm2875,360
Gm28750,658
Gm28751,696
Gm28752,315
Gm28753,1935
Gm28754,1924
Gm28755,199
Gm28756,14017
Gm28757,696
Gm28758,2167
Gm28759,315
Gm28760,1217
Gm28761,622
Gm28762,1924
Gm28763,166
Gm28764,1935
Gm28765,537
Gm28766,234
Gm28767,114
Gm28768,378
Gm28769,615
Gm2877,1204
Gm28770,693
Gm28771,1936
Gm28772,2165
Gm28773,696
Gm28774,1935
Gm28775,2167
Gm28776,615
Gm28777,2221
Gm28778,2466
Gm28779,323
Gm2878,486
Gm28780,615
Gm28781,696
Gm28782,414
Gm28783,2255
Gm28784,2002
Gm28785,379
Gm28786,172
Gm28787,696
Gm28788,375
Gm28789,1937
Gm28790,615
Gm28791,1779
Gm28792,419
Gm28793,413
Gm28794,136
Gm28795,695
Gm28796,696
Gm28797,315
Gm28798,2161
Gm28799,1498
Gm28800,2789
Gm28801,449
Gm28802,944
Gm28803,764
Gm28806,2198
Gm28807,1426
Gm28808,313
Gm28809,1098
Gm28810,166
Gm28811,442
Gm28812,696
Gm28813,1933
Gm28814,696
Gm28815,615
Gm28816,1710
Gm28817,830
Gm28818,13112
Gm28819,615
Gm28820,1935
Gm28821,2122
Gm28822,6515
Gm28823,2167
Gm28824,2167
Gm28825,238
Gm28826,488
Gm28827,1175
Gm28828,696
Gm28829,615
Gm28830,213
Gm28831,315
Gm28832,1931
Gm28833,559
Gm28834,537
Gm28835,615
Gm28836,6607
Gm28837,696
Gm28838,315
Gm28839,2171
Gm28840,2932
Gm28841,695
Gm28842,1937
Gm28843,678
Gm28844,615
Gm28845,733
Gm28846,368
Gm28847,700
Gm28848,168
Gm28849,174
Gm2885,11009
Gm28850,622
Gm28851,658
Gm28852,2160
Gm28853,1594
Gm28854,696
Gm28855,315
Gm28856,2828
Gm28857,8481
Gm28858,166
Gm28859,616
Gm28860,313
Gm28861,315
Gm28862,163
Gm28863,2627
Gm28864,644
Gm28865,2294
Gm28866,2167
Gm28867,7642
Gm28870,1099
Gm28871,687
Gm28872,158
Gm28874,4011
Gm28875,1189
Gm28876,7905
Gm28877,604
Gm28878,2167
Gm28879,696
Gm2888,1758
Gm28880,2160
Gm28881,2269
Gm28882,314
Gm28883,369
Gm28884,3994
Gm28885,563
Gm28886,658
Gm28887,294
Gm28888,4178
Gm28889,1028
Gm28890,173
Gm28891,1187
Gm28892,2721
Gm28893,3704
Gm28894,615
Gm28895,696
Gm28896,696
Gm28897,1175
Gm28898,2167
Gm28899,615
Gm28900,156
Gm28901,474
Gm28902,215
Gm28905,12578
Gm28906,1779
Gm28907,615
Gm28908,356
Gm28909,315
Gm28910,696
Gm28911,117
Gm28912,234
Gm28913,1058
Gm28914,667
Gm28915,699
Gm28916,699
Gm28917,237
Gm28918,699
Gm28919,920
Gm28920,699
Gm28921,378
Gm28922,308
Gm28923,322
Gm28924,241
Gm28925,168
Gm28926,680
Gm28927,272
Gm28929,1193
Gm28930,437
Gm28932,357
Gm28934,346
Gm28935,2296
Gm28936,615
Gm28937,695
Gm28938,1925
Gm28939,315
Gm28940,1682
Gm28941,1017
Gm28942,1487
Gm28943,615
Gm28944,356
Gm28945,2165
Gm28946,696
Gm28947,1937
Gm28948,2167
Gm28949,696
Gm2895,19718
Gm28950,1934
Gm28951,313
Gm28952,681
Gm28953,697
Gm28954,437
Gm28955,2166
Gm28956,427
Gm28957,373
Gm28958,703
Gm28959,1962
Gm28960,99
Gm28961,923
Gm28962,621
Gm28963,1924
Gm28964,1940
Gm28965,1937
Gm28966,1940
Gm28967,281
Gm28968,696
Gm28969,615
Gm2897,1980
Gm28970,1139
Gm28971,1931
Gm28972,2167
Gm28973,613
Gm28974,231
Gm28975,686
Gm28976,144
Gm28977,2168
Gm28978,615
Gm28979,4927
Gm28980,219
Gm28981,3450
Gm28982,1196
Gm28983,614
Gm28984,174
Gm28985,356
Gm28986,678
Gm28987,537
Gm28988,1897
Gm28989,1613
Gm28990,615
Gm28991,543
Gm28992,139
Gm28993,1936
Gm28994,621
Gm28995,261
Gm28996,721
Gm28997,429
Gm28998,919
Gm28999,1498
Gm29000,614
Gm29001,697
Gm29002,696
Gm29003,515
Gm29005,320
Gm29007,11601
Gm29008,298
Gm29009,496
Gm29010,9951
Gm29011,712
Gm29012,2143
Gm29013,237
Gm29014,326
Gm29016,1347
Gm29017,2209
Gm29018,2814
Gm29019,2769
Gm29020,290
Gm29021,1931
Gm29022,225
Gm29023,325
Gm29024,696
Gm29025,2163
Gm29026,315
Gm29027,1930
Gm29028,2166
Gm29029,696
Gm29030,615
Gm29031,614
Gm29032,697
Gm29033,696
Gm29034,315
Gm29036,877
Gm29037,313
Gm29038,678
Gm29040,17545
Gm29041,380
Gm29042,166
Gm29043,623
Gm29044,593
Gm29045,698
Gm29046,2167
Gm29047,108
Gm29048,615
Gm29049,1224
Gm29050,7948
Gm29051,369
Gm29052,1451
Gm29053,370
Gm29054,2647
Gm29055,1710
Gm29056,1924
Gm29057,315
Gm29058,615
Gm29059,315
Gm29060,457
Gm29061,1937
Gm29062,694
Gm29063,2166
Gm29064,813
Gm29065,1645
Gm29066,452
Gm29067,470
Gm29068,400
Gm2907,1192
Gm29070,1937
Gm29071,1925
Gm29072,678
Gm29073,664
Gm29074,1924
Gm29075,696
Gm29076,697
Gm29077,2169
Gm29078,356
Gm29079,615
Gm29080,356
Gm29081,1938
Gm29082,448
Gm29083,14088
Gm29084,1452
Gm29085,225
Gm29086,222
Gm29088,581
Gm29089,3540
Gm29090,457
Gm29091,2159
Gm29092,315
Gm29093,409
Gm29094,664
Gm29097,422
Gm29098,1935
Gm29099,1020
Gm29100,4410
Gm29101,1471
Gm29103,598
Gm29104,222
Gm29105,450
Gm29106,4012
Gm29107,347
Gm29108,1936
Gm29109,696
Gm29110,1071
Gm29111,696
Gm29112,3487
Gm29113,3432
Gm29114,2508
Gm29115,615
Gm29116,1934
Gm29117,1936
Gm29118,315
Gm29119,696
Gm2912,1799
Gm29120,696
Gm29121,615
Gm29122,1935
Gm29123,3657
Gm29124,452
Gm29126,151
Gm29127,517
Gm29128,14806
Gm29129,659
Gm29130,618
Gm29131,1935
Gm29132,622
Gm29134,126
Gm29137,520
Gm29139,1789
Gm2914,328
Gm29140,476
Gm29141,882
Gm29142,696
Gm29143,201
Gm29144,339
Gm29145,456
Gm29146,2165
Gm29147,315
Gm29148,336
Gm29149,696
Gm2915,787
Gm29151,2513
Gm29152,7101
Gm29154,26117
Gm29155,485
Gm29156,499
Gm29157,612
Gm29158,1494
Gm29159,379
Gm2916,9023
Gm29160,699
Gm29161,699
Gm29162,1936
Gm29163,107
Gm29164,1024
Gm29165,664
Gm29166,537
Gm29167,377
Gm29168,687
Gm29169,615
Gm29170,3666
Gm29171,486
Gm29175,402
Gm29178,615
Gm29179,615
Gm29180,315
Gm29181,696
Gm29182,1937
Gm29183,10272
Gm29184,334
Gm29185,13878
Gm29186,772
Gm29187,689
Gm29188,8695
Gm29189,615
Gm29190,1937
Gm29191,621
Gm29192,377
Gm29193,830
Gm29194,2167
Gm29195,379
Gm29196,618
Gm29197,702
Gm29198,1512
Gm29199,775
Gm29200,1646
Gm29201,431
Gm29202,6277
Gm29203,1751
Gm29204,1935
Gm29206,827
Gm29207,1924
Gm29208,11061
Gm29209,457
Gm2921,2429
Gm29210,622
Gm29211,664
Gm29212,615
Gm29213,658
Gm29214,570
Gm29215,621
Gm29216,492
Gm29217,1935
Gm29218,615
Gm29219,1936
Gm29220,1501
Gm29221,2894
Gm29222,2167
Gm29223,695
Gm29224,615
Gm29225,1935
Gm29226,2167
Gm29227,315
Gm29228,418
Gm29229,323
Gm29230,3568
Gm29231,319
Gm29232,297
Gm29233,281
Gm29234,1262
Gm29235,442
Gm29237,448
Gm29238,695
Gm29239,696
Gm29240,286
Gm29241,1096
Gm29242,457
Gm29243,15419
Gm29244,696
Gm29245,1416
Gm29246,3433
Gm29247,830
Gm29248,1936
Gm29249,696
Gm29250,368
Gm29251,615
Gm29252,2167
Gm29253,5231
Gm29254,883
Gm29255,1936
Gm29256,312
Gm29257,639
Gm29258,2564
Gm29259,694
Gm2926,239
Gm29260,30672
Gm29261,678
Gm29262,196
Gm29263,463
Gm29264,13647
Gm29265,1937
Gm29266,4392
Gm29267,378
Gm29268,615
Gm29269,696
Gm29270,2167
Gm29271,1937
Gm29272,696
Gm29273,262
Gm29274,1935
Gm29275,1925
Gm29276,932
Gm29278,1934
Gm29279,696
Gm29280,615
Gm29281,381
Gm29282,473
Gm29283,3078
Gm29284,255
Gm29285,174
Gm29286,537
Gm29288,901
Gm29290,597
Gm29293,2188
Gm29295,1371
Gm29296,4975
Gm29297,1936
Gm29298,696
Gm29299,923
Gm2930,474
Gm29300,696
Gm29301,1941
Gm29302,2167
Gm29303,1939
Gm29304,695
Gm29305,2167
Gm29306,615
Gm29307,696
Gm29308,315
Gm29309,2166
Gm29310,696
Gm29311,1785
Gm29312,696
Gm29313,1938
Gm29314,615
Gm29315,622
Gm29316,174
Gm29317,1957
Gm29318,975
Gm29319,696
Gm29320,615
Gm29321,1937
Gm29322,582
Gm29323,332
Gm29324,1935
Gm29325,2528
Gm29327,388
Gm29328,8943
Gm29329,621
Gm29330,699
Gm29331,605
Gm29332,227
Gm29333,696
Gm29334,357
Gm29335,459
Gm29336,2172
Gm29337,3268
Gm29338,1937
Gm29339,696
Gm29340,6729
Gm29341,370
Gm29342,1938
Gm29343,842
Gm29344,210
Gm29345,2378
Gm29346,6264
Gm29347,449
Gm29348,779
Gm29349,174
Gm29350,541
Gm29351,174
Gm29352,544
Gm29353,620
Gm29354,696
Gm29355,697
Gm29356,373
Gm29357,698
Gm29358,4961
Gm29359,495
Gm29360,537
Gm29361,2204
Gm29362,133
Gm29363,621
Gm29364,2167
Gm29365,699
Gm29366,699
Gm29367,1327
Gm29368,1741
Gm29369,615
Gm29370,673
Gm29371,8644
Gm29372,364
Gm29373,1749
Gm29374,3045
Gm29377,615
Gm29378,315
Gm29379,2166
Gm29380,416
Gm29381,1934
Gm29382,615
Gm29383,480
Gm29384,2168
Gm29385,363
Gm29386,1938
Gm29387,6475
Gm29388,328
Gm29389,352
Gm2939,478
Gm29390,696
Gm29391,615
Gm29392,2167
Gm29393,1937
Gm29394,2122
Gm29395,1049
Gm29396,716
Gm29397,333
Gm29398,4271
Gm29399,1926
Gm29400,695
Gm29401,615
Gm29402,40
Gm29403,615
Gm29404,397
Gm29405,370
Gm29406,235
Gm29407,696
Gm29408,216
Gm29409,970
Gm29410,694
Gm29411,696
Gm29412,696
Gm29413,880
Gm29414,1814
Gm29415,347
Gm29416,1634
Gm29417,571
Gm29418,4706
Gm29420,694
Gm29421,1936
Gm29422,694
Gm29424,696
Gm29425,1937
Gm29426,536
Gm29427,1909
Gm29428,409
Gm29429,121
Gm29430,2774
Gm29431,8481
Gm29432,139
Gm29433,253
Gm29434,260
Gm29435,689
Gm29436,1605
Gm29437,696
Gm29438,2613
Gm29439,509
Gm29441,211
Gm29442,724
Gm29443,11049
Gm29444,1593
Gm29445,2744
Gm29446,2166
Gm29447,1938
Gm29448,615
Gm29449,2168
Gm29450,1934
Gm29451,696
Gm29452,313
Gm29453,1279
Gm29454,393
Gm29455,5028
Gm29456,7867
Gm29457,1937
Gm29458,22667
Gm29460,714
Gm29461,5703
Gm29462,288
Gm29464,513
Gm29466,174
Gm29467,1105
Gm29468,696
Gm29469,315
Gm29470,696
Gm29471,700
Gm29472,2167
Gm29473,1934
Gm29474,379
Gm29475,312
Gm29476,615
Gm29477,2859
Gm29478,5738
Gm29479,455
Gm29480,1655
Gm29481,1049
Gm29482,2053
Gm29483,7744
Gm29484,324
Gm29485,282
Gm29486,372
Gm29487,256
Gm29488,2402
Gm29489,324
Gm29490,342
Gm29491,506
Gm29492,457
Gm29495,664
Gm29496,693
Gm29497,1935
Gm29498,537
Gm29499,486
Gm2950,520
Gm29500,1794
Gm29501,530
Gm29502,13821
Gm29503,930
Gm29504,537
Gm29505,615
Gm29506,4528
Gm29507,2088
Gm29508,2319
Gm29509,321
Gm2951,490
Gm29511,1934
Gm29512,315
Gm29513,202
Gm29514,11569
Gm29515,2077
Gm29516,468
Gm29517,351
Gm29518,372
Gm29519,398
Gm29520,1067
Gm29521,6084
Gm29522,621
Gm29523,699
Gm29524,699
Gm29525,699
Gm29526,379
Gm29527,622
Gm29528,379
Gm29529,714
Gm29530,1956
Gm29531,174
Gm29532,622
Gm29533,615
Gm29534,382
Gm29535,109
Gm29536,3283
Gm29537,1935
Gm29538,4768
Gm29539,758
Gm29541,678
Gm29542,704
Gm29543,5296
Gm29544,313
Gm29545,694
Gm29546,678
Gm29547,1937
Gm29548,694
Gm29549,1934
Gm29550,285
Gm29551,698
Gm29552,660
Gm29553,279
Gm29554,1328
Gm29555,1930
Gm29556,696
Gm29557,370
Gm29558,375
Gm29559,696
Gm2956,5646
Gm29560,881
Gm29561,631
Gm29562,904
Gm29563,496
Gm29564,1175
Gm29565,1937
Gm29566,457
Gm29567,615
Gm29568,356
Gm29569,1937
Gm29570,1992
Gm29571,42028
Gm29572,283
Gm29573,919
Gm29574,696
Gm29575,315
Gm29576,678
Gm29577,693
Gm29578,537
Gm29579,166
Gm29580,166
Gm29581,622
Gm29582,1191
Gm29584,1935
Gm29585,1774
Gm29586,615
Gm29587,332
Gm29588,298
Gm2959,621
Gm29590,4235
Gm29591,357
Gm29592,370
Gm29594,398
Gm29596,385
Gm29597,308
Gm29598,588
Gm29599,422
Gm29600,377
Gm29601,3612
Gm29602,442
Gm29603,334
Gm29604,163
Gm29605,292
Gm29606,1710
Gm29607,696
Gm29608,463
Gm29609,3561
Gm2961,772
Gm29610,453
Gm29611,1011
Gm29612,2168
Gm29613,313
Gm29614,694
Gm29615,697
Gm29616,1936
Gm29617,610
Gm29618,615
Gm2962,336
Gm29622,2165
Gm29623,696
Gm29624,615
Gm29625,1937
Gm29626,721
Gm29627,463
Gm29628,1937
Gm29629,386
Gm29630,913
Gm29631,315
Gm29632,2166
Gm29633,615
Gm29634,696
Gm29635,315
Gm29636,2169
Gm29637,696
Gm29639,580
Gm29640,278
Gm29641,259
Gm29642,22771
Gm29644,613
Gm29645,174
Gm29646,1924
Gm29647,666
Gm29648,650
Gm29649,419
Gm2965,343
Gm29650,742
Gm29651,697
Gm29652,615
Gm29653,166
Gm29654,2169
Gm29655,622
Gm29656,174
Gm29657,342
Gm29658,230
Gm29659,696
Gm2966,481
Gm29660,2166
Gm29661,315
Gm29662,1937
Gm29663,2103
Gm29664,463
Gm29665,528
Gm29667,490
Gm29668,315
Gm29670,2491
Gm29671,2166
Gm29672,1104
Gm29674,11828
Gm29676,26201
Gm29677,5100
Gm29678,1134
Gm29680,2823
Gm29681,4624
Gm29682,1251
Gm29683,12168
Gm29685,2365
Gm29686,10594
Gm29687,2067
Gm29688,3566
Gm29689,589
Gm29695,7314
Gm29696,872
Gm29697,1070
Gm29704,253
Gm29705,474
Gm29707,8744
Gm29708,946
Gm29709,2587
Gm29717,351
Gm29718,477
Gm29719,1985
Gm29720,623
Gm29721,985
Gm29724,27227
Gm29725,407
Gm29730,1396
Gm29736,385
Gm29737,393
Gm29739,529
Gm2974,1990
Gm29740,655
Gm29741,421
Gm29742,385
Gm29745,687
Gm29747,585
Gm29748,258
Gm2975,820
Gm29753,485
Gm29754,358
Gm29755,948
Gm29759,327
Gm2976,513
Gm29761,1939
Gm29763,616
Gm29764,803
Gm29767,403
Gm29770,310
Gm29771,10006
Gm29773,1895
Gm29774,436
Gm29778,466
Gm29781,478
Gm29783,369
Gm29784,406
Gm29785,383
Gm29787,849
Gm29788,956
Gm2979,463
Gm29791,369
Gm29793,460
Gm29794,1247
Gm29796,1705
Gm29797,755
Gm29799,487
Gm29800,389
Gm29803,375
Gm29805,3315
Gm29807,372
Gm29808,468
Gm29809,493
Gm2981,694
Gm29811,5430
Gm29813,447
Gm29815,178
Gm29817,172
Gm29818,165
Gm29819,153
Gm29821,7929
Gm29822,2773
Gm29823,3737
Gm29824,18864
Gm29825,6759
Gm29826,3566
Gm29829,1422
Gm29836,307
Gm29838,4035
Gm29839,174
Gm29843,5672
Gm29844,511
Gm29848,295
Gm29851,2119
Gm29854,3739
Gm29856,11511
Gm29857,2351
Gm2986,382
Gm29860,9942
Gm29864,3114
Gm29865,15420
Gm29866,1175
Gm29868,11637
Gm2987,1693
Gm29879,8107
Gm29880,1477
Gm29883,3028
Gm29884,453
Gm29886,2660
Gm29890,5202
Gm29891,1162
Gm29895,23109
Gm29896,3094
Gm29899,17034
Gm29901,2185
Gm29903,6450
Gm29904,1434
Gm29905,613
Gm29906,10551
Gm29908,1579
Gm29909,2384
Gm2991,480
Gm29915,3064
Gm29916,1417
Gm29917,3795
Gm29918,396
Gm29919,23580
Gm29920,754
Gm29924,2269
Gm29926,1787
Gm29927,5852
Gm29931,2208
Gm29932,1892
Gm29933,418
Gm29935,2293
Gm29936,1493
Gm29938,10569
Gm29943,2496
Gm29944,2035
Gm29945,1336
Gm29946,5396
Gm29948,6808
Gm29950,237
Gm29952,2380
Gm29958,3491
Gm2996,537
Gm29966,20611
Gm29967,4692
Gm29968,1387
Gm29972,3523
Gm29977,724
Gm29979,8558
Gm29982,6118
Gm29985,3455
Gm29987,484
Gm2999,428
Gm29992,1899
Gm29993,1302
Gm29994,3678
Gm29999,4726
Gm2a,4127
Gm30003,3912
Gm30008,6830
Gm30009,4025
Gm30011,1199
Gm30012,5811
Gm30013,1939
Gm30015,23182
Gm30018,8068
Gm30019,7286
Gm3002,4691
Gm30020,2336
Gm30021,652
Gm30023,889
Gm30025,1398
Gm30028,7141
Gm30031,3508
Gm30032,8718
Gm30034,3706
Gm30041,16287
Gm30042,2668
Gm30043,733
Gm30044,1620
Gm30045,1930
Gm3005,5546
Gm30050,1405
Gm30052,913
Gm30054,3443
Gm30055,803
Gm30059,1490
Gm30060,1410
Gm30061,2011
Gm30063,1722
Gm30064,7964
Gm30067,2867
Gm30068,672
Gm30069,11899
Gm30075,7200
Gm30078,775
Gm3008,571
Gm30082,8633
Gm30083,2671
Gm30084,663
Gm30085,21501
Gm30088,4894
Gm30091,7386
Gm30092,5711
Gm30093,13332
Gm30094,2840
Gm30095,1201
Gm30097,4250
Gm3010,448
Gm30101,3609
Gm30102,2428
Gm30107,8883
Gm30108,6667
Gm3011,582
Gm30113,1819
Gm30115,3806
Gm30117,15432
Gm3012,984
Gm30121,761
Gm30122,4648
Gm30124,1705
Gm30126,3256
Gm30127,1427
Gm30132,14605
Gm30136,573
Gm30138,3293
Gm30139,3454
Gm30140,22323
Gm30142,1770
Gm30143,1623
Gm30145,7537
Gm30146,605
Gm30147,1411
Gm30149,20790
Gm3015,1092
Gm30150,7943
Gm30153,815
Gm30154,1313
Gm30155,339
Gm30159,7435
Gm30162,827
Gm30163,6050
Gm30164,2471
Gm30165,2347
Gm3017,1126
Gm30172,836
Gm30173,9530
Gm30174,537
Gm30175,615
Gm30177,4942
Gm30187,1666
Gm30188,23988
Gm30189,5798
Gm30190,5390
Gm30191,647
Gm30192,4860
Gm30193,4728
Gm30196,160
Gm30198,1068
Gm3020,1933
Gm30205,506
Gm30206,2450
Gm30209,1045
Gm30211,18752
Gm30212,739
Gm30213,795
Gm30214,1383
Gm30216,3249
Gm30219,8317
Gm30223,12035
Gm30225,2370
Gm30228,5580
Gm30230,9790
Gm30232,2162
Gm30234,15466
Gm30238,2603
Gm30239,4905
Gm30241,1901
Gm30242,1354
Gm30244,2378
Gm30247,1953
Gm3025,489
Gm30251,567
Gm30254,680
Gm30255,6811
Gm30256,624
Gm30257,4245
Gm30262,41179
Gm3027,451
Gm30270,5104
Gm30271,2801
Gm30275,790
Gm3028,1119
Gm30280,262
Gm30285,422
Gm30286,4234
Gm30288,8228
Gm3029,984
Gm30290,7534
Gm30292,5555
Gm30293,4459
Gm30294,1027
Gm30296,2599
Gm30298,3650
Gm3030,516
Gm30301,12021
Gm30305,8615
Gm30307,9366
Gm30308,2042
Gm30311,1039
Gm30312,696
Gm30313,4456
Gm30316,7091
Gm30318,679
Gm30319,2121
Gm30320,3389
Gm30322,674
Gm30325,3824
Gm30329,3077
Gm3033,542
Gm30330,1807
Gm30332,2345
Gm30337,1311
Gm30339,4617
Gm30340,16337
Gm30341,289
Gm30346,1699
Gm30350,1035
Gm30351,8551
Gm30353,622
Gm30354,1086
Gm30360,1291
Gm30362,4683
Gm30363,6272
Gm30365,4658
Gm30368,1981
Gm30370,6185
Gm30371,5427
Gm30374,2404
Gm30375,3191
Gm30377,1785
Gm30378,4031
Gm30381,3123
Gm30382,24837
Gm30388,5530
Gm30391,558
Gm30395,2490
Gm30396,2097
Gm30397,420
Gm30400,5123
Gm30401,7540
Gm30405,592
Gm30408,1019
Gm30409,1838
Gm30411,12477
Gm30413,5032
Gm30414,2596
Gm30416,12324
Gm30419,740
Gm30420,11959
Gm30421,3213
Gm30422,2071
Gm30423,4685
Gm30427,868
Gm3043,821
Gm30431,650
Gm30435,5777
Gm30437,1201
Gm30439,33285
Gm30440,1800
Gm30442,679
Gm30443,3709
Gm30444,5177
Gm30445,13151
Gm30446,22602
Gm30448,1999
Gm3045,3811
Gm30453,5269
Gm30454,2308
Gm30455,10091
Gm30456,6971
Gm30459,2686
Gm30464,5903
Gm30467,4440
Gm3047,822
Gm30470,4522
Gm30471,1930
Gm30472,4871
Gm30474,3221
Gm30475,1176
Gm30476,10236
Gm30484,449
Gm30487,10927
Gm30489,1746
Gm30492,978
Gm30494,1591
Gm30498,4896
Gm30504,20948
Gm30505,12357
Gm30507,3276
Gm30509,6642
Gm30510,3494
Gm30512,4461
Gm30513,17007
Gm30517,772
Gm30519,582
Gm3052,829
Gm30521,4986
Gm30524,7166
Gm3053,616
Gm30531,2354
Gm30534,207
Gm30536,11634
Gm30539,4963
Gm30541,9746
Gm30544,7167
Gm30548,1515
Gm3055,4565
Gm30550,5254
Gm30551,11167
Gm30556,4410
Gm30557,349
Gm30559,3124
Gm30560,5770
Gm30561,3581
Gm30563,3596
Gm30564,5029
Gm30567,991
Gm30569,710
Gm30570,4078
Gm30571,1149
Gm30575,2122
Gm30577,4406
Gm30581,3179
Gm30583,7350
Gm30584,217
Gm30586,11881
Gm30588,1799
Gm30589,450
Gm30593,6079
Gm30598,615
Gm30600,14815
Gm30601,4564
Gm30602,1408
Gm30603,4842
Gm30604,9232
Gm30605,14609
Gm30611,3379
Gm30613,2471
Gm30619,686
Gm30622,5029
Gm30624,5533
Gm30628,2934
Gm30632,4186
Gm30633,3196
Gm30638,656
Gm30639,4346
Gm30641,7016
Gm30644,222
Gm30645,961
Gm30646,180
Gm30648,7077
Gm30649,5465
Gm30652,430
Gm30654,700
Gm30655,4191
Gm30658,1961
Gm30662,2212
Gm30668,714
Gm30671,318
Gm30674,392
Gm30676,8576
Gm30679,2530
Gm30681,3528
Gm30684,6884
Gm30686,621
Gm30688,3904
Gm30690,884
Gm30691,2860
Gm30692,11634
Gm30693,13374
Gm30694,1230
Gm30698,3198
Gm30699,2879
Gm30700,14600
Gm30701,2559
Gm30704,586
Gm30705,1926
Gm30706,4910
Gm30708,312
Gm30709,3514
Gm30712,2070
Gm30713,4611
Gm30716,1317
Gm30719,2583
Gm3072,1084
Gm30724,9068
Gm30725,8783
Gm30726,2788
Gm30728,3705
Gm30731,5588
Gm30734,1551
Gm30735,13028
Gm30737,1175
Gm30738,502
Gm30744,604
Gm30746,3848
Gm30747,467
Gm30751,1428
Gm30754,3259
Gm30757,504
Gm3076,451
Gm30761,3337
Gm30762,6329
Gm30763,1350
Gm30764,2907
Gm30769,1000
Gm3077,627
Gm30771,7072
Gm30779,1776
Gm30781,6332
Gm30782,10904
Gm30783,452
Gm30784,3263
Gm30786,12129
Gm30788,14949
Gm30790,12185
Gm30791,1586
Gm30792,628
Gm30794,8656
Gm30796,4861
Gm30798,4857
Gm30799,5133
Gm30802,1462
Gm30806,6718
Gm30807,984
Gm30808,3373
Gm3081,3025
Gm30812,4390
Gm30814,398
Gm30818,12607
Gm30820,3042
Gm30823,3244
Gm30826,1092
Gm30835,7000
Gm30836,510
Gm30837,5279
Gm30839,259
Gm3084,598
Gm30842,20180
Gm30845,8503
Gm30847,3350
Gm30848,1103
Gm30849,7170
Gm30851,3744
Gm30853,5158
Gm30858,615
Gm3086,930
Gm30866,12170
Gm30867,741
Gm30871,608
Gm30873,2545
Gm30874,3622
Gm30875,8885
Gm30877,1421
Gm30880,617
Gm30881,3656
Gm30886,2708
Gm30888,3194
Gm30889,2957
Gm3089,1395
Gm30890,1205
Gm30893,19178
Gm30895,7909
Gm30896,12234
Gm30904,5568
Gm30905,2143
Gm30906,885
Gm30908,7982
Gm3091,484
Gm30911,1601
Gm30914,5040
Gm30925,7320
Gm30926,1541
Gm30927,8784
Gm30928,10717
Gm30929,2210
Gm30931,6485
Gm30932,5524
Gm30933,4800
Gm30934,7160
Gm30936,4330
Gm30938,7101
Gm30940,2393
Gm30941,1451
Gm30944,1288
Gm30946,724
Gm30948,4827
Gm3095,8628
Gm30950,1144
Gm30954,21352
Gm30957,4595
Gm3096,364
Gm30961,14216
Gm30963,2945
Gm30966,1457
Gm30968,4850
Gm30969,5243
Gm30970,363
Gm30971,1399
Gm30974,1381
Gm30977,2207
Gm30978,23225
Gm30984,23025
Gm30986,5081
Gm3099,2065
Gm30990,2726
Gm30991,3022
Gm30992,7051
Gm30999,409
Gm31003,2216
Gm31005,7853
Gm31006,4553
Gm31007,1943
Gm31013,15118
Gm31018,1313
Gm31019,992
Gm3102,489
Gm31024,2353
Gm31025,482
Gm31026,821
Gm3103,752
Gm31034,2034
Gm31035,1231
Gm31036,3490
Gm3104,473
Gm31046,1493
Gm31048,4111
Gm31049,1302
Gm31055,1271
Gm31057,1351
Gm31058,1601
Gm31063,7435
Gm31064,4500
Gm31065,556
Gm31066,4959
Gm31068,892
Gm31069,2492
Gm31070,173
Gm31072,4452
Gm31076,932
Gm31078,2552
Gm31080,963
Gm31083,815
Gm31085,6086
Gm31086,1598
Gm31087,3193
Gm31088,4347
Gm31089,2043
Gm31092,2253
Gm31095,1255
Gm31097,1012
Gm31101,4693
Gm31104,753
Gm31105,2612
Gm31107,9828
Gm31108,6857
Gm31109,926
Gm3111,490
Gm31113,852
Gm31114,2161
Gm31115,9367
Gm31117,3976
Gm31118,5205
Gm31121,13906
Gm31123,666
Gm31125,2200
Gm31126,23682
Gm31127,1331
Gm31128,390
Gm31129,2827
Gm31135,16453
Gm31136,4119
Gm31138,16085
Gm31140,4663
Gm31143,582
Gm31147,9406
Gm3115,803
Gm31152,3019
Gm31155,4755
Gm31157,575
Gm31159,1344
Gm31164,3471
Gm31165,2332
Gm31166,288
Gm31171,1146
Gm31172,2363
Gm31180,940
Gm31181,6909
Gm31182,4575
Gm31183,2341
Gm31186,3064
Gm31187,3193
Gm31190,3602
Gm31191,269
Gm31194,2746
Gm31201,4054
Gm31202,1867
Gm31204,7125
Gm31205,7958
Gm31206,484
Gm3121,406
Gm31210,4246
Gm31211,253
Gm31214,981
Gm31218,10716
Gm31219,2449
Gm31221,742
Gm31223,33974
Gm31224,2289
Gm31225,3604
Gm31226,4152
Gm31227,4638
Gm31228,1702
Gm3123,480
Gm31230,785
Gm31233,1246
Gm31235,20317
Gm31237,2130
Gm31243,4922
Gm31244,1325
Gm31249,1710
Gm31253,6170
Gm31254,11636
Gm31255,2428
Gm31256,506
Gm31258,3297
Gm31259,4332
Gm3126,1468
Gm31260,696
Gm31265,4587
Gm31266,2178
Gm31267,3854
Gm3127,2276
Gm31271,4236
Gm31274,229
Gm31276,9298
Gm31277,3931
Gm31278,4613
Gm31281,5174
Gm31282,1108
Gm31284,1201
Gm31288,2025
Gm31292,996
Gm31294,8738
Gm31298,4583
Gm31300,336
Gm31301,2314
Gm31305,1471
Gm31306,508
Gm31307,1439
Gm31308,583
Gm31309,2698
Gm3131,475
Gm31313,2084
Gm31314,10855
Gm31317,1555
Gm31318,1647
Gm31319,935
Gm31320,1260
Gm31323,697
Gm31324,1276
Gm31325,1994
Gm31326,1048
Gm31328,156
Gm31330,1429
Gm31332,375
Gm31333,14009
Gm31335,693
Gm31336,2495
Gm3134,28809
Gm31340,2785
Gm31342,910
Gm31343,2454
Gm31344,6012
Gm31348,1108
Gm31355,2165
Gm31356,3329
Gm31358,3619
Gm31364,1650
Gm31367,2256
Gm31369,2101
Gm3137,620
Gm31373,6790
Gm31374,1314
Gm31378,3160
Gm31379,6211
Gm3138,792
Gm31386,1058
Gm31392,7723
Gm31393,4726
Gm31399,9167
Gm3140,481
Gm31400,9168
Gm31401,1051
Gm31406,1124
Gm31408,3429
Gm31409,2139
Gm3141,499
Gm31410,8076
Gm31415,3704
Gm31416,15112
Gm31418,7667
Gm3142,414
Gm31420,1658
Gm31422,1930
Gm31423,1341
Gm3143,3462
Gm31430,3957
Gm31431,4924
Gm31432,1460
Gm31437,844
Gm31439,2788
Gm31447,1876
Gm3145,220
Gm31450,1414
Gm31453,5617
Gm31456,10498
Gm31458,16067
Gm31460,5645
Gm31462,897
Gm31463,1479
Gm31466,5679
Gm31469,7873
Gm31472,5731
Gm31473,7539
Gm31475,9698
Gm31479,1143
Gm3148,612
Gm31482,2528
Gm3149,2277
Gm31492,1853
Gm31494,10243
Gm31495,636
Gm31496,1102
Gm31497,5338
Gm31499,2116
Gm3150,204
Gm31502,7443
Gm31503,2872
Gm31504,6952
Gm31508,3728
Gm31510,11578
Gm31511,657
Gm31512,5679
Gm31513,2336
Gm31516,1986
Gm31517,4526
Gm31518,13045
Gm31519,610
Gm31520,8042
Gm31521,849
Gm31522,16712
Gm31529,1503
Gm31532,767
Gm31534,10565
Gm31542,1451
Gm31544,441
Gm31545,2924
Gm31551,693
Gm31552,2320
Gm31555,882
Gm31557,10339
Gm31562,3668
Gm31563,1259
Gm31564,4181
Gm31565,964
Gm31566,415
Gm31568,2052
Gm31571,1173
Gm31572,615
Gm31573,778
Gm31577,7856
Gm31579,966
Gm31581,6375
Gm31583,50006
Gm31586,1717
Gm31587,3564
Gm3159,2315
Gm31592,5625
Gm31596,1643
Gm31597,2217
Gm3160,607
Gm31600,7863
Gm31601,1106
Gm31603,5868
Gm31608,11029
Gm31610,2291
Gm31612,1892
Gm31613,4191
Gm31614,8969
Gm31615,16543
Gm31616,9052
Gm31617,1314
Gm31618,722
Gm31619,2206
Gm31621,9938
Gm31626,3340
Gm31630,5787
Gm31633,1725
Gm31636,2435
Gm31639,2309
Gm3164,2630
Gm31640,971
Gm31641,4954
Gm31645,8164
Gm31646,1162
Gm31647,491
Gm31651,2020
Gm31653,3668
Gm31656,7785
Gm31657,12582
Gm31658,4457
Gm31659,2591
Gm31663,1190
Gm31668,4443
Gm31671,6566
Gm31674,5022
Gm31676,1243
Gm31678,6310
Gm31683,1634
Gm31686,1042
Gm31687,2645
Gm31690,6466
Gm31692,1980
Gm31693,2274
Gm31698,5583
Gm3170,850
Gm31704,3770
Gm31706,3529
Gm31707,638
Gm31711,196
Gm31713,2952
Gm31715,1196
Gm31717,9461
Gm31718,46896
Gm31724,9251
Gm31727,3670
Gm31728,11706
Gm31729,5466
Gm3173,519
Gm31731,1230
Gm31734,6740
Gm31735,6594
Gm31739,5926
Gm31740,4561
Gm31742,1830
Gm31747,4511
Gm31748,1497
Gm31749,4099
Gm31751,2082
Gm31752,6679
Gm31756,832
Gm31758,9496
Gm31759,2144
Gm3176,1249
Gm31763,6896
Gm31769,2450
Gm31771,1183
Gm31772,7547
Gm31773,1943
Gm31774,3072
Gm31776,8008
Gm31784,3803
Gm31785,4427
Gm31786,9706
Gm31791,716
Gm31792,2178
Gm31793,9341
Gm31796,3046
Gm31803,1283
Gm31804,7974
Gm31805,4163
Gm31812,7124
Gm31813,7941
Gm31816,17429
Gm31818,7655
Gm31819,4568
Gm3182,2271
Gm31822,2572
Gm31828,8773
Gm31829,4791
Gm31830,4665
Gm31831,5358
Gm31834,3470
Gm31841,533
Gm31847,865
Gm31848,1217
Gm31849,375
Gm31851,1723
Gm31852,1791
Gm31854,2149
Gm31858,2385
Gm31861,672
Gm31862,14202
Gm31867,1092
Gm31869,4602
Gm3187,783
Gm31870,9967
Gm31875,1086
Gm31879,1972
Gm3188,2584
Gm31881,3878
Gm31884,4614
Gm31887,1586
Gm31889,5123
Gm3189,832
Gm31897,1176
Gm31901,2486
Gm31903,1831
Gm31904,7807
Gm31907,450
Gm31908,2301
Gm3191,346
Gm31912,8259
Gm31925,18354
Gm31931,222
Gm31933,10210
Gm31938,4257
Gm3194,1813
Gm31940,3173
Gm31941,350
Gm31942,1264
Gm31946,7092
Gm31951,2096
Gm31954,2398
Gm31955,6569
Gm31957,7191
Gm31965,514
Gm31973,7269
Gm31974,7006
Gm31977,5591
Gm3198,1026
Gm31981,8085
Gm31982,1457
Gm31983,7797
Gm31985,7679
Gm31986,702
Gm31988,175
Gm31989,4267
Gm31990,3365
Gm31992,7588
Gm31993,383
Gm31999,1829
Gm3200,1002
Gm32002,9629
Gm32003,1258
Gm32004,4701
Gm32005,6061
Gm32006,42476
Gm32009,2947
Gm32011,1352
Gm32013,6133
Gm32014,13705
Gm32016,2628
Gm32017,1723
Gm32020,1984
Gm32022,610
Gm32023,661
Gm32025,307
Gm32026,4884
Gm32027,18118
Gm32028,5716
Gm32029,1023
Gm3203,2389
Gm32031,10573
Gm32033,339
Gm32035,1556
Gm32036,2638
Gm32038,22919
Gm32046,5615
Gm32050,638
Gm32051,14638
Gm32052,2716
Gm32055,2434
Gm32058,1079
Gm32059,1336
Gm32061,3911
Gm32063,31469
Gm32064,3630
Gm32067,9696
Gm32068,1521
Gm32070,1086
Gm32072,1434
Gm32073,5029
Gm32074,4126
Gm32076,707
Gm3208,427
Gm32080,504
Gm32084,1261
Gm32085,12451
Gm32089,4578
Gm32090,12644
Gm32093,2857
Gm32098,7191
Gm32099,407
Gm32101,741
Gm32102,241
Gm32105,1139
Gm3211,304
Gm32111,846
Gm32113,1948
Gm32114,1937
Gm32117,4318
Gm32119,395
Gm32121,513
Gm32122,3133
Gm32123,33493
Gm32128,944
Gm3213,441
Gm32133,1120
Gm32137,2321
Gm32141,1437
Gm32142,4284
Gm32148,1103
Gm32150,2278
Gm32151,9936
Gm32158,404
Gm3216,486
Gm32164,12703
Gm32171,5689
Gm32172,633
Gm32173,1311
Gm32175,346
Gm32176,935
Gm32177,5160
Gm32180,615
Gm32181,1926
Gm32183,3148
Gm32184,8560
Gm32185,3031
Gm3219,303
Gm32191,10232
Gm32196,2146
Gm32199,2236
Gm32200,33049
Gm32202,2805
Gm32208,2028
Gm32209,6722
Gm3221,440
Gm32210,5824
Gm32213,11470
Gm32219,9015
Gm3222,990
Gm32220,298
Gm32221,4235
Gm32222,298
Gm32230,2502
Gm32232,1208
Gm32235,10756
Gm32237,357
Gm32240,6167
Gm32242,1185
Gm32243,1465
Gm32246,7337
Gm32247,10993
Gm3225,4472
Gm32252,478
Gm32255,4213
Gm32256,463
Gm32259,672
Gm3226,1342
Gm32261,10863
Gm32263,5279
Gm3227,2167
Gm32273,4496
Gm32278,7861
Gm32280,1606
Gm32281,17109
Gm32282,3870
Gm32284,5200
Gm32287,2441
Gm32291,2813
Gm32293,6096
Gm32295,696
Gm32297,933
Gm32298,5568
Gm32300,515
Gm32304,3656
Gm32305,8367
Gm32308,280
Gm32309,1205
Gm32311,3894
Gm32312,2187
Gm32313,3415
Gm32319,10084
Gm32320,2005
Gm32327,3111
Gm32328,2906
Gm32330,1478
Gm32333,931
Gm32334,1748
Gm32335,3628
Gm32338,2255
Gm3234,8311
Gm32340,259
Gm32341,6024
Gm32342,12379
Gm32347,696
Gm32348,8692
Gm3235,2991
Gm32352,17861
Gm32353,2795
Gm32355,1136
Gm32356,1163
Gm32357,6644
Gm32358,2390
Gm32360,1903
Gm32362,2307
Gm32364,6795
Gm32365,5287
Gm32369,5015
Gm32370,9138
Gm32376,374
Gm32377,4953
Gm32379,737
Gm32381,476
Gm32389,1913
Gm3239,781
Gm32390,1172
Gm32391,30295
Gm32392,1665
Gm32401,8086
Gm32403,4983
Gm32404,620
Gm32405,2684
Gm32406,3690
Gm3242,485
Gm32422,1008
Gm32431,642
Gm32432,1633
Gm32434,8824
Gm32435,2278
Gm32436,1893
Gm32438,412
Gm32440,2280
Gm32441,5023
Gm32442,11189
Gm32443,4892
Gm32444,3511
Gm32447,697
Gm32450,819
Gm32453,456
Gm32454,2101
Gm32455,4541
Gm32458,5563
Gm32460,232
Gm32461,12581
Gm32462,2835
Gm32464,5681
Gm32465,891
Gm32468,9280
Gm32469,6292
Gm32471,1240
Gm32473,8825
Gm32474,9006
Gm32476,3111
Gm32477,3361
Gm32479,8261
Gm3248,6472
Gm32481,2923
Gm32483,7280
Gm32486,7152
Gm32487,2921
Gm32489,4323
Gm32491,770
Gm32492,10863
Gm32496,1395
Gm32497,2767
Gm32498,15231
Gm32499,5201
Gm32500,18618
Gm32506,808
Gm32507,1681
Gm32509,4777
Gm32510,8829
Gm32511,23270
Gm32514,533
Gm32515,7215
Gm3252,791
Gm32525,5898
Gm32526,981
Gm32529,729
Gm32531,3602
Gm32532,6098
Gm32534,562
Gm32536,445
Gm32539,10660
Gm32540,18009
Gm32544,1812
Gm32546,10954
Gm32547,2776
Gm32548,3570
Gm32549,4105
Gm3255,3265
Gm32552,4015
Gm32554,2758
Gm32555,1851
Gm32556,2578
Gm32558,1556
Gm32566,5057
Gm32567,1366
Gm32568,1421
Gm3257,675
Gm32571,479
Gm32574,7491
Gm32575,12463
Gm32576,1103
Gm32579,1822
Gm32581,3431
Gm32585,8006
Gm32587,3273
Gm32589,9041
Gm32590,2652
Gm32591,3075
Gm32592,3529
Gm32597,3560
Gm32600,13773
Gm32603,1085
Gm32605,7258
Gm3261,481
Gm32611,37977
Gm32613,5517
Gm32618,17606
Gm32620,3895
Gm32622,3998
Gm32624,11629
Gm32629,1387
Gm32630,1781
Gm32631,900
Gm32632,3972
Gm32633,6851
Gm32635,1841
Gm3264,9157
Gm32642,1177
Gm32643,12394
Gm32645,8043
Gm32647,10631
Gm32651,2060
Gm32652,22753
Gm32655,4854
Gm32656,7370
Gm32658,1774
Gm32659,2259
Gm3266,591
Gm32661,4760
Gm32662,3159
Gm32663,10517
Gm32666,626
Gm3267,473
Gm32670,324
Gm32673,6872
Gm32676,288
Gm32678,610
Gm32679,6497
Gm32680,3633
Gm32683,463
Gm32687,2379
Gm32688,10704
Gm3269,1758
Gm32693,2402
Gm32695,5293
Gm32696,1261
Gm32699,2024
Gm32700,2217
Gm32701,4315
Gm32702,1336
Gm32703,2033
Gm32707,783
Gm32709,1282
Gm32710,4682
Gm32714,609
Gm32718,10725
Gm32720,4048
Gm32724,884
Gm32727,5378
Gm32728,1232
Gm32729,2828
Gm32730,7961
Gm32733,4668
Gm32735,1004
Gm32736,11451
Gm32738,1644
Gm32741,1385
Gm32742,8516
Gm32743,594
Gm32745,8783
Gm32746,2019
Gm3275,487
Gm32750,1790
Gm32753,6758
Gm32754,1057
Gm32755,914
Gm32756,5117
Gm32764,3635
Gm32765,3923
Gm32766,549
Gm32767,1953
Gm32768,14498
Gm32769,6075
Gm32772,9030
Gm32776,1447
Gm3278,803
Gm32780,6581
Gm32786,4835
Gm3279,4962
Gm32791,7101
Gm32793,6591
Gm32795,464
Gm32796,16556
Gm32798,3398
Gm32800,1650
Gm32801,9702
Gm32803,4697
Gm32807,3664
Gm32815,2406
Gm32816,6775
Gm32820,3420
Gm32823,4204
Gm32828,5157
Gm3283,1350
Gm32834,3068
Gm32836,7510
Gm32838,854
Gm32839,2455
Gm32840,14690
Gm32841,2878
Gm32842,738
Gm32846,5668
Gm32849,1920
Gm32850,3840
Gm32856,25343
Gm32857,6844
Gm32858,585
Gm32860,3199
Gm32865,5960
Gm3287,24409
Gm32870,1125
Gm32872,2461
Gm32875,5010
Gm32876,7762
Gm32877,10032
Gm32880,969
Gm32881,4468
Gm32884,2388
Gm32885,21767
Gm32886,150
Gm3289,1978
Gm32892,516
Gm32894,3054
Gm32897,4850
Gm32899,207
Gm32900,7870
Gm32903,800
Gm32906,1854
Gm32908,18469
Gm32910,628
Gm32912,3474
Gm32913,2124
Gm32914,2228
Gm32915,11935
Gm32916,5296
Gm32918,5552
Gm3292,310
Gm32920,3731
Gm32921,3142
Gm32925,1742
Gm32926,14255
Gm32930,5542
Gm32931,10384
Gm32932,5477
Gm32934,4203
Gm32935,2424
Gm32936,177
Gm32939,5026
Gm3294,22435
Gm32940,474
Gm32945,1002
Gm32946,499
Gm32947,4829
Gm32949,2404
Gm32950,10392
Gm32952,7877
Gm32954,4401
Gm32955,554
Gm32958,2501
Gm32960,10490
Gm32962,1338
Gm32963,1039
Gm32965,3513
Gm32968,1022
Gm32969,638
Gm32970,6600
Gm32975,855
Gm3298,781
Gm32983,505
Gm32988,2135
Gm32994,3427
Gm32996,1447
Gm32997,9084
Gm32998,2666
Gm32999,562
Gm33004,1213
Gm33006,5091
Gm33007,1967
Gm33009,1835
Gm33011,1417
Gm33015,1207
Gm33016,3254
Gm33017,1990
Gm33019,2761
Gm3302,1395
Gm33022,368
Gm33023,15130
Gm33024,4055
Gm33025,3077
Gm33027,9574
Gm33028,2540
Gm33030,4293
Gm33031,4690
Gm33033,12256
Gm33035,7125
Gm33037,5654
Gm33039,486
Gm33042,1312
Gm33044,3496
Gm33045,24401
Gm33046,17007
Gm33049,4337
Gm33050,510
Gm33051,1298
Gm33052,1761
Gm33053,11783
Gm33054,2354
Gm33055,997
Gm33057,6000
Gm33061,2841
Gm33066,1482
Gm3307,632
Gm33070,4948
Gm33073,7272
Gm33074,1976
Gm33075,2899
Gm33077,1222
Gm33078,2427
Gm33080,172
Gm33082,2205
Gm33086,2346
Gm33088,4727
Gm33089,5394
Gm33091,5814
Gm33092,711
Gm33093,3552
Gm33096,493
Gm33098,3517
Gm33099,8227
Gm33102,2706
Gm33103,5639
Gm33104,21543
Gm33105,8503
Gm33106,4514
Gm33108,989
Gm33109,914
Gm33111,55486
Gm33112,699
Gm33115,5058
Gm33118,2596
Gm33121,483
Gm33122,1639
Gm33123,7763
Gm33124,2674
Gm33125,12342
Gm33126,14579
Gm33134,4313
Gm33135,4207
Gm33142,867
Gm33143,1636
Gm33146,192
Gm33148,17877
Gm33151,7864
Gm33152,5282
Gm33154,1795
Gm33158,1023
Gm33163,614
Gm33167,5451
Gm33168,7099
Gm33169,3823
Gm3317,519
Gm33171,12978
Gm33172,1364
Gm33173,1707
Gm33174,1101
Gm33175,985
Gm33178,257
Gm3318,1183
Gm33180,1480
Gm33189,2263
Gm33191,699
Gm33192,1735
Gm33195,9825
Gm33197,2654
Gm33199,362
Gm3320,1031
Gm33200,618
Gm33201,4409
Gm33202,1202
Gm33203,3263
Gm33204,633
Gm33205,1020
Gm33206,5014
Gm3321,1129
Gm33210,2078
Gm33215,895
Gm33222,11173
Gm33228,34260
Gm33234,1044
Gm33235,9512
Gm33242,1057
Gm33243,451
Gm33246,4806
Gm33247,1907
Gm33248,1103
Gm33249,5448
Gm3325,1362
Gm33255,995
Gm33257,7923
Gm33258,1072
Gm33259,1781
Gm3326,1043
Gm33260,341
Gm33262,12066
Gm33263,2387
Gm3327,3696
Gm33275,839
Gm33277,2093
Gm33280,7546
Gm33285,1304
Gm33286,1997
Gm33289,2032
Gm3329,556
Gm33290,632
Gm33293,2199
Gm33294,640
Gm33296,1629
Gm33299,4909
Gm33302,4781
Gm33306,3067
Gm33308,1958
Gm33309,3376
Gm3331,5023
Gm33312,332
Gm33315,9963
Gm33318,4604
Gm33319,8680
Gm3332,928
Gm33320,530
Gm33321,5482
Gm33323,1608
Gm33324,1038
Gm33325,2821
Gm33326,7746
Gm33327,4248
Gm3333,1044
Gm33330,2627
Gm33332,1845
Gm33335,1220
Gm33336,2396
Gm33337,1041
Gm33340,3432
Gm33347,3549
Gm33351,3889
Gm33353,776
Gm33354,906
Gm3336,1740
Gm33366,3827
Gm33370,25085
Gm33371,1718
Gm33372,576
Gm33373,3902
Gm33376,1575
Gm3338,269
Gm33380,8420
Gm33387,749
Gm33388,13534
Gm33389,6154
Gm3339,475
Gm33390,1532
Gm33392,5532
Gm33394,2169
Gm33398,2813
Gm33401,2930
Gm33408,1958
Gm33409,2560
Gm33410,2350
Gm33418,3251
Gm33424,16180
Gm33429,813
Gm33430,662
Gm33432,2074
Gm33433,2435
Gm33435,3086
Gm33436,723
Gm33439,4699
Gm3344,603
Gm33440,26663
Gm33442,329
Gm33444,4052
Gm33447,1853
Gm33450,1968
Gm33453,1388
Gm33454,2051
Gm33459,11798
Gm33460,14821
Gm33461,507
Gm33464,1583
Gm33466,10958
Gm33467,2718
Gm33472,7389
Gm33474,12927
Gm33476,1986
Gm3348,850
Gm33480,4811
Gm33481,2911
Gm33484,369
Gm33487,574
Gm33489,4331
Gm33490,8031
Gm33491,1504
Gm33496,8195
Gm33497,3187
Gm33501,4661
Gm33502,1115
Gm33508,2126
Gm33509,4075
Gm3351,505
Gm33519,3323
Gm33524,5145
Gm33525,5631
Gm33528,5927
Gm33531,5397
Gm33533,3692
Gm33538,3738
Gm33540,1405
Gm33542,1875
Gm33543,3724
Gm33548,2440
Gm3355,487
Gm33557,2069
Gm33570,5585
Gm33571,657
Gm33573,601
Gm33576,3387
Gm33577,434
Gm33581,1705
Gm33584,2332
Gm33585,1845
Gm33586,6460
Gm33587,4700
Gm33590,3819
Gm33591,6144
Gm33592,3342
Gm33594,1333
Gm33596,3064
Gm336,1480
Gm3360,1107
Gm33601,961
Gm33607,992
Gm33609,24518
Gm33610,4394
Gm33612,1423
Gm33619,3560
Gm3362,466
Gm33621,6843
Gm33626,828
Gm33627,4078
Gm33628,3725
Gm3363,7376
Gm33630,2916
Gm33631,1921
Gm33632,402
Gm33633,760
Gm33636,464
Gm33638,1148
Gm3364,1217
Gm33641,3145
Gm33645,579
Gm33646,3978
Gm33647,8269
Gm3365,1480
Gm33650,1631
Gm33651,13444
Gm33654,215
Gm33655,5516
Gm33656,1691
Gm33660,6274
Gm33662,3177
Gm33666,281
Gm33667,3748
Gm33668,2431
Gm33669,4567
Gm33674,3606
Gm33675,1201
Gm33677,24325
Gm33680,14366
Gm33682,2831
Gm33684,2573
Gm33687,2109
Gm33690,713
Gm33693,5801
Gm33694,5361
Gm33695,474
Gm33696,2131
Gm33699,11242
Gm3370,500
Gm33700,697
Gm33702,583
Gm33703,2065
Gm33707,569
Gm3371,1749
Gm33710,535
Gm33712,637
Gm33714,1059
Gm33716,779
Gm3372,1792
Gm33720,1576
Gm33721,1487
Gm33723,3060
Gm33724,9306
Gm33725,10910
Gm33727,3461
Gm33728,5095
Gm3373,3882
Gm33732,6863
Gm33741,2430
Gm3375,795
Gm33750,1668
Gm33752,3668
Gm33753,692
Gm33756,3966
Gm33758,12861
Gm33763,4197
Gm33764,1254
Gm33765,927
Gm33769,3564
Gm33770,3598
Gm33774,5327
Gm33778,704
Gm33784,1422
Gm33785,886
Gm33786,480
Gm3379,642
Gm33791,7861
Gm33797,1641
Gm33799,10695
Gm33801,2734
Gm33803,1500
Gm33806,2832
Gm33811,1304
Gm33814,1169
Gm33815,531
Gm33817,2453
Gm33819,2810
Gm33821,3406
Gm33827,3035
Gm33828,160
Gm3383,1813
Gm33831,2791
Gm33836,1164
Gm33838,4288
Gm33840,620
Gm33841,4549
Gm33843,11741
Gm33845,8556
Gm33847,5094
Gm33851,1740
Gm33852,3961
Gm33857,1482
Gm33858,1411
Gm3386,408
Gm33860,6825
Gm33861,1417
Gm33862,1858
Gm33866,289
Gm33869,3142
Gm33875,4585
Gm33882,651
Gm33885,1227
Gm33887,9050
Gm33889,3923
Gm33890,1438
Gm33892,2299
Gm33893,916
Gm33897,2285
Gm33898,9632
Gm33901,908
Gm33905,2627
Gm33909,2199
Gm33912,4329
Gm33914,12186
Gm33919,1021
Gm33922,4042
Gm33923,692
Gm33924,379
Gm33926,865
Gm33929,3840
Gm33933,618
Gm33934,476
Gm33936,30521
Gm33937,3528
Gm33938,4069
Gm33940,2902
Gm33944,3631
Gm33945,2356
Gm33948,8293
Gm33950,275
Gm33952,408
Gm33954,1938
Gm33959,4498
Gm33963,1245
Gm33964,2546
Gm33967,1012
Gm33968,6181
Gm33969,4607
Gm33970,682
Gm33973,8044
Gm33974,2734
Gm33977,1487
Gm33979,3203
Gm33980,1397
Gm33981,6153
Gm33982,6708
Gm33984,3362
Gm33987,2373
Gm33988,10492
Gm33989,28828
Gm33991,2092
Gm33994,4116
Gm33998,1531
Gm34000,2287
Gm34004,18436
Gm34005,282
Gm34006,4695
Gm34011,8096
Gm34015,451
Gm34016,3019
Gm34017,533
Gm3402,2037
Gm34022,19996
Gm34023,217
Gm34025,659
Gm34027,4563
Gm34030,3790
Gm34035,12593
Gm34036,1509
Gm34038,1522
Gm3404,1130
Gm34041,2972
Gm34045,5842
Gm34047,2145
Gm34049,1361
Gm34052,1234
Gm34053,754
Gm34056,1949
Gm34057,1412
Gm34058,4918
Gm34059,27050
Gm34060,2227
Gm34066,825
Gm34068,632
Gm34069,3070
Gm34071,1259
Gm34072,1383
Gm34073,212
Gm34074,4043
Gm34075,637
Gm34077,10234
Gm34078,7202
Gm34079,11950
Gm34081,8171
Gm34086,743
Gm34087,6828
Gm3409,2223
Gm34091,604
Gm34093,5796
Gm34095,7679
Gm34096,9727
Gm34097,3803
Gm34098,1506
Gm34102,3646
Gm34105,571
Gm34106,1220
Gm34107,2657
Gm3411,1991
Gm34110,15765
Gm34112,10278
Gm34113,577
Gm34114,4664
Gm34116,914
Gm34118,3190
Gm34119,4000
Gm34121,6287
Gm34122,537
Gm34130,8306
Gm34132,806
Gm34133,2991
Gm34138,2640
Gm34139,294
Gm34140,4403
Gm34144,259
Gm34145,5285
Gm34147,2958
Gm34148,1028
Gm34149,304
Gm3415,1633
Gm34150,14602
Gm34152,6434
Gm34154,9137
Gm34155,2408
Gm34156,648
Gm34157,6935
Gm34158,1346
Gm34162,4621
Gm34165,1174
Gm34170,780
Gm34172,9465
Gm34176,474
Gm34177,10330
Gm34179,1989
Gm34184,2713
Gm34186,998
Gm34189,8790
Gm34194,6704
Gm34198,301
Gm34201,4294
Gm34205,2639
Gm34207,5470
Gm34208,4427
Gm34211,3182
Gm34213,1364
Gm34215,10051
Gm34217,356
Gm34218,2744
Gm34220,2709
Gm34224,364
Gm34225,5649
Gm34226,555
Gm34231,7764
Gm34233,3231
Gm34235,645
Gm34237,1717
Gm3424,2222
Gm34240,1936
Gm34245,2857
Gm34246,7349
Gm34248,474
Gm34249,1034
Gm34250,4983
Gm34252,1536
Gm34253,5586
Gm34255,3557
Gm34256,2223
Gm34263,8103
Gm34265,14401
Gm34266,673
Gm34267,10924
Gm34268,2023
Gm34269,1661
Gm34272,253
Gm34274,615
Gm34276,55557
Gm34278,2955
Gm3428,1373
Gm34280,2638
Gm34284,2369
Gm34286,5556
Gm34288,15369
Gm34289,2280
Gm34291,5149
Gm34293,4987
Gm34294,4263
Gm34296,6277
Gm34297,5357
Gm34298,11358
Gm34299,1574
Gm34300,2523
Gm34301,9522
Gm34303,241
Gm34304,13752
Gm34306,2454
Gm34307,3367
Gm34312,6180
Gm34314,367
Gm34315,3398
Gm34316,7366
Gm34317,8258
Gm34319,399
Gm34320,8999
Gm34322,8289
Gm34323,1618
Gm34324,5600
Gm34325,1232
Gm3433,1058
Gm34331,3513
Gm34332,3322
Gm34333,3534
Gm34336,5990
Gm34337,4159
Gm3434,808
Gm34340,1074
Gm34342,2955
Gm34343,16013
Gm34345,3576
Gm34346,3963
Gm34347,4344
Gm34350,944
Gm34352,5569
Gm34354,22972
Gm34358,4669
Gm3436,840
Gm34361,1479
Gm34368,4992
Gm34370,2002
Gm34371,10645
Gm34372,677
Gm34376,2107
Gm34379,290
Gm34385,9251
Gm34388,10152
Gm34391,907
Gm34396,183
Gm34397,3895
Gm34406,823
Gm34407,1504
Gm34408,2869
Gm34411,21860
Gm34412,589
Gm34413,3343
Gm34416,1058
Gm34417,487
Gm34418,6388
Gm34419,8545
Gm3442,710
Gm34420,1222
Gm34423,198
Gm34424,2935
Gm34425,6290
Gm34426,2282
Gm34428,2035
Gm3443,328
Gm34430,1447
Gm34432,790
Gm34439,10366
Gm34441,10675
Gm34442,2964
Gm34445,3745
Gm34448,765
Gm34450,11385
Gm34455,13913
Gm34459,3741
Gm34464,1681
Gm34466,4729
Gm34468,2515
Gm34470,2291
Gm34471,16179
Gm34472,625
Gm34474,3876
Gm34475,4829
Gm34477,3362
Gm34482,1038
Gm34483,2983
Gm34488,4438
Gm34489,8313
Gm34490,1419
Gm34496,3192
Gm34499,8658
Gm34500,4607
Gm34502,5273
Gm34507,8336
Gm34510,10453
Gm34514,1212
Gm34516,1962
Gm34517,855
Gm34523,378
Gm3453,1756
Gm34533,1392
Gm34535,6144
Gm3454,412
Gm34542,2474
Gm34544,9681
Gm34545,3098
Gm34548,544
Gm34549,11035
Gm3455,1954
Gm34550,537
Gm34552,4519
Gm34557,12509
Gm34558,8102
Gm34562,251
Gm34563,609
Gm34567,14975
Gm34571,589
Gm34572,7279
Gm34574,8356
Gm34576,4305
Gm3458,26915
Gm34583,454
Gm34585,1110
Gm34586,8031
Gm34588,9648
Gm34589,12616
Gm34590,28280
Gm34593,2796
Gm34597,22407
Gm34598,5132
Gm34607,3059
Gm34609,2715
Gm34611,7966
Gm34612,464
Gm34620,4328
Gm34621,624
Gm34622,2378
Gm34623,9143
Gm34624,4973
Gm34625,1426
Gm34632,56834
Gm34637,728
Gm34639,2615
Gm34643,6809
Gm34645,2439
Gm34646,6678
Gm34647,1885
Gm34648,619
Gm34649,10080
Gm34654,22663
Gm34655,19677
Gm34658,362
Gm34659,908
Gm3466,1192
Gm34662,3554
Gm34664,8977
Gm34672,6378
Gm34677,1241
Gm34678,3526
Gm34679,1383
Gm3468,775
Gm34680,2389
Gm34684,4397
Gm34689,3639
Gm34696,740
Gm34698,5131
Gm34699,1275
Gm3470,420
Gm34701,360
Gm34702,7954
Gm34703,2815
Gm34712,4953
Gm34716,621
Gm34718,298
Gm34719,33970
Gm34721,4866
Gm34722,2460
Gm34724,3940
Gm34726,5478
Gm34727,529
Gm3473,1096
Gm34730,8578
Gm34732,8763
Gm34733,563
Gm34736,988
Gm34738,292
Gm34739,4397
Gm3474,1401
Gm34743,548
Gm34744,2638
Gm34745,1365
Gm34751,1678
Gm34753,3109
Gm34754,1617
Gm34755,1188
Gm34756,7781
Gm34759,9339
Gm3476,2133
Gm34764,4174
Gm34765,7666
Gm34766,4535
Gm34767,1062
Gm34768,565
Gm34769,6474
Gm34770,1459
Gm34771,870
Gm34772,3264
Gm34773,800
Gm34776,1458
Gm34777,17668
Gm34779,263
Gm34780,949
Gm34783,303
Gm34785,4582
Gm34788,10233
Gm34790,7528
Gm34793,3178
Gm34794,7670
Gm34799,10428
Gm34801,496
Gm34802,5037
Gm34804,6224
Gm34805,1810
Gm34806,9124
Gm34808,556
Gm34809,12827
Gm34816,502
Gm34820,3319
Gm34821,5667
Gm34822,1004
Gm34823,1729
Gm34825,456
Gm34829,3170
Gm34833,5209
Gm34836,2468
Gm34837,8989
Gm34838,3575
Gm34844,2423
Gm34848,1152
Gm34849,679
Gm34853,8008
Gm34854,2278
Gm34858,5796
Gm3486,883
Gm34861,3012
Gm34863,7085
Gm34866,4007
Gm34868,2893
Gm34869,2921
Gm34873,4791
Gm34874,3746
Gm3488,2607
Gm34880,7246
Gm34882,1391
Gm34883,1724
Gm34885,5761
Gm34889,4620
Gm3489,528
Gm34894,10782
Gm34895,385
Gm34902,2204
Gm34907,10564
Gm34908,1618
Gm34911,8740
Gm34917,9586
Gm34921,1923
Gm34922,8397
Gm34923,7499
Gm34924,2597
Gm34931,3485
Gm34933,1476
Gm34934,17818
Gm34938,5052
Gm34939,739
Gm34948,8036
Gm34952,5740
Gm3496,745
Gm34960,2055
Gm34961,9551
Gm34964,492
Gm34965,474
Gm34967,236
Gm34968,1060
Gm34972,1783
Gm34973,572
Gm34978,18959
Gm34983,8859
Gm34992,11438
Gm34994,587
Gm34995,1761
Gm34999,1200
Gm3500,1955
Gm35007,3119
Gm35008,1114
Gm35012,5708
Gm35013,832
Gm35017,320
Gm35019,4834
Gm35021,12282
Gm35023,7350
Gm35024,2458
Gm35025,13531
Gm35028,13161
Gm35031,3235
Gm35033,3538
Gm35034,844
Gm35035,4534
Gm35037,2954
Gm35040,7764
Gm35041,12858
Gm35048,2802
Gm35049,20904
Gm35051,2649
Gm35055,4434
Gm35058,5405
Gm35062,4668
Gm35063,1273
Gm35065,11271
Gm35066,2074
Gm35067,647
Gm3507,521
Gm35070,621
Gm35071,10252
Gm35074,1563
Gm35077,5363
Gm35079,1453
Gm3508,792
Gm35081,1773
Gm35082,1009
Gm35083,7011
Gm35089,4618
Gm3509,741
Gm35090,2513
Gm35097,8175
Gm35098,3413
Gm35099,1792
Gm3510,3257
Gm35101,6093
Gm35102,3717
Gm35104,4584
Gm35105,4715
Gm35106,250
Gm35107,13416
Gm35108,699
Gm35109,5368
Gm3511,204
Gm35110,2023
Gm35111,1497
Gm35112,475
Gm35113,2323
Gm35116,3221
Gm35117,4910
Gm35118,4305
Gm3512,1861
Gm35125,4415
Gm35126,1952
Gm35129,2400
Gm3513,637
Gm35131,2353
Gm35133,894
Gm35134,1175
Gm35135,5062
Gm35137,1836
Gm35147,1820
Gm35148,3951
Gm35150,14410
Gm35152,2471
Gm35154,20168
Gm35155,6034
Gm35156,584
Gm35158,6481
Gm35160,816
Gm35161,7896
Gm35162,1028
Gm35164,11781
Gm35166,680
Gm35167,2949
Gm35169,3430
Gm35171,1630
Gm35172,6448
Gm35174,570
Gm35177,6354
Gm35179,2939
Gm35180,4134
Gm35181,1217
Gm35183,356
Gm35185,517
Gm35186,1071
Gm35187,1139
Gm35188,9713
Gm35189,789
Gm3519,3925
Gm35190,8622
Gm35191,2475
Gm35192,792
Gm35193,2277
Gm35194,6278
Gm35195,1551
Gm35196,622
Gm35198,1548
Gm35200,2363
Gm35201,402
Gm35202,6117
Gm35204,3482
Gm35206,4245
Gm35208,13180
Gm35209,3157
Gm3521,2533
Gm35212,606
Gm35215,2464
Gm35216,8765
Gm35217,652
Gm35218,6329
Gm35222,2537
Gm35227,1590
Gm35228,5893
Gm35229,9355
Gm3523,280
Gm35232,242
Gm35235,1110
Gm35236,490
Gm35237,1604
Gm35239,14040
Gm35240,7769
Gm35242,3511
Gm35243,1481
Gm35244,2682
Gm35247,3492
Gm35248,5552
Gm35249,755
Gm35251,1333
Gm35252,2364
Gm35254,1719
Gm35255,4810
Gm35256,12172
Gm3526,785
Gm35262,267
Gm35265,4844
Gm35268,5381
Gm3527,460
Gm35274,646
Gm35279,8496
Gm35281,7404
Gm35282,4084
Gm35287,11478
Gm35288,2731
Gm35289,2221
Gm35290,1298
Gm35291,9578
Gm35294,2208
Gm35297,3397
Gm35298,12014
Gm35299,8203
Gm35302,4152
Gm35303,4105
Gm35307,663
Gm35309,8127
Gm35312,5710
Gm35315,4036
Gm3532,584
Gm35323,499
Gm35325,1636
Gm35326,2285
Gm35330,28278
Gm35333,4131
Gm35337,1311
Gm35338,18888
Gm3534,1001
Gm35340,8999
Gm35341,5253
Gm35350,4720
Gm35352,791
Gm35353,5357
Gm35355,3037
Gm35359,1241
Gm35360,3354
Gm35361,2825
Gm35363,2648
Gm35364,3505
Gm35368,2444
Gm35371,579
Gm35374,6124
Gm35378,3869
Gm35379,488
Gm35380,1510
Gm35386,3811
Gm35387,3320
Gm35389,226
Gm35391,368
Gm35392,2121
Gm35393,409
Gm35394,5062
Gm35396,7332
Gm35398,1282
Gm35400,9976
Gm35402,2242
Gm35404,1308
Gm35405,400
Gm35406,6637
Gm35409,2239
Gm35412,999
Gm35417,5141
Gm35419,3430
Gm3542,2063
Gm35422,6133
Gm35425,5569
Gm35426,1221
Gm35427,568
Gm3543,1080
Gm35430,5737
Gm35431,911
Gm35433,1453
Gm35434,2839
Gm35437,6651
Gm35439,11519
Gm3544,305
Gm35440,4051
Gm35444,3492
Gm35446,4513
Gm35449,460
Gm35453,3224
Gm35454,2774
Gm35455,2165
Gm35456,7913
Gm35460,5079
Gm35467,2899
Gm35468,579
Gm35469,994
Gm3547,245
Gm35471,3829
Gm35474,5469
Gm35477,18922
Gm35478,6706
Gm35479,4507
Gm35482,3035
Gm35488,5154
Gm3549,794
Gm35493,5429
Gm35496,1655
Gm35500,3899
Gm35507,3258
Gm3551,664
Gm35510,4200
Gm35514,3745
Gm35520,16568
Gm35521,440
Gm35524,1139
Gm35525,3323
Gm35527,668
Gm35528,858
Gm35531,1046
Gm35533,3706
Gm35535,969
Gm35540,628
Gm35541,975
Gm35542,4314
Gm35543,3812
Gm35546,29301
Gm35548,4890
Gm35549,1582
Gm3555,1395
Gm35550,7631
Gm35551,11609
Gm35552,2436
Gm35554,13775
Gm35558,2718
Gm35567,2063
Gm35569,1722
Gm35572,3753
Gm35574,4239
Gm35576,15459
Gm35578,1470
Gm35579,1506
Gm3558,2055
Gm35581,2148
Gm35582,5377
Gm35584,3932
Gm35585,9696
Gm35586,1088
Gm35587,2121
Gm35588,5765
Gm35592,222
Gm35593,12106
Gm35595,196
Gm35598,588
Gm35599,6371
Gm35600,6005
Gm35601,13594
Gm35602,3449
Gm35606,5644
Gm35607,5037
Gm35608,2370
Gm35610,5010
Gm35611,12249
Gm35612,11315
Gm35615,4134
Gm35618,6529
Gm35619,600
Gm35620,2487
Gm35624,5370
Gm35625,8762
Gm35628,1769
Gm35629,2241
Gm3563,1628
Gm35630,318
Gm35634,1508
Gm35636,1568
Gm35638,652
Gm35639,2667
Gm35648,475
Gm35649,380
Gm3565,609
Gm35650,3217
Gm35657,11052
Gm35658,1413
Gm35664,1604
Gm35665,6666
Gm35667,873
Gm35670,397
Gm35671,512
Gm35676,1230
Gm35677,665
Gm35685,4378
Gm35686,1565
Gm35691,2530
Gm35692,4197
Gm35693,2839
Gm35695,7364
Gm35697,1658
Gm35699,4972
Gm35701,1016
Gm35702,511
Gm35704,1424
Gm35707,538
Gm3571,1060
Gm35710,3523
Gm35712,4697
Gm35713,199
Gm35715,2054
Gm35718,3907
Gm35719,3278
Gm35720,3190
Gm35721,10547
Gm35722,4613
Gm35723,3275
Gm35724,9985
Gm35725,8365
Gm3573,898
Gm35730,830
Gm35732,356
Gm35733,3945
Gm35735,1947
Gm35736,313
Gm35741,2339
Gm35742,9675
Gm35746,875
Gm35748,3387
Gm35751,3660
Gm35752,3868
Gm35755,2077
Gm35756,3929
Gm35761,6715
Gm35763,312
Gm35765,2876
Gm35766,2436
Gm35769,5239
Gm35771,1213
Gm35772,3144
Gm35778,2807
Gm35779,4225
Gm35781,208
Gm35785,918
Gm35790,3654
Gm35801,4386
Gm35803,557
Gm35807,5375
Gm35808,2602
Gm35813,4879
Gm35815,7145
Gm35817,1133
Gm35818,6402
Gm35822,7328
Gm35823,5759
Gm35827,2767
Gm35828,3425
Gm35829,1880
Gm35833,12118
Gm35835,45134
Gm35837,7691
Gm3584,2565
Gm35842,4464
Gm35843,666
Gm35846,9988
Gm3585,875
Gm35851,5518
Gm35853,19908
Gm35857,178
Gm35860,1486
Gm35864,1694
Gm35865,2627
Gm35867,11736
Gm3587,16812
Gm35875,587
Gm35876,459
Gm35878,1621
Gm35881,914
Gm35882,2973
Gm35883,615
Gm35884,3545
Gm35888,1454
Gm35890,564
Gm35891,6524
Gm35894,381
Gm35895,756
Gm35900,964
Gm35907,1009
Gm35908,1759
Gm35909,2959
Gm35917,1252
Gm35918,1685
Gm35920,11662
Gm35922,7001
Gm35930,393
Gm35931,448
Gm35932,7016
Gm35933,8868
Gm35934,3814
Gm35935,3823
Gm35939,1709
Gm3594,2277
Gm35940,15583
Gm35946,4954
Gm35948,3412
Gm35953,2440
Gm35955,696
Gm3596,2416
Gm35960,767
Gm35963,11780
Gm35967,692
Gm35970,3510
Gm35971,2932
Gm35972,5353
Gm35974,2343
Gm35982,4993
Gm35986,6872
Gm35992,6355
Gm35993,8657
Gm35994,5070
Gm35997,2942
Gm35998,11577
Gm35999,3160
Gm36000,8543
Gm36001,1427
Gm36002,2478
Gm36004,1608
Gm36010,3985
Gm36011,4305
Gm36012,861
Gm36013,743
Gm36017,2700
Gm36023,5398
Gm36025,6620
Gm36026,4999
Gm36033,19781
Gm36037,15753
Gm36038,1800
Gm3604,4408
Gm36041,51186
Gm36043,5977
Gm36047,657
Gm3605,440
Gm36060,1004
Gm36063,4402
Gm36065,6577
Gm36066,1436
Gm36069,3425
Gm36070,2848
Gm36073,1521
Gm36074,1655
Gm36076,1076
Gm36084,2132
Gm36086,1656
Gm36089,3807
Gm36090,4084
Gm36092,317
Gm36097,1379
Gm36099,4801
Gm36101,3332
Gm36102,9152
Gm36107,1522
Gm3611,877
Gm36111,542
Gm36116,1658
Gm36118,4247
Gm36120,1734
Gm36122,740
Gm36123,2621
Gm36124,1425
Gm36126,3089
Gm36127,4002
Gm36128,9610
Gm36129,8625
Gm36130,3375
Gm36134,1244
Gm36140,1867
Gm36141,3220
Gm36146,3401
Gm36147,1453
Gm36148,6874
Gm36150,6793
Gm36153,4855
Gm36156,1200
Gm36158,2380
Gm36159,1628
Gm3616,2514
Gm36161,13309
Gm36169,4149
Gm3617,555
Gm36170,4320
Gm36171,2953
Gm36172,6871
Gm36174,16957
Gm3618,192
Gm36180,3325
Gm36181,1595
Gm36182,1382
Gm36183,13946
Gm36184,4131
Gm36185,1666
Gm36186,2397
Gm36187,8789
Gm36188,2913
Gm36189,523
Gm3619,775
Gm36196,5551
Gm36198,2737
Gm36199,27464
Gm36200,3030
Gm36201,5550
Gm36208,1677
Gm36209,739
Gm3621,812
Gm36210,1279
Gm36211,1857
Gm36213,7574
Gm36218,1133
Gm36220,4034
Gm36221,2020
Gm36222,3594
Gm36223,2951
Gm36225,2706
Gm36226,2113
Gm36227,1643
Gm36228,3166
Gm36229,12986
Gm3623,2747
Gm36231,6609
Gm36232,2199
Gm36233,2583
Gm36234,707
Gm36235,5305
Gm36236,867
Gm36237,952
Gm36239,4242
Gm36241,5219
Gm36243,1500
Gm36244,282
Gm36245,520
Gm36246,9641
Gm36247,285
Gm3625,17294
Gm36251,37225
Gm36252,5109
Gm36254,9190
Gm36259,392
Gm36260,2163
Gm36261,537
Gm36262,499
Gm36263,11133
Gm36264,13364
Gm36266,1749
Gm36271,6481
Gm36274,4309
Gm36277,256
Gm36278,5008
Gm36279,3563
Gm36282,1638
Gm36283,9722
Gm36284,2863
Gm36287,42820
Gm36289,536
Gm3629,1688
Gm36297,5886
Gm36298,7652
Gm36301,1325
Gm36303,4676
Gm36307,953
Gm3631,665
Gm36312,3477
Gm36313,1174
Gm36315,968
Gm36325,4349
Gm36328,7000
Gm36329,3920
Gm3633,1407
Gm36330,1436
Gm36331,555
Gm36333,3474
Gm36337,553
Gm36338,1937
Gm36339,234
Gm36341,1270
Gm36345,1930
Gm36347,4960
Gm3635,354
Gm36352,3898
Gm36355,10739
Gm36356,9446
Gm36357,4019
Gm36358,590
Gm36359,1929
Gm3636,1746
Gm36360,3713
Gm36363,632
Gm36365,3196
Gm36366,491
Gm36367,6043
Gm36368,719
Gm3637,1078
Gm36371,1103
Gm36372,22301
Gm36377,2166
Gm36378,388
Gm36380,5709
Gm36382,541
Gm36385,996
Gm36386,1681
Gm36389,7913
Gm36390,2276
Gm36392,6462
Gm36393,10201
Gm36395,1660
Gm36398,696
Gm36401,2028
Gm36402,1151
Gm36405,4712
Gm36406,6245
Gm36409,3854
Gm36411,6376
Gm36412,2288
Gm36414,991
Gm36416,2454
Gm36417,763
Gm36419,4706
Gm3642,1762
Gm36423,12051
Gm36424,2097
Gm36426,3184
Gm36427,8578
Gm36429,3035
Gm36430,3396
Gm36431,16679
Gm36434,1414
Gm36435,8006
Gm36437,2347
Gm36438,3768
Gm36439,884
Gm36440,7363
Gm36441,1735
Gm36443,2890
Gm36445,11423
Gm36446,937
Gm36447,1991
Gm36448,438
Gm36451,1610
Gm36457,6320
Gm36459,18114
Gm3646,3642
Gm36462,2885
Gm36467,622
Gm36468,615
Gm36472,397
Gm36477,1871
Gm36480,1206
Gm36481,4456
Gm36485,15068
Gm36486,11592
Gm36487,1399
Gm36488,9759
Gm36495,4033
Gm36496,13551
Gm3650,747
Gm36500,12281
Gm36501,745
Gm36503,1560
Gm36509,1405
Gm36510,5150
Gm36518,6397
Gm36520,5468
Gm36521,6271
Gm36522,2380
Gm36523,3165
Gm36525,5732
Gm36527,3029
Gm36528,3906
Gm36529,7749
Gm36531,3015
Gm36534,2767
Gm36535,28634
Gm36536,2940
Gm36537,7539
Gm36539,4523
Gm3654,909
Gm36541,2516
Gm36543,4843
Gm36546,230
Gm36547,677
Gm36548,9050
Gm36549,6134
Gm36550,1175
Gm36551,9348
Gm36555,2533
Gm36556,918
Gm36560,1879
Gm36561,5999
Gm36563,844
Gm36565,1468
Gm36567,5680
Gm36568,2199
Gm36569,8019
Gm3657,639
Gm36574,3109
Gm36582,2519
Gm36583,2189
Gm36584,14952
Gm36585,6678
Gm36586,2094
Gm36587,6780
Gm36594,8972
Gm36595,8879
Gm36598,1600
Gm36599,2638
Gm36600,4840
Gm36601,716
Gm36602,4270
Gm36606,2487
Gm36607,1810
Gm36608,3168
Gm36614,801
Gm36615,3285
Gm36617,18165
Gm36618,1943
Gm36619,3541
Gm36627,246
Gm36628,590
Gm36629,3022
Gm36631,21986
Gm36633,647
Gm36634,6969
Gm36635,1332
Gm36638,2169
Gm36639,2283
Gm36640,10135
Gm36641,784
Gm36642,4561
Gm36644,343
Gm36648,632
Gm36649,905
Gm3665,2461
Gm36651,717
Gm36660,13276
Gm36665,696
Gm36667,5471
Gm36669,4316
Gm3667,3988
Gm36670,30276
Gm36671,1192
Gm36672,3374
Gm36674,722
Gm36678,3096
Gm36684,3095
Gm36685,1764
Gm36686,1047
Gm3669,3823
Gm36690,574
Gm36693,1600
Gm36694,2719
Gm36696,438
Gm36702,2937
Gm36703,18284
Gm36704,165
Gm36709,3698
Gm3671,1007
Gm36710,245
Gm36715,2425
Gm36718,246
Gm36719,5159
Gm36722,17856
Gm36723,29619
Gm36728,665
Gm36732,1978
Gm36735,3481
Gm36736,3222
Gm36737,5340
Gm36738,2864
Gm36740,772
Gm36741,3626
Gm36742,8055
Gm36744,1688
Gm36745,1594
Gm36749,7447
Gm3675,1653
Gm36751,523
Gm36752,1546
Gm36753,4713
Gm36756,6349
Gm36757,11779
Gm36758,310
Gm3676,1101
Gm36763,9537
Gm36764,7435
Gm36766,9610
Gm36767,3183
Gm36771,3730
Gm36772,2410
Gm36774,4084
Gm36776,203
Gm3678,492
Gm36782,174
Gm36783,4942
Gm36784,3552
Gm36785,2908
Gm36787,7395
Gm36789,5247
Gm36793,2154
Gm36795,8322
Gm36796,305
Gm36798,2045
Gm36799,7887
Gm36804,317
Gm36809,375
Gm3681,639
Gm36814,6770
Gm36816,2454
Gm36819,1614
Gm36823,5031
Gm36827,13866
Gm36830,4048
Gm36831,8527
Gm36839,6493
Gm36840,250
Gm36843,2313
Gm36847,2762
Gm36849,6126
Gm3685,3886
Gm36851,381
Gm36855,18950
Gm36858,2391
Gm36860,3876
Gm36862,7816
Gm36863,1557
Gm36864,2660
Gm36866,657
Gm3687,460
Gm36873,11130
Gm36874,3819
Gm36876,4402
Gm36877,655
Gm36878,755
Gm36879,2060
Gm36880,6326
Gm36882,1063
Gm36884,767
Gm36886,2590
Gm36888,2950
Gm36891,655
Gm36893,2526
Gm36894,2840
Gm36897,6470
Gm36899,3398
Gm36903,1094
Gm36906,1623
Gm36908,3713
Gm36913,10520
Gm36914,37663
Gm36920,13913
Gm36921,5815
Gm36924,827
Gm36927,1841
Gm36928,694
Gm36929,166
Gm3693,6210
Gm36930,2376
Gm36931,4801
Gm36932,929
Gm36933,3071
Gm36934,306
Gm36935,292
Gm36936,2749
Gm36937,429
Gm36938,2696
Gm36939,439
Gm36940,2036
Gm36941,621
Gm36943,282
Gm36944,2759
Gm36945,4603
Gm36946,435
Gm36947,2249
Gm36948,3247
Gm36949,2327
Gm3695,1009
Gm36950,1937
Gm36951,2687
Gm36952,3625
Gm36953,268
Gm36954,363
Gm36955,1661
Gm36956,214
Gm36957,2824
Gm36958,1875
Gm3696,1814
Gm36960,2035
Gm36961,132
Gm36962,1761
Gm36963,2324
Gm36964,198
Gm36965,394
Gm36966,413
Gm36967,266
Gm36968,315
Gm36969,2809
Gm36970,1859
Gm36971,378
Gm36972,676
Gm36973,259
Gm36974,1071
Gm36975,1828
Gm36976,1110
Gm36978,696
Gm36979,539
Gm36980,622
Gm36981,4485
Gm36982,1128
Gm36983,1102
Gm36984,235
Gm36985,379
Gm36986,353
Gm36987,2979
Gm36988,2408
Gm36989,2160
Gm3699,75
Gm36990,1412
Gm36991,648
Gm36992,5414
Gm36993,2980
Gm36994,492
Gm36995,5727
Gm36996,250
Gm36997,707
Gm36998,704
Gm36999,1046
Gm37000,428
Gm37001,190
Gm37002,373
Gm37003,2827
Gm37004,683
Gm37005,1164
Gm37006,2674
Gm37007,319
Gm37008,1079
Gm37009,361
Gm37010,1704
Gm37011,2935
Gm37012,1078
Gm37014,2253
Gm37015,1521
Gm37016,660
Gm37017,747
Gm37018,3869
Gm37019,2134
Gm3702,346
Gm37020,1522
Gm37021,663
Gm37022,2254
Gm37023,2426
Gm37024,868
Gm37025,829
Gm37026,535
Gm37027,1317
Gm37028,107
Gm37029,239
Gm37030,295
Gm37031,2530
Gm37032,2975
Gm37033,7350
Gm37035,40649
Gm37036,2506
Gm37037,424
Gm37039,2485
Gm37040,1824
Gm37042,581
Gm37043,3105
Gm37044,693
Gm37045,2463
Gm37047,533
Gm37048,5578
Gm37049,1983
Gm37050,466
Gm37051,2943
Gm37052,1831
Gm37053,2087
Gm37054,543
Gm37055,133
Gm37056,1865
Gm37057,1916
Gm37058,1644
Gm37059,678
Gm37060,2397
Gm37061,3243
Gm37062,701
Gm37063,3520
Gm37064,2231
Gm37065,4879
Gm37066,2061
Gm37067,1628
Gm37068,22602
Gm37069,4142
Gm37070,460
Gm37071,1935
Gm37072,837
Gm37073,4856
Gm37074,1843
Gm37075,2166
Gm37076,2294
Gm37077,3691
Gm37078,2009
Gm37079,2135
Gm37080,2404
Gm37081,196
Gm37082,1927
Gm37083,8528
Gm37084,5898
Gm37085,196
Gm37086,3452
Gm37087,3309
Gm37088,406
Gm37089,129
Gm37090,4105
Gm37091,2087
Gm37092,1518
Gm37093,407
Gm37094,4540
Gm37095,205
Gm37096,2064
Gm37097,336
Gm37098,244
Gm37099,3451
Gm371,1245
Gm37100,1353
Gm37101,3660
Gm37102,1105
Gm37103,115
Gm37104,196
Gm37105,2085
Gm37106,1532
Gm37107,2552
Gm37108,626
Gm37109,2254
Gm37110,1628
Gm37111,634
Gm37112,2168
Gm37113,1157
Gm37114,1804
Gm37115,2849
Gm37116,147
Gm37117,589
Gm37118,406
Gm37119,389
Gm3712,2071
Gm37120,9486
Gm37121,2556
Gm37122,1567
Gm37123,1171
Gm37124,1992
Gm37125,1599
Gm37126,883
Gm37127,3036
Gm37128,232
Gm37129,315
Gm37130,621
Gm37131,1561
Gm37132,2238
Gm37133,1922
Gm37134,628
Gm37135,534
Gm37136,194
Gm37137,2684
Gm37138,2089
Gm37139,4419
Gm37140,1684
Gm37141,422
Gm37142,3110
Gm37143,3259
Gm37144,1150
Gm37145,2756
Gm37146,463
Gm37147,1498
Gm37148,716
Gm37150,2754
Gm37151,5007
Gm37152,1175
Gm37153,231
Gm37154,1290
Gm37155,406
Gm37157,2168
Gm37158,5704
Gm37159,3605
Gm3716,20664
Gm37160,1689
Gm37161,2697
Gm37162,551
Gm37163,1690
Gm37164,637
Gm37165,1463
Gm37166,2474
Gm37167,396
Gm37169,4161
Gm37171,1185
Gm37172,615
Gm37173,3804
Gm37174,3058
Gm37175,587
Gm37176,4051
Gm37177,417
Gm37178,1539
Gm37179,829
Gm37180,2819
Gm37181,1727
Gm37183,3405
Gm37184,4235
Gm37185,410
Gm37186,2861
Gm37187,341
Gm37189,298
Gm37190,688
Gm37191,388
Gm37192,1348
Gm37193,513
Gm37194,3031
Gm37195,3018
Gm37196,906
Gm37197,401
Gm37198,2110
Gm37199,4065
Gm3720,791
Gm37200,2172
Gm37201,523
Gm37202,9074
Gm37203,385
Gm37204,3961
Gm37205,2736
Gm37206,3069
Gm37207,296
Gm37209,1276
Gm37210,2004
Gm37211,3433
Gm37212,3650
Gm37213,586
Gm37215,1259
Gm37216,3478
Gm37217,3521
Gm37218,1875
Gm37219,926
Gm37220,415
Gm37221,3007
Gm37222,2961
Gm37223,3157
Gm37224,148
Gm37225,325
Gm37226,3255
Gm37227,10
Gm37228,331
Gm37229,732
Gm37230,818
Gm37231,621
Gm37232,367
Gm37233,12008
Gm37234,1441
Gm37235,59
Gm37236,3249
Gm37237,315
Gm37238,2390
Gm37239,141
Gm3724,349
Gm37240,5506
Gm37241,523
Gm37242,2085
Gm37243,595
Gm37244,1981
Gm37245,4025
Gm37246,835
Gm37247,730
Gm37248,3174
Gm37249,2869
Gm37250,2388
Gm37252,1499
Gm37253,562
Gm37254,3901
Gm37255,3060
Gm37256,566
Gm37257,717
Gm37258,1627
Gm37259,849
Gm3726,785
Gm37260,1251
Gm37261,1101
Gm37262,1818
Gm37263,2169
Gm37264,2192
Gm37265,885
Gm37266,2287
Gm37267,4277
Gm37268,2614
Gm37269,1891
Gm3727,804
Gm37270,330
Gm37272,488
Gm37273,1311
Gm37274,1682
Gm37275,30
Gm37277,1111
Gm37278,2872
Gm37279,338
Gm3728,3423
Gm37280,2340
Gm37281,439
Gm37282,164
Gm37283,1571
Gm37284,539
Gm37285,1139
Gm37286,1499
Gm37287,695
Gm37289,1402
Gm37290,339
Gm37291,533
Gm37292,758
Gm37293,295
Gm37294,36887
Gm37295,109
Gm37296,2922
Gm37297,2384
Gm37299,826
Gm37300,280
Gm37301,568
Gm37302,2998
Gm37303,1559
Gm37305,4878
Gm37306,1912
Gm37307,2621
Gm37308,100
Gm37309,1639
Gm37310,2968
Gm37311,2024
Gm37312,685
Gm37313,290
Gm37314,2685
Gm37315,3479
Gm37316,1819
Gm37317,1024
Gm37318,695
Gm37319,636
Gm37320,4953
Gm37321,1872
Gm37322,337
Gm37323,20267
Gm37324,4504
Gm37325,694
Gm37326,3071
Gm37327,29
Gm37328,640
Gm37329,2057
Gm37330,153
Gm37331,3375
Gm37332,2844
Gm37333,2251
Gm37334,2938
Gm37335,447
Gm37336,3333
Gm37337,993
Gm37338,127
Gm37339,392
Gm3734,18423
Gm37340,759
Gm37341,371
Gm37342,4965
Gm37343,111
Gm37344,1935
Gm37345,3138
Gm37346,1935
Gm37347,3071
Gm37348,1789
Gm37349,624
Gm37350,1323
Gm37352,2181
Gm37353,313
Gm37354,2384
Gm37355,606
Gm37356,1613
Gm37357,3123
Gm37358,479
Gm37359,1719
Gm37361,132
Gm37362,634
Gm37363,2233
Gm37364,3920
Gm37365,409
Gm37366,2297
Gm37367,2602
Gm37368,3212
Gm37369,615
Gm37370,1410
Gm37371,392
Gm37372,3311
Gm37373,2812
Gm37374,1838
Gm37375,387
Gm37376,453
Gm37377,304
Gm37378,621
Gm37380,397
Gm37381,1556
Gm37382,1596
Gm37383,745
Gm37385,387
Gm37386,72
Gm37388,429
Gm37389,1568
Gm3739,7925
Gm37390,872
Gm37391,2318
Gm37392,516
Gm37393,3870
Gm37395,697
Gm37396,1495
Gm37397,2842
Gm37398,1466
Gm37399,416
Gm37400,3605
Gm37401,347
Gm37402,5000
Gm37403,3521
Gm37404,359
Gm37406,3705
Gm37407,1316
Gm37409,1626
Gm37410,3039
Gm37411,2282
Gm37412,4321
Gm37415,2605
Gm37416,318
Gm37418,274
Gm3742,1391
Gm37420,2912
Gm37421,132
Gm37422,6699
Gm37423,3342
Gm37424,561
Gm37425,432
Gm37426,2470
Gm37427,906
Gm37428,137
Gm37429,1799
Gm37430,196
Gm37431,111
Gm37432,8340
Gm37433,678
Gm37434,1935
Gm37435,3947
Gm37436,1085
Gm37437,1937
Gm37438,393
Gm37439,856
Gm3744,370
Gm37440,2379
Gm37441,678
Gm37442,567
Gm37443,2827
Gm37444,439
Gm37445,242
Gm37446,4136
Gm37447,2928
Gm37448,697
Gm37449,270
Gm3745,421
Gm37450,170
Gm37451,2167
Gm37452,1160
Gm37454,1935
Gm37455,529
Gm37456,5837
Gm37457,2433
Gm37458,410
Gm37459,4197
Gm37460,2249
Gm37461,3704
Gm37462,1935
Gm37463,796
Gm37464,2220
Gm37465,3290
Gm37466,652
Gm37467,1936
Gm37468,854
Gm37469,960
Gm37470,2798
Gm37473,674
Gm37474,1814
Gm37475,1015
Gm37476,696
Gm37477,884
Gm37478,3495
Gm37479,3841
Gm37480,550
Gm37481,403
Gm37482,2791
Gm37483,1484
Gm37484,2523
Gm37485,2953
Gm37486,405
Gm37488,3374
Gm37489,159
Gm3749,580
Gm37490,724
Gm37491,1111
Gm37492,376
Gm37493,433
Gm37495,264
Gm37496,2509
Gm37497,798
Gm37498,4002
Gm37499,3478
Gm37500,1443
Gm37501,691
Gm37502,356
Gm37503,319
Gm37504,2374
Gm37505,461
Gm37506,143
Gm37508,43
Gm37509,3169
Gm37510,4762
Gm37511,294
Gm37513,2268
Gm37514,2753
Gm37515,3817
Gm37516,1954
Gm37517,1289
Gm37518,2603
Gm37519,2210
Gm3752,5280
Gm37520,2672
Gm37521,2045
Gm37522,2884
Gm37523,412
Gm37524,1692
Gm37525,2871
Gm37526,619
Gm37527,3547
Gm37529,4321
Gm37530,4932
Gm37531,5415
Gm37533,545
Gm37534,5222
Gm37535,2365
Gm37536,2491
Gm37537,1738
Gm37538,2168
Gm37539,235
Gm37541,2315
Gm37542,2832
Gm37543,1031
Gm37544,174
Gm37545,148
Gm37547,2165
Gm37548,3814
Gm37549,4065
Gm3755,792
Gm37550,463
Gm37551,2861
Gm37552,2520
Gm37553,1602
Gm37555,542
Gm37556,468
Gm37557,139
Gm37558,2983
Gm37559,832
Gm3756,1355
Gm37560,1000
Gm37561,368
Gm37562,4328
Gm37563,1513
Gm37564,330
Gm37565,2217
Gm37566,4355
Gm37567,2279
Gm37568,364
Gm37569,1722
Gm37570,3106
Gm37571,614
Gm37572,1924
Gm37573,931
Gm37574,2166
Gm37575,309
Gm37576,372
Gm37577,1242
Gm37578,1177
Gm37579,142
Gm37580,2800
Gm37581,988
Gm37582,1409
Gm37583,2487
Gm37584,4429
Gm37585,280
Gm37586,204
Gm37587,4919
Gm37588,2496
Gm37589,3994
Gm37590,603
Gm37591,1135
Gm37592,373
Gm37593,3254
Gm37595,1742
Gm37597,382
Gm37598,1301
Gm37599,489
Gm3760,804
Gm37600,3292
Gm37601,394
Gm37602,3310
Gm37603,219
Gm37604,1272
Gm37606,3116
Gm37607,2623
Gm37608,1880
Gm37609,678
Gm37611,2028
Gm37612,582
Gm37613,3580
Gm37614,210
Gm37616,322
Gm37617,159
Gm37618,3075
Gm37619,724
Gm37620,501
Gm37621,5531
Gm37622,285
Gm37623,803
Gm37624,219
Gm37625,4872
Gm37626,4563
Gm37627,615
Gm37628,5440
Gm37629,1050
Gm37630,1456
Gm37631,364
Gm37632,1142
Gm37633,2700
Gm37634,650
Gm37635,174
Gm37636,359
Gm37637,1256
Gm37638,1123
Gm37639,2785
Gm3764,47632
Gm37640,300
Gm37641,239
Gm37642,1735
Gm37643,1260
Gm37644,2270
Gm37645,3556
Gm37646,111
Gm37647,3143
Gm37648,2563
Gm37649,2232
Gm3765,1447
Gm37650,597
Gm37651,1494
Gm37652,2095
Gm37653,3578
Gm37654,1935
Gm37655,4123
Gm37656,397
Gm37657,2169
Gm37658,315
Gm37659,111
Gm37660,1732
Gm37661,1550
Gm37663,2299
Gm37664,3813
Gm37665,149
Gm37666,866
Gm37667,752
Gm37668,1944
Gm37669,820
Gm37670,229
Gm37671,2096
Gm37672,4014
Gm37673,2451
Gm37674,1834
Gm37675,2847
Gm37676,507
Gm37677,7634
Gm37678,1146
Gm37679,1192
Gm37681,727
Gm37682,522
Gm37684,355
Gm37685,2177
Gm37686,2309
Gm37687,1935
Gm37688,465
Gm37689,275
Gm37690,1929
Gm37691,2573
Gm37692,232
Gm37693,234
Gm37695,530
Gm37696,3349
Gm37697,1844
Gm37698,463
Gm37700,965
Gm37701,1100
Gm37702,1872
Gm37703,1784
Gm37706,2765
Gm37707,325
Gm37708,895
Gm37709,600
Gm37710,1274
Gm37711,1749
Gm37712,9018
Gm37714,342
Gm37715,235
Gm37716,947
Gm37717,3027
Gm37718,2631
Gm37719,292
Gm3772,1887
Gm37720,1241
Gm37721,1935
Gm37722,208
Gm37723,565
Gm37724,1221
Gm37725,2125
Gm37726,3886
Gm37727,819
Gm37728,2292
Gm37729,1172
Gm37730,2211
Gm37731,2237
Gm37732,316
Gm37733,2962
Gm37734,621
Gm37735,1406
Gm37736,2802
Gm37737,1638
Gm37738,4716
Gm37739,1942
Gm3774,435
Gm37740,621
Gm37741,1256
Gm37742,3979
Gm37743,376
Gm37744,1590
Gm37745,8163
Gm37746,198
Gm37747,4003
Gm37748,1433
Gm37749,1899
Gm37750,129
Gm37751,1198
Gm37752,3309
Gm37753,439
Gm37754,824
Gm37755,2179
Gm37756,942
Gm37757,210
Gm37758,629
Gm37759,3246
Gm37760,3841
Gm37761,2098
Gm37762,3561
Gm37763,120
Gm37764,2150
Gm37765,315
Gm37766,2567
Gm37767,1834
Gm37768,887
Gm37769,2369
Gm37770,772
Gm37771,265
Gm37772,1394
Gm37773,2120
Gm37774,245
Gm37775,2313
Gm37776,2497
Gm37777,3366
Gm37778,190
Gm37779,3380
Gm37780,1873
Gm37781,3218
Gm37782,678
Gm37783,1856
Gm37784,189
Gm37785,2408
Gm37786,3225
Gm37787,585
Gm37788,2705
Gm37789,2889
Gm37790,3346
Gm37791,286
Gm37792,3413
Gm37793,695
Gm37795,2459
Gm37796,134
Gm37798,2169
Gm37799,2418
Gm378,820
Gm37800,4569
Gm37801,274
Gm37802,2643
Gm37803,711
Gm37804,547
Gm37805,1165
Gm37806,6387
Gm37807,190
Gm37808,442
Gm37809,931
Gm37811,2601
Gm37812,2475
Gm37813,3695
Gm37814,4016
Gm37815,411
Gm37817,434
Gm37818,3169
Gm37819,1065
Gm37820,2147
Gm37821,1843
Gm37822,1109
Gm37824,3236
Gm37826,322
Gm37827,1542
Gm37828,432
Gm37829,2213
Gm37830,837
Gm37831,1787
Gm37832,189
Gm37833,3256
Gm37834,3035
Gm37835,361
Gm37836,175
Gm37837,604
Gm37838,312
Gm37839,1618
Gm37840,1936
Gm37841,376
Gm37842,1569
Gm37843,2639
Gm37844,4097
Gm37845,355
Gm37846,3774
Gm37847,1497
Gm37848,3103
Gm37849,1881
Gm3785,202
Gm37850,549
Gm37851,889
Gm37852,350
Gm37853,660
Gm37854,1463
Gm37855,3700
Gm37856,999
Gm37857,1199
Gm37858,1231
Gm37859,2173
Gm3786,378
Gm37860,1034
Gm37861,2869
Gm37862,2533
Gm37863,1457
Gm37864,3075
Gm37865,437
Gm37866,696
Gm37867,1059
Gm37868,2735
Gm37869,595
Gm3787,9934
Gm37870,1936
Gm37871,688
Gm37872,886
Gm37873,2280
Gm37875,1935
Gm37876,1591
Gm37877,2709
Gm37878,387
Gm37879,1995
Gm3788,136
Gm37880,3257
Gm37881,421
Gm37882,196
Gm37883,725
Gm37884,818
Gm37885,3294
Gm37886,1513
Gm37887,2716
Gm37889,251
Gm37890,3992
Gm37891,1326
Gm37892,1242
Gm37893,2437
Gm37894,2599
Gm37895,4550
Gm37896,8110
Gm37897,3561
Gm37898,174
Gm37899,8717
Gm379,2965
Gm37900,3805
Gm37901,514
Gm37902,1683
Gm37903,2381
Gm37904,312
Gm37905,341
Gm37906,3035
Gm37907,846
Gm37908,470
Gm37909,2159
Gm3791,768
Gm37910,217
Gm37911,1545
Gm37912,3076
Gm37913,2544
Gm37914,2679
Gm37915,6026
Gm37916,2435
Gm37917,392
Gm37918,120
Gm37920,749
Gm37921,695
Gm37922,455
Gm37923,161
Gm37924,3647
Gm37925,4255
Gm37926,2424
Gm37927,174
Gm37929,493
Gm3793,672
Gm37930,1886
Gm37931,2866
Gm37932,1167
Gm37933,1067
Gm37934,402
Gm37935,982
Gm37936,1322
Gm37937,2168
Gm37939,447
Gm37940,3251
Gm37941,2309
Gm37942,628
Gm37943,3944
Gm37944,414
Gm37945,4367
Gm37946,347
Gm37947,894
Gm37948,2169
Gm37949,2091
Gm37950,374
Gm37951,3032
Gm37952,1931
Gm37953,1884
Gm37954,2071
Gm37955,212
Gm37956,2010
Gm37957,2303
Gm37958,430
Gm37959,2897
Gm37960,1897
Gm37961,299
Gm37962,2034
Gm37963,613
Gm37964,4905
Gm37965,1362
Gm37966,326
Gm37967,2665
Gm37968,3201
Gm37969,3409
Gm37970,1732
Gm37971,3391
Gm37972,379
Gm37973,1289
Gm37974,709
Gm37975,2099
Gm37976,345
Gm37977,721
Gm37978,2915
Gm37979,712
Gm37980,1910
Gm37981,535
Gm37982,2772
Gm37983,2006
Gm37984,3733
Gm37985,74456
Gm37986,383
Gm37987,825
Gm37988,825
Gm37989,803
Gm37990,696
Gm37991,696
Gm37993,988
Gm37994,409
Gm37995,1714
Gm37996,367
Gm37997,267
Gm37998,166
Gm37999,1809
Gm3800,554
Gm38000,1215
Gm38001,3761
Gm38002,180
Gm38003,1941
Gm38004,357
Gm38005,2745
Gm38006,697
Gm38007,313
Gm38008,518
Gm38009,3341
Gm38010,2784
Gm38011,279
Gm38012,3029
Gm38013,1936
Gm38014,2612
Gm38015,188
Gm38016,693
Gm38017,695
Gm38018,540
Gm38019,380
Gm38021,1560
Gm38022,403
Gm38024,2532
Gm38025,5827
Gm38026,3880
Gm38027,235
Gm38028,2169
Gm38029,2090
Gm38030,475
Gm38031,3015
Gm38032,1589
Gm38033,269
Gm38034,2069
Gm38035,696
Gm38036,3564
Gm38037,5746
Gm38038,259
Gm38039,443
Gm38040,225
Gm38041,661
Gm38042,5208
Gm38043,5141
Gm38044,487
Gm38045,199
Gm38046,550
Gm38047,1133
Gm38049,1372
Gm3805,628
Gm38050,238
Gm38051,433
Gm38053,160
Gm38054,2167
Gm38055,2217
Gm38056,5027
Gm38057,3203
Gm38058,4368
Gm38059,1999
Gm38060,464
Gm38061,365
Gm38062,1856
Gm38063,342
Gm38064,444
Gm38065,3492
Gm38066,1634
Gm38067,1911
Gm38068,540
Gm38069,2144
Gm3807,1168
Gm38070,6480
Gm38071,3378
Gm38072,2162
Gm38073,3665
Gm38074,145
Gm38075,920
Gm38076,450
Gm38077,3245
Gm38078,392
Gm38080,268
Gm38081,1645
Gm38082,6882
Gm38083,3498
Gm38084,437
Gm38085,3062
Gm38086,434
Gm38087,265
Gm38088,241
Gm38089,1514
Gm3809,1006
Gm38090,1942
Gm38091,3871
Gm38092,653
Gm38093,710
Gm38094,2978
Gm38095,1402
Gm38096,2389
Gm38099,3170
Gm381,4434
Gm3810,476
Gm38101,3557
Gm38102,18102
Gm38103,864
Gm38104,1895
Gm38105,2621
Gm38106,2534
Gm38107,696
Gm38108,399
Gm38109,181
Gm38110,1551
Gm38111,2741
Gm38113,201
Gm38114,1232
Gm38115,2413
Gm38116,1533
Gm38117,939
Gm38118,2222
Gm38119,755
Gm38120,4642
Gm38121,696
Gm38122,885
Gm38123,2779
Gm38124,2581
Gm38125,3438
Gm38126,4003
Gm38127,468
Gm38128,3250
Gm38130,1761
Gm38131,430
Gm38132,13676
Gm38133,815
Gm38134,1234
Gm38135,502
Gm38136,2167
Gm38137,1401
Gm38138,696
Gm38139,704
Gm38140,2755
Gm38141,317
Gm38142,3555
Gm38143,644
Gm38144,514
Gm38145,693
Gm38146,1293
Gm38147,1798
Gm38148,3012
Gm38149,339
Gm3815,502
Gm38150,452
Gm38151,289
Gm38152,3566
Gm38153,472
Gm38154,340
Gm38155,2763
Gm38156,2260
Gm38157,1698
Gm38158,339
Gm38159,621
Gm3816,433
Gm38160,2499
Gm38161,2708
Gm38162,4597
Gm38163,482
Gm38164,330
Gm38165,1053
Gm38166,471
Gm38167,1178
Gm38168,1924
Gm38169,2539
Gm38170,816
Gm38171,9881
Gm38172,567
Gm38173,2314
Gm38174,1925
Gm38177,1040
Gm38178,2471
Gm38180,395
Gm38181,720
Gm38182,3166
Gm38183,205
Gm38184,113
Gm38185,694
Gm38186,2026
Gm38187,4709
Gm38188,856
Gm38189,1457
Gm38190,4755
Gm38191,770
Gm38192,1847
Gm38194,2211
Gm38195,1499
Gm38197,2122
Gm38198,3581
Gm38199,3277
Gm382,4146
Gm38200,2111
Gm38201,387
Gm38203,245
Gm38204,10556
Gm38205,258
Gm38207,3505
Gm38208,114
Gm38209,2169
Gm38210,809
Gm38211,7217
Gm38212,2756
Gm38213,173
Gm38214,988
Gm38215,2233
Gm38216,1214
Gm38217,910
Gm38218,4689
Gm3822,2935
Gm38220,1447
Gm38221,365
Gm38223,695
Gm38224,2100
Gm38225,393
Gm38226,521
Gm38227,1602
Gm38228,1293
Gm38229,696
Gm38230,1159
Gm38231,347
Gm38232,411
Gm38233,807
Gm38234,421
Gm38235,4952
Gm38236,3229
Gm38237,376
Gm38238,346
Gm38240,2487
Gm38241,898
Gm38242,430
Gm38243,1567
Gm38244,2586
Gm38245,2621
Gm38246,1511
Gm38247,433
Gm38248,5783
Gm38249,2321
Gm38250,20512
Gm38251,2575
Gm38252,2616
Gm38253,4678
Gm38254,1009
Gm38255,2996
Gm38256,950
Gm38257,2761
Gm38258,675
Gm38259,3534
Gm38260,3995
Gm38261,316
Gm38262,1382
Gm38263,3059
Gm38264,2032
Gm38265,3766
Gm38266,421
Gm38268,193
Gm38269,3298
Gm38270,407
Gm38271,1603
Gm38272,2400
Gm38273,2382
Gm38274,148
Gm38275,1532
Gm38276,1343
Gm38277,1367
Gm38278,1365
Gm38279,1131
Gm3828,257
Gm38280,158
Gm38281,315
Gm38282,695
Gm38283,695
Gm38284,4539
Gm38285,922
Gm38286,3105
Gm38287,4407
Gm38288,1320
Gm38289,597
Gm3829,619
Gm38290,315
Gm38291,259
Gm38292,3045
Gm38293,2317
Gm38294,381
Gm38295,151
Gm38296,2167
Gm38297,1057
Gm38298,118
Gm38299,3789
Gm3830,2519
Gm38300,1870
Gm38301,543
Gm38302,2076
Gm38303,536
Gm38304,600
Gm38305,223
Gm38306,237
Gm38307,1840
Gm38308,1809
Gm38309,1518
Gm38311,165
Gm38312,1746
Gm38313,1266
Gm38314,625
Gm38315,2437
Gm38316,469
Gm38317,343
Gm38318,1706
Gm38319,1266
Gm38320,1281
Gm38321,235
Gm38322,2300
Gm38323,210
Gm38324,1460
Gm38325,1377
Gm38326,1158
Gm38327,1755
Gm38328,317
Gm38329,427
Gm38330,959
Gm38331,2671
Gm38332,147
Gm38333,604
Gm38334,313
Gm38335,4494
Gm38336,2549
Gm38337,599
Gm38339,1829
Gm38340,4008
Gm38341,515
Gm38342,2980
Gm38343,1060
Gm38344,1353
Gm38345,1748
Gm38346,2639
Gm38348,2273
Gm38349,462
Gm3835,403
Gm38350,696
Gm38351,2518
Gm38352,2557
Gm38353,27540
Gm38355,1570
Gm38356,408
Gm38357,2464
Gm38358,428
Gm38359,2225
Gm3836,1613
Gm38360,454
Gm38361,458
Gm38362,2064
Gm38363,622
Gm38364,179
Gm38365,2993
Gm38366,1934
Gm38368,1335
Gm38369,693
Gm38370,1937
Gm38371,1710
Gm38372,4028
Gm38373,288
Gm38374,2033
Gm38375,2227
Gm38376,2253
Gm38377,3772
Gm38378,2268
Gm38379,1525
Gm3838,685
Gm38380,2248
Gm38381,2275
Gm38382,2499
Gm38383,2660
Gm38384,1122
Gm38385,2351
Gm38386,3421
Gm38387,2577
Gm38388,1430
Gm38390,1065
Gm38392,1596
Gm38393,5734
Gm38395,830
Gm38396,7316
Gm38397,3247
Gm38398,1023
Gm38403,2357
Gm38404,3091
Gm38405,2396
Gm38407,12865
Gm38408,12802
Gm38409,2151
Gm3841,451
Gm38410,3403
Gm38411,1217
Gm38412,3895
Gm38413,21910
Gm38414,12226
Gm38415,2432
Gm38416,5171
Gm38418,2431
Gm38423,1325
Gm38428,1289
Gm38430,1240
Gm38431,6070
Gm38432,990
Gm38433,856
Gm38451,2646
Gm38455,1300
Gm38477,16281
Gm38503,28397
Gm38505,17202
Gm38509,1285
Gm3851,318
Gm3852,264
Gm38523,336
Gm38529,1123
Gm38534,12956
Gm38535,8358
Gm38537,8477
Gm38541,817
Gm38542,2854
Gm38543,8921
Gm38545,6787
Gm38546,6539
Gm38551,3763
Gm38554,10681
Gm38555,701
Gm38557,762
Gm38559,1266
Gm38560,5463
Gm38562,4382
Gm38563,6540
Gm38565,705
Gm38569,2228
Gm38571,7138
Gm38572,5744
Gm38574,640
Gm38575,12330
Gm38576,901
Gm38577,7562
Gm38579,457
Gm3858,2017
Gm38583,2226
Gm38584,5705
Gm38588,5293
Gm38590,4929
Gm38593,2206
Gm38594,1024
Gm38595,2079
Gm38597,303
Gm38598,8629
Gm38599,2512
Gm38600,10221
Gm38604,9051
Gm3861,349
Gm38610,6084
Gm38612,4681
Gm38616,385
Gm38619,3338
Gm38620,477
Gm38621,549
Gm38623,3129
Gm38625,2607
Gm38627,5120
Gm38630,471
Gm38631,3444
Gm38632,3442
Gm38640,2163
Gm38642,3207
Gm38643,1529
Gm38646,539
Gm38647,8990
Gm38648,9328
Gm38649,1904
Gm38653,3044
Gm38661,5814
Gm38666,313
Gm3867,279
Gm38695,1240
Gm38697,1746
Gm38699,1740
Gm38702,1340
Gm38725,1656
Gm38728,1970
Gm38730,2634
Gm38732,1583
Gm38735,5932
Gm38745,1763
Gm38748,2348
Gm38751,2089
Gm38752,1321
Gm38753,1118
Gm38755,3000
Gm38761,1906
Gm38762,706
Gm38765,1064
Gm38768,473
Gm38773,4071
Gm38777,1957
Gm38778,1348
Gm38780,2857
Gm38781,791
Gm38782,1548
Gm38786,1286
Gm38791,1639
Gm38804,1270
Gm38805,6028
Gm38809,4675
Gm38810,2247
Gm38811,4170
Gm38815,3378
Gm38820,7818
Gm38821,4321
Gm38825,5605
Gm38826,7059
Gm3883,3229
Gm38832,2004
Gm38839,4604
Gm38840,843
Gm38843,5752
Gm38845,3293
Gm38847,4465
Gm38855,2392
Gm38860,501
Gm38864,1674
Gm38868,4365
Gm38870,1626
Gm38872,8428
Gm38873,1078
Gm38874,1136
Gm38875,2066
Gm38878,1596
Gm38879,671
Gm3888,1240
Gm38882,4755
Gm38883,5481
Gm3889,612
Gm38899,7038
Gm3890,207
Gm38901,8414
Gm38910,2448
Gm38911,729
Gm38914,950
Gm38915,894
Gm38917,651
Gm3892,18601
Gm38920,3999
Gm38921,659
Gm3893,888
Gm38933,1248
Gm38935,3257
Gm38937,499
Gm38941,529
Gm38942,3416
Gm38944,912
Gm38947,3908
Gm38948,1257
Gm3895,301
Gm38950,3725
Gm38956,7562
Gm38957,2372
Gm38958,584
Gm3896,4094
Gm38961,1943
Gm38962,474
Gm38963,2292
Gm38964,2416
Gm38965,3351
Gm38966,1002
Gm38969,1416
Gm38972,4460
Gm38973,3026
Gm38977,324
Gm38978,1776
Gm38979,1540
Gm38985,5566
Gm38987,832
Gm38989,1129
Gm38990,1076
Gm38991,5217
Gm38995,1671
Gm38996,4506
Gm38997,2733
Gm38998,2662
Gm38999,558
Gm39000,8090
Gm39001,1730
Gm39008,1935
Gm39011,2458
Gm39017,1129
Gm39022,995
Gm39027,12038
Gm39035,2808
Gm39036,322
Gm39037,5674
Gm39038,1712
Gm39039,1641
Gm39040,5355
Gm39041,3902
Gm39043,7041
Gm39044,4247
Gm39045,429
Gm39053,11711
Gm39054,1593
Gm39059,424
Gm39063,476
Gm39066,528
Gm39067,1036
Gm39068,3747
Gm39069,535
Gm39070,5824
Gm39071,1409
Gm39072,2879
Gm39074,501
Gm39075,512
Gm39078,704
Gm39079,7895
Gm39084,3011
Gm39085,823
Gm39087,2114
Gm39090,4324
Gm39091,553
Gm39092,5357
Gm39093,330
Gm39094,1831
Gm39098,2155
Gm39103,1501
Gm39105,4782
Gm39112,1629
Gm39114,3935
Gm39117,2229
Gm39119,3567
Gm3912,9205
Gm39121,3268
Gm39122,920
Gm39124,1632
Gm39128,1094
Gm39129,1839
Gm39130,1559
Gm39132,1170
Gm39133,319
Gm39137,2740
Gm39139,7527
Gm39140,2135
Gm39141,868
Gm39143,1577
Gm39147,465
Gm39148,2241
Gm39149,2279
Gm39150,13738
Gm39151,3986
Gm39153,6572
Gm39154,3118
Gm39155,1054
Gm39157,3018
Gm39158,1476
Gm39159,9024
Gm39162,3235
Gm39163,1266
Gm39164,7253
Gm39165,1814
Gm39166,1996
Gm39167,2327
Gm39168,2641
Gm39170,1496
Gm39171,1570
Gm39172,865
Gm39183,664
Gm39185,2302
Gm39188,3318
Gm3919,658
Gm39193,1070
Gm39197,457
Gm39199,4796
Gm39202,6006
Gm39204,6628
Gm39206,936
Gm39209,3585
Gm39211,533
Gm39212,3414
Gm39213,10349
Gm39214,10271
Gm39219,386
Gm3922,435
Gm39220,1528
Gm39221,1520
Gm39222,868
Gm39224,918
Gm39226,1007
Gm39228,818
Gm39231,1065
Gm39232,3514
Gm39233,501
Gm39236,2899
Gm3924,2808
Gm39240,507
Gm39244,6886
Gm39251,787
Gm39252,2832
Gm39253,4006
Gm39254,4025
Gm39258,2709
Gm3926,1123
Gm39261,1053
Gm39266,654
Gm39267,1879
Gm39271,1369
Gm39272,1068
Gm39275,939
Gm3928,1307
Gm39280,1709
Gm39281,1174
Gm39283,6290
Gm39284,1069
Gm39286,3709
Gm39288,446
Gm39289,2087
Gm39291,6702
Gm39295,845
Gm39297,5582
Gm39299,1328
Gm39300,1089
Gm39302,3197
Gm39305,1524
Gm39307,1037
Gm3931,455
Gm39311,2747
Gm39312,2195
Gm39314,4732
Gm39317,5137
Gm39318,1118
Gm39319,619
Gm39321,10469
Gm39323,23919
Gm39325,2374
Gm39326,6045
Gm39327,3444
Gm39329,3352
Gm3933,439
Gm39331,790
Gm39336,1303
Gm39339,315
Gm39340,558
Gm39341,3152
Gm39343,2013
Gm39345,479
Gm39348,1015
Gm39349,8883
Gm39350,1142
Gm39351,1938
Gm39352,3301
Gm39353,2834
Gm39354,564
Gm39360,1996
Gm39361,761
Gm39362,1212
Gm39363,1549
Gm39364,5079
Gm39369,6606
Gm39375,1039
Gm39376,1881
Gm39377,2533
Gm39380,192
Gm39383,1728
Gm39384,749
Gm39386,868
Gm39388,1396
Gm39391,6832
Gm39392,2916
Gm39393,1135
Gm39397,3004
Gm3940,432
Gm39403,1197
Gm39404,313
Gm39411,931
Gm39417,5031
Gm3942,6312
Gm39420,4045
Gm39425,4711
Gm39427,1159
Gm39429,2152
Gm3943,718
Gm39430,1989
Gm39437,3261
Gm39438,2676
Gm39439,1054
Gm39440,3945
Gm39441,4533
Gm39442,3811
Gm39445,1355
Gm39446,405
Gm39447,1651
Gm39448,2384
Gm39449,1772
Gm3945,683
Gm39450,3230
Gm39456,7325
Gm39458,5128
Gm39459,3561
Gm3946,844
Gm39460,2342
Gm39461,2404
Gm39463,3239
Gm39464,2260
Gm39465,12801
Gm39468,2562
Gm39469,6654
Gm39472,744
Gm39476,5813
Gm39478,787
Gm3948,10080
Gm39481,512
Gm39482,8274
Gm39484,4126
Gm39486,16752
Gm39494,849
Gm39500,353
Gm39503,1169
Gm39508,826
Gm39510,2062
Gm39511,215
Gm39516,2263
Gm39517,3058
Gm39520,874
Gm39523,3734
Gm39526,1858
Gm39527,1724
Gm39528,5284
Gm39529,2066
Gm3953,789
Gm39530,3070
Gm39535,5415
Gm39538,7521
Gm39540,1020
Gm39546,1774
Gm39549,3896
Gm39555,2260
Gm39556,6752
Gm39558,2879
Gm39559,1246
Gm3956,2560
Gm39565,1191
Gm39567,5235
Gm39572,615
Gm39575,516
Gm39583,2998
Gm39589,1857
Gm39592,4859
Gm39595,1619
Gm39597,1094
Gm3960,769
Gm39601,3420
Gm39605,4071
Gm39606,892
Gm39607,2877
Gm39608,430
Gm3961,994
Gm39612,3138
Gm39613,1951
Gm39616,1384
Gm3962,2587
Gm39623,1392
Gm39624,4683
Gm39625,209
Gm3963,448
Gm39631,4867
Gm39633,10872
Gm39637,1162
Gm39640,332
Gm39642,1706
Gm39643,451
Gm39646,4085
Gm39659,1955
Gm39661,1520
Gm39662,6989
Gm39666,2215
Gm39669,1463
Gm39671,471
Gm39672,3594
Gm39682,4900
Gm39683,586
Gm39686,408
Gm39690,483
Gm39692,1648
Gm39693,1932
Gm39696,1777
Gm39697,4621
Gm3970,1997
Gm39707,2713
Gm39713,1483
Gm39714,5687
Gm39715,6279
Gm39717,2459
Gm39719,6740
Gm39724,536
Gm39732,4836
Gm39735,1863
Gm39736,4171
Gm39738,1140
Gm39741,815
Gm39747,417
Gm39760,1280
Gm39764,2182
Gm39767,9297
Gm39770,6042
Gm39772,2063
Gm39774,856
Gm39777,4954
Gm3978,2512
Gm39783,14574
Gm39786,1737
Gm39792,2486
Gm39797,923
Gm39799,2445
Gm39803,2050
Gm39804,2192
Gm39809,1225
Gm39811,10327
Gm39816,3514
Gm39819,1127
Gm39822,2419
Gm39833,4562
Gm39835,1369
Gm39837,558
Gm39840,5401
Gm39842,1926
Gm39843,6606
Gm39845,1088
Gm39848,1114
Gm3985,2757
Gm39852,1011
Gm39853,5053
Gm39854,2223
Gm39858,3073
Gm39859,8423
Gm39866,1183
Gm39870,1426
Gm39872,699
Gm39877,1342
Gm39885,277
Gm39886,1250
Gm39887,2173
Gm39902,5367
Gm39903,2490
Gm39909,1424
Gm39911,2013
Gm39912,628
Gm39914,2116
Gm39918,5929
Gm39922,1249
Gm39929,1947
Gm39931,7101
Gm39932,5054
Gm39933,4942
Gm39940,3463
Gm39943,986
Gm39944,699
Gm39951,3367
Gm39952,2604
Gm39955,3899
Gm39956,1081
Gm39959,1585
Gm39960,567
Gm39961,2202
Gm39962,5887
Gm39970,433
Gm39974,1779
Gm39984,3810
Gm39985,2287
Gm39990,3544
Gm39991,1701
Gm39992,2132
Gm39993,7917
Gm39994,3972
Gm40,660
Gm40000,899
Gm40001,1557
Gm40002,1012
Gm40003,2256
Gm40005,7497
Gm40006,811
Gm40008,1442
Gm40010,822
Gm40017,2211
Gm40020,1635
Gm40025,2440
Gm40026,2881
Gm40028,5104
Gm40030,764
Gm40032,1129
Gm40034,1112
Gm40035,662
Gm40036,1780
Gm40038,7268
Gm40039,1065
Gm40044,2770
Gm40050,1970
Gm40054,3591
Gm40055,2742
Gm40061,1548
Gm40062,2439
Gm40064,2299
Gm40066,3735
Gm40067,5558
Gm40068,997
Gm40070,7668
Gm40071,7370
Gm40072,1968
Gm40075,1714
Gm40076,4078
Gm40078,1614
Gm40080,693
Gm40082,1408
Gm40085,6384
Gm40089,982
Gm40090,4400
Gm40093,2102
Gm40097,2039
Gm40102,663
Gm40103,934
Gm40105,5280
Gm40107,2346
Gm40108,1690
Gm4011,2555
Gm40112,3144
Gm40113,2319
Gm40117,20542
Gm4012,600
Gm40121,8525
Gm40122,1273
Gm40123,7232
Gm40124,6798
Gm40125,2772
Gm40128,1073
Gm4013,3680
Gm40137,1617
Gm40138,981
Gm40140,2203
Gm40145,328
Gm40147,948
Gm40151,1089
Gm40153,5026
Gm40155,2742
Gm40159,6852
Gm40163,576
Gm40164,1354
Gm40166,244
Gm4017,338
Gm40173,2633
Gm40178,5008
Gm40180,6479
Gm40190,2051
Gm40192,590
Gm40193,237
Gm40200,5383
Gm40211,1056
Gm40216,918
Gm4022,1613
Gm40223,1859
Gm40225,1550
Gm40226,423
Gm40228,1919
Gm40232,2035
Gm40241,9053
Gm40242,1440
Gm40246,3920
Gm40247,579
Gm40249,2062
Gm40251,12961
Gm40252,1225
Gm40256,561
Gm40258,3292
Gm40261,4015
Gm40262,6087
Gm40263,6291
Gm40264,10407
Gm40270,1334
Gm40271,1782
Gm40277,8164
Gm40281,8726
Gm40283,3024
Gm40286,602
Gm40287,8971
Gm40288,3063
Gm40289,9320
Gm40290,720
Gm40292,7986
Gm40293,14291
Gm40296,1402
Gm40297,856
Gm40299,508
Gm40302,1248
Gm40303,8249
Gm40304,1359
Gm40308,1303
Gm40309,1752
Gm40316,2910
Gm40318,296
Gm40319,481
Gm40321,5330
Gm40323,2818
Gm40325,513
Gm40327,3975
Gm40328,1869
Gm40329,5088
Gm40330,8076
Gm40331,23910
Gm40332,938
Gm40333,955
Gm40337,5307
Gm4034,480
Gm40340,572
Gm40347,255
Gm40348,9662
Gm4035,5849
Gm40357,1375
Gm40358,3543
Gm4036,626
Gm40371,8938
Gm40372,703
Gm40375,4638
Gm40376,1212
Gm40377,2015
Gm40381,3961
Gm40383,4510
Gm40386,1857
Gm40390,654
Gm40392,876
Gm40394,4064
Gm40397,460
Gm40399,240
Gm40402,5387
Gm40409,3703
Gm40411,1753
Gm40414,481
Gm40418,3396
Gm4042,637
Gm40421,7804
Gm40422,4574
Gm40424,2052
Gm40425,2781
Gm40426,1955
Gm40427,5695
Gm40431,4340
Gm40434,2561
Gm40436,1935
Gm40437,767
Gm40438,31070
Gm40442,3160
Gm40443,634
Gm40444,964
Gm40447,3045
Gm4045,310
Gm40452,775
Gm40457,3384
Gm40466,422
Gm40477,13841
Gm40478,2155
Gm40481,3269
Gm40483,577
Gm40485,4448
Gm40486,185
Gm40493,1254
Gm40508,1437
Gm40509,5709
Gm40513,2448
Gm40518,5188
Gm4052,451
Gm40520,2043
Gm40523,4521
Gm40528,6468
Gm40533,3062
Gm40536,2470
Gm40537,2684
Gm40538,578
Gm40544,1025
Gm40545,4259
Gm40548,1638
Gm40551,638
Gm40552,1258
Gm40554,1968
Gm40557,4855
Gm40558,652
Gm40561,1248
Gm40562,461
Gm40565,4166
Gm4057,368
Gm40572,4365
Gm40574,920
Gm40576,11709
Gm40577,2812
Gm40579,3440
Gm4059,606
Gm40590,426
Gm40594,2215
Gm40598,547
Gm40601,1842
Gm40604,5916
Gm40607,328
Gm40608,2472
Gm40612,4017
Gm40614,2659
Gm40617,2420
Gm40621,7590
Gm40623,3835
Gm40624,1407
Gm40627,3643
Gm40630,10237
Gm40631,396
Gm40634,4890
Gm40635,2151
Gm40637,940
Gm40638,795
Gm40639,1109
Gm40642,2487
Gm40645,7479
Gm40646,9733
Gm40649,9001
Gm4065,2908
Gm40650,3937
Gm40651,1612
Gm40652,2283
Gm40653,4233
Gm40654,3165
Gm40655,1880
Gm40656,894
Gm40657,1210
Gm40658,4486
Gm40659,1380
Gm4066,339
Gm40660,5643
Gm40662,4885
Gm40663,1943
Gm40665,307
Gm40670,1443
Gm40672,1229
Gm40673,1860
Gm40674,919
Gm40683,4952
Gm40684,1982
Gm40685,3559
Gm40689,362
Gm40690,1731
Gm40692,491
Gm40696,1865
Gm40697,4352
Gm40698,832
Gm40699,621
Gm40704,655
Gm40709,13165
Gm40713,2805
Gm40715,840
Gm40716,811
Gm40723,6290
Gm40725,4229
Gm40727,3431
Gm40728,2667
Gm4073,3500
Gm40730,3526
Gm40731,961
Gm40732,701
Gm40739,2406
Gm40740,981
Gm40741,5961
Gm40742,1110
Gm40743,1527
Gm40747,1634
Gm40748,1919
Gm40750,4192
Gm4076,965
Gm40761,2065
Gm40763,2189
Gm40764,536
Gm40765,1469
Gm40767,2030
Gm40768,631
Gm40769,1641
Gm40770,10980
Gm40773,2295
Gm40775,1456
Gm40778,1344
Gm40784,3291
Gm40787,4946
Gm40790,1191
Gm40791,3131
Gm40793,5876
Gm40794,426
Gm40795,9012
Gm40796,3111
Gm40797,4674
Gm40800,5395
Gm40802,631
Gm40804,728
Gm4081,1838
Gm40810,253
Gm40816,9140
Gm40822,1614
Gm40823,6568
Gm40828,4420
Gm4083,451
Gm40830,11838
Gm40838,9125
Gm40840,1192
Gm40841,26940
Gm40847,4007
Gm40849,603
Gm40853,582
Gm40857,450
Gm40860,7755
Gm40863,1088
Gm40864,1230
Gm40874,1177
Gm40875,509
Gm40876,3218
Gm40879,612
Gm40881,883
Gm40884,5504
Gm40892,834
Gm40893,2824
Gm40898,2773
Gm40909,11174
Gm40918,16237
Gm40922,911
Gm40923,8441
Gm40924,2853
Gm40925,5084
Gm40932,1009
Gm40933,845
Gm40934,484
Gm40935,3425
Gm40936,3104
Gm40938,1443
Gm40940,465
Gm40943,1760
Gm40946,3545
Gm40948,3363
Gm40950,679
Gm40954,1212
Gm40955,2164
Gm40959,2347
Gm40968,3757
Gm40975,632
Gm40976,112
Gm40977,4954
Gm40983,5986
Gm40987,10176
Gm40988,11934
Gm40989,1153
Gm40997,859
Gm40998,5746
Gm40999,11001
Gm41,1023
Gm41000,516
Gm41001,1299
Gm41002,7265
Gm41005,349
Gm41007,2845
Gm41009,2166
Gm41012,2623
Gm41013,3021
Gm41018,1790
Gm41019,1704
Gm41022,777
Gm41027,9000
Gm41029,1415
Gm41030,2056
Gm41031,16286
Gm41032,3421
Gm41033,3389
Gm41036,4516
Gm41040,3462
Gm41041,793
Gm41043,3706
Gm41044,5110
Gm41046,650
Gm41047,2548
Gm41050,2186
Gm41053,1161
Gm41057,765
Gm41060,2332
Gm41061,2988
Gm41062,7777
Gm41065,1500
Gm4107,3965
Gm41070,926
Gm41071,5094
Gm41072,1409
Gm41073,422
Gm41077,6869
Gm41079,4112
Gm41080,583
Gm41081,583
Gm41095,625
Gm41102,8560
Gm41109,4659
Gm4111,823
Gm41112,7602
Gm41113,3261
Gm41115,308
Gm41118,3624
Gm41121,2785
Gm41130,777
Gm41138,4183
Gm41142,12915
Gm41148,5385
Gm41153,890
Gm41158,1123
Gm4116,435
Gm41161,1966
Gm41162,1171
Gm41164,1896
Gm41168,4701
Gm41169,643
Gm4117,53518
Gm41171,2283
Gm41177,12867
Gm41178,1099
Gm4118,864
Gm41183,7517
Gm41188,1796
Gm41189,536
Gm41190,8870
Gm41191,608
Gm41192,2647
Gm41198,1047
Gm412,948
Gm4120,578
Gm41203,1185
Gm41204,1134
Gm41205,3182
Gm41206,12165
Gm41207,1883
Gm41212,400
Gm41219,1919
Gm41225,5149
Gm41230,6587
Gm41231,18750
Gm41232,1396
Gm41233,724
Gm41234,4715
Gm41235,4179
Gm41238,3428
Gm41239,9331
Gm41240,1182
Gm41243,1809
Gm41244,10399
Gm41248,3094
Gm41250,602
Gm41251,2606
Gm41252,4587
Gm41253,5962
Gm41255,625
Gm41259,5799
Gm41261,1951
Gm41263,4053
Gm41265,1025
Gm41268,1474
Gm41269,2331
Gm41271,2482
Gm41272,586
Gm41276,443
Gm41277,2201
Gm41278,1892
Gm41279,1971
Gm4128,461
Gm41281,918
Gm41285,2315
Gm41286,1783
Gm41289,7845
Gm4129,2163
Gm41290,5538
Gm41291,2436
Gm41293,707
Gm41298,2127
Gm4130,970
Gm41300,5207
Gm41303,1150
Gm4131,2164
Gm41311,4345
Gm41317,1516
Gm41318,1786
Gm41320,313
Gm41321,696
Gm41322,1232
Gm41325,1801
Gm41326,2714
Gm41329,2548
Gm41331,10611
Gm41333,2431
Gm41335,5351
Gm41339,1595
Gm4134,563
Gm41341,1777
Gm41343,613
Gm41349,4907
Gm41350,1032
Gm41352,5145
Gm41355,2937
Gm41358,634
Gm41359,3311
Gm41361,4080
Gm41362,642
Gm41366,674
Gm41368,2428
Gm41370,1073
Gm41372,964
Gm41381,406
Gm41386,2812
Gm41387,6147
Gm41388,1487
Gm41392,3949
Gm41393,1554
Gm41394,2206
Gm41396,13234
Gm41399,5389
Gm41403,2378
Gm41406,627
Gm41409,1072
Gm41418,2871
Gm41421,2010
Gm41423,448
Gm41425,803
Gm41432,380
Gm41434,443
Gm41435,2181
Gm41436,1363
Gm41439,908
Gm41442,18856
Gm41443,2808
Gm41448,940
Gm41452,1983
Gm41458,2966
Gm4146,3413
Gm41463,410
Gm41464,1321
Gm41467,861
Gm41469,3269
Gm41471,4415
Gm41474,3443
Gm41480,2134
Gm41481,330
Gm41482,914
Gm41483,4886
Gm41484,3172
Gm41485,8339
Gm41486,1748
Gm41487,2754
Gm41488,349
Gm4149,276
Gm41490,4530
Gm41492,15784
Gm41495,720
Gm41496,624
Gm41497,1408
Gm41501,1063
Gm41504,1345
Gm41505,26084
Gm41506,2143
Gm41507,1588
Gm41509,2136
Gm41517,8665
Gm41519,969
Gm4152,276
Gm41527,1727
Gm41532,656
Gm41533,3493
Gm41534,857
Gm41537,2472
Gm41538,559
Gm41539,1610
Gm41541,3866
Gm41543,6648
Gm41545,1244
Gm41549,8364
Gm41550,339
Gm41555,1130
Gm41556,4736
Gm41561,1848
Gm41562,5469
Gm41565,582
Gm41566,1339
Gm4157,679
Gm41570,894
Gm41577,2257
Gm41582,2720
Gm41584,10458
Gm41585,5957
Gm41589,581
Gm41591,4106
Gm41597,10729
Gm41600,3655
Gm41601,877
Gm41603,2161
Gm41604,1618
Gm41608,2849
Gm41609,17340
Gm41611,3253
Gm41616,21178
Gm41624,3156
Gm41625,7127
Gm41626,3473
Gm41629,759
Gm41631,2393
Gm41635,2537
Gm41637,2471
Gm41638,2868
Gm41639,6111
Gm41640,11226
Gm41642,6027
Gm41644,1403
Gm41645,1479
Gm4165,304
Gm41653,1723
Gm41654,1996
Gm41659,6581
Gm4166,4464
Gm41662,768
Gm41663,707
Gm41664,5082
Gm41665,963
Gm41666,6688
Gm41667,1037
Gm41668,6063
Gm41669,1226
Gm41672,864
Gm41675,5218
Gm41677,16855
Gm41680,494
Gm41681,2083
Gm41684,654
Gm41686,1502
Gm41690,1322
Gm41691,1213
Gm41695,1094
Gm41698,14721
Gm41699,1193
Gm41701,2566
Gm41702,638
Gm41703,6311
Gm41704,786
Gm41707,1480
Gm41708,1912
Gm41713,965
Gm41715,2190
Gm41717,3147
Gm41718,966
Gm41720,808
Gm41724,4383
Gm41725,4824
Gm41728,1040
Gm41730,2321
Gm41731,1980
Gm41733,1672
Gm41734,3180
Gm41741,2483
Gm41744,6229
Gm41745,987
Gm41747,1435
Gm41748,2462
Gm41750,33171
Gm41753,1299
Gm41757,1320
Gm41758,4317
Gm41760,2393
Gm41764,3452
Gm41772,685
Gm4178,649
Gm41780,354
Gm41787,4288
Gm41788,1721
Gm41790,4770
Gm41792,4250
Gm41793,1883
Gm41796,1726
Gm41797,968
Gm41798,3863
Gm41800,5005
Gm41804,3742
Gm41805,447
Gm4181,1184
Gm41811,3596
Gm41812,2473
Gm41814,775
Gm41815,1276
Gm41818,5863
Gm41819,5522
Gm41821,2063
Gm41823,7069
Gm41824,2555
Gm41832,4235
Gm41835,8267
Gm41836,3130
Gm41842,3865
Gm41845,1386
Gm41846,1580
Gm41849,3985
Gm41854,8063
Gm41856,5685
Gm41857,1657
Gm41862,1157
Gm41865,682
Gm41871,2931
Gm41874,2306
Gm41876,4831
Gm41882,1144
Gm4189,5077
Gm41890,1975
Gm41898,828
Gm41905,4771
Gm41907,1528
Gm41908,1185
Gm41909,1399
Gm41912,421
Gm41913,1692
Gm41914,1765
Gm41923,2820
Gm41926,2462
Gm41927,1480
Gm41930,712
Gm41932,499
Gm41934,5074
Gm41935,368
Gm41937,5015
Gm41938,1281
Gm41943,2271
Gm41954,2118
Gm41964,5883
Gm41966,1329
Gm41967,1395
Gm41969,583
Gm41976,2641
Gm41979,3777
Gm41981,1208
Gm41988,1091
Gm4199,357
Gm41997,1162
Gm41998,2788
Gm42004,871
Gm42008,690
Gm42009,1840
Gm42010,481
Gm42012,757
Gm42015,1078
Gm42016,1715
Gm4202,733
Gm42023,1399
Gm42030,2975
Gm42031,1885
Gm42032,2357
Gm4204,1231
Gm42041,715
Gm42045,1318
Gm42047,11094
Gm42056,9652
Gm42059,745
Gm42064,3061
Gm42067,3241
Gm42068,390
Gm4207,960
Gm42074,1005
Gm4208,7267
Gm42080,960
Gm42081,1622
Gm42085,5106
Gm42088,636
Gm42089,465
Gm42093,447
Gm42096,1239
Gm42109,1021
Gm4211,12897
Gm42110,7398
Gm42112,1166
Gm42113,1187
Gm42114,1300
Gm42118,2093
Gm42121,2879
Gm42122,550
Gm42123,1610
Gm42128,316
Gm42131,1244
Gm42133,2739
Gm42134,9064
Gm42135,602
Gm42136,1802
Gm42138,320
Gm42141,2190
Gm42146,1677
Gm42151,2953
Gm42154,3474
Gm42155,421
Gm42156,5406
Gm42161,3066
Gm42164,379
Gm4217,1002
Gm42184,6345
Gm42185,1126
Gm4219,7929
Gm42194,1946
Gm42196,2305
Gm42197,2045
Gm42199,3213
Gm42201,902
Gm42204,2441
Gm42205,4092
Gm42209,18497
Gm4221,33699
Gm42214,989
Gm42215,2571
Gm42216,3950
Gm42217,1156
Gm4222,470
Gm42223,1213
Gm42225,1509
Gm42231,2662
Gm42232,1299
Gm42234,811
Gm42235,788
Gm4224,1594
Gm42245,3319
Gm42250,3127
Gm42252,3535
Gm42253,4016
Gm42258,3222
Gm42260,838
Gm42262,4876
Gm42264,1381
Gm42266,8040
Gm42271,940
Gm42279,2892
Gm42281,3865
Gm42283,807
Gm42287,1965
Gm42288,9877
Gm42293,6115
Gm42296,936
Gm4230,1612
Gm42303,2090
Gm42306,927
Gm42307,1438
Gm42308,644
Gm42312,12292
Gm42315,1420
Gm42316,1200
Gm42317,1826
Gm42318,11231
Gm42320,611
Gm42322,1846
Gm42324,1465
Gm42325,3024
Gm42326,1087
Gm42327,2233
Gm42333,7979
Gm42335,1395
Gm4234,714
Gm42340,7618
Gm42341,4285
Gm42342,1785
Gm42350,759
Gm42354,3163
Gm42356,4629
Gm42357,1210
Gm42359,2979
Gm42364,2298
Gm42369,5328
Gm42375,7823
Gm42376,759
Gm42377,1782
Gm42378,867
Gm42397,18591
Gm4240,571
Gm42400,970
Gm42402,1054
Gm42406,3033
Gm42407,1857
Gm4241,1609
Gm42413,338
Gm42417,2393
Gm4242,331
Gm42420,634
Gm42421,719
Gm42423,670
Gm42424,376
Gm42425,565
Gm42427,5292
Gm42428,302
Gm42429,558
Gm42430,616
Gm42431,323
Gm42432,1617
Gm42433,940
Gm42435,1448
Gm42436,3656
Gm42437,923
Gm42438,974
Gm42439,486
Gm42440,2284
Gm42441,748
Gm42442,1133
Gm42443,1155
Gm42444,4558
Gm42445,2893
Gm42446,3284
Gm42447,2903
Gm42448,2644
Gm42449,2258
Gm42450,7247
Gm42451,244
Gm42452,617
Gm42453,409
Gm42454,1181
Gm42455,2736
Gm42457,367
Gm42458,369
Gm42459,742
Gm4246,216
Gm42460,2567
Gm42461,1150
Gm42462,1363
Gm42463,4886
Gm42464,417
Gm42465,492
Gm42466,1301
Gm42467,1447
Gm42468,1543
Gm4247,1042
Gm42470,251
Gm42471,1865
Gm42472,859
Gm42473,2291
Gm42474,505
Gm42475,295
Gm42476,554
Gm42477,469
Gm42478,1467
Gm42479,1356
Gm4248,316
Gm42480,2595
Gm42481,2178
Gm42482,1947
Gm42483,1742
Gm42484,2104
Gm42486,3486
Gm42488,19927
Gm42489,669
Gm42490,2064
Gm42492,2915
Gm42493,1121
Gm42494,3051
Gm42496,3241
Gm42497,1958
Gm42498,1372
Gm42499,1412
Gm42500,8950
Gm42501,1026
Gm42502,1089
Gm42503,3706
Gm42506,150
Gm42507,2555
Gm42508,3292
Gm42509,781
Gm4251,4244
Gm42510,2258
Gm42511,234
Gm42513,2119
Gm42514,1832
Gm42515,3583
Gm42516,767
Gm42518,938
Gm42519,3656
Gm4252,313
Gm42520,1502
Gm42521,2040
Gm42522,255
Gm42523,2872
Gm42524,2214
Gm42525,527
Gm42526,393
Gm42527,1480
Gm42528,3418
Gm42529,3302
Gm42530,1094
Gm42531,4048
Gm42533,157
Gm42534,1754
Gm42535,1399
Gm42536,1613
Gm42537,2574
Gm42538,6450
Gm42539,308
Gm42540,2008
Gm42541,2249
Gm42542,268
Gm42543,353
Gm42544,3242
Gm42545,922
Gm42546,2592
Gm42547,3798
Gm42548,3933
Gm42549,7004
Gm42550,960
Gm42551,1573
Gm42552,4497
Gm42553,1629
Gm42555,1039
Gm42556,607
Gm42557,3359
Gm42558,265
Gm42559,3532
Gm42560,1023
Gm42561,1442
Gm42564,582
Gm42565,572
Gm42566,643
Gm42567,4468
Gm42568,1841
Gm42569,472
Gm4257,513
Gm42570,292
Gm42571,2464
Gm42572,3378
Gm42573,478
Gm42575,1674
Gm42576,2846
Gm42577,3211
Gm42578,194
Gm42579,734
Gm42580,753
Gm42581,966
Gm42583,6700
Gm42584,220
Gm42585,4020
Gm42587,1981
Gm42588,1297
Gm42589,1751
Gm4259,758
Gm42591,700
Gm42593,377
Gm42594,246
Gm42595,1607
Gm42596,1961
Gm42597,1544
Gm42598,2437
Gm42599,469
Gm42600,3588
Gm42602,3224
Gm42603,2146
Gm42604,2557
Gm42605,385
Gm42606,239
Gm42607,3393
Gm42608,2018
Gm42610,650
Gm42611,3407
Gm42612,623
Gm42613,1931
Gm42614,1554
Gm42615,1820
Gm42616,4184
Gm42617,1229
Gm42619,1136
Gm42620,630
Gm42621,275
Gm42622,355
Gm42623,379
Gm42625,922
Gm42626,1148
Gm42627,224
Gm42628,764
Gm42629,1102
Gm4263,1101
Gm42630,3448
Gm42632,2411
Gm42633,2764
Gm42634,381
Gm42635,2571
Gm42636,2239
Gm42638,2587
Gm42639,1871
Gm42640,1195
Gm42642,355
Gm42643,279
Gm42645,1627
Gm42646,914
Gm42647,459
Gm42648,2505
Gm4265,12490
Gm42650,11975
Gm42651,1339
Gm42652,614
Gm42653,2839
Gm42654,12134
Gm42655,1134
Gm42656,2305
Gm42657,211
Gm42658,1575
Gm42659,1754
Gm4266,832
Gm42660,947
Gm42661,1442
Gm42662,1431
Gm42663,351
Gm42664,3239
Gm42665,586
Gm42666,152
Gm42667,234
Gm42668,2487
Gm42669,6431
Gm42670,4905
Gm42671,1604
Gm42672,352
Gm42673,337
Gm42674,446
Gm42675,4035
Gm42676,2686
Gm42677,127
Gm42678,2221
Gm42679,2906
Gm42680,2500
Gm42681,1611
Gm42682,1265
Gm42683,2328
Gm42684,3615
Gm42685,2390
Gm42686,4108
Gm42687,164
Gm42689,404
Gm42690,1901
Gm42692,2833
Gm42693,631
Gm42694,358
Gm42695,4862
Gm42696,1142
Gm42697,4092
Gm42698,762
Gm42699,1657
Gm4270,406
Gm42700,2437
Gm42701,1657
Gm42702,4217
Gm42704,1778
Gm42705,2465
Gm42706,1910
Gm42707,6458
Gm42708,905
Gm4271,973
Gm42710,985
Gm42711,2302
Gm42713,945
Gm42714,1364
Gm42715,13671
Gm42716,2752
Gm42717,3463
Gm42718,2681
Gm42719,355
Gm42720,300
Gm42721,1523
Gm42722,4813
Gm42723,2298
Gm42725,4193
Gm42726,1286
Gm42727,2823
Gm42728,1552
Gm42729,2930
Gm42731,1641
Gm42732,1197
Gm42733,519
Gm42734,878
Gm42735,1646
Gm42736,1353
Gm42737,1755
Gm42738,441
Gm42739,226
Gm42741,2278
Gm42742,6825
Gm42743,3332
Gm42744,2147
Gm42745,1103
Gm42748,2341
Gm4275,1436
Gm42750,1055
Gm42751,559
Gm42752,1106
Gm42753,1268
Gm42755,1493
Gm42756,3608
Gm42758,283
Gm42759,2439
Gm42760,311
Gm42761,1259
Gm42763,2087
Gm42764,741
Gm42765,4062
Gm42766,1332
Gm42767,632
Gm42768,2897
Gm42769,1659
Gm42770,4155
Gm42771,2486
Gm42772,3041
Gm42773,148
Gm42774,283
Gm42775,1265
Gm42776,406
Gm42777,3603
Gm42778,553
Gm42779,406
Gm4278,1456
Gm42780,734
Gm42781,2719
Gm42782,522
Gm42783,795
Gm42785,3835
Gm42786,280
Gm42787,1164
Gm42788,1667
Gm42789,567
Gm4279,2329
Gm42790,969
Gm42791,134
Gm42793,1252
Gm42794,5962
Gm42795,76
Gm42796,1087
Gm42797,7173
Gm42798,3972
Gm42799,328
Gm42800,3715
Gm42801,2865
Gm42802,456
Gm42803,451
Gm42804,178
Gm42805,276
Gm42807,329
Gm42808,2432
Gm42809,1138
Gm42811,2768
Gm42812,337
Gm42813,910
Gm42814,460
Gm42815,1470
Gm42816,325
Gm42817,607
Gm42818,987
Gm42819,5121
Gm42820,3063
Gm42821,489
Gm42822,1529
Gm42823,378
Gm42824,247
Gm42825,723
Gm42826,2639
Gm42827,4462
Gm42828,469
Gm42829,2585
Gm42830,313
Gm42832,745
Gm42833,2124
Gm42834,256
Gm42836,728
Gm42837,2829
Gm42838,439
Gm42839,525
Gm42840,2251
Gm42841,1932
Gm42842,3004
Gm42843,3616
Gm42844,112
Gm42845,105
Gm42847,2553
Gm42848,2022
Gm42849,1584
Gm4285,8300
Gm42850,201
Gm42851,3049
Gm42852,1379
Gm42853,1387
Gm42854,722
Gm42855,253
Gm42856,2852
Gm42857,339
Gm42858,1704
Gm42859,193
Gm42860,3991
Gm42861,634
Gm42862,2621
Gm42863,2958
Gm42865,15224
Gm42866,3304
Gm42867,469
Gm42869,2121
Gm4287,585
Gm42870,3470
Gm42871,315
Gm42872,1967
Gm42873,1726
Gm42874,1774
Gm42875,1947
Gm42876,3215
Gm42878,4783
Gm42879,2214
Gm42880,459
Gm42881,3344
Gm42882,2682
Gm42883,222
Gm42884,4151
Gm42885,4214
Gm42886,466
Gm42887,1119
Gm42888,4361
Gm42889,660
Gm42890,3318
Gm42891,4932
Gm42892,3973
Gm42893,1502
Gm42894,3390
Gm42895,2996
Gm42896,1113
Gm42897,2112
Gm42898,3073
Gm42899,2667
Gm4290,814
Gm42900,2167
Gm42901,11452
Gm42905,1611
Gm42906,408
Gm42907,2148
Gm42908,870
Gm42909,3619
Gm4291,639
Gm42910,2921
Gm42911,1630
Gm42912,800
Gm42913,1853
Gm42915,323
Gm42917,928
Gm42918,2385
Gm42919,1284
Gm42920,1416
Gm42921,26397
Gm42922,2078
Gm42923,2896
Gm42924,185
Gm42925,285
Gm42926,697
Gm42927,3841
Gm42928,3339
Gm42929,1286
Gm42930,3260
Gm42931,760
Gm42932,744
Gm42933,2069
Gm42934,1345
Gm42935,151
Gm42936,652
Gm42937,752
Gm42938,1072
Gm42939,2205
Gm4294,614
Gm42940,2362
Gm42941,1321
Gm42942,1328
Gm42943,3242
Gm42944,3980
Gm42945,1112
Gm42946,2570
Gm42947,675
Gm42948,578
Gm42949,2202
Gm42951,2176
Gm42952,3920
Gm42953,581
Gm42955,3393
Gm42957,3624
Gm42958,318
Gm42959,212
Gm42960,241
Gm42961,181
Gm42962,2325
Gm42963,1217
Gm42964,382
Gm42965,250
Gm42966,1691
Gm42967,2312
Gm42968,1372
Gm42969,3631
Gm4297,2579
Gm42970,1352
Gm42971,2079
Gm42972,5617
Gm42973,3200
Gm42974,2654
Gm42975,1491
Gm42976,222
Gm42977,144
Gm42979,2228
Gm42980,1954
Gm42981,3252
Gm42982,687
Gm42983,815
Gm42984,7175
Gm42986,3385
Gm42987,2350
Gm42988,225
Gm42989,2306
Gm42990,312
Gm42991,3837
Gm42992,6836
Gm42993,7325
Gm42994,2549
Gm42995,1330
Gm42996,1636
Gm42997,2835
Gm42998,2371
Gm42999,786
Gm43000,4350
Gm43001,15705
Gm43002,155
Gm43004,703
Gm43005,648
Gm43006,1602
Gm43007,291
Gm43008,286
Gm43009,3566
Gm43010,2878
Gm43011,4433
Gm43012,937
Gm43013,247
Gm43014,2443
Gm43015,565
Gm43016,7087
Gm43017,752
Gm43018,1275
Gm43019,2863
Gm43020,5321
Gm43021,1340
Gm43022,4268
Gm43023,2106
Gm43024,4352
Gm43025,1886
Gm43026,325
Gm43027,3691
Gm43028,481
Gm43029,1535
Gm43031,1887
Gm43032,3123
Gm43033,425
Gm43034,1364
Gm43035,517
Gm43036,373
Gm43037,250
Gm43038,88
Gm43039,963
Gm43040,558
Gm43041,2630
Gm43042,1820
Gm43043,412
Gm43044,379
Gm43045,2095
Gm43046,2451
Gm43047,3460
Gm43048,388
Gm43049,1021
Gm43050,30904
Gm43051,2678
Gm43052,1628
Gm43054,884
Gm43055,879
Gm43056,2791
Gm43057,818
Gm43058,625
Gm43059,1388
Gm43060,289
Gm43061,2241
Gm43062,1319
Gm43063,1081
Gm43064,3144
Gm43065,2092
Gm43066,1260
Gm43068,1273
Gm43069,859
Gm43070,415
Gm43071,2032
Gm43072,1671
Gm43073,1189
Gm43075,3905
Gm43077,16628
Gm43078,168
Gm43079,559
Gm43080,2643
Gm43081,1380
Gm43083,476
Gm43084,947
Gm43085,3132
Gm43086,2657
Gm43088,2347
Gm43089,275
Gm43090,314
Gm43091,778
Gm43092,1854
Gm43093,1213
Gm43094,921
Gm43096,421
Gm43097,151
Gm43098,1297
Gm43099,5241
Gm4310,889
Gm43100,1127
Gm43101,4181
Gm43102,2324
Gm43103,802
Gm43104,311
Gm43106,637
Gm43107,255
Gm43108,293
Gm43109,2446
Gm43110,226
Gm43111,1919
Gm43112,3122
Gm43113,1754
Gm43114,343
Gm43115,160
Gm43116,195
Gm43117,379
Gm43118,775
Gm43119,2122
Gm43120,667
Gm43122,2240
Gm43123,3471
Gm43124,278
Gm43125,730
Gm43126,429
Gm43127,2789
Gm43128,1621
Gm43129,603
Gm43130,3907
Gm43131,5898
Gm43132,2662
Gm43133,463
Gm43134,3851
Gm43135,3462
Gm43138,708
Gm43139,284
Gm43140,456
Gm43141,274
Gm43142,361
Gm43143,2023
Gm43144,485
Gm43145,628
Gm43147,542
Gm43148,520
Gm43149,1422
Gm43150,636
Gm43151,657
Gm43152,1638
Gm43154,36629
Gm43155,494
Gm43156,3389
Gm43157,412
Gm43158,1555
Gm4316,3734
Gm43160,421
Gm43161,1688
Gm43162,1770
Gm43163,442
Gm43164,2128
Gm43165,1635
Gm43166,4379
Gm43167,1606
Gm43168,1612
Gm43169,4734
Gm43170,612
Gm43171,291
Gm43172,2137
Gm43173,2367
Gm43174,2445
Gm43175,3810
Gm43176,2989
Gm43177,1674
Gm43178,1386
Gm43179,275
Gm43180,2886
Gm43181,2072
Gm43182,2528
Gm43183,547
Gm43184,542
Gm43185,2775
Gm43186,824
Gm43187,2397
Gm43188,2160
Gm43189,3069
Gm4319,4364
Gm43190,1779
Gm43191,704
Gm43192,637
Gm43193,441
Gm43195,2332
Gm43196,2114
Gm43197,2583
Gm43198,326
Gm43199,307
Gm43200,2161
Gm43201,3416
Gm43203,558
Gm43205,1968
Gm43209,1588
Gm4321,442
Gm43210,6152
Gm43211,1899
Gm43212,394
Gm43213,1790
Gm43214,352
Gm43215,252
Gm43216,1333
Gm43217,367
Gm43218,344
Gm43219,1937
Gm4322,336
Gm43220,282
Gm43221,3476
Gm43222,603
Gm43224,898
Gm43225,1439
Gm43226,259
Gm43227,677
Gm43228,264
Gm43229,1850
Gm43230,2129
Gm43231,2258
Gm43232,364
Gm43233,616
Gm43234,18
Gm43235,297
Gm43236,313
Gm43237,1044
Gm43238,359
Gm43239,201
Gm43240,630
Gm43241,365
Gm43242,3136
Gm43243,278
Gm43244,1285
Gm43245,468
Gm43246,564
Gm43247,481
Gm43249,458
Gm43250,273
Gm43251,2712
Gm43254,2491
Gm43255,1437
Gm43256,3091
Gm43258,1950
Gm43259,3277
Gm43260,2430
Gm43262,5729
Gm43263,1916
Gm43264,325
Gm43266,1771
Gm43267,1827
Gm43268,4055
Gm43269,531
Gm43272,1584
Gm43273,2594
Gm43274,5000
Gm43275,1020
Gm43276,364
Gm43279,2512
Gm43280,1550
Gm43281,2704
Gm43282,2157
Gm43283,2548
Gm43284,253
Gm43285,3592
Gm43286,424
Gm43287,600
Gm43288,2628
Gm43289,1475
Gm43290,1557
Gm43292,2449
Gm43293,1781
Gm43294,2490
Gm43295,412
Gm43298,866
Gm43300,2043
Gm43301,778
Gm43302,4310
Gm43304,326
Gm43305,6856
Gm43307,2371
Gm43308,373
Gm43309,458
Gm43310,820
Gm43311,2377
Gm43312,2466
Gm43313,2235
Gm43314,2231
Gm43315,313
Gm43316,1295
Gm43317,2544
Gm43318,1949
Gm43319,2270
Gm4332,346
Gm43320,2916
Gm43321,2409
Gm43322,1612
Gm43323,4258
Gm43324,289
Gm43326,1638
Gm43327,4055
Gm43328,1434
Gm43329,3232
Gm43330,2153
Gm43331,1689
Gm43332,1044
Gm43333,2262
Gm43334,1318
Gm43335,3276
Gm43336,4504
Gm43338,2223
Gm43339,1606
Gm43340,1344
Gm43341,1308
Gm43342,924
Gm43343,1926
Gm43344,1229
Gm43345,269
Gm43346,685
Gm43347,580
Gm43348,530
Gm43349,1049
Gm4335,1004
Gm43350,711
Gm43351,4011
Gm43353,1329
Gm43354,346
Gm43355,346
Gm43357,8822
Gm43358,10018
Gm43359,2200
Gm43360,2887
Gm43361,4690
Gm43362,2470
Gm43363,2647
Gm43364,3274
Gm43365,2106
Gm43366,2655
Gm43367,625
Gm43368,409
Gm43369,1552
Gm43370,284
Gm43371,1031
Gm43372,3016
Gm43373,2870
Gm43374,2391
Gm43375,2480
Gm43376,3630
Gm43377,455
Gm43378,582
Gm43379,7726
Gm43380,220
Gm43381,165
Gm43382,838
Gm43383,469
Gm43384,637
Gm43386,4001
Gm43387,1066
Gm43388,2683
Gm43389,2595
Gm43390,421
Gm43391,2703
Gm43392,434
Gm43393,194
Gm43394,694
Gm43395,2240
Gm43396,706
Gm43397,481
Gm43398,2742
Gm43400,1254
Gm43402,159
Gm43403,4329
Gm43404,2534
Gm43405,337
Gm43406,334
Gm43407,317
Gm43408,440
Gm43409,2162
Gm43410,2234
Gm43411,1579
Gm43412,2818
Gm43413,1566
Gm43414,3188
Gm43415,750
Gm43416,1015
Gm43417,5207
Gm43418,428
Gm4342,367
Gm43420,1857
Gm43421,2905
Gm43422,3571
Gm43423,2094
Gm43424,253
Gm43425,3291
Gm43426,2597
Gm43427,331
Gm43428,3845
Gm43429,2251
Gm43430,3897
Gm43431,340
Gm43432,121
Gm43433,481
Gm43434,676
Gm43435,1438
Gm43436,147
Gm43437,3955
Gm43438,379
Gm43439,322
Gm43440,729
Gm43441,205
Gm43442,414
Gm43443,2393
Gm43444,291
Gm43445,2091
Gm43446,1936
Gm43447,1535
Gm43449,1070
Gm43450,2072
Gm43452,991
Gm43456,457
Gm43457,2409
Gm43458,462
Gm43459,331
Gm43460,1057
Gm43461,996
Gm43462,3648
Gm43463,1803
Gm43464,1450
Gm43465,2802
Gm43466,5214
Gm43467,437
Gm43468,2002
Gm43469,4634
Gm43470,5879
Gm43471,467
Gm43472,154
Gm43473,5997
Gm43474,774
Gm43475,400
Gm43476,7445
Gm43478,292
Gm43479,529
Gm43480,416
Gm43481,3672
Gm43482,1861
Gm43483,2860
Gm43484,5966
Gm43485,1710
Gm43486,4339
Gm43487,1031
Gm43488,2504
Gm43489,993
Gm4349,22364
Gm43490,2652
Gm43491,784
Gm43493,202
Gm43494,388
Gm43495,205
Gm43496,3001
Gm43497,2316
Gm43498,1486
Gm43499,2107
Gm4350,579
Gm43500,312
Gm43501,107
Gm43502,2596
Gm43503,3408
Gm43504,2038
Gm43505,139
Gm43506,753
Gm43507,3354
Gm43508,3783
Gm43509,2594
Gm43510,353
Gm43511,2297
Gm43512,176
Gm43513,1076
Gm43514,424
Gm43515,2141
Gm43516,322
Gm43517,3904
Gm43519,1872
Gm43520,164
Gm43521,255
Gm43522,2364
Gm43523,2878
Gm43524,298
Gm43525,616
Gm43526,1565
Gm43527,3178
Gm43528,1674
Gm43529,412
Gm4353,978
Gm43530,274
Gm43531,1114
Gm43532,3816
Gm43533,2936
Gm43534,2853
Gm43535,164
Gm43538,1268
Gm43539,1042
Gm43540,3848
Gm43541,581
Gm43542,379
Gm43544,2472
Gm43545,2779
Gm43546,943
Gm43547,328
Gm43548,2353
Gm43549,2661
Gm4355,1231
Gm43550,303
Gm43551,440
Gm43552,365
Gm43553,685
Gm43554,186
Gm43555,310
Gm43556,681
Gm43557,2370
Gm43558,210
Gm43559,466
Gm43560,773
Gm43561,448
Gm43562,238
Gm43563,198
Gm43564,211
Gm43566,808
Gm43567,1978
Gm43568,9032
Gm43569,1171
Gm43570,3688
Gm43571,3098
Gm43573,8337
Gm43574,4413
Gm43575,516
Gm43576,871
Gm43577,3344
Gm43578,459
Gm43579,1307
Gm43580,284
Gm43581,2864
Gm43582,343
Gm43583,303
Gm43584,605
Gm43585,1403
Gm43586,310
Gm43587,204
Gm43588,2298
Gm43589,1523
Gm43590,387
Gm43592,1165
Gm43593,1346
Gm43594,3442
Gm43595,1071
Gm43596,884
Gm43597,8325
Gm43598,2479
Gm43599,528
Gm43600,223
Gm43601,945
Gm43602,300
Gm43604,705
Gm43605,3426
Gm43606,3556
Gm43607,709
Gm43608,687
Gm43609,2712
Gm43610,365
Gm43611,4352
Gm43612,3207
Gm43613,1613
Gm43614,1702
Gm43615,1773
Gm43617,1799
Gm43618,3451
Gm43621,2022
Gm43622,2019
Gm43623,2663
Gm43624,180
Gm43625,1539
Gm43626,162
Gm43627,2299
Gm43628,1187
Gm43629,704
Gm43630,776
Gm43631,369
Gm43633,2330
Gm43634,675
Gm43635,352
Gm43636,2235
Gm43637,2926
Gm43638,2297
Gm43640,3211
Gm43645,404
Gm43646,10693
Gm43647,5890
Gm43648,2485
Gm43649,391
Gm43650,1382
Gm43651,439
Gm43652,675
Gm43654,3417
Gm43655,222
Gm43656,434
Gm43657,3833
Gm43658,4176
Gm43659,628
Gm4366,1342
Gm43661,3498
Gm43662,2271
Gm43663,1505
Gm43664,734
Gm43665,1659
Gm43666,4933
Gm43667,1095
Gm43668,5342
Gm43669,436
Gm43670,1767
Gm43671,433
Gm43672,3009
Gm43675,1184
Gm43676,540
Gm43677,2378
Gm43678,328
Gm43679,3677
Gm43680,340
Gm43681,1903
Gm43682,2090
Gm43684,6573
Gm43685,706
Gm43686,2439
Gm43688,937
Gm43689,2617
Gm43690,266
Gm43691,2547
Gm43692,1062
Gm43693,1249
Gm43694,1119
Gm43695,196
Gm43696,6071
Gm43697,2581
Gm43698,4809
Gm43699,818
Gm43700,3191
Gm43701,1540
Gm43702,2546
Gm43703,763
Gm43704,496
Gm43705,3717
Gm43706,2652
Gm43707,3187
Gm43708,961
Gm43709,559
Gm43710,452
Gm43711,373
Gm43712,291
Gm43713,1896
Gm43714,2411
Gm43715,2715
Gm43717,310
Gm43718,1857
Gm43719,2199
Gm43720,6411
Gm43721,2313
Gm43722,124
Gm43723,189
Gm43724,226
Gm43725,369
Gm43726,775
Gm43727,2647
Gm43728,2622
Gm43729,499
Gm4373,556
Gm43730,372
Gm43731,1483
Gm43732,511
Gm43736,2281
Gm43737,2740
Gm43739,307
Gm4374,424
Gm43743,491
Gm43744,688
Gm43745,1883
Gm43746,317
Gm43747,1330
Gm43748,1233
Gm43749,352
Gm43750,2493
Gm43751,3071
Gm43752,697
Gm43753,3309
Gm43755,408
Gm43756,2838
Gm43758,367
Gm43759,1261
Gm43760,3015
Gm43761,991
Gm43762,295
Gm43763,1299
Gm43764,3172
Gm43765,893
Gm43766,5417
Gm43767,381
Gm43768,1258
Gm43769,4323
Gm43771,1578
Gm43772,379
Gm43773,2162
Gm43774,878
Gm43775,3841
Gm43776,2914
Gm43777,376
Gm43778,199
Gm43779,829
Gm43780,3600
Gm43781,2681
Gm43782,1529
Gm43784,2436
Gm43785,1345
Gm43787,1037
Gm43788,2417
Gm43789,2472
Gm43790,2013
Gm43791,468
Gm43792,2210
Gm43793,1333
Gm43794,692
Gm43795,2366
Gm43797,532
Gm43798,394
Gm43799,579
Gm43800,2731
Gm43802,637
Gm43803,2127
Gm43804,456
Gm43805,824
Gm43806,469
Gm43807,1781
Gm43808,2065
Gm43809,535
Gm43810,232
Gm43811,695
Gm43812,581
Gm43813,7672
Gm43814,413
Gm43815,990
Gm43817,2262
Gm43818,466
Gm43820,3346
Gm43821,2216
Gm43822,476
Gm43823,1847
Gm43824,3264
Gm43825,734
Gm43826,2612
Gm43827,1390
Gm43829,3802
Gm4383,623
Gm43830,1067
Gm43831,2598
Gm43833,293
Gm43834,4830
Gm43835,149
Gm43836,381
Gm43838,59227
Gm43839,2325
Gm43840,484
Gm43841,586
Gm43842,2982
Gm43843,1587
Gm43844,5605
Gm43845,1820
Gm43846,932
Gm43847,1940
Gm43848,1247
Gm43849,215
Gm43850,578
Gm43851,327
Gm43852,917
Gm43853,301
Gm43854,394
Gm43855,507
Gm43856,369
Gm43857,3079
Gm43858,1778
Gm43859,1412
Gm43860,2705
Gm43863,1192
Gm43864,4028
Gm43865,127
Gm43866,839
Gm43867,525
Gm43868,2114
Gm43869,1405
Gm43870,4369
Gm43871,1955
Gm43872,2213
Gm43873,3938
Gm43874,2798
Gm43875,2475
Gm43876,3229
Gm43877,2238
Gm43879,3760
Gm43880,2162
Gm43881,2530
Gm43882,2264
Gm43883,3750
Gm43884,559
Gm43885,2542
Gm43886,2386
Gm43887,3186
Gm43888,2587
Gm43889,3681
Gm43890,2799
Gm43891,3112
Gm43892,265
Gm43893,437
Gm43894,688
Gm43895,855
Gm43896,2032
Gm43897,309
Gm43898,424
Gm43899,246
Gm43900,2669
Gm43901,453
Gm43903,617
Gm43904,1141
Gm43905,204
Gm43906,906
Gm43907,117
Gm43908,1472
Gm43909,1876
Gm43910,3241
Gm43911,76
Gm43912,538
Gm43913,3029
Gm43914,594
Gm43915,5037
Gm43916,967
Gm43917,2360
Gm43919,364
Gm43920,2159
Gm43921,1792
Gm43922,328
Gm43923,2911
Gm43924,1736
Gm43925,206
Gm43926,430
Gm43927,117
Gm43928,409
Gm43929,409
Gm43930,845
Gm43931,2870
Gm43932,52
Gm43933,267
Gm43934,388
Gm43935,1050
Gm43937,3122
Gm43940,165
Gm43941,1073
Gm43942,2859
Gm43943,113
Gm43944,120
Gm43945,754
Gm43946,886
Gm43947,959
Gm43948,2376
Gm43950,2609
Gm43952,751
Gm43953,2867
Gm43954,544
Gm43955,142
Gm43957,362
Gm43958,3544
Gm43959,577
Gm43960,5020
Gm43961,1872
Gm43962,190
Gm43963,2488
Gm43964,340
Gm43965,789
Gm43966,612
Gm43967,301
Gm43968,389
Gm43969,535
Gm43970,3605
Gm43971,2064
Gm43972,1467
Gm43973,210
Gm43974,684
Gm43975,481
Gm43976,235
Gm43977,189
Gm43978,451
Gm43979,475
Gm4398,992
Gm43980,1612
Gm43981,1467
Gm43982,1829
Gm43984,2864
Gm43985,757
Gm43988,112
Gm43990,1691
Gm43991,274
Gm43992,197
Gm43993,247
Gm43994,227
Gm43997,1005
Gm43999,2889
Gm44000,1483
Gm44001,3773
Gm44002,594
Gm44003,490
Gm44005,3173
Gm44006,6269
Gm44007,2189
Gm44008,412
Gm44009,1621
Gm44010,331
Gm44011,394
Gm44012,424
Gm44013,2262
Gm44014,1509
Gm44016,164
Gm44017,740
Gm44018,407
Gm4402,3235
Gm44020,2129
Gm44021,3516
Gm44022,5429
Gm44023,469
Gm44024,476
Gm44026,3571
Gm44027,3480
Gm44030,432
Gm44032,166
Gm44033,695
Gm44034,64
Gm44036,7581
Gm44037,1891
Gm44038,889
Gm44039,2246
Gm44040,1674
Gm44041,396
Gm44043,3253
Gm44044,1089
Gm44045,2520
Gm44046,2678
Gm44048,361
Gm44049,2984
Gm4405,982
Gm44050,527
Gm44052,396
Gm44053,929
Gm44054,372
Gm44055,247
Gm44056,1427
Gm44057,96
Gm44058,467
Gm44059,351
Gm44060,410
Gm44061,1195
Gm44062,4857
Gm44063,376
Gm44064,1098
Gm44065,3527
Gm44066,3338
Gm44067,2971
Gm44068,2128
Gm44069,506
Gm44070,2220
Gm44071,2845
Gm44072,383
Gm44073,429
Gm44074,337
Gm44075,216
Gm44076,520
Gm44077,5108
Gm44078,2646
Gm44079,529
Gm44080,2214
Gm44081,1220
Gm44083,337
Gm44084,409
Gm44085,372
Gm44086,2349
Gm44087,1770
Gm44088,237
Gm44089,1930
Gm4409,1919
Gm44090,1834
Gm44091,649
Gm44092,258
Gm44093,1802
Gm44094,2030
Gm44095,1931
Gm44096,2430
Gm44097,4473
Gm44098,46
Gm44099,112
Gm4410,686
Gm44100,436
Gm44101,2221
Gm44102,1666
Gm44103,3662
Gm44104,3777
Gm44105,308
Gm44106,1599
Gm44107,573
Gm44108,422
Gm44109,10184
Gm44110,825
Gm44111,399
Gm44112,372
Gm44113,3041
Gm44114,2727
Gm44115,6353
Gm44116,1525
Gm44117,1758
Gm44118,229
Gm4412,433
Gm44120,3023
Gm44121,2006
Gm44123,577
Gm44124,472
Gm44125,448
Gm44126,514
Gm44127,2998
Gm44128,219
Gm44129,675
Gm44130,3004
Gm44131,394
Gm44132,151
Gm44133,2586
Gm44134,545
Gm44135,368
Gm44136,1106
Gm44137,367
Gm44138,271
Gm44139,373
Gm44140,7020
Gm44141,1583
Gm44142,311
Gm44144,1960
Gm44145,5129
Gm44146,816
Gm44147,94
Gm44148,1328
Gm44149,226
Gm44150,2619
Gm44151,259
Gm44152,1691
Gm44153,1580
Gm44154,2724
Gm44155,412
Gm44156,1189
Gm44157,410
Gm44158,505
Gm44159,442
Gm44161,253
Gm44162,544
Gm44163,475
Gm44164,2561
Gm44165,1469
Gm44166,515
Gm44167,1878
Gm44168,3539
Gm44169,4327
Gm44170,549
Gm44171,2109
Gm44172,1235
Gm44173,132
Gm44174,2940
Gm44175,4626
Gm44176,876
Gm44177,2667
Gm44178,2930
Gm44180,408
Gm44181,483
Gm44182,115
Gm44183,1628
Gm44184,132
Gm44185,3307
Gm44186,2752
Gm44187,1929
Gm44189,3083
Gm4419,22353
Gm44190,1401
Gm44192,556
Gm44193,2523
Gm44194,3229
Gm44196,9181
Gm44198,2636
Gm44199,739
Gm44200,662
Gm44202,1227
Gm44203,307
Gm44204,1268
Gm44206,1976
Gm44207,1424
Gm44208,421
Gm44209,4153
Gm44210,16142
Gm44211,145
Gm44212,897
Gm44213,703
Gm44214,606
Gm44215,2711
Gm44216,157
Gm44219,273
Gm44220,2487
Gm44221,388
Gm44223,114
Gm44224,1463
Gm44225,186
Gm44226,1195
Gm44227,241
Gm44228,2026
Gm44229,2487
Gm44230,3550
Gm44231,4075
Gm44232,225
Gm44233,226
Gm44234,900
Gm44235,3058
Gm44236,513
Gm44237,936
Gm44238,1582
Gm44239,271
Gm44240,2654
Gm44241,1662
Gm44242,2721
Gm44243,692
Gm44245,232
Gm44247,277
Gm44248,1549
Gm44249,1805
Gm4425,3946
Gm44250,4229
Gm44251,442
Gm44252,330
Gm44253,628
Gm44254,322
Gm44255,2053
Gm44257,11009
Gm44258,301
Gm44259,298
Gm44260,2094
Gm44261,209
Gm44262,372
Gm44264,742
Gm44265,465
Gm44266,500
Gm44267,385
Gm44268,164
Gm44270,1234
Gm44271,2600
Gm44274,256
Gm44277,649
Gm44278,426
Gm44279,472
Gm44280,3111
Gm44281,166
Gm44282,190
Gm44283,3950
Gm44284,3444
Gm44285,940
Gm44286,1487
Gm44287,290
Gm44288,2795
Gm44289,1390
Gm44291,2865
Gm44292,2364
Gm44294,728
Gm44295,437
Gm44296,681
Gm4430,1041
Gm44306,203
Gm44307,764
Gm44312,469
Gm44315,219
Gm44317,5536
Gm4432,345
Gm44321,2855
Gm44331,388
Gm44332,433
Gm44336,468
Gm44366,674
Gm44369,2175
Gm44371,467
Gm44379,164
Gm44380,293
Gm44386,2694
Gm44388,258
Gm44389,182
Gm44391,93
Gm44399,226
Gm44401,2375
Gm44402,238
Gm44404,636
Gm44410,341
Gm44411,349
Gm44412,294
Gm44414,2109
Gm44415,2112
Gm44416,2066
Gm44417,3359
Gm44418,705
Gm44419,229
Gm44420,490
Gm44421,1221
Gm44422,1025
Gm44423,3158
Gm44424,1826
Gm44425,429
Gm44426,355
Gm44427,1001
Gm44428,874
Gm44429,186
Gm44430,995
Gm44431,413
Gm44432,938
Gm44433,4832
Gm44434,3745
Gm44435,4119
Gm44436,1494
Gm44437,4038
Gm44438,3236
Gm44439,3592
Gm44440,2373
Gm44441,2475
Gm44442,11431
Gm44443,5633
Gm44445,2683
Gm44446,255
Gm44448,393
Gm44449,153
Gm44451,483
Gm44459,160
Gm44468,105
Gm44470,142
Gm44472,943
Gm44473,152
Gm44475,424
Gm44478,114
Gm44487,325
Gm44501,1229
Gm44502,4296
Gm44503,4383
Gm44505,3221
Gm44506,965
Gm44507,21228
Gm44508,1157
Gm44509,1324
Gm4451,1891
Gm44510,4532
Gm44511,1247
Gm44513,439
Gm44515,718
Gm44516,7073
Gm44518,4370
Gm44519,122
Gm44520,802
Gm44521,217
Gm44523,417
Gm44524,271
Gm44525,2634
Gm44526,121
Gm44530,3559
Gm44531,2000
Gm44532,2598
Gm44533,268
Gm44535,3136
Gm44538,348
Gm44539,238
Gm4454,2578
Gm44540,354
Gm44541,2907
Gm44542,4314
Gm44543,396
Gm44544,1844
Gm44545,746
Gm44546,368
Gm44547,1446
Gm44549,577
Gm44550,2058
Gm44551,171
Gm44552,1247
Gm44553,2037
Gm44554,147
Gm44555,148
Gm44559,1012
Gm44560,3115
Gm44561,264
Gm44562,1347
Gm44563,178
Gm44564,180
Gm44565,269
Gm44566,304
Gm44567,2631
Gm44570,4172
Gm44571,533
Gm44573,2370
Gm44574,390
Gm44575,41
Gm44576,411
Gm44577,6118
Gm44578,3835
Gm44579,2064
Gm44580,877
Gm44581,5039
Gm44582,445
Gm44583,281
Gm44584,2880
Gm44585,607
Gm44586,2737
Gm44587,1685
Gm44588,545
Gm44589,115
Gm4459,468
Gm44590,391
Gm44593,3033
Gm44594,407
Gm44596,647
Gm44597,5727
Gm44598,150
Gm44600,111
Gm44601,2720
Gm44602,132
Gm44603,367
Gm44604,496
Gm44605,949
Gm44607,1090
Gm44608,855
Gm44609,460
Gm44610,3827
Gm44611,355
Gm44613,1158
Gm44615,358
Gm44616,1732
Gm44617,6406
Gm44618,2764
Gm4462,1303
Gm44620,2887
Gm44621,7522
Gm44622,11731
Gm44623,434
Gm44624,2278
Gm44625,1561
Gm44627,1531
Gm44629,1840
Gm44632,668
Gm44633,1384
Gm44634,152
Gm44636,755
Gm44638,75
Gm44639,3009
Gm44640,247
Gm44641,323
Gm44644,7471
Gm44645,1653
Gm44646,934
Gm44647,428
Gm44648,329
Gm44649,8124
Gm44650,194
Gm44651,372
Gm44652,2854
Gm44654,329
Gm44655,423
Gm44656,490
Gm44657,450
Gm44659,2057
Gm4466,1730
Gm44660,2465
Gm44661,3503
Gm44662,13235
Gm44663,3150
Gm44664,1786
Gm44665,251
Gm44666,391
Gm44667,3337
Gm44668,3265
Gm44669,1969
Gm44672,1098
Gm44673,996
Gm44674,415
Gm44675,2927
Gm44676,3055
Gm44677,3739
Gm44678,2775
Gm44679,2908
Gm4468,294
Gm44680,2910
Gm44681,842
Gm44682,2614
Gm44683,484
Gm44684,2926
Gm44686,1069
Gm44687,235
Gm44688,537
Gm44689,6015
Gm44690,382
Gm44691,9184
Gm44692,901
Gm44693,460
Gm44694,1298
Gm44695,1631
Gm44697,1679
Gm44699,5083
Gm44700,846
Gm44703,248
Gm44704,1990
Gm44705,339
Gm44706,815
Gm44707,1539
Gm44708,2237
Gm44709,448
Gm4471,907
Gm44710,471
Gm44711,1264
Gm44712,1076
Gm44713,125
Gm44714,1725
Gm44715,3839
Gm44716,710
Gm44717,6054
Gm44718,359
Gm44719,149
Gm44720,260
Gm44721,472
Gm44722,436
Gm44723,4000
Gm44724,12825
Gm44725,391
Gm44726,217
Gm44727,451
Gm44729,2052
Gm4473,8017
Gm44730,716
Gm44731,1592
Gm44732,635
Gm44733,992
Gm44734,4232
Gm44735,1752
Gm44736,667
Gm44737,4413
Gm44738,371
Gm44739,1426
Gm44740,1614
Gm44741,2127
Gm44742,1412
Gm44743,386
Gm44744,8470
Gm44745,2723
Gm44746,1349
Gm44749,1628
Gm44750,2223
Gm44751,4387
Gm44752,3305
Gm44753,9559
Gm44754,400
Gm44755,2102
Gm44756,1622
Gm44757,157
Gm44758,2068
Gm44759,430
Gm44760,1173
Gm44761,1288
Gm44763,2019
Gm44764,3542
Gm44765,601
Gm44767,32182
Gm44768,393
Gm44769,2809
Gm44770,1264
Gm44771,626
Gm44773,557
Gm44775,1456
Gm44776,381
Gm44777,9984
Gm44778,668
Gm44779,708
Gm4478,483
Gm44780,581
Gm44781,1307
Gm44782,50
Gm44784,460
Gm44785,2887
Gm44786,1008
Gm44787,2845
Gm44788,2135
Gm44789,3101
Gm4479,171
Gm44790,798
Gm44792,1628
Gm44793,582
Gm44794,411
Gm44795,319
Gm44796,1561
Gm44797,1837
Gm44798,2410
Gm44799,1202
Gm44800,1855
Gm44801,2060
Gm44802,1916
Gm44803,156
Gm44806,2303
Gm44807,154
Gm44808,1333
Gm44809,993
Gm44811,228
Gm44812,12796
Gm44813,361
Gm44814,434
Gm44815,1633
Gm44816,477
Gm44817,453
Gm44818,358
Gm4482,742
Gm44820,396
Gm44821,2002
Gm44822,6389
Gm44823,1107
Gm44824,229
Gm44825,150
Gm44826,2332
Gm44827,2229
Gm44828,106
Gm44829,3193
Gm44830,584
Gm44831,2989
Gm44832,2681
Gm44833,331
Gm44834,1396
Gm44835,3181
Gm44836,336
Gm44837,717
Gm44839,241
Gm44840,1168
Gm44842,3372
Gm44843,1396
Gm44844,336
Gm44845,335
Gm44846,3243
Gm44847,1991
Gm44848,3234
Gm44849,484
Gm44850,1329
Gm44851,2309
Gm44852,369
Gm44853,250
Gm44854,2340
Gm44855,362
Gm44856,304
Gm44857,196
Gm44858,154
Gm44859,94
Gm4486,734
Gm44860,2346
Gm44861,1220
Gm44862,1055
Gm44863,1422
Gm44864,505
Gm44865,531
Gm44866,391
Gm44867,3440
Gm44869,357
Gm4487,442
Gm44871,497
Gm44872,420
Gm44873,3428
Gm44874,1542
Gm44876,670
Gm44877,274
Gm44878,1310
Gm44879,503
Gm44881,367
Gm44882,802
Gm44883,3258
Gm44886,1304
Gm44887,178
Gm44888,2541
Gm44889,6086
Gm4489,7971
Gm44891,2223
Gm44892,488
Gm44893,443
Gm44894,2174
Gm44895,1538
Gm44896,772
Gm44897,1341
Gm44898,2223
Gm44899,2454
Gm44901,3977
Gm44902,805
Gm44903,130
Gm44907,1633
Gm44908,266
Gm44909,165
Gm4491,2823
Gm44910,396
Gm44911,1062
Gm44913,2990
Gm44914,2720
Gm44916,2194
Gm44917,520
Gm44919,1073
Gm44920,746
Gm44921,301
Gm44922,90
Gm44923,85
Gm44924,421
Gm44925,2110
Gm44926,1826
Gm44927,716
Gm44928,128
Gm44930,7852
Gm44931,545
Gm44932,121
Gm44933,2699
Gm44934,238
Gm44936,735
Gm44937,2691
Gm44938,427
Gm44939,814
Gm44940,1247
Gm44941,627
Gm44943,300
Gm44945,1187
Gm44947,6678
Gm44948,149
Gm44949,1450
Gm44950,2296
Gm44951,2024
Gm44953,1286
Gm44954,227
Gm44955,24740
Gm44956,3994
Gm44957,3828
Gm44958,736
Gm44959,231
Gm44960,141
Gm44961,196
Gm44962,279
Gm44964,376
Gm44965,732
Gm44966,157
Gm44967,631
Gm44968,5012
Gm44969,549
Gm44970,871
Gm44971,337
Gm44972,406
Gm44973,1003
Gm44974,1279
Gm44975,1390
Gm44976,261
Gm44977,420
Gm44978,317
Gm44979,287
Gm44980,314
Gm44981,1943
Gm44982,471
Gm44983,7464
Gm44984,394
Gm44985,1016
Gm44986,2829
Gm44987,3822
Gm44989,217
Gm44990,217
Gm44991,479
Gm44992,13469
Gm44993,1921
Gm44995,1122
Gm44996,2980
Gm44997,3960
Gm44998,1768
Gm44999,1493
Gm45001,2515
Gm45002,120
Gm45003,2158
Gm45004,1500
Gm45005,157
Gm45006,690
Gm45007,366
Gm45008,493
Gm4501,551
Gm45011,2297
Gm45012,5647
Gm45013,142
Gm45014,405
Gm45015,1364
Gm45016,797
Gm45017,1777
Gm45020,381
Gm45021,369
Gm45022,556
Gm45023,379
Gm45024,1545
Gm45025,2389
Gm45026,833
Gm45027,2697
Gm45029,391
Gm45030,2436
Gm45032,520
Gm45033,3167
Gm45034,482
Gm45037,4961
Gm45038,3838
Gm45039,3477
Gm45040,1112
Gm45041,3108
Gm45042,211
Gm45045,218
Gm45047,309
Gm45048,429
Gm45049,591
Gm45051,1286
Gm45052,2658
Gm45053,2499
Gm45054,342
Gm45056,3924
Gm45058,766
Gm45059,1077
Gm45060,7312
Gm45061,2095
Gm45062,5842
Gm45063,472
Gm45064,1924
Gm45066,2551
Gm45069,1754
Gm45070,246
Gm45071,571
Gm45072,929
Gm45073,4247
Gm45074,1240
Gm45075,7997
Gm45076,1517
Gm45078,546
Gm45079,10208
Gm45080,283
Gm45081,572
Gm45082,601
Gm45084,1957
Gm45085,441
Gm45086,4764
Gm45088,1408
Gm45089,2040
Gm45090,1148
Gm45091,2362
Gm45092,1675
Gm45093,2463
Gm45094,617
Gm45095,254
Gm45096,3751
Gm45098,657
Gm4510,427
Gm45100,391
Gm45101,232
Gm45102,857
Gm45104,4350
Gm45105,397
Gm45110,1402
Gm45112,5125
Gm45113,165
Gm45114,1349
Gm45115,58
Gm45116,275
Gm45117,1774
Gm45118,825
Gm45119,199
Gm4512,512
Gm45120,408
Gm45121,2129
Gm45122,784
Gm45124,2755
Gm45125,151
Gm45126,960
Gm45127,1015
Gm45129,2224
Gm4513,1438
Gm45130,3388
Gm45131,2582
Gm45132,2542
Gm45133,2823
Gm45134,1189
Gm45135,1184
Gm45136,943
Gm45137,4415
Gm45139,2057
Gm45140,5849
Gm45141,1888
Gm45144,989
Gm45145,2546
Gm45146,221
Gm45147,372
Gm45148,513
Gm45149,2172
Gm45150,467
Gm45151,712
Gm45153,1901
Gm45155,6454
Gm45156,439
Gm45157,401
Gm45159,25241
Gm45160,3099
Gm45161,2263
Gm45162,618
Gm45163,13233
Gm45164,1066
Gm45165,1631
Gm45166,683
Gm45167,322
Gm45168,4703
Gm45169,2066
Gm45170,1671
Gm45171,736
Gm45172,1301
Gm45173,305
Gm45174,3065
Gm45175,1608
Gm45176,4096
Gm45177,2307
Gm45178,4110
Gm45179,4337
Gm4518,718
Gm45181,449
Gm45182,2404
Gm45183,1497
Gm45184,955
Gm45185,404
Gm45186,478
Gm45187,5291
Gm45188,1369
Gm45189,363
Gm45191,5439
Gm45192,283
Gm45193,1552
Gm45194,3349
Gm45195,1008
Gm45196,825
Gm45197,151
Gm45198,591
Gm45199,1507
Gm45200,919
Gm45201,2679
Gm45202,332
Gm45203,1831
Gm45204,1354
Gm45205,3330
Gm45206,2285
Gm45207,145
Gm45208,1577
Gm45209,353
Gm4521,934
Gm45210,1577
Gm45211,2650
Gm45212,3403
Gm45213,304
Gm45215,395
Gm45216,941
Gm45217,1026
Gm45218,3807
Gm45219,465
Gm45220,2509
Gm45221,2272
Gm45222,4307
Gm45223,5138
Gm45224,414
Gm45225,1139
Gm45226,288
Gm45227,169
Gm45228,352
Gm45231,1822
Gm45232,162
Gm45234,4359
Gm45235,4465
Gm45236,229
Gm45237,8111
Gm4524,4326
Gm45240,674
Gm45241,1548
Gm45242,2129
Gm45244,2200
Gm45245,376
Gm45246,367
Gm45247,309
Gm45249,348
Gm4525,254
Gm45250,3592
Gm45251,1465
Gm45252,397
Gm45253,2076
Gm45255,811
Gm45257,3998
Gm45258,853
Gm45259,1006
Gm4526,920
Gm45261,594
Gm45262,1463
Gm45263,1375
Gm45264,3995
Gm45265,2497
Gm45266,2173
Gm45267,522
Gm45268,370
Gm45269,282
Gm45271,1858
Gm45272,3321
Gm45273,281
Gm45274,1467
Gm45275,365
Gm45276,1086
Gm45277,3148
Gm45278,2414
Gm45279,391
Gm4528,551
Gm45280,2552
Gm45282,5602
Gm45283,628
Gm45285,749
Gm45286,1350
Gm45288,151
Gm45289,2577
Gm4529,205
Gm45290,3890
Gm45292,2207
Gm45293,1812
Gm45294,2102
Gm45295,1046
Gm45296,205
Gm45297,3483
Gm45299,420
Gm45303,676
Gm45305,3155
Gm45307,1019
Gm45309,695
Gm45310,275
Gm45311,1330
Gm45312,311
Gm45313,178
Gm45315,333
Gm45316,162
Gm45317,223
Gm45319,318
Gm45321,8499
Gm45322,1361
Gm45324,5638
Gm45326,1134
Gm45327,565
Gm45328,917
Gm45330,4619
Gm45331,554
Gm45332,1949
Gm45334,1227
Gm45335,1447
Gm45336,3230
Gm45338,6920
Gm45339,877
Gm45341,8076
Gm45342,1363
Gm45343,828
Gm45344,341
Gm45345,555
Gm45346,8146
Gm45349,7072
Gm4535,558
Gm45350,2831
Gm45351,8626
Gm45352,3468
Gm45353,252
Gm45354,2557
Gm45355,296
Gm45358,2305
Gm4536,542
Gm45360,1405
Gm45363,1294
Gm45364,159
Gm45365,256
Gm45366,384
Gm45367,347
Gm45368,3592
Gm45370,1321
Gm45371,459
Gm45374,136
Gm45375,280
Gm45378,2711
Gm45379,549
Gm45380,315
Gm45382,151
Gm45384,277
Gm45386,218
Gm45387,632
Gm45388,2284
Gm45389,3399
Gm45391,1082
Gm45392,214
Gm45393,2631
Gm45394,1175
Gm45395,559
Gm45397,1600
Gm45398,165
Gm45399,1016
Gm454,686
Gm4540,429
Gm45400,653
Gm45401,733
Gm45402,223
Gm45403,276
Gm45405,609
Gm45406,1637
Gm45407,3676
Gm45408,390
Gm45409,252
Gm4541,1848
Gm45410,1093
Gm45411,345
Gm45412,2275
Gm45413,3538
Gm45415,2074
Gm45416,2201
Gm45417,758
Gm45418,1010
Gm45420,425
Gm45422,246
Gm45424,3300
Gm45425,1637
Gm45426,3672
Gm45427,1253
Gm45428,1789
Gm45429,172
Gm45430,2448
Gm45431,588
Gm45432,416
Gm45433,247
Gm45434,293
Gm45435,475
Gm45436,469
Gm45437,1142
Gm45438,564
Gm45439,359
Gm4544,4921
Gm45440,1655
Gm45441,7124
Gm45442,4274
Gm45444,898
Gm45445,232
Gm45446,216
Gm45447,6647
Gm45448,209
Gm45449,1960
Gm4545,603
Gm45452,177
Gm45453,853
Gm45454,455
Gm45457,3089
Gm45458,522
Gm45459,442
Gm45460,1038
Gm45461,4535
Gm45462,1547
Gm45463,2639
Gm45464,2844
Gm45469,3466
Gm45470,9092
Gm45471,281
Gm45472,4373
Gm45473,616
Gm45474,996
Gm45475,309
Gm45477,5498
Gm45478,211
Gm45479,802
Gm4548,509
Gm45481,877
Gm45483,1682
Gm45484,1141
Gm45485,357
Gm45486,1109
Gm45487,545
Gm45488,3759
Gm45489,443
Gm45490,1839
Gm45492,288
Gm45493,3948
Gm45494,999
Gm45495,1700
Gm45496,2917
Gm45497,740
Gm45498,283
Gm45499,280
Gm45500,803
Gm45501,2526
Gm45502,485
Gm45504,2107
Gm45505,4226
Gm45506,280
Gm45507,519
Gm45508,299
Gm45509,1229
Gm45510,638
Gm45512,1553
Gm45513,376
Gm45514,689
Gm45515,2141
Gm45516,4182
Gm45517,2468
Gm45518,2583
Gm45520,2031
Gm45521,676
Gm45522,166
Gm45523,799
Gm45524,1250
Gm45525,389
Gm45527,774
Gm45528,3145
Gm4553,1758
Gm45530,225
Gm45532,3620
Gm45533,165
Gm45534,2339
Gm45537,2708
Gm45539,428
Gm45540,3606
Gm45541,54
Gm45542,438
Gm45543,88
Gm45544,88
Gm45546,2394
Gm45548,3175
Gm45549,975
Gm45550,946
Gm45552,2864
Gm45553,507
Gm45554,6314
Gm45555,2602
Gm45556,345
Gm45557,1651
Gm45558,1895
Gm4556,355
Gm45560,1472
Gm45562,1537
Gm45564,2941
Gm45566,1168
Gm4557,907
Gm45570,495
Gm45571,1057
Gm45572,2521
Gm45574,331
Gm45575,548
Gm45576,1322
Gm45577,2287
Gm45579,887
Gm4558,521
Gm45580,3235
Gm45584,1784
Gm45587,765
Gm45588,630
Gm45589,13750
Gm45590,262
Gm45591,843
Gm45592,1043
Gm45593,752
Gm45594,241
Gm45596,434
Gm45597,1994
Gm45598,986
Gm45600,1219
Gm45601,7911
Gm45602,3442
Gm45604,1731
Gm45605,4269
Gm45606,5830
Gm45607,678
Gm45608,389
Gm45609,6595
Gm4561,505
Gm45610,784
Gm45613,1862
Gm45614,721
Gm45615,656
Gm45616,319
Gm45617,209
Gm45619,528
Gm45620,13312
Gm45625,1788
Gm45626,361
Gm45627,977
Gm45628,274
Gm45629,2546
Gm45630,1911
Gm45631,2287
Gm45632,1888
Gm45633,3253
Gm45634,1990
Gm45635,2134
Gm45636,1064
Gm45638,2878
Gm45640,1896
Gm45641,2340
Gm45643,1484
Gm45644,2740
Gm45645,1963
Gm45646,1193
Gm45647,195
Gm4565,1438
Gm45650,2169
Gm45651,335
Gm45652,3831
Gm45654,123
Gm45655,160
Gm45657,1349
Gm45658,580
Gm45659,564
Gm4566,1276
Gm45660,151
Gm45662,2098
Gm45663,1632
Gm45665,168
Gm45666,742
Gm45667,1316
Gm45668,493
Gm45669,469
Gm4567,2487
Gm45670,4598
Gm45672,768
Gm45673,358
Gm45674,450
Gm45675,3429
Gm45676,2124
Gm45677,1341
Gm45678,295
Gm45680,1384
Gm45682,3255
Gm45683,1247
Gm45684,1571
Gm45686,1598
Gm45687,155
Gm45688,101
Gm45689,133
Gm45690,246
Gm45691,1120
Gm45692,557
Gm45693,1157
Gm45694,3251
Gm45696,985
Gm45697,2876
Gm45698,1135
Gm45699,1669
Gm45700,347
Gm45701,235
Gm45702,1055
Gm45703,916
Gm45704,403
Gm45705,2134
Gm45706,2136
Gm45708,5740
Gm45709,1090
Gm45710,215
Gm45711,1660
Gm45712,335
Gm45713,1477
Gm45714,2722
Gm45715,434
Gm45717,495
Gm45718,3794
Gm45719,1662
Gm45720,484
Gm45721,607
Gm45722,466
Gm45723,1783
Gm45724,420
Gm45725,337
Gm45727,572
Gm4573,265
Gm45730,395
Gm45731,1203
Gm45732,586
Gm45733,437
Gm45734,411
Gm45735,319
Gm45737,1612
Gm45738,233
Gm45739,388
Gm4574,542
Gm45740,2020
Gm45742,433
Gm45743,2795
Gm45745,1313
Gm45746,2447
Gm45747,999
Gm4575,1002
Gm45750,354
Gm45751,1573
Gm45752,6313
Gm45753,2753
Gm45754,279
Gm45756,407
Gm45757,1480
Gm45758,1006
Gm45760,1782
Gm45762,2619
Gm45765,5998
Gm45766,478
Gm45767,4561
Gm45769,1828
Gm4577,2471
Gm45770,616
Gm45772,240
Gm45774,4510
Gm45776,1522
Gm45777,301
Gm45778,153
Gm45779,4064
Gm45780,224
Gm45781,539
Gm45782,366
Gm45784,142
Gm45785,988
Gm45786,2278
Gm45788,1036
Gm45789,364
Gm45790,2277
Gm45791,352
Gm45792,4268
Gm45793,1342
Gm45795,400
Gm45796,114
Gm45797,1921
Gm45798,2169
Gm45799,5395
Gm45804,3435
Gm45805,16295
Gm45807,2874
Gm45808,789
Gm45809,3894
Gm45812,192
Gm45814,775
Gm45815,146
Gm45817,1757
Gm45819,1751
Gm45820,362
Gm45821,1757
Gm45822,3583
Gm45823,515
Gm45824,1004
Gm45826,960
Gm45827,311
Gm45828,1836
Gm45829,334
Gm45830,344
Gm45832,1443
Gm45833,2730
Gm45834,454
Gm45837,4139
Gm45838,2447
Gm45841,164
Gm45842,753
Gm45843,9405
Gm45844,7390
Gm45845,582
Gm45846,446
Gm45847,10840
Gm45848,1871
Gm4585,452
Gm45850,338
Gm45853,3171
Gm45854,3488
Gm45855,880
Gm45856,416
Gm45857,356
Gm45859,214
Gm45860,334
Gm45861,8466
Gm45864,1019
Gm45865,945
Gm45866,4147
Gm45867,2317
Gm45868,473
Gm45869,4766
Gm4587,637
Gm45870,601
Gm45871,4581
Gm45872,1584
Gm45873,1915
Gm45874,346
Gm45875,781
Gm45876,2709
Gm45877,564
Gm45878,241
Gm45879,392
Gm45880,853
Gm45883,1019
Gm45885,2127
Gm45886,342
Gm45887,2998
Gm45888,1229
Gm45889,3415
Gm45890,5680
Gm45892,273
Gm45893,247
Gm45894,1763
Gm45895,1697
Gm45897,2074
Gm45899,1276
Gm45900,409
Gm45901,661
Gm45903,4614
Gm45904,3819
Gm45907,193
Gm45908,1177
Gm45909,1031
Gm45910,1003
Gm45911,601
Gm45913,1172
Gm45920,4492
Gm45922,1505
Gm45924,2766
Gm45925,1136
Gm45926,370
Gm45928,718
Gm45930,292
Gm45934,313
Gm45941,11488
Gm45942,3412
Gm45946,827
Gm45949,16033
Gm45952,672
Gm45957,3203
Gm4596,442
Gm45965,1284
Gm45968,1639
Gm45969,3460
Gm45977,1436
Gm4598,2470
Gm4599,823
Gm4600,571
Gm46003,541
Gm46004,2563
Gm4601,738
Gm46013,3963
Gm46017,3214
Gm46018,416
Gm4602,308
Gm46033,1709
Gm46036,1414
Gm46038,7728
Gm46040,2150
Gm46043,2226
Gm46044,4793
Gm46046,1132
Gm4605,625
Gm46054,1448
Gm46055,1187
Gm4606,523
Gm46061,578
Gm46069,1560
Gm4607,577
Gm46070,471
Gm4609,1002
Gm46099,1267
Gm4610,1445
Gm46100,1553
Gm46101,1445
Gm46102,2266
Gm46103,341
Gm46107,522
Gm46111,7485
Gm46117,1228
Gm46119,8055
Gm46120,2850
Gm46123,22789
Gm46124,2031
Gm46126,1063
Gm46129,912
Gm4613,276
Gm46130,770
Gm46133,13929
Gm46136,565
Gm46138,426
Gm46142,481
Gm46143,211
Gm46144,2401
Gm46146,346
Gm46148,3084
Gm46149,933
Gm46150,6840
Gm46151,1282
Gm46154,3992
Gm46158,2979
Gm46161,1014
Gm4617,331
Gm46173,583
Gm46176,593
Gm46177,8871
Gm46182,5243
Gm46188,462
Gm46189,644
Gm46190,427
Gm46191,433
Gm46192,326
Gm46193,364
Gm46194,320
Gm46197,416
Gm46199,1693
Gm46202,1927
Gm46203,478
Gm46204,14324
Gm46205,2782
Gm46207,2327
Gm46209,553
Gm46210,2158
Gm46212,3740
Gm46218,4282
Gm46223,675
Gm46224,4149
Gm46226,2351
Gm46231,314
Gm46233,449
Gm46234,259
Gm46239,1717
Gm46242,2093
Gm46251,1710
Gm46260,8192
Gm46268,4568
Gm46273,711
Gm46278,2342
Gm46280,5260
Gm46285,13456
Gm46293,1885
Gm46294,634
Gm46295,6286
Gm46298,4526
Gm46300,3143
Gm46301,981
Gm46302,1338
Gm4631,5708
Gm46311,203
Gm46312,420
Gm46313,547
Gm46317,393
Gm46319,357
Gm4632,2223
Gm46323,2922
Gm46325,4361
Gm46326,3882
Gm46327,365
Gm46328,4790
Gm46329,7052
Gm4633,8378
Gm46335,5585
Gm46336,2964
Gm46338,575
Gm46339,3539
Gm46342,602
Gm46344,887
Gm46346,1852
Gm46348,2667
Gm46349,917
Gm46350,415
Gm46355,4114
Gm46356,4139
Gm46357,554
Gm46362,12845
Gm46363,2024
Gm46364,319
Gm46367,2535
Gm46369,401
Gm46376,2366
Gm46378,9123
Gm46379,265
Gm46381,503
Gm46383,4574
Gm46387,419
Gm46388,476
Gm46389,392
Gm46391,203
Gm46392,6055
Gm46396,384
Gm46397,7872
Gm4640,2352
Gm46400,8538
Gm46404,6978
Gm46409,10129
Gm46411,2249
Gm46412,9399
Gm46415,345
Gm46416,4018
Gm46418,5544
Gm46420,546
Gm46422,408
Gm46423,2103
Gm46424,168
Gm46426,1567
Gm46427,1568
Gm46430,45962
Gm46431,819
Gm46432,638
Gm46436,1294
Gm4644,400
Gm46440,4072
Gm46443,364
Gm46445,774
Gm46447,7209
Gm46448,808
Gm46453,367
Gm46455,375
Gm46458,7875
Gm46464,3918
Gm46465,4257
Gm46474,636
Gm46475,264
Gm46476,403
Gm46477,421
Gm46481,1791
Gm46483,774
Gm46490,1692
Gm46495,538
Gm46496,742
Gm46497,455
Gm46499,420
Gm46501,683
Gm46502,9192
Gm46505,4576
Gm46506,385
Gm46507,536
Gm46509,3721
Gm4651,4238
Gm46514,7286
Gm46515,7648
Gm46516,6101
Gm46517,2404
Gm46519,2847
Gm46520,1481
Gm46522,797
Gm46524,314
Gm46525,315
Gm46526,1261
Gm46527,793
Gm46528,395
Gm46529,485
Gm46534,620
Gm46535,399
Gm46536,5144
Gm46538,1182
Gm4654,982
Gm46540,235
Gm46541,407
Gm46542,250
Gm46544,547
Gm46545,3537
Gm46546,249
Gm46553,6507
Gm46555,664
Gm46559,305
Gm46560,9531
Gm46562,192
Gm46563,7389
Gm46565,19547
Gm46569,846
Gm4657,787
Gm46570,2158
Gm46573,318
Gm46574,430
Gm46575,892
Gm46576,149
Gm46577,372
Gm46578,355
Gm46579,1784
Gm46582,1784
Gm46587,2091
Gm46593,339
Gm46595,5755
Gm46597,1330
Gm4660,403
Gm46602,1046
Gm46603,6476
Gm46604,1005
Gm46606,7977
Gm46609,12751
Gm46610,471
Gm46611,226
Gm46613,1170
Gm46614,4769
Gm46615,427
Gm46617,4220
Gm46618,377
Gm46620,1875
Gm46624,1557
Gm46627,5855
Gm46629,303
Gm46630,713
Gm46633,4913
Gm46637,3985
Gm46640,3987
Gm46641,2777
Gm46644,313
Gm46645,5201
Gm46648,4211
Gm46649,406
Gm4665,4997
Gm46652,3642
Gm46653,4359
Gm46657,5690
Gm46658,2078
Gm46662,650
Gm46666,3389
Gm46671,708
Gm46672,710
Gm46675,1330
Gm4668,10539
Gm46680,1192
Gm46681,710
Gm46682,710
Gm46683,711
Gm46687,567
Gm46690,1414
Gm46691,484
Gm46693,902
Gm46694,991
Gm46695,600
Gm46719,1625
Gm46724,3045
Gm46728,1421
Gm4673,4606
Gm46730,2487
Gm46732,5241
Gm46736,7804
Gm46738,2080
Gm46740,1551
Gm46743,2567
Gm46748,2518
Gm46750,2190
Gm46752,2821
Gm46757,2333
Gm46762,6370
Gm46764,856
Gm46770,3758
Gm46771,843
Gm46777,1315
Gm46779,6001
Gm46781,15863
Gm46782,966
Gm46785,818
Gm46786,873
Gm46788,4263
Gm46796,3156
Gm46800,7987
Gm46804,1359
Gm46805,1369
Gm46806,1605
Gm4681,14190
Gm46815,3980
Gm46825,5345
Gm46828,11301
Gm46834,699
Gm46835,3286
Gm46837,490
Gm46839,2726
Gm46842,5192
Gm46843,1865
Gm46846,692
Gm46848,2212
Gm46851,1816
Gm46853,2364
Gm46868,440
Gm46870,2053
Gm46874,1154
Gm46878,1030
Gm46880,2983
Gm46882,4478
Gm46886,1747
Gm46887,2194
Gm46888,1643
Gm46889,1215
Gm4691,1000
Gm46912,1081
Gm46921,1840
Gm46923,1944
Gm46925,11584
Gm46926,2998
Gm46937,3672
Gm46941,1285
Gm46942,1102
Gm46943,3583
Gm46947,3762
Gm46952,326
Gm46953,236
Gm46957,539
Gm46959,8686
Gm46961,2724
Gm46976,4328
Gm46981,882
Gm46984,823
Gm46992,1389
Gm46993,259
Gm46994,219
Gm46995,1378
Gm46996,408
Gm46997,217
Gm46998,330
Gm46999,365
Gm47000,479
Gm47001,269
Gm47002,1082
Gm47003,1481
Gm47004,2261
Gm47005,235
Gm47006,1391
Gm47007,861
Gm47008,262
Gm47009,597
Gm4701,724
Gm47010,430
Gm47011,1587
Gm47012,401
Gm47013,2684
Gm47014,2371
Gm47015,2709
Gm47016,1627
Gm47017,3372
Gm47018,947
Gm47019,574
Gm47020,572
Gm47021,478
Gm47022,2472
Gm47023,2480
Gm47024,2571
Gm47025,431
Gm47026,2332
Gm47027,976
Gm47028,2813
Gm47029,267
Gm47030,439
Gm47031,2282
Gm47032,787
Gm47033,2132
Gm47034,681
Gm47035,255
Gm47036,3841
Gm47037,2597
Gm47038,378
Gm47039,239
Gm47040,605
Gm47041,2043
Gm47042,390
Gm47043,1141
Gm47044,266
Gm47045,453
Gm47046,440
Gm47047,2820
Gm47048,620
Gm47049,675
Gm4705,354
Gm47050,2176
Gm47051,2272
Gm47052,365
Gm47053,157
Gm47054,2175
Gm47055,441
Gm47056,3845
Gm47057,540
Gm47058,535
Gm47059,2556
Gm47060,312
Gm47061,2340
Gm47062,1078
Gm47063,349
Gm47064,1373
Gm47065,451
Gm47066,3623
Gm47067,874
Gm47068,349
Gm47069,2581
Gm4707,1616
Gm47070,1559
Gm47071,44344
Gm47072,929
Gm47073,1393
Gm47074,260
Gm47075,2015
Gm47076,1529
Gm47077,2720
Gm47078,10896
Gm47079,6197
Gm4708,355
Gm47080,646
Gm47081,312
Gm47082,1040
Gm47083,382
Gm47084,160
Gm47085,649
Gm47086,410
Gm47088,1639
Gm47089,166
Gm47090,672
Gm47091,189
Gm47092,1813
Gm47093,1736
Gm47094,560
Gm47095,1062
Gm47096,3579
Gm47097,1480
Gm47098,350
Gm47099,286
Gm4710,1178
Gm47100,150
Gm47101,275
Gm47102,3107
Gm47103,1111
Gm47104,707
Gm47105,356
Gm47106,832
Gm47107,12560
Gm47108,3123
Gm47109,1292
Gm4711,725
Gm47110,405
Gm47111,3116
Gm47112,14527
Gm47114,253
Gm47115,1323
Gm47116,5178
Gm47117,6136
Gm47118,400
Gm47119,585
Gm47120,202
Gm47121,702
Gm47122,351
Gm47123,1742
Gm47124,691
Gm47125,424
Gm47126,269
Gm47127,1228
Gm47128,2701
Gm47129,513
Gm47130,341
Gm47132,653
Gm47133,11610
Gm47134,2234
Gm47135,253
Gm47136,1119
Gm47137,162
Gm47138,3370
Gm47139,2158
Gm4714,279
Gm47140,1400
Gm47141,1842
Gm47142,247
Gm47143,5451
Gm47144,721
Gm47145,2810
Gm47146,162
Gm47147,1459
Gm47148,578
Gm47149,189
Gm47150,1125
Gm47151,1622
Gm47152,2367
Gm47153,3571
Gm47154,267
Gm47155,2175
Gm47156,1615
Gm47157,6422
Gm47158,478
Gm47159,1176
Gm47160,1870
Gm47161,4879
Gm47162,447
Gm47163,1665
Gm47164,5690
Gm47165,470
Gm47166,1709
Gm47167,2041
Gm47168,670
Gm47169,162
Gm47170,636
Gm47171,2794
Gm47172,321
Gm47173,2324
Gm47174,148
Gm47175,1837
Gm47176,328
Gm47177,3143
Gm47178,342
Gm47179,1836
Gm4718,1876
Gm47181,398
Gm47183,774
Gm47184,498
Gm47185,643
Gm47186,589
Gm47187,229
Gm47188,1361
Gm47189,884
Gm4719,1780
Gm47190,412
Gm47191,411
Gm47192,187
Gm47194,1773
Gm47195,337
Gm47196,2209
Gm47197,2947
Gm47198,2235
Gm47199,733
Gm47200,622
Gm47201,464
Gm47202,3595
Gm47203,448
Gm47204,4694
Gm47205,2290
Gm47206,2267
Gm47207,413
Gm47208,904
Gm47209,1563
Gm47210,1245
Gm47211,426
Gm47212,5845
Gm47213,282
Gm47214,621
Gm47215,2837
Gm47216,381
Gm47217,159
Gm47218,1319
Gm47219,99
Gm47220,406
Gm47221,2287
Gm47222,193
Gm47223,537
Gm47224,456
Gm47225,269
Gm47226,818
Gm47227,117
Gm47228,439
Gm47229,249
Gm47230,6442
Gm47231,993
Gm47232,866
Gm47233,2168
Gm47234,909
Gm47235,2300
Gm47236,446
Gm47237,1536
Gm47238,404
Gm47239,704
Gm4724,3310
Gm47240,396
Gm47241,359
Gm47243,448
Gm47244,967
Gm47245,1071
Gm47246,2354
Gm47247,277
Gm47248,609
Gm47249,444
Gm4725,587
Gm47250,151
Gm47251,794
Gm47252,611
Gm47253,1444
Gm47254,202
Gm47255,487
Gm47256,295
Gm47257,2107
Gm47258,1342
Gm47259,3550
Gm4726,736
Gm47260,3105
Gm47261,404
Gm47262,7215
Gm47263,207
Gm47264,156
Gm47265,1123
Gm47266,630
Gm47267,1912
Gm47268,703
Gm47269,421
Gm47270,791
Gm47271,885
Gm47272,1027
Gm47273,419
Gm47274,397
Gm47279,91
Gm47289,3952
Gm47290,101
Gm47316,3028
Gm47317,85
Gm47318,91
Gm47319,1161
Gm4732,473
Gm47320,397
Gm47321,878
Gm47322,1824
Gm47323,211
Gm47324,1061
Gm47325,313
Gm47326,401
Gm47327,262
Gm47328,1349
Gm47329,221
Gm47330,526
Gm47331,3587
Gm47332,266
Gm47333,302
Gm47334,456
Gm47335,270
Gm47336,1659
Gm47337,2277
Gm47338,2154
Gm47339,3086
Gm4734,777
Gm47340,431
Gm47341,2172
Gm47342,621
Gm47343,1582
Gm47344,184
Gm47345,2123
Gm47346,3613
Gm47347,114
Gm47348,4168
Gm47349,177
Gm4735,1302
Gm47350,955
Gm47351,802
Gm47352,4783
Gm47353,313
Gm47354,379
Gm47355,3832
Gm47356,3847
Gm47357,2705
Gm47358,8024
Gm47359,1696
Gm4736,380
Gm47360,1362
Gm47361,624
Gm47362,895
Gm47363,549
Gm47364,284
Gm47365,1177
Gm47366,1498
Gm47367,1319
Gm47368,4299
Gm47369,325
Gm47370,1829
Gm47371,222
Gm47372,3544
Gm47373,784
Gm47374,2494
Gm47375,1298
Gm47376,4484
Gm47377,1561
Gm47378,1668
Gm47379,204
Gm47380,418
Gm47381,11010
Gm47382,151
Gm47383,108
Gm47384,120
Gm47385,126
Gm47386,120
Gm47387,365
Gm47388,2752
Gm47389,646
Gm4739,633
Gm47390,2805
Gm47391,4986
Gm47392,2265
Gm47393,127
Gm47394,212
Gm47395,793
Gm47396,1133
Gm47397,460
Gm47398,10107
Gm47399,474
Gm4740,1774
Gm47400,2146
Gm47401,223
Gm47402,420
Gm47403,2728
Gm47404,2705
Gm47405,5563
Gm47406,1141
Gm47407,828
Gm47408,584
Gm47409,1241
Gm47410,1199
Gm47411,3182
Gm47412,309
Gm47413,249
Gm47414,2446
Gm47415,5383
Gm47416,2071
Gm47417,300
Gm47419,625
Gm4742,771
Gm47420,112
Gm47421,270
Gm47422,120
Gm47423,2086
Gm47424,659
Gm47425,12030
Gm47426,180
Gm47427,639
Gm47428,661
Gm47429,505
Gm47430,961
Gm47431,4117
Gm47432,1114
Gm47433,463
Gm47434,2519
Gm47435,367
Gm47436,740
Gm47437,126
Gm47438,8836
Gm47439,2287
Gm4744,743
Gm47440,105
Gm47441,117
Gm47442,108
Gm47443,101
Gm47444,105
Gm47445,1694
Gm47446,550
Gm47447,977
Gm47448,5012
Gm47449,420
Gm47450,2303
Gm47451,388
Gm47452,379
Gm47453,769
Gm47454,1209
Gm47455,330
Gm47456,549
Gm47457,4475
Gm47458,424
Gm47459,1253
Gm4746,2406
Gm47460,679
Gm47462,166
Gm47463,307
Gm47464,226
Gm47465,18522
Gm47466,342
Gm47467,17551
Gm47468,2360
Gm47469,12707
Gm47470,109
Gm47471,1300
Gm47472,4563
Gm47473,285
Gm47474,415
Gm47475,2718
Gm47476,3838
Gm47477,3132
Gm47478,120
Gm47479,1976
Gm47480,1271
Gm47481,474
Gm47482,166
Gm47483,2015
Gm47484,3223
Gm47485,2777
Gm47486,3667
Gm47487,649
Gm47488,409
Gm47489,3309
Gm47490,683
Gm47491,677
Gm47492,303
Gm47493,4714
Gm47494,3487
Gm47495,265
Gm47496,485
Gm47497,213
Gm47498,225
Gm47499,874
Gm4750,3342
Gm47500,384
Gm47501,281
Gm47502,412
Gm47503,4958
Gm47504,353
Gm47505,800
Gm47506,714
Gm47507,12062
Gm47508,3016
Gm47509,3512
Gm4751,1105
Gm47510,752
Gm47511,344
Gm47512,9885
Gm47513,2016
Gm47514,1148
Gm47515,2804
Gm47516,160
Gm47517,215
Gm47518,1739
Gm47519,1603
Gm47520,980
Gm47521,259
Gm47522,2722
Gm47523,490
Gm47524,1396
Gm47525,1563
Gm47526,331
Gm47527,296
Gm47528,2192
Gm47529,331
Gm4753,1255
Gm47530,2067
Gm47531,1622
Gm47532,506
Gm47533,10874
Gm47534,469
Gm47535,1522
Gm47536,231
Gm47537,304
Gm47538,435
Gm47539,337
Gm4754,809
Gm47540,2917
Gm47541,401
Gm47542,2323
Gm47543,824
Gm47544,524
Gm47545,1146
Gm47546,330
Gm47547,2734
Gm47548,2533
Gm47549,776
Gm4755,3376
Gm47550,1705
Gm47551,165
Gm47552,3159
Gm47553,480
Gm47554,603
Gm47555,336
Gm47556,698
Gm47557,1833
Gm47558,2714
Gm47559,498
Gm47560,162
Gm47561,4300
Gm47562,150
Gm47563,556
Gm47564,840
Gm47565,386
Gm47566,2689
Gm47567,3524
Gm47568,1459
Gm47569,811
Gm4757,850
Gm47570,482
Gm47571,412
Gm47572,3361
Gm47573,2538
Gm47574,1631
Gm47575,1215
Gm47576,450
Gm47577,2695
Gm47578,6046
Gm47579,649
Gm47580,2031
Gm47581,125
Gm47582,586
Gm47583,3425
Gm47584,1282
Gm47585,2312
Gm47586,2028
Gm47587,738
Gm47588,3850
Gm47589,195
Gm47590,2976
Gm47591,2728
Gm47592,1307
Gm47593,1756
Gm47594,4154
Gm47595,392
Gm47596,834
Gm47597,332
Gm47598,3036
Gm47599,3098
Gm4760,1030
Gm47600,295
Gm47601,2174
Gm47602,2320
Gm47603,2541
Gm47604,205
Gm47605,270
Gm47606,1553
Gm47607,2183
Gm47608,2147
Gm47609,379
Gm4761,582
Gm47610,190
Gm47611,3838
Gm47612,505
Gm47614,534
Gm47615,779
Gm47616,147
Gm47617,462
Gm47618,449
Gm47619,483
Gm47620,430
Gm47621,2538
Gm47622,693
Gm47623,208
Gm47624,3836
Gm47625,1795
Gm47626,3238
Gm47627,469
Gm47628,1113
Gm47629,1358
Gm47630,270
Gm47631,611
Gm47632,3247
Gm47633,567
Gm47634,1271
Gm47635,218
Gm47636,222
Gm47637,1294
Gm47638,378
Gm47639,4946
Gm4764,1233
Gm47640,2882
Gm47641,1935
Gm47642,156
Gm47643,3236
Gm47644,3169
Gm47645,1554
Gm47646,3534
Gm47647,661
Gm47648,475
Gm47649,2803
Gm47650,322
Gm47651,277
Gm47652,4663
Gm47653,160
Gm47655,384
Gm47656,2365
Gm47657,1804
Gm47658,1845
Gm47659,682
Gm4766,939
Gm47660,379
Gm47661,1753
Gm47662,9930
Gm47663,1568
Gm47664,1340
Gm47665,2135
Gm47666,2834
Gm47667,2559
Gm47668,266
Gm47669,412
Gm4767,6034
Gm47670,260
Gm47671,1580
Gm47672,246
Gm47673,632
Gm47674,2969
Gm47675,333
Gm47676,1965
Gm47677,290
Gm47679,213
Gm4768,686
Gm47680,11560
Gm47681,403
Gm47682,9039
Gm47683,4616
Gm47684,573
Gm47686,485
Gm47687,3826
Gm47688,148
Gm47689,547
Gm47690,2946
Gm47691,1618
Gm47692,1085
Gm47693,1521
Gm47694,5446
Gm47695,1276
Gm47696,400
Gm47697,1158
Gm47698,680
Gm47699,630
Gm47700,2510
Gm47701,2787
Gm47702,656
Gm47703,398
Gm47704,3190
Gm47705,613
Gm47706,291
Gm47707,946
Gm47708,4204
Gm47709,5397
Gm47710,5645
Gm47711,419
Gm47712,506
Gm47713,3250
Gm47714,418
Gm47715,4050
Gm47716,1189
Gm47717,262
Gm47718,3698
Gm4772,843
Gm47720,2141
Gm47721,1408
Gm47722,529
Gm47723,1454
Gm47724,317
Gm47726,361
Gm47727,481
Gm47728,2854
Gm47729,6371
Gm4773,702
Gm47730,7875
Gm47732,3616
Gm47733,2458
Gm47734,1366
Gm47735,685
Gm47736,926
Gm47737,308
Gm47738,1861
Gm47739,2705
Gm4774,1051
Gm47740,595
Gm47741,226
Gm47742,413
Gm47743,2394
Gm47744,374
Gm47745,553
Gm47746,383
Gm47747,681
Gm47748,342
Gm47749,592
Gm4775,402
Gm47750,198
Gm47752,1115
Gm47753,294
Gm47754,1166
Gm47755,187
Gm47756,2665
Gm47757,7729
Gm47758,1184
Gm47759,2215
Gm47760,3192
Gm47761,4905
Gm47762,717
Gm47763,339
Gm47764,573
Gm47765,346
Gm47766,3448
Gm47767,1783
Gm47768,215
Gm47769,6698
Gm4777,1025
Gm47772,1988
Gm47773,469
Gm47774,5357
Gm47776,427
Gm47777,425
Gm47778,975
Gm47779,150
Gm47780,256
Gm47781,603
Gm47782,1534
Gm47783,78
Gm47784,124
Gm47785,3537
Gm47786,606
Gm47787,684
Gm47788,604
Gm4779,3285
Gm47790,7400
Gm47791,420
Gm47792,3758
Gm47793,386
Gm47794,1741
Gm47795,519
Gm47796,1257
Gm47797,327
Gm47798,3815
Gm47799,224
Gm4780,1242
Gm47800,4898
Gm47801,3101
Gm47802,451
Gm47803,135
Gm47804,1176
Gm47805,998
Gm47806,1127
Gm47807,392
Gm47808,6067
Gm47809,325
Gm4781,781
Gm47810,518
Gm47811,365
Gm47812,116
Gm47813,1040
Gm47814,15226
Gm47815,1890
Gm47816,368
Gm47817,3153
Gm47818,2740
Gm47819,3742
Gm4782,2046
Gm47820,594
Gm47821,1679
Gm47822,373
Gm47823,2854
Gm47824,1091
Gm47825,231
Gm47826,3139
Gm47827,3662
Gm47828,1248
Gm47829,145
Gm47830,634
Gm47831,777
Gm47832,402
Gm47833,415
Gm47834,463
Gm47835,244
Gm47836,4322
Gm47837,567
Gm47838,3827
Gm47839,932
Gm4784,1824
Gm47840,2280
Gm47842,3764
Gm47844,1372
Gm47845,364
Gm47846,183
Gm47847,3671
Gm47848,1231
Gm47849,1050
Gm4785,751
Gm47850,5935
Gm47851,1527
Gm47852,265
Gm47853,2659
Gm47854,3549
Gm47855,2188
Gm47856,1232
Gm47857,3879
Gm47858,660
Gm47859,452
Gm4786,798
Gm47860,352
Gm47861,15285
Gm47862,2469
Gm47863,3190
Gm47864,1435
Gm47865,2307
Gm47866,381
Gm47867,673
Gm47868,299
Gm47869,163
Gm4787,2474
Gm47870,1326
Gm47871,424
Gm47872,1713
Gm47873,588
Gm47874,575
Gm47875,1993
Gm47876,499
Gm47877,811
Gm47878,307
Gm47879,503
Gm47880,428
Gm47881,1073
Gm47882,8106
Gm47883,126
Gm47884,1120
Gm47885,576
Gm47886,435
Gm47887,1295
Gm47888,3082
Gm47889,3921
Gm4789,1216
Gm47890,2544
Gm47891,395
Gm47892,196
Gm47893,266
Gm47894,274
Gm47895,1280
Gm47896,662
Gm47897,426
Gm47898,1818
Gm47899,307
Gm47900,1876
Gm47901,263
Gm47902,2403
Gm47903,1007
Gm47904,1285
Gm47905,3334
Gm47906,1455
Gm47907,573
Gm47908,358
Gm47909,468
Gm4791,1021
Gm47910,3142
Gm47911,2474
Gm47912,497
Gm47913,794
Gm47914,1978
Gm47915,3509
Gm47916,1133
Gm47917,1025
Gm47918,7097
Gm47919,2212
Gm4792,771
Gm47920,3385
Gm47921,328
Gm47922,5908
Gm47923,2201
Gm47924,1302
Gm47925,486
Gm47926,4231
Gm47927,2296
Gm47928,554
Gm47929,496
Gm4793,2616
Gm47930,885
Gm47931,570
Gm47932,2791
Gm47933,1111
Gm47934,268
Gm47935,385
Gm47936,830
Gm47937,115
Gm47938,1754
Gm47939,2661
Gm47940,164
Gm47941,625
Gm47942,216
Gm47943,280
Gm47944,3163
Gm47945,191
Gm47946,639
Gm47947,2193
Gm47948,1580
Gm47949,374
Gm4795,1008
Gm47950,1379
Gm47951,3737
Gm47952,688
Gm47953,315
Gm47954,520
Gm47955,639
Gm47956,1860
Gm47957,1851
Gm47958,541
Gm47959,933
Gm4796,624
Gm47960,2715
Gm47961,253
Gm47962,9043
Gm47963,2144
Gm47964,210
Gm47965,115
Gm47966,9739
Gm47967,1090
Gm47968,3853
Gm47969,1015
Gm4797,1283
Gm47970,913
Gm47971,2077
Gm47973,199
Gm47974,3154
Gm47975,226
Gm47976,1545
Gm47977,555
Gm47978,222
Gm47979,196
Gm4798,1699
Gm47980,2921
Gm47981,229
Gm47982,2340
Gm47983,291
Gm47984,572
Gm47985,1707
Gm47986,492
Gm47987,2795
Gm47988,785
Gm47989,111
Gm4799,657
Gm47990,6464
Gm47991,367
Gm47992,1987
Gm47993,175
Gm47994,780
Gm47995,1674
Gm47996,1674
Gm47997,552
Gm47998,387
Gm47999,745
Gm4800,1266
Gm48000,503
Gm48001,411
Gm48002,124
Gm48003,1643
Gm48004,1327
Gm48005,181
Gm48006,588
Gm48008,1200
Gm48009,2446
Gm48010,1986
Gm48011,407
Gm48012,1302
Gm48013,413
Gm48014,1300
Gm48015,1300
Gm48016,181
Gm48017,208
Gm48018,4081
Gm48019,108
Gm4802,370
Gm48020,105
Gm48021,237
Gm48022,1431
Gm48023,1418
Gm48024,1074
Gm48025,1823
Gm48026,349
Gm48027,3436
Gm48028,274
Gm48029,320
Gm4803,1279
Gm48030,105
Gm48031,144
Gm48032,105
Gm48033,375
Gm48034,242
Gm48035,1449
Gm48036,318
Gm48037,124
Gm48038,3977
Gm48039,108
Gm4804,999
Gm48040,1273
Gm48041,120
Gm48042,126
Gm48043,105
Gm48044,114
Gm48045,1948
Gm48046,123
Gm48047,238
Gm48048,486
Gm48049,271
Gm48050,1408
Gm48051,5126
Gm48052,293
Gm48053,1722
Gm48054,841
Gm48055,256
Gm48056,239
Gm48057,2229
Gm48058,653
Gm48059,163
Gm4806,1690
Gm48060,298
Gm48061,2199
Gm48062,2622
Gm48063,2517
Gm48064,105
Gm48065,13269
Gm48067,220
Gm48068,567
Gm48069,1484
Gm48070,282
Gm48071,3262
Gm48072,396
Gm48073,2763
Gm48074,1635
Gm48075,403
Gm48076,1415
Gm48077,1742
Gm48078,340
Gm48079,550
Gm4808,1203
Gm48080,153
Gm48081,652
Gm48082,3842
Gm48083,365
Gm48084,2931
Gm48085,448
Gm48086,2142
Gm48087,637
Gm48088,482
Gm48089,1461
Gm48090,1624
Gm48091,1105
Gm48092,2562
Gm48093,560
Gm48094,781
Gm48095,532
Gm48096,192
Gm48097,169
Gm48098,282
Gm48099,486
Gm4810,1607
Gm48100,1026
Gm48101,121
Gm48102,7360
Gm48103,132
Gm48104,2631
Gm48105,8427
Gm48106,960
Gm48107,609
Gm48108,483
Gm48109,390
Gm4811,1220
Gm48110,400
Gm48111,3841
Gm48113,1039
Gm48114,3686
Gm48115,960
Gm48116,2242
Gm48117,305
Gm48118,195
Gm48119,2625
Gm4812,993
Gm48120,624
Gm48121,271
Gm48122,222
Gm48123,1341
Gm48124,412
Gm48125,1755
Gm48126,522
Gm48127,573
Gm48128,3846
Gm48129,383
Gm4813,799
Gm48130,322
Gm48131,1848
Gm48132,3844
Gm48133,489
Gm48134,233
Gm48135,618
Gm48136,908
Gm48137,2239
Gm48138,2880
Gm48139,3915
Gm4814,2353
Gm48140,2735
Gm48141,712
Gm48142,545
Gm48143,751
Gm48144,445
Gm48145,329
Gm48146,1431
Gm48147,351
Gm48148,99
Gm48149,262
Gm4815,994
Gm48150,358
Gm48151,409
Gm48152,661
Gm48153,409
Gm48154,488
Gm48155,526
Gm48156,145
Gm48157,347
Gm48158,303
Gm48159,1113
Gm48160,292
Gm48161,1835
Gm48162,436
Gm48163,4754
Gm48164,649
Gm48165,649
Gm48166,1660
Gm48167,216
Gm48168,2542
Gm48169,239
Gm4817,1411
Gm48170,6210
Gm48171,327
Gm48172,229
Gm48173,294
Gm48174,409
Gm48175,180
Gm48176,451
Gm48177,1075
Gm48178,87
Gm48179,523
Gm48181,1066
Gm48182,1680
Gm48183,825
Gm48184,273
Gm48185,327
Gm48186,239
Gm48187,491
Gm48188,704
Gm48189,794
Gm4819,1009
Gm48190,5002
Gm48191,285
Gm48192,692
Gm48193,1999
Gm48194,517
Gm48195,452
Gm48196,290
Gm48197,711
Gm48198,157
Gm48199,10262
Gm48200,611
Gm48201,247
Gm48202,9883
Gm48203,1785
Gm48204,1969
Gm48205,137
Gm48206,2066
Gm48207,1510
Gm48208,1210
Gm48209,2385
Gm4821,527
Gm48210,1260
Gm48211,226
Gm48212,377
Gm48214,358
Gm48215,3110
Gm48216,820
Gm48217,208
Gm48218,682
Gm48219,234
Gm4822,479
Gm48220,1091
Gm48221,1268
Gm48223,306
Gm48224,364
Gm48225,5083
Gm48226,4240
Gm48227,303
Gm48228,404
Gm48229,394
Gm4823,984
Gm48230,5152
Gm48231,2406
Gm48232,2364
Gm48233,1117
Gm48234,193
Gm48235,769
Gm48236,7463
Gm48237,2102
Gm48238,270
Gm48239,4653
Gm4824,492
Gm48240,1093
Gm48241,153
Gm48242,4298
Gm48243,376
Gm48244,981
Gm48245,139
Gm48246,198
Gm48247,196
Gm48248,233
Gm48249,6388
Gm4825,408
Gm48250,771
Gm48251,148
Gm48252,109
Gm48253,1279
Gm48254,469
Gm48255,327
Gm48256,756
Gm48257,758
Gm48258,312
Gm48259,686
Gm48260,3829
Gm48261,3856
Gm48262,4616
Gm48263,184
Gm48264,2019
Gm48265,510
Gm48266,1143
Gm48267,1533
Gm48268,791
Gm48269,1111
Gm4827,17943
Gm48270,3848
Gm48271,3497
Gm48272,674
Gm48273,986
Gm48274,255
Gm48275,287
Gm48276,2385
Gm48277,3576
Gm48278,1851
Gm4828,490
Gm48280,369
Gm48281,1209
Gm48282,507
Gm48283,1474
Gm48284,8093
Gm48285,2020
Gm48286,644
Gm48287,2891
Gm48288,538
Gm48289,312
Gm4829,594
Gm48290,372
Gm48291,319
Gm48292,551
Gm48293,889
Gm48294,358
Gm48295,4262
Gm48296,695
Gm48297,469
Gm48298,2330
Gm48299,278
Gm48300,397
Gm48301,864
Gm48302,1884
Gm48303,1894
Gm48304,328
Gm48305,548
Gm48306,950
Gm48307,1455
Gm48308,1627
Gm48309,2458
Gm4831,594
Gm48310,475
Gm48311,1323
Gm48312,598
Gm48313,2200
Gm48314,2739
Gm48315,161
Gm48316,293
Gm48317,98
Gm48318,148
Gm48319,103
Gm4832,7770
Gm48320,474
Gm48321,2665
Gm48322,707
Gm48323,201
Gm48324,1927
Gm48325,504
Gm48326,121
Gm48327,1101
Gm48328,1881
Gm48329,1145
Gm4833,790
Gm48330,369
Gm48331,271
Gm48332,370
Gm48333,266
Gm48334,777
Gm48335,3811
Gm48337,202
Gm48338,246
Gm48339,446
Gm4834,3618
Gm48340,405
Gm48341,367
Gm48342,1899
Gm48343,211
Gm48344,294
Gm48345,169
Gm48346,3200
Gm48347,125
Gm48348,2440
Gm48349,467
Gm4835,972
Gm48350,851
Gm48351,198
Gm48352,405
Gm48353,1871
Gm48354,148
Gm48355,581
Gm48356,1937
Gm48357,650
Gm48358,1468
Gm48359,134
Gm4836,907
Gm48360,1508
Gm48361,1220
Gm48362,3205
Gm48363,4850
Gm48365,2735
Gm48366,3175
Gm48367,331
Gm48368,1804
Gm48369,1740
Gm4837,1584
Gm48370,473
Gm48371,8126
Gm48372,2415
Gm48373,284
Gm48374,1765
Gm48375,1274
Gm48376,294
Gm48377,871
Gm48378,265
Gm48379,331
Gm48380,383
Gm48381,3964
Gm48382,3675
Gm48383,1366
Gm48385,403
Gm48386,456
Gm48387,214
Gm48388,442
Gm4839,623
Gm48390,903
Gm48391,3813
Gm48392,148
Gm48393,4185
Gm48394,253
Gm48395,4315
Gm48396,839
Gm48398,217
Gm48399,413
Gm4840,1810
Gm48400,498
Gm48401,3835
Gm48403,135
Gm48404,153
Gm48405,2223
Gm48406,229
Gm48407,215
Gm48408,1131
Gm48409,94
Gm4841,2839
Gm48410,1260
Gm48411,154
Gm48412,818
Gm48413,94
Gm48414,213
Gm48415,1723
Gm48416,2121
Gm48417,3845
Gm48418,3808
Gm48419,2884
Gm4842,835
Gm48420,600
Gm48421,489
Gm48422,2706
Gm48423,2884
Gm48424,153
Gm48425,1758
Gm48426,482
Gm48427,9924
Gm48428,4201
Gm48429,153
Gm48430,1449
Gm48431,269
Gm48432,558
Gm48433,928
Gm48434,532
Gm48435,1106
Gm48436,504
Gm48437,1382
Gm48438,2448
Gm48439,330
Gm48440,357
Gm48441,474
Gm48442,2252
Gm48443,3841
Gm48444,573
Gm48445,193
Gm48446,40
Gm48447,2503
Gm48448,1397
Gm48449,731
Gm4845,562
Gm48450,1204
Gm48451,1204
Gm48452,256
Gm48453,2309
Gm48454,1206
Gm48455,420
Gm48456,368
Gm48457,307
Gm48458,404
Gm48459,357
Gm4846,1744
Gm48460,226
Gm48461,526
Gm48462,358
Gm48463,178
Gm48464,1147
Gm48465,1195
Gm48466,472
Gm48467,361
Gm48468,94
Gm48469,94
Gm4847,3012
Gm48470,265
Gm48471,767
Gm48472,154
Gm48473,277
Gm48474,1159
Gm48475,1391
Gm48476,320
Gm48477,94
Gm48478,2325
Gm48479,2895
Gm48481,515
Gm48482,2533
Gm48483,2000
Gm48484,289
Gm48485,6961
Gm48486,3820
Gm48487,322
Gm48488,6408
Gm48489,189
Gm4849,2246
Gm48490,94
Gm48491,1636
Gm48492,2705
Gm48493,3841
Gm48494,264
Gm48495,661
Gm48496,256
Gm48497,283
Gm48498,3841
Gm48499,1724
Gm4850,559
Gm48500,10914
Gm48501,3841
Gm48502,2871
Gm48503,272
Gm48504,5194
Gm48506,255
Gm48507,280
Gm48508,6551
Gm48509,337
Gm48510,906
Gm48511,1531
Gm48512,588
Gm48513,405
Gm48514,283
Gm48515,2485
Gm48516,151
Gm48517,152
Gm48518,2295
Gm48519,497
Gm4852,729
Gm48520,148
Gm48521,3474
Gm48522,2579
Gm48523,154
Gm48524,360
Gm48525,127
Gm48526,3406
Gm48527,256
Gm48528,494
Gm48529,4731
Gm4853,394
Gm48530,4922
Gm48531,324
Gm48532,809
Gm48533,217
Gm48534,363
Gm48535,2960
Gm48536,3330
Gm48537,428
Gm48538,1270
Gm48539,1890
Gm4854,574
Gm48540,109
Gm48541,3628
Gm48542,4557
Gm48543,2229
Gm48544,4860
Gm48545,4203
Gm48546,230
Gm48547,1006
Gm48548,1872
Gm48549,198
Gm4855,1967
Gm48550,2452
Gm48551,2204
Gm48552,1452
Gm48553,408
Gm48554,196
Gm48555,395
Gm48556,3106
Gm48557,554
Gm48558,1359
Gm48559,1944
Gm4856,1091
Gm48560,162
Gm48561,250
Gm48562,748
Gm48563,3349
Gm48564,408
Gm48565,1705
Gm48566,1608
Gm48567,655
Gm48568,250
Gm48569,1375
Gm4857,785
Gm48570,413
Gm48571,140
Gm48572,382
Gm48573,177
Gm48574,910
Gm48575,655
Gm48576,148
Gm48577,151
Gm48578,796
Gm48579,307
Gm48580,644
Gm48581,2652
Gm48582,6429
Gm48583,220
Gm48585,2009
Gm48586,2058
Gm48587,268
Gm48588,252
Gm48589,263
Gm4859,787
Gm48590,416
Gm48591,469
Gm48592,366
Gm48593,2483
Gm48594,816
Gm48595,451
Gm48596,441
Gm48597,543
Gm48598,300
Gm48599,329
Gm4860,454
Gm48600,4480
Gm48601,3032
Gm48602,3369
Gm48603,1138
Gm48604,2420
Gm48606,3120
Gm48607,9010
Gm48608,574
Gm48609,415
Gm4861,957
Gm48611,2555
Gm48612,1552
Gm48613,1688
Gm48614,1956
Gm48615,289
Gm48616,4967
Gm48617,1053
Gm48618,368
Gm48619,2262
Gm4862,438
Gm48620,408
Gm48621,1262
Gm48623,16610
Gm48624,2810
Gm48625,148
Gm48626,1778
Gm48627,1351
Gm48628,305
Gm4863,1381
Gm48630,1769
Gm48631,959
Gm48632,2742
Gm48633,36792
Gm48634,477
Gm48635,389
Gm48636,274
Gm48637,109
Gm48638,150
Gm48639,1876
Gm4864,1461
Gm48640,226
Gm48641,400
Gm48642,442
Gm48643,370
Gm48644,170
Gm48645,109
Gm48646,1228
Gm48647,154
Gm48648,495
Gm48649,316
Gm4865,1309
Gm48650,234
Gm48651,470
Gm48652,243
Gm48653,2263
Gm48654,850
Gm48655,1344
Gm48656,3587
Gm48657,1415
Gm48658,257
Gm48659,435
Gm4866,589
Gm48660,282
Gm48661,355
Gm48662,4472
Gm48663,601
Gm48664,8060
Gm48665,6385
Gm48666,279
Gm48667,139
Gm48668,103
Gm48669,170
Gm48670,574
Gm48671,1276
Gm48672,354
Gm48673,3369
Gm48674,279
Gm48675,577
Gm48676,177
Gm48677,614
Gm48678,5323
Gm48679,402
Gm4868,789
Gm48680,267
Gm48681,2662
Gm48682,1209
Gm48683,695
Gm48685,171
Gm48686,1922
Gm48687,235
Gm48688,148
Gm48689,450
Gm48690,313
Gm48691,6202
Gm48692,2379
Gm48695,733
Gm48696,531
Gm48697,3607
Gm48698,273
Gm48699,1525
Gm4870,1251
Gm48700,4275
Gm48701,2293
Gm48702,2844
Gm48703,1304
Gm48704,1171
Gm48705,291
Gm48706,3387
Gm48707,2386
Gm48708,1167
Gm48709,1263
Gm4871,1119
Gm48710,3310
Gm48711,90
Gm48712,460
Gm48713,2846
Gm48714,1441
Gm48715,1928
Gm48716,881
Gm48717,1072
Gm48718,2482
Gm48719,361
Gm4872,2084
Gm48720,1206
Gm48722,2257
Gm48724,3562
Gm48725,183
Gm48726,2529
Gm48727,2499
Gm48728,823
Gm48729,213
Gm4873,1203
Gm48730,1661
Gm48731,411
Gm48732,1617
Gm48733,230
Gm48734,2289
Gm48735,1310
Gm48736,256
Gm48737,2312
Gm48738,389
Gm48739,432
Gm4874,691
Gm48740,5992
Gm48742,2184
Gm48743,2057
Gm48744,781
Gm48745,1665
Gm48746,1391
Gm48747,785
Gm48748,4401
Gm48749,7942
Gm4875,786
Gm48750,378
Gm48751,4274
Gm48752,2869
Gm48753,170
Gm48754,3661
Gm48755,1276
Gm48756,285
Gm48757,827
Gm48758,307
Gm48759,1564
Gm4876,27193
Gm48760,501
Gm48761,1972
Gm48762,574
Gm48763,834
Gm48764,3666
Gm48765,2313
Gm48766,4562
Gm48767,2891
Gm48768,11130
Gm48769,337
Gm4877,798
Gm48770,4220
Gm48771,1904
Gm48772,364
Gm48773,242
Gm48774,980
Gm48775,608
Gm48776,565
Gm48777,373
Gm48778,558
Gm48779,1885
Gm48780,997
Gm48781,242
Gm48782,989
Gm48783,1080
Gm48785,496
Gm48786,3814
Gm48787,379
Gm48788,479
Gm48789,129
Gm4879,1272
Gm48790,1738
Gm48791,380
Gm48792,2470
Gm48793,3778
Gm48794,205
Gm48795,1161
Gm48796,3539
Gm48798,793
Gm48799,3661
Gm4880,1696
Gm48800,1483
Gm48801,3519
Gm48802,1135
Gm48803,1969
Gm48804,3041
Gm48805,414
Gm48806,324
Gm48808,348
Gm48809,2225
Gm48810,454
Gm48811,427
Gm48812,2027
Gm48813,702
Gm48814,3024
Gm48815,475
Gm48816,366
Gm48817,1061
Gm48818,1246
Gm48819,1492
Gm48821,386
Gm48822,2371
Gm48823,1869
Gm48824,1038
Gm48825,968
Gm48826,679
Gm48827,316
Gm48828,211
Gm48829,2705
Gm4883,528
Gm48830,493
Gm48831,537
Gm48832,7859
Gm48833,520
Gm48834,3419
Gm48835,1279
Gm48836,281
Gm48837,2849
Gm48838,1234
Gm48839,382
Gm4884,2852
Gm48840,3921
Gm48842,322
Gm48843,2675
Gm48844,7816
Gm48845,9320
Gm48846,267
Gm48847,702
Gm48848,111
Gm48849,480
Gm48850,312
Gm48851,590
Gm48853,837
Gm48854,890
Gm48855,2457
Gm48856,326
Gm48857,1628
Gm48858,351
Gm48859,429
Gm4886,1176
Gm48860,1104
Gm48862,334
Gm48864,233
Gm48865,2605
Gm48867,1640
Gm48868,1353
Gm48869,662
Gm4887,1053
Gm48870,4024
Gm48871,2520
Gm48872,4129
Gm48873,387
Gm48874,5300
Gm48875,349
Gm48876,6455
Gm48877,548
Gm48878,2678
Gm48880,1984
Gm48881,729
Gm48882,3543
Gm48883,1832
Gm48884,1034
Gm48885,3897
Gm48886,700
Gm48887,1553
Gm48888,1761
Gm48889,2644
Gm4889,444
Gm48890,1618
Gm48891,138
Gm48892,478
Gm48893,2744
Gm48894,379
Gm48895,394
Gm48896,316
Gm48897,295
Gm48898,2671
Gm48899,737
Gm4890,15233
Gm48900,622
Gm48901,604
Gm48902,590
Gm48903,5620
Gm48904,2944
Gm48905,1963
Gm48906,745
Gm48909,381
Gm4891,912
Gm48910,513
Gm48911,200
Gm48912,1510
Gm48913,3037
Gm48915,260
Gm48916,3861
Gm48917,5523
Gm48918,3243
Gm48919,365
Gm48920,420
Gm48921,274
Gm48922,179
Gm48923,2359
Gm48924,2273
Gm48925,409
Gm48926,181
Gm48927,141
Gm48928,547
Gm48929,494
Gm48930,150
Gm48931,229
Gm48932,3250
Gm48933,898
Gm48934,295
Gm48935,2670
Gm48936,2467
Gm48937,362
Gm48938,424
Gm48939,2017
Gm4894,2965
Gm48940,979
Gm48941,2305
Gm48942,1602
Gm48943,365
Gm48944,270
Gm48946,603
Gm48947,514
Gm48948,943
Gm48949,668
Gm4895,1137
Gm48950,1352
Gm48951,290
Gm48952,339
Gm48953,482
Gm48954,10146
Gm48955,219
Gm48956,7445
Gm48958,2964
Gm48959,397
Gm48961,2859
Gm48962,220
Gm48963,175
Gm48964,2020
Gm48965,2398
Gm48966,1643
Gm48967,4184
Gm48969,19465
Gm48970,1073
Gm48971,202
Gm48972,2306
Gm48973,382
Gm48974,772
Gm48975,3069
Gm48976,1352
Gm48977,1440
Gm48978,4992
Gm48979,334
Gm4898,839
Gm48980,277
Gm48981,105
Gm48982,512
Gm48983,347
Gm48984,594
Gm48985,336
Gm48986,1216
Gm48987,222
Gm48988,445
Gm48989,1054
Gm4899,719
Gm48990,423
Gm48991,277
Gm48992,1101
Gm48993,310
Gm48994,366
Gm48995,481
Gm48996,3617
Gm48998,2707
Gm48999,1015
Gm4900,1628
Gm49000,1597
Gm49001,559
Gm49002,1845
Gm49003,349
Gm49004,538
Gm49005,373
Gm49006,481
Gm49008,3228
Gm49009,617
Gm49010,793
Gm49011,171
Gm49012,3343
Gm49013,484
Gm49014,1292
Gm49015,2704
Gm49016,614
Gm49017,285
Gm49018,7060
Gm49020,1075
Gm49021,454
Gm49022,446
Gm49023,715
Gm49024,2815
Gm49025,309
Gm49026,1138
Gm49027,2243
Gm49028,930
Gm49029,406
Gm4903,405
Gm49030,674
Gm49031,452
Gm49032,5486
Gm49033,272
Gm49034,300
Gm49035,1494
Gm49036,515
Gm49037,384
Gm49038,950
Gm49039,452
Gm4904,1195
Gm49040,275
Gm49041,544
Gm49042,850
Gm49043,466
Gm49044,301
Gm49045,375
Gm49046,2293
Gm49047,232
Gm49048,2698
Gm49049,187
Gm49050,381
Gm49051,270
Gm49053,412
Gm49054,141
Gm49055,370
Gm49056,291
Gm49057,270
Gm49058,2724
Gm49059,694
Gm49060,631
Gm49061,432
Gm49062,190
Gm49063,514
Gm49064,1289
Gm49066,2936
Gm49067,3151
Gm49068,423
Gm49069,4011
Gm49070,282
Gm49071,452
Gm49072,374
Gm49073,311
Gm49074,325
Gm49075,412
Gm49076,514
Gm49077,1266
Gm49078,439
Gm49079,427
Gm4908,1005
Gm49080,202
Gm49081,202
Gm49082,439
Gm49083,2385
Gm49084,424
Gm49085,6094
Gm49086,2025
Gm49087,2947
Gm49088,320
Gm49089,2906
Gm4909,794
Gm49090,106
Gm49091,150
Gm49092,936
Gm49093,405
Gm49094,499
Gm49095,916
Gm49096,2308
Gm49097,3815
Gm49098,827
Gm49099,12198
Gm4910,366
Gm49100,878
Gm49103,202
Gm49104,254
Gm49105,399
Gm49106,5882
Gm49107,4636
Gm49109,310
Gm4911,945
Gm49110,231
Gm49111,218
Gm49112,289
Gm49113,1299
Gm49114,513
Gm49115,273
Gm49116,2063
Gm49117,924
Gm49118,523
Gm49119,417
Gm4912,1044
Gm49120,6809
Gm49121,1235
Gm49122,282
Gm49123,8504
Gm49125,1295
Gm49126,4697
Gm49127,1653
Gm49128,605
Gm49129,333
Gm4913,1290
Gm49130,706
Gm49131,250
Gm49132,4144
Gm49133,352
Gm49134,258
Gm49135,1707
Gm49136,251
Gm49137,604
Gm49138,93
Gm49139,464
Gm4914,459
Gm49140,301
Gm49141,233
Gm49142,186
Gm49143,411
Gm49144,841
Gm49145,6227
Gm49146,2710
Gm49147,165
Gm49148,422
Gm49149,355
Gm4915,1569
Gm49150,344
Gm49151,704
Gm49152,1309
Gm49153,1937
Gm49154,1806
Gm49155,472
Gm49156,1432
Gm49157,130
Gm49158,457
Gm49159,2624
Gm4916,642
Gm49160,319
Gm49161,983
Gm49162,3623
Gm49163,705
Gm49164,2368
Gm49165,2929
Gm49166,675
Gm49167,2915
Gm49168,310
Gm4917,650
Gm49170,187
Gm49171,5377
Gm49172,935
Gm49174,526
Gm49175,449
Gm49176,400
Gm49177,380
Gm49178,297
Gm49179,4979
Gm4918,1084
Gm49180,334
Gm49181,409
Gm49182,1973
Gm49183,308
Gm49184,351
Gm49185,235
Gm49186,640
Gm49187,1380
Gm49188,2123
Gm49189,525
Gm4919,604
Gm49190,647
Gm49191,3542
Gm49192,1585
Gm49193,1816
Gm49194,1474
Gm49195,139
Gm49196,598
Gm49197,2201
Gm49198,425
Gm49199,966
Gm49200,2999
Gm49201,1110
Gm49202,337
Gm49203,414
Gm49204,4640
Gm49205,793
Gm49206,250
Gm49207,279
Gm49208,3563
Gm49209,670
Gm4921,992
Gm49210,302
Gm49211,1304
Gm49212,3638
Gm49213,214
Gm49214,351
Gm49215,350
Gm49216,513
Gm49217,839
Gm49218,336
Gm49219,340
Gm4922,4307
Gm49220,1021
Gm49221,357
Gm49222,164
Gm49223,395
Gm49224,1068
Gm49225,1606
Gm49226,433
Gm49227,1033
Gm49228,396
Gm49229,342
Gm49230,395
Gm49231,732
Gm49232,1432
Gm49233,362
Gm49234,1229
Gm49235,925
Gm49236,1258
Gm49237,707
Gm49238,6773
Gm49239,292
Gm4924,7923
Gm49240,5088
Gm49241,494
Gm49242,329
Gm49243,321
Gm49244,442
Gm49245,108
Gm49246,3455
Gm49247,203
Gm49248,573
Gm49249,6167
Gm4925,2731
Gm49250,157
Gm49251,133
Gm49252,398
Gm49253,466
Gm49254,1976
Gm49255,153
Gm49256,1689
Gm49257,715
Gm49258,303
Gm49259,995
Gm49260,2063
Gm49261,218
Gm49262,475
Gm49263,739
Gm49265,1817
Gm49266,2906
Gm49267,873
Gm49268,3268
Gm49269,172
Gm4927,1318
Gm49270,804
Gm49271,755
Gm49272,1498
Gm49273,3843
Gm49274,408
Gm49275,97
Gm49276,367
Gm49277,392
Gm49278,437
Gm49279,258
Gm4928,850
Gm49280,2769
Gm49281,94
Gm49282,5450
Gm49283,1390
Gm49284,2064
Gm49285,1403
Gm49286,102
Gm49287,121
Gm49288,285
Gm49289,1201
Gm4929,992
Gm49290,380
Gm49291,19766
Gm49292,700
Gm49293,1205
Gm49294,184
Gm49295,478
Gm49296,1048
Gm49297,2805
Gm49298,455
Gm49299,362
Gm4930,1087
Gm49300,1944
Gm49301,334
Gm49304,1286
Gm49306,5437
Gm49307,1271
Gm49308,3612
Gm49309,397
Gm49310,3023
Gm49311,2805
Gm49312,6644
Gm49313,5895
Gm49314,1042
Gm49315,374
Gm49316,275
Gm49318,727
Gm49319,4211
Gm49320,2879
Gm49322,5921
Gm49323,607
Gm49325,512
Gm49326,126
Gm49327,22262
Gm49328,1815
Gm49329,544
Gm49330,126
Gm49331,1214
Gm49332,229
Gm49334,16649
Gm49336,14417
Gm49337,1535
Gm49338,2079
Gm49339,2969
Gm49340,3200
Gm49341,330
Gm49342,750
Gm49343,753
Gm49344,1250
Gm4935,1198
Gm49350,272
Gm49351,853
Gm49352,502
Gm49353,724
Gm49354,343
Gm49355,3124
Gm49356,398
Gm49357,378
Gm49358,1254
Gm49359,1631
Gm4936,859
Gm49360,178
Gm49361,3287
Gm49362,493
Gm49363,474
Gm49364,6518
Gm49366,1266
Gm49367,725
Gm49368,5280
Gm49369,1285
Gm49370,135
Gm49371,2589
Gm49372,470
Gm49373,1945
Gm49374,827
Gm49376,367
Gm49377,1206
Gm49378,3275
Gm49379,167
Gm4938,397
Gm49380,2964
Gm49381,130
Gm49382,367
Gm49383,1147
Gm49384,945
Gm49385,572
Gm49386,126
Gm49387,1739
Gm49388,5459
Gm4939,1325
Gm49390,68091
Gm49391,2168
Gm49392,1659
Gm49393,546
Gm49394,4738
Gm49395,2738
Gm49396,5269
Gm49397,3152
Gm49398,3955
Gm49399,94
Gm4940,797
Gm49400,744
Gm49404,359
Gm49405,3904
Gm49406,410
Gm49407,244
Gm49408,240
Gm49409,253
Gm49410,3130
Gm49411,2476
Gm49412,3355
Gm49413,3039
Gm49414,298
Gm49415,6317
Gm49416,1370
Gm49417,11439
Gm49418,2900
Gm49419,253
Gm4942,1332
Gm49420,1087
Gm49421,340
Gm49422,239
Gm49423,187
Gm49424,349
Gm49426,111
Gm49427,566
Gm49428,1692
Gm49429,1876
Gm49430,526
Gm49431,14487
Gm49432,743
Gm49433,263
Gm49434,1065
Gm49435,996
Gm49436,802
Gm49437,285
Gm49438,925
Gm49439,3144
Gm49440,330
Gm49441,1108
Gm49442,2247
Gm49443,261
Gm49444,215
Gm49445,10686
Gm49447,309
Gm49448,15341
Gm49449,1116
Gm4945,453
Gm49450,899
Gm49452,1255
Gm49453,673
Gm49454,3905
Gm49455,671
Gm49456,351
Gm49457,4441
Gm49458,311
Gm49459,457
Gm4946,808
Gm49460,447
Gm49462,2284
Gm49463,2494
Gm49465,265
Gm49466,446
Gm49467,390
Gm49468,3928
Gm49469,394
Gm49470,2756
Gm49471,1288
Gm49472,1116
Gm49473,251
Gm49474,1867
Gm49475,458
Gm49476,11983
Gm49478,434
Gm49479,715
Gm4948,920
Gm49480,142
Gm49481,1184
Gm49482,726
Gm49483,220
Gm49484,4454
Gm49485,401
Gm49486,2415
Gm49487,361
Gm49488,196
Gm49489,352
Gm4949,1098
Gm49490,8634
Gm49491,265
Gm49492,2563
Gm49493,4136
Gm49494,13792
Gm49495,1314
Gm49496,1134
Gm49497,2898
Gm49498,3314
Gm49499,2476
Gm4950,615
Gm49500,382
Gm49501,2528
Gm49502,2110
Gm49503,653
Gm49504,1000
Gm49505,250
Gm49506,500
Gm49507,2947
Gm49508,328
Gm49509,280
Gm49510,2762
Gm49511,270
Gm49512,344
Gm49513,303
Gm49514,793
Gm49515,548
Gm49516,880
Gm49517,466
Gm49518,11264
Gm49519,11278
Gm4952,2488
Gm49520,221
Gm49521,600
Gm49522,813
Gm49523,628
Gm49524,1245
Gm49525,1423
Gm49526,3945
Gm49527,1755
Gm49528,780
Gm49529,414
Gm4953,483
Gm49530,595
Gm49532,101
Gm49533,331
Gm49534,3886
Gm49535,415
Gm49536,168
Gm49537,436
Gm49538,695
Gm4954,1601
Gm49540,11023
Gm49541,190
Gm49544,2157
Gm49545,673
Gm49546,280
Gm49547,217
Gm49548,623
Gm49549,109
Gm49550,252
Gm49551,258
Gm49552,2193
Gm49553,1951
Gm49555,2795
Gm49558,775
Gm49559,2226
Gm4956,672
Gm49560,1997
Gm49561,377
Gm49562,403
Gm49564,562
Gm49565,3414
Gm49566,1057
Gm49567,240
Gm49568,1171
Gm49569,281
Gm49570,403
Gm49572,478
Gm49573,717
Gm49574,1544
Gm49575,2962
Gm49576,963
Gm49577,460
Gm49578,548
Gm49580,2776
Gm49581,444
Gm49582,912
Gm49584,670
Gm49585,192
Gm49586,674
Gm49587,2669
Gm49588,4490
Gm49589,142
Gm4959,1044
Gm49590,2713
Gm49591,525
Gm49592,228
Gm49593,2448
Gm49594,615
Gm49595,1704
Gm49596,441
Gm49597,313
Gm49598,359
Gm49599,5095
Gm4960,1001
Gm49600,1290
Gm49601,2206
Gm49602,2970
Gm49603,2798
Gm49604,3276
Gm49605,415
Gm49608,315
Gm49609,155
Gm4961,4663
Gm49610,416
Gm49611,309
Gm49612,202
Gm49613,346
Gm49614,827
Gm49615,763
Gm49616,2433
Gm49617,366
Gm49618,5837
Gm49619,383
Gm4962,2977
Gm49620,2216
Gm49621,496
Gm49622,695
Gm49624,415
Gm49625,6247
Gm49626,479
Gm49627,1045
Gm49628,1790
Gm49629,344
Gm4963,378
Gm49630,927
Gm49631,1590
Gm49632,624
Gm49633,298
Gm49634,237
Gm49635,322
Gm49636,2540
Gm49637,403
Gm49638,539
Gm49639,205
Gm49640,223
Gm49641,793
Gm49642,1673
Gm49643,1959
Gm49644,302
Gm49645,391
Gm49646,222
Gm49647,464
Gm49648,413
Gm49649,400
Gm49650,397
Gm49651,235
Gm49652,417
Gm49653,1226
Gm49654,2223
Gm49655,6358
Gm49656,436
Gm49657,425
Gm49658,3669
Gm49659,2042
Gm49660,3804
Gm49661,339
Gm49662,3397
Gm49663,254
Gm49664,150
Gm49665,244
Gm49666,3930
Gm49667,186
Gm49668,10473
Gm49669,356
Gm49670,343
Gm49671,300
Gm49673,2610
Gm49674,2900
Gm49676,597
Gm49677,3677
Gm49678,10865
Gm49679,311
Gm4968,858
Gm49680,459
Gm49681,363
Gm49682,397
Gm49683,279
Gm49684,758
Gm49685,2600
Gm49686,1400
Gm49688,7576
Gm49689,392
Gm49690,156
Gm49691,1622
Gm49692,1303
Gm49694,391
Gm49695,11214
Gm49696,464
Gm49697,126
Gm49698,739
Gm49699,573
Gm49700,5228
Gm49701,715
Gm49702,1797
Gm49703,2069
Gm49704,511
Gm49705,5219
Gm49706,2355
Gm49707,5319
Gm49708,11490
Gm49709,4448
Gm4971,1108
Gm49710,827
Gm49711,1268
Gm49712,1369
Gm49713,770
Gm49714,2523
Gm49715,459
Gm49716,442
Gm49717,451
Gm49719,2586
Gm4972,1254
Gm49720,457
Gm49721,2610
Gm49722,905
Gm49723,2935
Gm49725,1672
Gm49727,2579
Gm49728,232
Gm49729,8747
Gm4973,1334
Gm49730,1773
Gm49731,1734
Gm49732,1564
Gm49733,293
Gm49734,146
Gm49735,1523
Gm49736,3590
Gm49737,146
Gm49738,356
Gm49739,210
Gm4974,875
Gm49741,769
Gm49742,808
Gm49743,2786
Gm49744,452
Gm49745,2151
Gm49746,273
Gm49747,3861
Gm49748,428
Gm49749,652
Gm49750,598
Gm49751,2722
Gm49752,630
Gm49753,1550
Gm49754,3398
Gm49755,1214
Gm49756,13023
Gm49757,1466
Gm49759,3887
Gm49760,1785
Gm49761,3635
Gm49762,567
Gm49763,1532
Gm49764,858
Gm49765,317
Gm49766,17980
Gm49767,4909
Gm49768,673
Gm49769,633
Gm4977,1262
Gm49770,443
Gm49771,111
Gm49772,145
Gm49773,352
Gm49774,10812
Gm49775,265
Gm49776,608
Gm49777,486
Gm49778,648
Gm49779,2159
Gm4978,801
Gm49780,314
Gm49783,6181
Gm49784,1094
Gm49785,771
Gm49786,851
Gm49787,1981
Gm49789,499
Gm49790,398
Gm49791,419
Gm49792,280
Gm49793,1334
Gm49794,13424
Gm49795,733
Gm49796,1325
Gm49797,10989
Gm49798,247
Gm49801,1004
Gm49802,767
Gm49803,334
Gm49804,891
Gm49805,1409
Gm49806,1999
Gm49807,2421
Gm49808,1310
Gm49809,461
Gm49810,207
Gm49811,115
Gm49812,300
Gm49813,371
Gm49814,297
Gm49815,198
Gm49816,298
Gm49817,2008
Gm49818,285
Gm49819,346
Gm4982,1098
Gm49820,240
Gm49821,429
Gm49822,144
Gm49823,137
Gm49824,87
Gm49825,391
Gm49826,122
Gm49827,294
Gm49828,218
Gm49829,252
Gm49830,198
Gm49831,243
Gm49832,177
Gm49833,237
Gm49834,219
Gm49835,1266
Gm49836,243
Gm49837,219
Gm49838,1708
Gm49839,3612
Gm4984,938
Gm49840,159
Gm49841,266
Gm49842,700
Gm49843,73
Gm49844,453
Gm49845,330
Gm49846,447
Gm49847,4903
Gm49848,192
Gm49849,544
Gm49850,389
Gm49851,496
Gm49852,466
Gm49853,750
Gm49854,259
Gm49855,406
Gm49856,346
Gm49857,756
Gm49858,1296
Gm49859,280
Gm4986,549
Gm49860,3502
Gm49861,243
Gm49862,352
Gm49863,502
Gm49864,2130
Gm49865,690
Gm49866,392
Gm49867,252
Gm49868,625
Gm49869,467
Gm4987,408
Gm49870,2337
Gm49871,2001
Gm49872,718
Gm49873,233
Gm49874,1064
Gm49875,422
Gm49876,568
Gm49877,713
Gm49878,2050
Gm49879,453
Gm4988,3204
Gm49880,748
Gm49881,172
Gm49882,265
Gm49883,3732
Gm49884,208
Gm49885,620
Gm49886,771
Gm49887,796
Gm49888,219
Gm49889,1569
Gm4989,749
Gm49890,2125
Gm49891,8102
Gm49892,330
Gm49893,1657
Gm49894,3355
Gm49895,4018
Gm49896,635
Gm49897,479
Gm49898,1181
Gm49901,2465
Gm49902,1881
Gm49903,430
Gm49904,331
Gm49905,797
Gm49906,7020
Gm49907,915
Gm49908,292
Gm49909,1473
Gm4991,1552
Gm49910,186
Gm49911,287
Gm49912,3048
Gm49913,379
Gm49914,420
Gm49915,558
Gm49916,151
Gm49917,347
Gm49918,723
Gm49919,442
Gm4992,768
Gm49920,588
Gm49921,464
Gm49922,1614
Gm49923,2362
Gm49924,1799
Gm49925,383
Gm49926,1941
Gm49927,238
Gm49928,699
Gm49929,139
Gm4993,1174
Gm49930,334
Gm49931,947
Gm49933,228
Gm49934,927
Gm49935,144
Gm49936,3161
Gm49937,2746
Gm49938,554
Gm49939,253
Gm4994,2187
Gm49940,387
Gm49941,457
Gm49942,3375
Gm49943,139
Gm49944,551
Gm49946,1136
Gm49947,180
Gm49948,1031
Gm49949,2503
Gm4995,432
Gm49950,308
Gm49951,1139
Gm49952,238
Gm49953,10307
Gm49954,211
Gm49955,150
Gm49956,196
Gm49957,3169
Gm49958,353
Gm49959,774
Gm4996,784
Gm49960,7292
Gm49961,495
Gm49962,418
Gm49963,123
Gm49964,392
Gm49965,13672
Gm49966,267
Gm49967,1484
Gm49968,2773
Gm49969,2970
Gm4997,360
Gm49970,2858
Gm49971,4895
Gm49972,1747
Gm49973,368
Gm49974,1447
Gm49975,2903
Gm49976,1427
Gm49977,345
Gm49978,1583
Gm49979,3831
Gm49980,1663
Gm49981,678
Gm49982,354
Gm49983,436
Gm49984,5111
Gm49985,339
Gm49986,438
Gm49987,693
Gm49988,473
Gm49989,316
Gm49990,393
Gm49991,2434
Gm49992,545
Gm49993,482
Gm49994,334
Gm49995,305
Gm49996,277
Gm49997,328
Gm49998,226
Gm49999,2803
Gm5,1444
Gm50000,2528
Gm50001,352
Gm50002,332
Gm50003,283
Gm50004,394
Gm50005,459
Gm50006,453
Gm50007,96
Gm50008,1379
Gm50009,1312
Gm5001,331
Gm50010,1323
Gm50011,2836
Gm50012,1878
Gm50013,456
Gm50014,88
Gm50015,260
Gm50016,1187
Gm50017,631
Gm50018,309
Gm50019,7127
Gm5002,223
Gm50020,6456
Gm50021,1734
Gm50022,1170
Gm50023,384
Gm50024,1696
Gm50025,847
Gm50026,455
Gm50027,252
Gm50028,1370
Gm50029,570
Gm50030,260
Gm50031,156
Gm50032,341
Gm50033,718
Gm50034,897
Gm50035,1060
Gm50036,187
Gm50037,151
Gm50038,309
Gm50039,4880
Gm50040,459
Gm50041,217
Gm50042,379
Gm50043,445
Gm50044,629
Gm50045,642
Gm50046,454
Gm50047,220
Gm50048,4443
Gm50049,858
Gm50050,9761
Gm50051,438
Gm50052,368
Gm50053,446
Gm50054,146
Gm50055,2028
Gm50056,2181
Gm50057,1422
Gm50058,843
Gm50059,808
Gm50060,325
Gm50061,815
Gm50062,567
Gm50063,823
Gm50064,2873
Gm50065,817
Gm50066,405
Gm50067,593
Gm50068,1210
Gm50069,2365
Gm50070,1212
Gm50071,567
Gm50072,252
Gm50073,230
Gm50074,274
Gm50075,486
Gm50076,8587
Gm50077,2714
Gm50078,2731
Gm50079,1679
Gm50080,3242
Gm50081,485
Gm50082,256
Gm50083,202
Gm50084,3637
Gm50085,885
Gm50086,2253
Gm50087,1964
Gm50088,132
Gm50089,452
Gm50090,1363
Gm50091,1962
Gm50092,1973
Gm50093,464
Gm50094,2935
Gm50095,394
Gm50096,496
Gm50097,7177
Gm50098,239
Gm50099,420
Gm5010,260
Gm50100,3137
Gm50101,772
Gm50102,2368
Gm50103,2651
Gm50104,494
Gm50105,5051
Gm50106,1294
Gm50107,1692
Gm50108,563
Gm50109,585
Gm50112,283
Gm50113,496
Gm50114,20837
Gm50115,5267
Gm50116,498
Gm50117,349
Gm50118,512
Gm50119,541
Gm50120,1129
Gm50121,334
Gm50122,318
Gm50123,244
Gm50124,274
Gm50125,487
Gm50126,274
Gm50127,344
Gm50128,6457
Gm50129,476
Gm50130,837
Gm50131,380
Gm50132,274
Gm50133,716
Gm50135,397
Gm50136,20334
Gm50137,1293
Gm50138,1431
Gm50139,599
Gm50140,1061
Gm50141,274
Gm50142,681
Gm50143,979
Gm50144,580
Gm50145,952
Gm50146,1430
Gm50147,3648
Gm50148,391
Gm50149,1269
Gm50150,269
Gm50151,2689
Gm50152,509
Gm50153,129
Gm50154,293
Gm50155,327
Gm50156,288
Gm50157,357
Gm50158,92
Gm50159,688
Gm50160,205
Gm50161,395
Gm50162,3717
Gm50163,2750
Gm50164,3139
Gm50165,2079
Gm50166,17803
Gm50167,161
Gm50168,724
Gm50169,2636
Gm50170,2594
Gm50171,1921
Gm50172,2438
Gm50173,571
Gm50174,189
Gm50175,271
Gm50176,847
Gm50177,312
Gm50178,225
Gm50179,262
Gm50180,253
Gm50181,4682
Gm50182,1763
Gm50183,673
Gm50184,111
Gm50185,322
Gm50186,1731
Gm50187,3064
Gm50188,225
Gm50189,213
Gm50190,246
Gm50191,646
Gm50192,246
Gm50193,246
Gm50194,3824
Gm50195,755
Gm50196,3111
Gm50197,194
Gm50198,400
Gm50199,4270
Gm50200,270
Gm50201,279
Gm50202,946
Gm50203,1706
Gm50204,313
Gm50205,3034
Gm50206,2777
Gm50207,933
Gm50208,193
Gm50209,1290
Gm50210,2705
Gm50211,409
Gm50212,2043
Gm50213,352
Gm50214,705
Gm50215,2989
Gm50216,2705
Gm50218,5390
Gm50219,401
Gm50220,524
Gm50221,2698
Gm50222,2064
Gm50223,1838
Gm50224,528
Gm50225,626
Gm50226,880
Gm50227,2842
Gm50228,549
Gm50229,622
Gm5023,587
Gm50230,3709
Gm50231,259
Gm50232,1404
Gm50233,200
Gm50234,342
Gm50235,331
Gm50236,969
Gm50237,1102
Gm50238,496
Gm50239,258
Gm50240,8515
Gm50242,10023
Gm50243,707
Gm50244,418
Gm50245,1210
Gm50246,1043
Gm50247,474
Gm50248,279
Gm50249,1216
Gm50250,674
Gm50251,241
Gm50252,1528
Gm50253,5012
Gm50254,631
Gm50255,1775
Gm50256,342
Gm50257,129
Gm50258,385
Gm50259,334
Gm50260,986
Gm50261,1165
Gm50262,238
Gm50263,178
Gm50264,454
Gm50265,3391
Gm50266,550
Gm50267,150
Gm50268,2756
Gm50269,2338
Gm5027,375
Gm50270,1655
Gm50271,7865
Gm50272,402
Gm50273,2415
Gm50274,227
Gm50275,983
Gm50276,1532
Gm50277,2192
Gm50279,316
Gm50280,355
Gm50281,1212
Gm50282,1102
Gm50283,274
Gm50284,938
Gm50285,2994
Gm50286,196
Gm50287,2491
Gm50288,618
Gm50289,445
Gm50291,5764
Gm50292,9406
Gm50293,916
Gm50294,727
Gm50295,515
Gm50296,472
Gm50297,201
Gm50298,670
Gm50299,669
Gm50300,280
Gm50301,4421
Gm50302,1658
Gm50303,673
Gm50305,229
Gm50306,414
Gm50307,800
Gm50308,532
Gm50309,510
Gm50310,328
Gm50311,696
Gm50312,671
Gm50313,290
Gm50314,1408
Gm50315,600
Gm50316,355
Gm50317,3286
Gm50318,1115
Gm50319,744
Gm50320,120
Gm50321,4168
Gm50322,4072
Gm50323,8953
Gm50324,1208
Gm50325,1079
Gm50326,263
Gm50327,296
Gm50328,1711
Gm50329,849
Gm50330,1077
Gm50331,2705
Gm50332,3417
Gm50333,397
Gm50334,4352
Gm50335,8259
Gm50336,1856
Gm50337,2168
Gm50338,1573
Gm50339,459
Gm5034,634
Gm50340,12451
Gm50341,4209
Gm50342,262
Gm50343,165
Gm50344,379
Gm50345,1387
Gm50346,1484
Gm50347,824
Gm50348,3683
Gm50349,241
Gm5035,927
Gm50350,1385
Gm50351,3034
Gm50352,662
Gm50353,1531
Gm50354,261
Gm50355,203
Gm50356,10707
Gm50357,256
Gm50358,2705
Gm50359,308
Gm50360,436
Gm50361,1663
Gm50362,1075
Gm50363,309
Gm50365,466
Gm50366,434
Gm50367,757
Gm50368,1343
Gm50369,380
Gm5037,618
Gm50370,1052
Gm50371,358
Gm50372,502
Gm50373,324
Gm50374,247
Gm50375,692
Gm50376,2474
Gm50377,611
Gm50378,505
Gm50379,178
Gm5038,1704
Gm50380,581
Gm50381,291
Gm50382,415
Gm50383,382
Gm50384,1616
Gm50385,457
Gm50386,4283
Gm50387,2532
Gm50388,3572
Gm50389,207
Gm50390,591
Gm50391,1267
Gm50392,664
Gm50393,2992
Gm50394,1236
Gm50395,1177
Gm50396,618
Gm50397,1438
Gm50398,2407
Gm50399,7983
Gm5040,800
Gm50400,478
Gm50401,1874
Gm50402,870
Gm50403,5583
Gm50404,442
Gm50405,668
Gm50406,472
Gm50407,929
Gm50408,174
Gm50409,848
Gm50410,5343
Gm50411,367
Gm50412,7002
Gm50413,1514
Gm50414,1955
Gm50415,4343
Gm50416,5892
Gm50417,6047
Gm50418,1808
Gm50419,17000
Gm5042,484
Gm50420,147
Gm50421,91
Gm50422,382
Gm50423,3301
Gm50424,523
Gm50425,444
Gm50426,315
Gm50427,306
Gm50428,315
Gm50429,778
Gm5043,820
Gm50430,857
Gm50431,1945
Gm50432,278
Gm50433,11180
Gm50434,117
Gm50435,489
Gm50436,2360
Gm50437,895
Gm50438,554
Gm50439,267
Gm50440,394
Gm50441,2881
Gm50443,472
Gm50444,841
Gm50445,1143
Gm50446,2251
Gm50447,430
Gm50448,583
Gm50451,71
Gm50452,84
Gm50453,319
Gm50454,108
Gm50455,2911
Gm50456,101
Gm50457,974
Gm50458,162
Gm50459,192
Gm5046,611
Gm50460,3237
Gm50461,1004
Gm50462,2678
Gm50463,332
Gm50464,720
Gm50465,174
Gm50466,436
Gm50467,700
Gm50469,594
Gm5047,801
Gm50470,1846
Gm50471,324
Gm50472,228
Gm50473,607
Gm50474,613
Gm50475,511
Gm50476,2396
Gm50477,1281
Gm50479,186
Gm50480,341
Gm50481,1105
Gm50482,515
Gm50483,408
Gm50484,855
Gm50485,499
Gm50486,499
Gm50487,454
Gm50488,612
Gm50489,650
Gm5049,1590
Gm50490,724
Gm50491,539
Gm50492,3159
Gm50494,514
Gm5050,775
Gm50500,1306
Gm50503,2888
Gm5051,485
Gm5053,1678
Gm5054,453
Gm5055,581
Gm5058,463
Gm50598,854
Gm5060,599
Gm50605,8851
Gm50616,787
Gm5063,976
Gm5064,1708
Gm5066,822
Gm5067,1009
Gm5069,1011
Gm5070,862
Gm5071,3373
Gm5073,820
Gm5075,622
Gm5080,743
Gm5082,3706
Gm5083,3152
Gm5084,4611
Gm5087,7505
Gm5088,3220
Gm5089,14918
Gm5091,10655
Gm5092,3822
Gm5093,520
Gm5094,2586
Gm5095,2780
Gm5099,2434
Gm5100,589
Gm5103,3006
Gm5105,2914
Gm5106,3785
Gm5110,1063
Gm5111,1895
Gm5112,4774
Gm5113,9031
Gm5114,3047
Gm5116,463
Gm5117,2553
Gm5119,634
Gm5120,2414
Gm5121,627
Gm5122,5593
Gm5123,837
Gm5124,9753
Gm5125,624
Gm5127,2937
Gm5129,1649
Gm5130,959
Gm5131,1238
Gm5133,1255
Gm5134,3463
Gm5135,573
Gm5138,1002
Gm5139,249
Gm51400,2247
Gm5141,5192
Gm5142,2489
Gm51425,5413
Gm5144,1559
Gm51440,531
Gm51442,974
Gm51448,2455
Gm5145,830
Gm51451,2554
Gm51453,519
Gm51456,1806
Gm51458,5032
Gm51461,279
Gm51462,567
Gm5147,794
Gm51474,345
Gm51479,7755
Gm5148,6224
Gm51485,7643
Gm51489,474
Gm5149,12129
Gm51497,357
Gm51499,4263
Gm5150,1411
Gm51502,1289
Gm51529,889
Gm51531,915
Gm51533,1362
Gm5154,399
Gm51544,1199
Gm51550,1849
Gm51555,1986
Gm51557,1967
Gm51559,1599
Gm51560,768
Gm51562,3257
Gm51564,754
Gm51566,518
Gm51567,1890
Gm5157,1581
Gm51570,814
Gm51578,800
Gm51580,1219
Gm51584,238
Gm5159,1644
Gm5160,436
Gm51604,4887
Gm51605,3041
Gm5161,853
Gm51617,1958
Gm51620,4605
Gm51622,4040
Gm51623,1892
Gm51626,3586
Gm51627,909
Gm51630,5748
Gm51631,508
Gm51632,672
Gm51635,1355
Gm51637,8014
Gm51638,2324
Gm51640,407
Gm51641,2823
Gm51643,2711
Gm51644,476
Gm51648,731
Gm5165,3413
Gm51651,2814
Gm51653,1236
Gm51655,4681
Gm51658,1289
Gm51659,516
Gm5166,3837
Gm51663,708
Gm51664,361
Gm51672,416
Gm51673,3575
Gm51676,5086
Gm51679,1084
Gm5168,987
Gm51680,2476
Gm5169,890
Gm51705,1105
Gm51707,1316
Gm51708,9064
Gm51709,809
Gm5171,1415
Gm5173,950
Gm51739,1115
Gm5174,1423
Gm51745,516
Gm51747,1436
Gm5175,529
Gm51754,1884
Gm51756,2626
Gm51757,2524
Gm5176,583
Gm51765,4074
Gm51766,604
Gm51768,1466
Gm5177,4782
Gm51771,2121
Gm51774,2910
Gm5178,898
Gm51783,1635
Gm51785,5003
Gm51788,6235
Gm51792,1876
Gm51795,5573
Gm51798,2383
Gm51800,3041
Gm51802,1369
Gm51808,1676
Gm5181,971
Gm51814,7896
Gm5182,6092
Gm51825,1232
Gm5183,629
Gm5184,1702
Gm5185,619
Gm51856,1082
Gm5186,920
Gm51860,1479
Gm51861,3886
Gm51865,1872
Gm51866,347
Gm51868,722
Gm5187,991
Gm51871,2481
Gm51874,2592
Gm51880,1174
Gm51887,421
Gm5189,261
Gm51890,834
Gm5190,357
Gm51900,926
Gm51902,884
Gm51903,5970
Gm51906,2092
Gm51908,1002
Gm5191,1236
Gm51910,3235
Gm51916,2351
Gm51917,946
Gm51919,628
Gm51920,905
Gm51934,3129
Gm5194,742
Gm5195,660
Gm51956,1835
Gm51958,2060
Gm51959,3299
Gm51969,1591
Gm5197,1197
Gm51970,913
Gm51980,1908
Gm51983,972
Gm51986,585
Gm51989,722
Gm5199,466
Gm51991,2589
Gm51997,2225
Gm51998,426
Gm5200,1240
Gm52000,1199
Gm52001,345
Gm52002,332
Gm52025,807
Gm52026,1449
Gm52028,795
Gm5203,821
Gm52033,3569
Gm5204,851
Gm52040,2682
Gm52045,727
Gm52047,5693
Gm52049,495
Gm5205,1003
Gm52051,664
Gm52054,3110
Gm52058,1742
Gm52059,2576
Gm5206,594
Gm52060,2807
Gm52061,995
Gm52065,753
Gm5207,1578
Gm52070,1825
Gm5209,720
Gm52090,1128
Gm52093,2981
Gm52097,1360
Gm52099,913
Gm5210,1010
Gm52101,3011
Gm52102,2128
Gm52103,1534
Gm52111,1483
Gm52113,19191
Gm52116,721
Gm52118,2589
Gm5212,772
Gm52122,743
Gm52123,2775
Gm52124,1678
Gm52129,823
Gm5213,551
Gm52130,472
Gm52136,818
Gm52138,4585
Gm5214,721
Gm52145,2912
Gm52147,1597
Gm52148,709
Gm5215,405
Gm5216,1609
Gm5217,1478
Gm52172,393
Gm52173,670
Gm52175,999
Gm52176,1562
Gm52178,1085
Gm52179,801
Gm5218,465
Gm52182,5746
Gm52183,1276
Gm52184,614
Gm5219,1542
Gm52196,1831
Gm52199,5761
Gm52200,7762
Gm52201,2171
Gm52204,723
Gm52207,1426
Gm52209,3834
Gm5221,967
Gm5223,1267
Gm52230,329
Gm52237,5181
Gm52239,1276
Gm5224,350
Gm52240,661
Gm52242,5486
Gm52245,1385
Gm5225,508
Gm52253,3150
Gm52262,3855
Gm52264,259
Gm52266,656
Gm52280,1681
Gm52284,479
Gm52285,964
Gm52288,882
Gm5229,358
Gm52291,998
Gm52292,1595
Gm52296,4340
Gm5230,640
Gm52301,1095
Gm52305,1057
Gm5231,1079
Gm52312,743
Gm5232,602
Gm52321,1638
Gm52329,670
Gm52331,2804
Gm52334,983
Gm52336,588
Gm5234,1862
Gm52341,2848
Gm52342,1862
Gm52344,579
Gm52346,773
Gm52348,2090
Gm52349,2726
Gm52350,2550
Gm52356,3200
Gm52358,3034
Gm5236,762
Gm52364,1935
Gm5237,1197
Gm5238,466
Gm52384,1439
Gm52386,1719
Gm52387,409
Gm52389,1092
Gm5239,365
Gm52390,1943
Gm52396,816
Gm5240,887
Gm52400,1077
Gm52402,1125
Gm5241,1064
Gm52418,1118
Gm5242,1233
Gm52430,414
Gm52440,527
Gm5246,971
Gm5248,716
Gm52482,540
Gm5249,545
Gm52493,4345
Gm52494,3236
Gm525,924
Gm5250,321
Gm52502,2228
Gm5251,472
Gm52511,1699
Gm52513,2591
Gm52515,1253
Gm52518,400
Gm52519,3802
Gm5252,909
Gm52521,830
Gm52528,1472
Gm5253,1025
Gm52531,2397
Gm52536,3640
Gm52538,4300
Gm5254,977
Gm52540,1330
Gm52543,5271
Gm52546,1809
Gm5255,642
Gm52551,258
Gm52554,1606
Gm52558,603
Gm5256,877
Gm52561,530
Gm52564,6504
Gm52566,541
Gm52569,2207
Gm5257,790
Gm52571,1948
Gm52572,606
Gm52577,305
Gm5258,327
Gm5259,800
Gm5260,949
Gm52600,2857
Gm52602,3476
Gm52607,1395
Gm52608,237
Gm52609,4091
Gm5261,713
Gm52613,367
Gm52615,2440
Gm52616,482
Gm5262,996
Gm52621,578
Gm52626,1801
Gm52628,1738
Gm5263,601
Gm52630,6286
Gm52633,2456
Gm52636,696
Gm5264,848
Gm5265,342
Gm5266,1162
Gm5267,1045
Gm52672,1020
Gm52676,1682
Gm5268,940
Gm52681,2082
Gm52682,973
Gm52683,450
Gm52685,675
Gm52687,3561
Gm52688,875
Gm52689,1343
Gm5269,749
Gm52697,3241
Gm52698,11059
Gm52699,601
Gm527,2907
Gm5270,1002
Gm52703,1646
Gm52705,2082
Gm52710,1744
Gm52713,7134
Gm52714,3649
Gm52715,2229
Gm52716,774
Gm5272,982
Gm52720,2737
Gm52725,2830
Gm52726,491
Gm52729,1019
Gm52732,347
Gm52736,577
Gm52738,1304
Gm52739,3768
Gm5274,1003
Gm52741,1561
Gm52742,2139
Gm52743,3732
Gm5276,1047
Gm52763,391
Gm52767,380
Gm5277,556
Gm52779,2688
Gm5278,552
Gm52783,1377
Gm52786,1326
Gm52789,792
Gm5279,745
Gm52791,3692
Gm52792,463
Gm52806,251
Gm52808,1888
Gm5281,2134
Gm52818,1160
Gm52819,947
Gm52828,2206
Gm52829,3601
Gm5283,334
Gm52830,2123
Gm52832,3620
Gm5284,903
Gm5285,666
Gm52860,1856
Gm5287,598
Gm52870,9090
Gm52871,1855
Gm52874,2181
Gm5288,1119
Gm52885,1867
Gm52892,536
Gm52896,2098
Gm52897,997
Gm52899,3796
Gm52901,990
Gm52902,1056
Gm52906,1406
Gm52907,1391
Gm5291,899
Gm52913,383
Gm52916,5666
Gm52917,905
Gm52919,582
Gm5292,580
Gm52922,2339
Gm52946,644
Gm52947,690
Gm52948,305
Gm52949,653
Gm52950,1337
Gm52951,888
Gm52952,1613
Gm52953,243
Gm52954,414
Gm52955,891
Gm52956,257
Gm52957,66
Gm52958,408
Gm52959,213
Gm52960,577
Gm52961,93
Gm52962,147
Gm52963,189
Gm52965,1524
Gm52966,189
Gm52967,231
Gm52968,2894
Gm52969,68490
Gm5297,1171
Gm52970,816
Gm52971,514
Gm52972,90
Gm52973,207
Gm52974,474
Gm52975,123
Gm52976,272
Gm52977,240
Gm52978,671
Gm52979,244
Gm5298,892
Gm52980,437
Gm52981,6528
Gm52982,496
Gm52983,55
Gm52984,322
Gm52985,142
Gm52986,151
Gm52987,67
Gm52988,33746
Gm52989,2311
Gm52990,873
Gm52991,870
Gm52992,4629
Gm52993,2180
Gm52994,292
Gm52995,402
Gm52996,132
Gm52997,265
Gm52998,141
Gm52999,163
Gm53,28352
Gm5300,1003
Gm53000,237
Gm53001,76
Gm53002,157
Gm53003,485
Gm53004,466
Gm53005,514
Gm53006,302
Gm53007,427
Gm53008,174
Gm53009,188
Gm5301,2074
Gm53010,1226
Gm53011,2099
Gm53012,3734
Gm53013,2536
Gm53014,2359
Gm53015,655
Gm53016,160
Gm53017,141
Gm53018,5698
Gm53019,2591
Gm5302,796
Gm53020,539
Gm53021,171
Gm53022,344
Gm53023,615
Gm53024,214
Gm53025,2094
Gm53026,1330
Gm53027,171
Gm53028,3055
Gm53029,795
Gm5303,1252
Gm53030,93
Gm53031,2289
Gm53032,651
Gm53033,480
Gm53034,141
Gm53035,2337
Gm53036,152
Gm53037,84
Gm53038,1444
Gm53039,169
Gm53040,1187
Gm53041,1773
Gm53042,6005
Gm53043,425
Gm53044,189
Gm53045,1701
Gm53046,1181
Gm53047,81
Gm53048,2236
Gm53049,387
Gm5305,746
Gm53051,1436
Gm53052,2617
Gm53054,1116
Gm53055,494
Gm53056,331
Gm53057,1995
Gm53058,28880
Gm5306,757
Gm53062,1774
Gm53064,703
Gm53065,17080
Gm53066,2690
Gm53067,3472
Gm5307,760
Gm5308,1354
Gm5309,677
Gm5310,1511
Gm5311,709
Gm5312,547
Gm5313,987
Gm5315,1897
Gm5316,270
Gm5317,847
Gm5318,406
Gm53180,1336
Gm53181,531
Gm53187,421
Gm53189,1897
Gm5319,873
Gm5320,1519
Gm53202,5694
Gm53205,3237
Gm53206,889
Gm53207,1774
Gm53209,1727
Gm5321,447
Gm53218,234
Gm5322,699
Gm53227,834
Gm5324,476
Gm53240,5055
Gm53242,1996
Gm53255,3633
Gm53261,1313
Gm53264,5695
Gm53265,1007
Gm5327,1009
Gm53283,780
Gm53286,2278
Gm5329,463
Gm53299,4305
Gm5331,415
Gm53319,1288
Gm53320,1324
Gm53321,758
Gm53322,833
Gm53325,2074
Gm53326,1105
Gm53328,12827
Gm53332,451
Gm5334,720
Gm53346,9940
Gm53349,2081
Gm5335,1000
Gm53354,2926
Gm53355,2734
Gm53356,1189
Gm53358,2473
Gm53361,701
Gm53366,3085
Gm53367,3924
Gm53372,5763
Gm53374,2367
Gm53376,826
Gm53379,1549
Gm5338,639
Gm53382,1199
Gm53385,703
Gm53387,3272
Gm53389,3354
Gm5339,1102
Gm53396,1202
Gm534,13660
Gm5340,880
Gm53400,3101
Gm53404,779
Gm53407,2208
Gm53412,1214
Gm53417,14192
Gm5342,1003
Gm53435,14146
Gm53441,1274
Gm53446,5407
Gm53447,4239
Gm5345,1014
Gm53459,525
Gm53463,374
Gm5347,2327
Gm53472,6197
Gm53473,5632
Gm53475,4285
Gm53477,2153
Gm53479,1991
Gm53485,2176
Gm53488,626
Gm53492,1627
Gm5350,1002
Gm53504,384
Gm53507,597
Gm53511,559
Gm53512,7669
Gm53514,584
Gm53519,3083
Gm53520,7046
Gm53521,942
Gm53523,3634
Gm53524,6938
Gm53525,611
Gm53529,5438
Gm5353,793
Gm53530,1892
Gm53533,4344
Gm53539,2288
Gm5354,973
Gm53541,19428
Gm53543,780
Gm53544,2507
Gm53548,1425
Gm53549,9123
Gm53554,792
Gm53555,398
Gm5356,615
Gm53563,7451
Gm53567,6399
Gm53569,1161
Gm5357,1924
Gm53572,1444
Gm53573,8442
Gm53574,1173
Gm53575,2783
Gm53578,4756
Gm5358,353
Gm53582,8313
Gm53592,319
Gm53593,2214
Gm53595,406
Gm53599,522
Gm536,5684
Gm53603,841
Gm53608,811
Gm5361,1498
Gm53610,7045
Gm53617,6126
Gm53618,7348
Gm5362,3085
Gm53623,1065
Gm53625,2129
Gm5363,938
Gm53630,333
Gm53631,1359
Gm53632,1545
Gm53635,2519
Gm5364,889
Gm53640,339
Gm53643,2077
Gm53644,1026
Gm53649,4940
Gm53653,1024
Gm53654,2310
Gm53657,8571
Gm5366,1338
Gm53660,16371
Gm53661,425
Gm53669,2404
Gm53670,1578
Gm53671,1543
Gm53674,1454
Gm53678,1810
Gm5368,589
Gm53681,9208
Gm53683,1637
Gm5369,588
Gm53692,9632
Gm5370,574
Gm53701,1627
Gm53707,949
Gm5371,1577
Gm53713,546
Gm53716,434
Gm5372,409
Gm53721,1071
Gm53726,792
Gm53727,2079
Gm5373,12215
Gm53731,5225
Gm53733,4316
Gm5374,657
Gm53750,2483
Gm53753,1095
Gm53754,4960
Gm53758,580
Gm5376,4251
Gm53760,1067
Gm53762,2967
Gm53764,1148
Gm53768,2307
Gm53770,6200
Gm53771,379
Gm53772,833
Gm53778,1934
Gm5378,712
Gm53780,4193
Gm53784,5430
Gm53786,2184
Gm53787,3040
Gm5379,826
Gm53791,1810
Gm53793,1050
Gm53794,2735
Gm53796,420
Gm5380,2136
Gm53803,2683
Gm53807,2939
Gm5381,1250
Gm53815,2532
Gm53817,3422
Gm53818,6347
Gm53822,834
Gm5383,617
Gm53834,3158
Gm5384,463
Gm53842,766
Gm53843,2167
Gm53846,3299
Gm5385,1559
Gm53854,2623
Gm53857,1586
Gm5386,2450
Gm53862,536
Gm53866,1553
Gm5387,857
Gm53871,2872
Gm53873,1805
Gm53874,491
Gm53876,567
Gm53879,2044
Gm5388,1117
Gm53882,2071
Gm53883,472
Gm53887,478
Gm53889,767
Gm5389,1176
Gm53890,4115
Gm53891,4278
Gm53893,2139
Gm53894,255
Gm5390,1230
Gm53900,4348
Gm53901,1671
Gm53905,650
Gm53906,2556
Gm53907,1196
Gm5391,613
Gm53913,1116
Gm53915,5364
Gm53917,1415
Gm5392,789
Gm53924,1391
Gm53925,461
Gm5393,272
Gm53932,674
Gm53937,723
Gm53939,681
Gm5394,975
Gm53948,7584
Gm5395,915
Gm53951,754
Gm53954,1149
Gm5396,532
Gm53963,956
Gm5397,1453
Gm53971,2220
Gm53974,13061
Gm5398,984
Gm53991,2993
Gm53999,2077
Gm5400,943
Gm54007,545
Gm54008,821
Gm5401,365
Gm54018,536
Gm54019,2313
Gm5402,1618
Gm54020,2860
Gm54022,1607
Gm5403,2795
Gm54030,530
Gm54032,760
Gm54034,689
Gm54035,1284
Gm5404,1826
Gm54040,4084
Gm54041,5608
Gm54047,1097
Gm5405,609
Gm54052,11784
Gm54055,1066
Gm5406,766
Gm54068,4249
Gm54069,653
Gm5407,1248
Gm54071,1913
Gm54077,636
Gm5408,747
Gm54087,1650
Gm54089,710
Gm5409,698
Gm54092,1263
Gm54095,4923
Gm54096,6993
Gm54097,1126
Gm54101,2652
Gm54102,3189
Gm54105,577
Gm54109,4735
Gm54112,2049
Gm54115,536
Gm54125,875
Gm54129,449
Gm54132,719
Gm54133,686
Gm54134,386
Gm5414,1659
Gm54140,836
Gm54141,527
Gm54142,1615
Gm54146,347
Gm54148,2846
Gm54155,950
Gm54159,7027
Gm54164,1686
Gm54165,7976
Gm54166,274
Gm54168,2033
Gm5417,438
Gm54175,738
Gm5418,528
Gm54187,3962
Gm5419,527
Gm54196,4640
Gm5420,3609
Gm54200,1850
Gm54203,5011
Gm54205,3957
Gm5421,2354
Gm54210,1360
Gm54214,293
Gm54215,2324
Gm5422,2721
Gm54222,1576
Gm54225,4986
Gm54226,487
Gm54228,1367
Gm54231,14292
Gm54235,444
Gm54236,1012
Gm54237,1494
Gm5424,1240
Gm54241,3724
Gm54243,1261
Gm54244,1428
Gm54249,1530
Gm5425,459
Gm54250,8479
Gm54255,2497
Gm54260,2941
Gm54264,9693
Gm54265,833
Gm54266,2851
Gm54267,9163
Gm5427,3025
Gm54270,788
Gm54291,2615
Gm54295,2061
Gm54299,866
Gm5430,915
Gm54300,1135
Gm54305,4861
Gm54308,5363
Gm5431,7585
Gm54310,1292
Gm54314,389
Gm54316,643
Gm54317,2458
Gm54318,7038
Gm5432,7813
Gm54323,1904
Gm54328,1794
Gm54329,2324
Gm54334,2720
Gm54339,108
Gm54340,108
Gm54341,110
Gm54342,110
Gm54343,108
Gm54344,108
Gm54345,108
Gm54346,108
Gm54347,108
Gm54348,108
Gm54349,110
Gm5435,1150
Gm54350,110
Gm54351,60
Gm54352,99
Gm54353,301
Gm54354,350
Gm54355,232
Gm54356,101
Gm54357,297
Gm54358,98
Gm5436,643
Gm54360,90
Gm54361,306
Gm54362,185
Gm54363,60
Gm54364,86
Gm54365,112
Gm54366,120
Gm54367,110
Gm54368,115
Gm54369,123
Gm54370,91
Gm54371,80
Gm54372,146
Gm54373,96
Gm54374,146
Gm54375,110
Gm54376,110
Gm54377,104
Gm54378,294
Gm54379,110
Gm54380,103
Gm54381,137
Gm54382,110
Gm54383,114
Gm54384,66
Gm54385,116
Gm54386,121
Gm54387,129
Gm54388,97
Gm54389,115
Gm54390,105
Gm54391,59
Gm54392,301
Gm54393,60
Gm54394,86
Gm54395,277
Gm54396,113
Gm54397,61
Gm54398,60
Gm54399,60
Gm54400,60
Gm54401,110
Gm54402,310
Gm54403,121
Gm54404,117
Gm54405,136
Gm54406,276
Gm54407,102
Gm54408,151
Gm54409,92
Gm5441,6459
Gm54410,60
Gm54411,163
Gm54412,60
Gm54413,60
Gm54414,57
Gm54415,110
Gm54416,101
Gm54417,110
Gm54418,121
Gm54419,306
Gm5442,2034
Gm54420,1757
Gm54421,60
Gm54422,74
Gm54423,86
Gm54424,117
Gm54425,48
Gm54426,132
Gm54427,173
Gm54428,199
Gm54429,86
Gm54430,127
Gm54431,70
Gm54432,110
Gm54433,91
Gm54434,120
Gm54435,285
Gm54436,292
Gm54437,124
Gm54438,308
Gm54439,106
Gm5444,2468
Gm54440,80
Gm54441,77
Gm54442,104
Gm54443,105
Gm54444,66
Gm54445,114
Gm54446,166
Gm54447,120
Gm54448,91
Gm54449,119
Gm5445,480
Gm54450,138
Gm54451,105
Gm54452,138
Gm54453,89
Gm54454,85
Gm54455,117
Gm54456,91
Gm54457,66
Gm54458,71
Gm54459,93
Gm5446,784
Gm54460,288
Gm54461,109
Gm54462,302
Gm54463,107
Gm54464,144
Gm54465,114
Gm54466,161
Gm54467,85
Gm54468,137
Gm54469,256
Gm5447,3858
Gm54470,110
Gm54471,138
Gm54472,299
Gm54473,96
Gm54474,111
Gm54475,94
Gm54476,89
Gm54477,101
Gm54478,101
Gm54479,106
Gm54480,95
Gm54481,263
Gm54482,96
Gm54483,119
Gm54484,85
Gm54485,110
Gm54486,110
Gm54487,255
Gm54488,104
Gm54489,108
Gm5449,357
Gm54490,110
Gm54491,127
Gm54492,311
Gm54493,124
Gm54494,88
Gm54495,115
Gm54496,124
Gm54497,100
Gm54498,123
Gm54499,76
Gm54500,215
Gm54501,275
Gm54502,121
Gm54503,314
Gm54504,278
Gm54505,232
Gm54506,119
Gm54507,141
Gm54508,111
Gm54509,136
Gm5451,579
Gm54510,249
Gm54511,150
Gm54512,67
Gm54513,65
Gm54514,109
Gm54515,476
Gm54516,343
Gm54517,138
Gm54518,138
Gm54519,268
Gm5452,997
Gm54520,289
Gm54521,70
Gm54522,253
Gm54523,76
Gm54524,100
Gm54525,95
Gm54526,84
Gm54527,104
Gm54528,110
Gm54529,70
Gm54530,313
Gm54531,119
Gm54532,199
Gm54533,193
Gm54534,78
Gm54535,260
Gm54536,110
Gm54537,203
Gm54538,337
Gm54539,107
Gm5454,1453
Gm54540,106
Gm54541,78
Gm54542,2455
Gm54543,110
Gm54544,119
Gm54545,128
Gm54546,166
Gm54547,110
Gm54548,121
Gm54549,121
Gm5455,715
Gm54550,109
Gm54551,121
Gm54552,110
Gm54553,68
Gm54554,138
Gm54555,343
Gm54556,129
Gm54557,101
Gm54558,101
Gm54559,278
Gm5456,844
Gm54560,107
Gm54561,142
Gm54562,66
Gm54563,323
Gm54564,214
Gm54565,272
Gm54566,108
Gm54567,92
Gm54568,140
Gm54569,100
Gm5457,333
Gm54570,78
Gm54571,70
Gm54572,60
Gm54573,78
Gm54574,115
Gm54575,78
Gm54576,232
Gm54577,268
Gm54578,112
Gm54579,84
Gm5458,997
Gm54580,116
Gm54581,308
Gm54582,90
Gm54583,110
Gm54584,325
Gm54585,118
Gm54586,65
Gm54587,70
Gm54588,79
Gm54589,107
Gm5459,798
Gm54590,169
Gm54591,107
Gm54592,65
Gm54593,105
Gm54594,129
Gm54595,258
Gm54596,111
Gm54597,145
Gm54598,111
Gm54599,106
Gm5460,5833
Gm54600,110
Gm54601,118
Gm54602,89
Gm54603,95
Gm54604,104
Gm54605,101
Gm54606,119
Gm54607,81
Gm54608,278
Gm54609,97
Gm5461,959
Gm54610,80
Gm54611,70
Gm54612,297
Gm54613,109
Gm54614,94
Gm54615,80
Gm54616,145
Gm54617,61
Gm54618,100
Gm54619,104
Gm54620,207
Gm54621,514
Gm54622,135
Gm54623,107
Gm54624,104
Gm54625,77
Gm54626,119
Gm54627,304
Gm54628,77
Gm54629,281
Gm54630,164
Gm54631,318
Gm54632,102
Gm54633,102
Gm54634,72
Gm54635,319
Gm54636,68
Gm54637,294
Gm54638,80
Gm54639,2276
Gm5464,5030
Gm54640,97
Gm54641,359
Gm54642,108
Gm54643,130
Gm54644,107
Gm54645,101
Gm54646,104
Gm54647,242
Gm54648,94
Gm54649,112
Gm54650,101
Gm54651,107
Gm54652,156
Gm54653,124
Gm54654,134
Gm54655,400
Gm54656,284
Gm54657,76
Gm54658,310
Gm54659,159
Gm5466,1890
Gm54660,109
Gm54661,112
Gm54662,268
Gm54663,119
Gm54664,119
Gm54665,126
Gm54666,104
Gm54667,121
Gm54668,86
Gm54669,317
Gm54670,83
Gm54671,135
Gm54672,86
Gm54673,298
Gm54674,101
Gm54675,121
Gm54676,70
Gm54677,131
Gm54678,64
Gm54679,134
Gm5468,26295
Gm54680,113
Gm54681,285
Gm54682,131
Gm54683,104
Gm54684,106
Gm54685,110
Gm54686,95
Gm54687,110
Gm54688,134
Gm54689,97
Gm5469,1076
Gm54690,71
Gm54691,119
Gm54692,124
Gm54693,70
Gm54694,52
Gm54695,96
Gm54696,318
Gm54697,109
Gm54698,104
Gm54699,84
Gm5470,1424
Gm54700,78
Gm54701,97
Gm54702,105
Gm54703,72
Gm54704,110
Gm54705,110
Gm54706,110
Gm54707,281
Gm54708,305
Gm54709,274
Gm5471,337
Gm54710,91
Gm54711,106
Gm54712,160
Gm54713,175
Gm54714,93
Gm54715,293
Gm54716,97
Gm54717,63
Gm54718,265
Gm54719,7300
Gm5472,1678
Gm54720,260
Gm54721,156
Gm54722,298
Gm54723,283
Gm54724,110
Gm54725,113
Gm54726,118
Gm54727,74
Gm54728,3704
Gm54729,313
Gm5473,642
Gm54730,133
Gm54731,88
Gm54732,80
Gm54733,295
Gm54734,87
Gm54735,268
Gm54736,110
Gm54737,199
Gm54738,255
Gm54739,94
Gm54740,109
Gm54741,109
Gm54742,84
Gm54743,110
Gm54744,311
Gm54745,76
Gm54746,83
Gm54747,118
Gm54748,102
Gm54749,109
Gm5475,4928
Gm54750,313
Gm54751,138
Gm54752,121
Gm54753,94
Gm54754,338
Gm54755,126
Gm54756,74
Gm54757,50
Gm54758,82
Gm54759,286
Gm5476,395
Gm54760,74
Gm54761,124
Gm54762,94
Gm54763,94
Gm54764,221
Gm54765,154
Gm54766,310
Gm54767,126
Gm54768,98
Gm54769,113
Gm5477,990
Gm54770,114
Gm54771,358
Gm54772,109
Gm54773,110
Gm54774,126
Gm54775,108
Gm54776,115
Gm54777,83
Gm54778,275
Gm54779,110
Gm5478,4172
Gm54780,109
Gm54781,119
Gm54782,62
Gm54783,121
Gm54784,120
Gm54785,102
Gm54786,98
Gm54787,151
Gm54788,110
Gm54789,64
Gm5479,435
Gm54790,92
Gm54791,66
Gm54792,110
Gm54793,80
Gm54794,108
Gm54795,303
Gm54796,67
Gm54797,120
Gm54798,953
Gm54799,71
Gm54800,101
Gm54801,107
Gm54802,121
Gm54803,109
Gm54804,106
Gm54805,293
Gm54806,104
Gm54807,307
Gm54808,121
Gm54809,74
Gm5481,345
Gm54810,126
Gm54811,71
Gm54812,105
Gm54813,112
Gm54814,109
Gm54815,111
Gm54816,108
Gm54817,95
Gm54818,117
Gm54819,141
Gm54820,417
Gm54821,121
Gm54822,105
Gm54823,266
Gm54824,260
Gm54825,95
Gm54826,86
Gm54827,130
Gm54828,115
Gm54829,106
Gm54830,119
Gm54831,296
Gm54832,285
Gm54833,99
Gm54834,259
Gm54835,330
Gm54836,286
Gm54837,68
Gm54838,313
Gm54839,322
Gm54840,120
Gm54841,101
Gm54842,101
Gm54843,104
Gm54844,98
Gm54845,101
Gm54846,101
Gm54847,68
Gm54848,70
Gm54849,311
Gm5485,628
Gm54850,109
Gm54851,110
Gm54852,76
Gm54853,85
Gm54854,273
Gm54855,121
Gm54856,135
Gm54857,162
Gm54858,84
Gm54859,288
Gm5486,16146
Gm54860,94
Gm54861,153
Gm54862,62
Gm54863,106
Gm54864,88
Gm54865,107
Gm54866,106
Gm54867,148
Gm54868,287
Gm54869,110
Gm5487,2157
Gm54870,121
Gm54871,270
Gm54872,442
Gm54873,108
Gm54874,84
Gm54875,121
Gm54876,121
Gm54877,91
Gm54878,80
Gm54879,98
Gm54880,118
Gm54881,296
Gm54882,786
Gm54883,132
Gm54884,97
Gm54885,314
Gm54886,102
Gm54887,110
Gm54888,112
Gm54889,121
Gm54890,82
Gm54891,109
Gm54892,111
Gm54893,84
Gm54894,88
Gm54895,101
Gm54896,92
Gm54897,117
Gm54898,90
Gm54899,240
Gm54900,329
Gm54901,108
Gm54902,145
Gm54903,272
Gm54904,66
Gm54905,250
Gm54906,114
Gm54907,143
Gm54908,125
Gm54909,105
Gm5491,608
Gm54910,114
Gm54911,110
Gm54912,91
Gm54913,84
Gm54914,84
Gm54915,125
Gm54916,249
Gm54917,124
Gm54918,293
Gm54919,94
Gm5492,510
Gm54920,120
Gm54921,121
Gm54922,125
Gm54923,103
Gm54924,76
Gm54925,98
Gm54926,117
Gm54927,127
Gm54928,73
Gm54929,144
Gm5493,3998
Gm54930,92
Gm54931,302
Gm54932,78
Gm54933,107
Gm54934,96
Gm54935,218
Gm54936,109
Gm54937,115
Gm54938,120
Gm54939,129
Gm54940,108
Gm54941,88
Gm54942,243
Gm54943,70
Gm54944,82
Gm54945,80
Gm54946,105
Gm54947,53
Gm54948,130
Gm54949,110
Gm54950,124
Gm54951,79
Gm54952,100
Gm54953,80
Gm54954,124
Gm54955,60
Gm54956,97
Gm54957,121
Gm54958,80
Gm54959,108
Gm54960,69
Gm54961,98
Gm54962,70
Gm54963,113
Gm54964,107
Gm54965,277
Gm54966,129
Gm54967,296
Gm54968,110
Gm54969,91
Gm5497,346
Gm54970,99
Gm54971,105
Gm54972,107
Gm54973,97
Gm54974,110
Gm54975,100
Gm54976,69
Gm54977,88
Gm54978,97
Gm54979,95
Gm54980,166
Gm54981,110
Gm54982,109
Gm54983,122
Gm54984,102
Gm54985,141
Gm54986,91
Gm54987,138
Gm54988,138
Gm54989,110
Gm5499,885
Gm54990,82
Gm54991,107
Gm54992,290
Gm54993,303
Gm54994,115
Gm54995,104
Gm54996,128
Gm54997,274
Gm54998,121
Gm54999,70
Gm550,1439
Gm5500,919
Gm55000,103
Gm55001,106
Gm55002,105
Gm55003,145
Gm55004,62
Gm55005,101
Gm55006,475
Gm55007,117
Gm55008,70
Gm55009,93
Gm5501,832
Gm55010,110
Gm55011,110
Gm55012,108
Gm55013,125
Gm55014,110
Gm55015,110
Gm55016,301
Gm55017,315
Gm55018,115
Gm55019,196
Gm55020,122
Gm55021,102
Gm55022,135
Gm55023,274
Gm55024,289
Gm55025,96
Gm55026,111
Gm55027,109
Gm55028,302
Gm55029,259
Gm5503,558
Gm55030,114
Gm55031,108
Gm55032,86
Gm55033,126
Gm55034,117
Gm55035,116
Gm55036,192
Gm55037,73
Gm55038,93
Gm55039,66
Gm5504,605
Gm55040,96
Gm55041,93
Gm55042,110
Gm55043,155
Gm55044,193
Gm55045,162
Gm55046,263
Gm55047,77
Gm55048,203
Gm55049,126
Gm55050,108
Gm55051,109
Gm55052,108
Gm55053,94
Gm55054,122
Gm55055,265
Gm55056,72
Gm55057,114
Gm55058,110
Gm55059,77
Gm55060,106
Gm55061,119
Gm55063,164
Gm55064,80
Gm55065,90
Gm55066,307
Gm55067,56
Gm55068,128
Gm55069,108
Gm5507,1008
Gm55070,173
Gm55071,97
Gm55072,73
Gm55073,143
Gm55074,153
Gm55075,99
Gm55076,65
Gm55077,67
Gm55078,91
Gm55079,109
Gm55080,96
Gm55081,245
Gm55082,106
Gm55083,205
Gm55084,100
Gm55085,134
Gm55086,314
Gm55087,71
Gm55088,110
Gm55089,82
Gm5509,1230
Gm55090,117
Gm55091,92
Gm55092,324
Gm55093,104
Gm55094,57
Gm55095,83
Gm55096,97
Gm55097,353
Gm55098,109
Gm55099,60
Gm5510,486
Gm55100,103
Gm55101,103
Gm55102,239
Gm55103,228
Gm55104,128
Gm55105,256
Gm55106,95
Gm55107,98
Gm55108,87
Gm55109,75
Gm5511,802
Gm55110,73
Gm55111,71
Gm55112,72
Gm55113,103
Gm55114,126
Gm55115,184
Gm55116,134
Gm55117,60
Gm55118,57
Gm55119,64
Gm5512,1353
Gm55120,323
Gm55121,77
Gm55122,23427
Gm55123,67
Gm55124,108
Gm55125,105
Gm55126,110
Gm55127,121
Gm55128,107
Gm55129,121
Gm5513,1218
Gm55130,137
Gm55131,137
Gm55132,92
Gm55133,84
Gm55134,115
Gm55135,117
Gm55136,236
Gm55137,92
Gm55138,168
Gm55139,95
Gm55140,106
Gm55141,128
Gm55142,102
Gm55143,121
Gm55144,299
Gm55145,111
Gm55146,111
Gm55147,63
Gm55148,111
Gm55149,80
Gm55150,63
Gm55151,117
Gm55152,107
Gm55153,116
Gm55154,127
Gm55155,83
Gm55156,139
Gm55157,129
Gm55158,129
Gm55159,77
Gm55160,82
Gm55161,129
Gm55162,89
Gm55163,110
Gm55164,295
Gm55165,109
Gm55166,104
Gm55167,111
Gm55168,101
Gm55169,110
Gm5517,478
Gm55170,110
Gm55171,121
Gm55172,106
Gm55173,308
Gm55174,118
Gm55175,109
Gm55176,122
Gm55177,306
Gm55178,104
Gm55179,110
Gm5518,645
Gm55180,110
Gm55181,115
Gm55182,78
Gm55183,129
Gm55184,128
Gm55185,94
Gm55186,340
Gm55187,113
Gm55188,101
Gm55189,166
Gm5519,507
Gm55190,118
Gm55191,101
Gm55192,288
Gm55193,103
Gm55194,122
Gm55195,127
Gm55196,304
Gm55197,72
Gm55198,105
Gm55199,90
Gm55200,290
Gm55201,228
Gm55202,119
Gm55203,114
Gm55204,286
Gm55205,248
Gm55206,100
Gm55207,97
Gm55208,95
Gm55209,121
Gm5521,801
Gm55210,325
Gm55211,132
Gm55212,109
Gm55213,184
Gm55214,126
Gm55215,177
Gm55216,256
Gm55217,186
Gm55218,137
Gm55219,120
Gm5522,1242
Gm55220,109
Gm55221,109
Gm55222,110
Gm55223,111
Gm55224,323
Gm55225,94
Gm55226,100
Gm55227,101
Gm55228,150
Gm55229,89
Gm5523,997
Gm55230,102
Gm55231,101
Gm55232,110
Gm55233,187
Gm55234,466
Gm55235,194
Gm55236,123
Gm55237,115
Gm55238,126
Gm55239,80
Gm5524,5873
Gm55240,101
Gm55241,106
Gm55242,274
Gm55243,137
Gm55244,104
Gm55245,168
Gm55246,116
Gm55247,100
Gm55248,100
Gm55249,100
Gm5525,1312
Gm55250,100
Gm55251,322
Gm55252,100
Gm55253,110
Gm55254,92
Gm55255,101
Gm55256,300
Gm55257,80
Gm55258,355
Gm55259,91
Gm5526,423
Gm55260,118
Gm55261,91
Gm55262,96
Gm55263,98
Gm55264,407
Gm55265,261
Gm55266,262
Gm55267,92
Gm55268,128
Gm55269,70
Gm5527,642
Gm55270,110
Gm55271,110
Gm55272,126
Gm55273,110
Gm55274,303
Gm55275,102
Gm55276,57
Gm55277,121
Gm55278,315
Gm55279,258
Gm5528,480
Gm55280,112
Gm55281,164
Gm55282,110
Gm55283,179
Gm55284,249
Gm55285,83
Gm55286,57
Gm55287,56
Gm55288,93
Gm55289,116
Gm5529,891
Gm55290,268
Gm55291,308
Gm55292,131
Gm55293,105
Gm55294,127
Gm55295,125
Gm55296,130
Gm55297,110
Gm55298,216
Gm55299,110
Gm5530,985
Gm55300,170
Gm55301,101
Gm55302,55
Gm55303,121
Gm55304,121
Gm55305,96
Gm55306,92
Gm55307,182
Gm55308,110
Gm55309,121
Gm55310,121
Gm55311,124
Gm55312,116
Gm55313,105
Gm55314,105
Gm55315,104
Gm55316,105
Gm55317,137
Gm55318,119
Gm55319,107
Gm5532,20046
Gm55320,318
Gm55321,81
Gm55322,128
Gm55323,109
Gm55324,142
Gm55325,122
Gm55326,96
Gm55327,100
Gm55328,2090
Gm55329,70
Gm5533,4360
Gm55330,3293
Gm55331,91
Gm55332,90
Gm55333,110
Gm55334,112
Gm55335,83
Gm55336,69
Gm55337,59
Gm55338,79
Gm55339,130
Gm55340,84
Gm55341,69
Gm55342,98
Gm55343,175
Gm55344,157
Gm55345,311
Gm55346,282
Gm55347,97
Gm55348,110
Gm55349,169
Gm5535,12937
Gm55350,68
Gm55351,104
Gm55352,109
Gm55353,84
Gm55354,116
Gm55355,78
Gm55356,250
Gm55357,93
Gm55358,142
Gm55359,213
Gm55360,82
Gm55361,111
Gm55362,79
Gm55363,107
Gm55364,116
Gm55365,105
Gm55366,357
Gm55367,336
Gm55368,121
Gm55369,148
Gm5537,1252
Gm55370,71
Gm55371,283
Gm55372,125
Gm55373,37
Gm55374,147
Gm55375,112
Gm55376,247
Gm55377,3039
Gm55378,322
Gm55379,288
Gm55380,125
Gm55381,109
Gm55382,110
Gm55383,110
Gm55384,125
Gm55385,110
Gm55386,54
Gm55387,117
Gm55388,114
Gm55389,312
Gm5539,966
Gm55390,101
Gm55391,107
Gm55392,309
Gm55393,101
Gm55394,264
Gm55395,120
Gm55396,118
Gm55397,107
Gm55398,297
Gm55399,73
Gm5540,1848
Gm55400,295
Gm55401,281
Gm55402,62
Gm55403,290
Gm55404,123
Gm55405,99
Gm55406,111
Gm55407,270
Gm55408,103
Gm55409,173
Gm5541,1113
Gm55410,77
Gm55411,86
Gm55412,94
Gm55413,96
Gm55414,1161
Gm55415,252
Gm55416,116
Gm55417,288
Gm55418,112
Gm55419,80
Gm5542,1089
Gm55420,113
Gm55421,286
Gm55422,98
Gm55423,126
Gm55424,110
Gm55425,256
Gm55426,113
Gm55427,85
Gm55428,122
Gm55429,100
Gm5543,1091
Gm55430,84
Gm55431,193
Gm55432,77
Gm55433,110
Gm55434,110
Gm55435,306
Gm55436,69
Gm55437,64
Gm55438,121
Gm55439,104
Gm5544,5888
Gm55440,318
Gm55441,121
Gm55442,158
Gm55443,95
Gm55444,328
Gm55445,300
Gm55446,110
Gm55447,110
Gm55448,126
Gm55449,83
Gm55450,328
Gm55451,65
Gm55452,153
Gm55453,67
Gm55454,76
Gm55455,153
Gm55456,145
Gm55457,113
Gm55458,72
Gm55459,317
Gm5546,7172
Gm55460,67
Gm55461,105
Gm55462,80
Gm55463,121
Gm55464,126
Gm55465,113
Gm55466,92
Gm55467,110
Gm55468,118
Gm55469,246
Gm5547,15398
Gm55470,90
Gm55471,125
Gm55472,85
Gm55473,111
Gm55474,132
Gm55475,312
Gm55476,57
Gm55477,118
Gm55478,288
Gm55479,121
Gm5548,397
Gm55480,115
Gm55481,107
Gm55482,98
Gm55483,63
Gm55484,78
Gm55485,111
Gm55486,133
Gm55487,326
Gm55488,57
Gm55489,105
Gm55490,101
Gm55491,86
Gm55492,126
Gm55493,76
Gm55494,284
Gm55495,321
Gm55496,204
Gm55497,141
Gm55498,135
Gm55499,79
Gm5550,1076
Gm55500,87
Gm55501,54
Gm55502,110
Gm55503,129
Gm55504,110
Gm55505,85
Gm55506,265
Gm55507,277
Gm55508,105
Gm55509,102
Gm5551,690
Gm55510,107
Gm55511,106
Gm55512,110
Gm55513,110
Gm55514,86
Gm55515,285
Gm55516,295
Gm55517,106
Gm55518,86
Gm55519,106
Gm5552,515
Gm55520,111
Gm55521,86
Gm55522,56
Gm55523,152
Gm55524,110
Gm55525,122
Gm55526,312
Gm55527,94
Gm55528,101
Gm55529,114
Gm5553,459
Gm55530,93
Gm55531,109
Gm55532,78
Gm55533,110
Gm55534,278
Gm55535,83
Gm55536,121
Gm55537,103
Gm55538,86
Gm55539,242
Gm5554,1206
Gm55540,82
Gm55541,86
Gm55542,106
Gm55543,58
Gm55544,99
Gm55545,101
Gm55546,157
Gm55547,86
Gm55548,116
Gm55549,104
Gm5555,1111
Gm55550,85
Gm55551,107
Gm55552,138
Gm55553,129
Gm55554,96
Gm55555,264
Gm55556,109
Gm55557,95
Gm55558,111
Gm55560,108
Gm55561,121
Gm55562,110
Gm55563,70
Gm55564,108
Gm55565,107
Gm55566,70
Gm55567,108
Gm55568,255
Gm55569,83
Gm55570,105
Gm55571,120
Gm55572,102
Gm55573,135
Gm55574,95
Gm55575,275
Gm55576,106
Gm55577,88
Gm55578,286
Gm55579,56
Gm5558,495
Gm55580,101
Gm55581,101
Gm55582,101
Gm55583,117
Gm55584,253
Gm55585,68
Gm55586,126
Gm55587,81
Gm55588,123
Gm55589,1809
Gm5559,1002
Gm55590,71
Gm55591,93
Gm55592,127
Gm55593,205
Gm55595,67
Gm55596,119
Gm55597,107
Gm55598,354
Gm55599,126
Gm5560,892
Gm55600,120
Gm55601,105
Gm55602,110
Gm55603,324
Gm55604,308
Gm55605,85
Gm55606,78
Gm55607,106
Gm55608,253
Gm55609,103
Gm5561,480
Gm55610,106
Gm55611,88
Gm55612,91
Gm55613,286
Gm55614,111
Gm55615,296
Gm55616,315
Gm55617,171
Gm55618,315
Gm55619,100
Gm55620,351
Gm55621,102
Gm55622,107
Gm55623,103
Gm55624,121
Gm55625,107
Gm55626,270
Gm55627,323
Gm55628,138
Gm55629,142
Gm55630,138
Gm55631,141
Gm55632,110
Gm55633,120
Gm55634,104
Gm55635,141
Gm55636,321
Gm55637,69
Gm55638,291
Gm55639,95
Gm5564,967
Gm55640,141
Gm55641,77
Gm55642,138
Gm55643,138
Gm55644,91
Gm55645,108
Gm55646,138
Gm55647,119
Gm55648,133
Gm55649,66
Gm5565,1162
Gm55650,79
Gm55651,98
Gm55652,266
Gm55653,135
Gm55654,126
Gm55655,247
Gm55656,127
Gm55657,138
Gm55658,76
Gm55659,84
Gm55660,110
Gm55661,111
Gm55662,106
Gm55663,126
Gm55664,353
Gm55665,284
Gm55666,325
Gm55667,106
Gm55668,306
Gm55669,111
Gm55670,160
Gm55671,98
Gm55672,89
Gm55673,128
Gm55674,110
Gm55675,102
Gm55676,58
Gm55677,259
Gm55678,361
Gm55679,74
Gm55680,150
Gm55681,101
Gm55682,95
Gm55683,98
Gm55684,277
Gm55685,135
Gm55686,121
Gm55687,108
Gm55688,119
Gm55689,104
Gm55690,127
Gm55691,69
Gm55692,199
Gm55693,202
Gm55694,121
Gm55695,127
Gm55696,127
Gm55697,121
Gm55698,127
Gm55699,120
Gm5570,2729
Gm55700,124
Gm55701,126
Gm55702,120
Gm55703,129
Gm55704,123
Gm55705,127
Gm55706,121
Gm55707,124
Gm55708,126
Gm55709,121
Gm55710,124
Gm55711,126
Gm55712,120
Gm55713,123
Gm55714,127
Gm55715,121
Gm55716,124
Gm55717,126
Gm55718,121
Gm55719,123
Gm55720,127
Gm55721,118
Gm55722,83
Gm55723,90
Gm55724,122
Gm55725,127
Gm55726,121
Gm55727,114
Gm55728,127
Gm55729,127
Gm55730,101
Gm55731,127
Gm55732,104
Gm55733,101
Gm55734,101
Gm55735,119
Gm55736,118
Gm55737,153
Gm55738,100
Gm55739,103
Gm55740,102
Gm55741,96
Gm55742,97
Gm55743,90
Gm55744,357
Gm55745,103
Gm55746,138
Gm55747,96
Gm55748,113
Gm55749,65
Gm5575,398
Gm55750,91
Gm55751,111
Gm55752,104
Gm55753,109
Gm55754,171
Gm55755,87
Gm55756,106
Gm55757,103
Gm55758,112
Gm55759,2173
Gm5576,1236
Gm55760,90
Gm55761,105
Gm55762,267
Gm55763,253
Gm55764,103
Gm55765,54
Gm55766,88
Gm55767,112
Gm55768,77
Gm55769,100
Gm5577,18265
Gm55770,96
Gm55771,110
Gm55772,107
Gm55773,100
Gm55774,125
Gm55775,125
Gm55776,80
Gm55777,149
Gm55778,138
Gm55779,288
Gm5578,1236
Gm55780,126
Gm55781,88
Gm55782,223
Gm55783,74
Gm55784,323
Gm55785,272
Gm55786,125
Gm55787,101
Gm55788,322
Gm55789,104
Gm55790,93
Gm55791,164
Gm55792,105
Gm55793,224
Gm55794,292
Gm55795,101
Gm55796,110
Gm55797,129
Gm55798,261
Gm55799,101
Gm55800,121
Gm55801,324
Gm55802,109
Gm55803,89
Gm55804,258
Gm55805,112
Gm55806,115
Gm55807,83
Gm55808,126
Gm55809,125
Gm5581,2550
Gm55810,333
Gm55811,102
Gm55812,140
Gm55813,110
Gm55814,190
Gm55815,95
Gm55816,878
Gm55817,77
Gm55818,84
Gm55819,305
Gm5582,522
Gm55820,77
Gm55821,128
Gm55822,74
Gm55823,327
Gm55824,76
Gm55825,76
Gm55826,96
Gm55827,103
Gm55828,110
Gm55829,114
Gm5583,1519
Gm55830,67
Gm55831,56
Gm55832,91
Gm55833,110
Gm55834,114
Gm55835,87
Gm55836,109
Gm55837,88
Gm55838,95
Gm55839,95
Gm55840,294
Gm55841,174
Gm55842,118
Gm55843,246
Gm55844,121
Gm55845,128
Gm55846,97
Gm55847,63
Gm55848,95
Gm55849,107
Gm55850,116
Gm55851,250
Gm55852,146
Gm55853,112
Gm55854,230
Gm55855,99
Gm55856,276
Gm55857,127
Gm55858,63
Gm55859,104
Gm5586,795
Gm55860,113
Gm55861,95
Gm55862,126
Gm55863,97
Gm55864,99
Gm55865,113
Gm55866,108
Gm55867,118
Gm55868,93
Gm55869,46
Gm5587,674
Gm55870,99
Gm55871,98
Gm55872,128
Gm55873,210
Gm55874,208
Gm55875,106
Gm55876,330
Gm55877,90
Gm55878,93
Gm55879,85
Gm55880,237
Gm55881,121
Gm55882,255
Gm55883,412
Gm55884,107
Gm55885,138
Gm55886,114
Gm55887,127
Gm55888,110
Gm55889,1816
Gm55890,63
Gm55891,84
Gm55892,125
Gm55893,82
Gm55894,92
Gm55895,239
Gm55896,544
Gm55897,74
Gm55898,75
Gm55899,271
Gm5590,345
Gm55900,125
Gm55901,97
Gm55902,639
Gm55903,83
Gm55904,59
Gm55905,187
Gm55906,126
Gm55907,96
Gm55908,85
Gm55909,111
Gm5591,3441
Gm55910,96
Gm55911,147
Gm55912,275
Gm55913,114
Gm55914,104
Gm55915,110
Gm55916,106
Gm55917,66
Gm55918,101
Gm55919,109
Gm5592,4894
Gm55920,134
Gm55921,76
Gm55922,104
Gm55923,121
Gm55924,121
Gm55925,73
Gm55926,294
Gm55927,77
Gm55928,279
Gm55929,110
Gm55930,110
Gm55931,96
Gm55932,113
Gm55933,89
Gm55934,76
Gm55935,60
Gm55936,57
Gm55937,248
Gm55938,276
Gm55939,138
Gm5594,1429
Gm55940,109
Gm55941,108
Gm55942,121
Gm55943,197
Gm55944,111
Gm55945,115
Gm55946,110
Gm55947,118
Gm55948,110
Gm55949,311
Gm55950,85
Gm55951,253
Gm55952,96
Gm55953,324
Gm55954,107
Gm55955,110
Gm55956,245
Gm55957,148
Gm55958,126
Gm55959,98
Gm5596,2421
Gm55960,78
Gm55961,93
Gm55962,289
Gm55963,93
Gm55964,283
Gm55965,107
Gm55966,126
Gm55967,106
Gm55968,107
Gm55969,297
Gm5597,1193
Gm55970,274
Gm55971,103
Gm55972,102
Gm55973,110
Gm55974,125
Gm55975,319
Gm55976,70
Gm55977,117
Gm55979,122
Gm55980,276
Gm55981,87
Gm55982,101
Gm55983,105
Gm55984,96
Gm55985,105
Gm55986,64
Gm55987,119
Gm55988,123
Gm55989,120
Gm5599,788
Gm55990,131
Gm55991,322
Gm55992,294
Gm55993,73
Gm55994,118
Gm55995,129
Gm55996,111
Gm55997,107
Gm55998,110
Gm55999,310
Gm5600,4038
Gm56000,102
Gm56001,125
Gm56002,95
Gm56003,97
Gm56004,327
Gm56005,307
Gm56006,101
Gm56007,84
Gm56008,99
Gm56009,112
Gm56010,97
Gm56011,79
Gm56012,114
Gm56013,110
Gm56014,308
Gm56015,82
Gm56016,67
Gm56017,313
Gm56018,126
Gm56019,77
Gm5602,3642
Gm56020,329
Gm56021,111
Gm56022,281
Gm56023,121
Gm56024,102
Gm56025,110
Gm56026,125
Gm56027,308
Gm56028,251
Gm56029,129
Gm56030,121
Gm56031,98
Gm56032,144
Gm56033,110
Gm56034,118
Gm56035,121
Gm56036,96
Gm56037,187
Gm56038,91
Gm56039,233
Gm56040,204
Gm56041,177
Gm56042,59
Gm56043,378
Gm56044,361
Gm56045,171
Gm56046,91
Gm56047,255
Gm56048,109
Gm56049,98
Gm5605,1305
Gm56050,125
Gm56051,214
Gm56052,102
Gm56053,143
Gm56054,101
Gm56055,121
Gm56056,141
Gm56057,107
Gm56058,96
Gm56059,216
Gm56060,79
Gm56061,96
Gm56062,90
Gm56063,89
Gm56064,327
Gm56065,176
Gm56066,126
Gm56067,102
Gm56068,138
Gm56069,78
Gm56070,96
Gm56071,290
Gm56072,86
Gm56073,92
Gm56074,126
Gm56075,251
Gm56076,127
Gm56077,321
Gm56078,117
Gm56079,180
Gm5608,2290
Gm56080,207
Gm56081,146
Gm56082,143
Gm56083,129
Gm56084,312
Gm56085,126
Gm56086,118
Gm56087,92
Gm56088,117
Gm56089,106
Gm5609,1267
Gm56090,246
Gm56091,107
Gm56092,104
Gm56093,103
Gm56094,110
Gm56095,75
Gm56096,109
Gm56097,119
Gm56098,62
Gm56099,119
Gm56100,116
Gm56101,323
Gm56102,122
Gm56103,122
Gm56104,114
Gm56105,83
Gm56106,76
Gm56107,89
Gm56108,143
Gm56109,154
Gm5611,852
Gm56110,318
Gm56111,130
Gm56112,80
Gm56113,114
Gm56114,68
Gm56115,63
Gm56116,70
Gm56117,94
Gm56118,204
Gm56119,132
Gm5612,375
Gm56120,101
Gm56121,76
Gm56122,99
Gm56123,126
Gm56124,78
Gm56125,109
Gm56126,268
Gm56127,990
Gm56128,194
Gm56129,96
Gm56130,91
Gm56131,103
Gm56132,120
Gm56133,90
Gm56134,86
Gm56135,74
Gm56136,83
Gm56137,106
Gm56138,89
Gm56139,84
Gm5614,318
Gm56140,77
Gm56141,108
Gm56142,67
Gm56143,84
Gm56144,84
Gm56145,246
Gm56146,170
Gm56147,104
Gm56148,110
Gm56149,121
Gm56150,71
Gm56151,323
Gm56152,109
Gm56153,123
Gm56154,67
Gm56155,145
Gm56156,110
Gm56157,308
Gm56158,267
Gm56159,136
Gm5616,384
Gm56160,371
Gm56161,85
Gm56162,119
Gm56163,308
Gm56164,106
Gm56165,114
Gm56166,116
Gm56167,122
Gm56168,131
Gm56169,177
Gm5617,531
Gm56170,127
Gm56171,56
Gm56172,96
Gm56173,108
Gm56174,184
Gm56175,95
Gm56176,105
Gm56177,121
Gm56178,94
Gm56179,87
Gm56180,120
Gm56181,106
Gm56182,167
Gm56183,101
Gm56184,307
Gm56185,302
Gm56186,96
Gm56187,107
Gm56188,137
Gm56189,237
Gm5619,760
Gm56190,87
Gm56191,100
Gm56192,72
Gm56193,117
Gm56194,107
Gm56195,121
Gm56196,83
Gm56197,83
Gm56198,67
Gm56199,119
Gm5620,1348
Gm56200,99
Gm56201,271
Gm56202,78
Gm56203,89
Gm56204,110
Gm56205,155
Gm56206,103
Gm56207,172
Gm56208,83
Gm56209,78
Gm5621,640
Gm56210,115
Gm56211,114
Gm56212,316
Gm56213,64
Gm56214,298
Gm56215,121
Gm56216,107
Gm56217,107
Gm56218,66
Gm56219,105
Gm5622,1581
Gm56220,121
Gm56221,102
Gm56222,144
Gm56223,121
Gm56224,104
Gm56225,76
Gm56226,110
Gm56227,103
Gm56228,123
Gm56229,286
Gm56230,332
Gm56231,290
Gm56232,62
Gm56233,62
Gm56234,83
Gm56235,111
Gm56236,275
Gm56237,85
Gm56238,147
Gm56239,117
Gm5624,3060
Gm56240,116
Gm56241,312
Gm56242,277
Gm56243,110
Gm56244,321
Gm56245,121
Gm56246,103
Gm56247,120
Gm56248,76
Gm56249,109
Gm56250,330
Gm56251,93
Gm56252,112
Gm56253,125
Gm56254,81
Gm56255,79
Gm56256,175
Gm56257,133
Gm56258,96
Gm56259,107
Gm5626,1058
Gm56260,101
Gm56261,132
Gm56262,110
Gm56263,110
Gm56264,100
Gm56265,77
Gm56266,292
Gm56267,112
Gm56268,104
Gm56269,80
Gm5627,8283
Gm56270,97
Gm56271,125
Gm56272,120
Gm56273,125
Gm56274,68
Gm56275,103
Gm56276,103
Gm56277,74
Gm56278,69
Gm56279,138
Gm5628,1049
Gm56280,179
Gm56281,76
Gm56282,160
Gm56283,325
Gm56284,267
Gm56285,288
Gm56286,158
Gm56287,127
Gm56288,120
Gm56289,103
Gm56290,112
Gm56291,120
Gm56292,269
Gm56293,287
Gm56294,112
Gm56295,299
Gm56296,289
Gm56297,149
Gm56298,591
Gm56299,125
Gm5630,900
Gm56300,82
Gm56301,116
Gm56302,85
Gm56303,99
Gm56304,101
Gm56305,55
Gm56306,114
Gm56307,99
Gm56308,154
Gm56309,123
Gm56310,126
Gm56311,121
Gm56312,230
Gm56313,118
Gm56314,104
Gm56315,125
Gm56316,104
Gm56317,83
Gm56318,123
Gm56319,129
Gm56320,86
Gm56321,123
Gm56322,114
Gm56323,262
Gm56324,79
Gm56325,126
Gm56326,119
Gm56327,107
Gm56328,102
Gm56329,316
Gm56330,109
Gm56331,327
Gm56332,132
Gm56333,112
Gm56334,292
Gm56335,69
Gm56336,110
Gm56337,84
Gm56338,84
Gm56339,126
Gm56340,308
Gm56341,77
Gm56342,108
Gm56343,93
Gm56344,93
Gm56345,124
Gm56346,114
Gm56347,122
Gm56348,116
Gm56349,101
Gm56350,1946
Gm56351,156
Gm56352,108
Gm56353,108
Gm56354,217
Gm56355,121
Gm56356,121
Gm56357,110
Gm56358,96
Gm56359,101
Gm56360,67
Gm56361,70
Gm56362,119
Gm56363,96
Gm56364,96
Gm56365,116
Gm56366,271
Gm56367,75
Gm56368,269
Gm56369,73
Gm56370,91
Gm56371,130
Gm56372,192
Gm56373,90
Gm56374,113
Gm56375,125
Gm56376,67
Gm56377,105
Gm56378,369
Gm56379,121
Gm5638,1258
Gm56380,121
Gm56381,321
Gm56382,65
Gm56383,260
Gm56384,294
Gm56385,122
Gm56386,233
Gm56387,101
Gm56388,90
Gm56389,121
Gm56390,103
Gm56391,279
Gm56392,101
Gm56393,116
Gm56394,116
Gm56395,347
Gm56396,103
Gm56397,110
Gm56398,95
Gm56399,324
Gm56400,105
Gm56401,105
Gm56402,105
Gm56403,107
Gm56404,109
Gm56405,254
Gm56406,189
Gm56407,126
Gm56408,269
Gm56409,89
Gm5641,1080
Gm56410,125
Gm56411,116
Gm56412,80
Gm56413,136
Gm56414,102
Gm56415,96
Gm56416,100
Gm56417,110
Gm56418,78
Gm56419,95
Gm56420,71
Gm56421,70
Gm56422,53
Gm56423,177
Gm56424,236
Gm56425,88
Gm56426,147
Gm56427,129
Gm56428,460
Gm56429,195
Gm5643,966
Gm56430,119
Gm56431,224
Gm56432,61
Gm56433,138
Gm56434,313
Gm56435,66
Gm56436,370
Gm56437,280
Gm56438,268
Gm56439,113
Gm5644,465
Gm56440,101
Gm56441,101
Gm56442,102
Gm56443,121
Gm56444,114
Gm56445,140
Gm56446,143
Gm56447,78
Gm56448,110
Gm56449,68
Gm5645,1712
Gm56450,944
Gm56451,180
Gm56452,114
Gm56453,104
Gm56454,318
Gm56455,304
Gm56456,313
Gm56457,64
Gm56458,122
Gm56459,125
Gm5646,3438
Gm56460,143
Gm56461,94
Gm56462,94
Gm56463,91
Gm56464,94
Gm56465,325
Gm56466,188
Gm56467,324
Gm56468,458
Gm56469,79
Gm56470,92
Gm56471,82
Gm56472,126
Gm56473,170
Gm56474,109
Gm56475,131
Gm56476,103
Gm56477,77
Gm56478,201
Gm56479,102
Gm5648,1587
Gm56480,110
Gm56481,150
Gm56482,129
Gm56483,84
Gm56484,117
Gm56485,126
Gm56486,126
Gm56487,1170
Gm56488,2405
Gm56489,1243
Gm5649,951
Gm56491,1430
Gm56492,8206
Gm56493,2550
Gm56494,6147
Gm56495,8211
Gm56496,9961
Gm56497,744
Gm56498,1758
Gm56499,2802
Gm5650,598
Gm56500,160
Gm56501,2222
Gm56502,657
Gm56503,804
Gm56504,167
Gm56505,2654
Gm56506,8539
Gm56507,3769
Gm56508,1066
Gm56509,2934
Gm56510,12549
Gm56511,5912
Gm56512,1118
Gm56513,1649
Gm56514,6994
Gm56516,2735
Gm56517,1377
Gm56518,11728
Gm56519,683
Gm5652,1008
Gm56520,462
Gm56521,3748
Gm56522,788
Gm56523,5027
Gm56524,4011
Gm56525,4576
Gm56526,1212
Gm56528,1489
Gm56529,28972
Gm5653,1337
Gm56530,8792
Gm56531,1442
Gm56532,3481
Gm56533,18434
Gm56534,9789
Gm56535,10344
Gm56536,1415
Gm56537,4222
Gm56538,844
Gm56539,413
Gm5654,475
Gm56540,491
Gm56541,2450
Gm56542,10927
Gm56543,399
Gm56544,1157
Gm56545,1180
Gm56546,1219
Gm56547,10152
Gm56548,1289
Gm56549,2635
Gm5655,901
Gm56550,3371
Gm56551,2244
Gm56552,3032
Gm56553,756
Gm56554,1712
Gm56555,7193
Gm56556,746
Gm56557,10096
Gm56558,3975
Gm56559,11703
Gm5656,1096
Gm56560,354
Gm56561,9161
Gm56563,4178
Gm56565,3760
Gm56566,868
Gm56568,3881
Gm56570,1885
Gm56572,658
Gm56573,18711
Gm56574,15525
Gm56575,1018
Gm56576,4003
Gm56577,804
Gm56578,1180
Gm56579,129
Gm56580,2332
Gm56582,1077
Gm56583,4293
Gm56584,1803
Gm56585,904
Gm56586,3869
Gm56587,1294
Gm56588,1934
Gm56589,2307
Gm56590,1513
Gm56593,2921
Gm56594,587
Gm56595,1343
Gm56596,2233
Gm56597,7633
Gm56598,2283
Gm56599,6081
Gm5660,1149
Gm56600,1514
Gm56601,2287
Gm56602,1472
Gm56603,1052
Gm56604,1258
Gm56605,4688
Gm56606,3559
Gm56607,527
Gm56608,1549
Gm56609,796
Gm56611,4827
Gm56612,4375
Gm56613,10691
Gm56614,2344
Gm56615,1048
Gm56616,11831
Gm56618,371
Gm56620,5858
Gm56621,802
Gm56622,525
Gm56623,483
Gm56624,3978
Gm56625,1085
Gm56626,2019
Gm56627,203
Gm56628,95
Gm56629,1201
Gm56630,3096
Gm56631,623
Gm56632,2903
Gm56633,831
Gm56634,5111
Gm56635,718
Gm56637,4754
Gm56638,3526
Gm56639,2623
Gm5664,1012
Gm56640,4048
Gm56641,6253
Gm56643,865
Gm56644,12911
Gm56645,2535
Gm56646,3532
Gm56647,3672
Gm56648,3523
Gm56649,907
Gm56650,1603
Gm56651,4071
Gm56652,8781
Gm56653,1254
Gm56654,2553
Gm56655,332
Gm56656,1181
Gm56657,1024
Gm56658,1521
Gm56659,4955
Gm5666,603
Gm56660,1297
Gm56662,4299
Gm56663,485
Gm56664,2454
Gm56665,729
Gm56666,408
Gm56667,1306
Gm56668,607
Gm56669,1188
Gm5667,1055
Gm56670,1538
Gm56671,5800
Gm56672,4512
Gm56673,969
Gm56674,584
Gm56675,129
Gm56676,759
Gm56677,861
Gm56678,1259
Gm56679,528
Gm5668,436
Gm56680,19438
Gm56681,2884
Gm56682,1777
Gm56683,792
Gm56684,1106
Gm56685,1103
Gm56686,2549
Gm56687,268
Gm56688,921
Gm56689,1252
Gm56691,1423
Gm56692,1043
Gm56693,1805
Gm56694,2288
Gm56695,600
Gm56696,863
Gm56697,6482
Gm56698,9204
Gm56699,1911
Gm567,2665
Gm5670,372
Gm56700,2625
Gm56701,2669
Gm56702,690
Gm56703,3156
Gm56704,1286
Gm56705,3985
Gm56706,1347
Gm56707,5398
Gm56708,5361
Gm56709,706
Gm5671,905
Gm56710,4661
Gm56711,1839
Gm56712,1446
Gm56713,3046
Gm56714,5266
Gm56715,1255
Gm56717,12954
Gm56718,4733
Gm56719,1629
Gm5672,934
Gm56720,2126
Gm56721,2740
Gm56723,7164
Gm56724,300
Gm56725,377
Gm56726,11999
Gm56727,894
Gm56728,12416
Gm56729,666
Gm5673,787
Gm56730,17330
Gm56731,690
Gm56732,3651
Gm56733,1943
Gm56734,534
Gm56735,525
Gm56736,1777
Gm56737,9457
Gm56738,3922
Gm56739,309
Gm5674,471
Gm56740,1235
Gm56741,947
Gm56742,180
Gm56743,378
Gm56744,1984
Gm56745,10205
Gm56747,1001
Gm56748,3813
Gm56749,18719
Gm5675,1026
Gm56750,1827
Gm56751,1212
Gm56752,2008
Gm56753,2018
Gm56754,2318
Gm56755,2800
Gm56756,2196
Gm56757,4223
Gm56758,4361
Gm56759,12408
Gm5676,2019
Gm56760,13093
Gm56762,6535
Gm56763,2995
Gm56764,398
Gm56765,1325
Gm56766,697
Gm56767,1255
Gm56768,919
Gm56769,286
Gm56770,302
Gm56771,3807
Gm56773,1130
Gm56774,16901
Gm56775,5618
Gm56776,1598
Gm56777,814
Gm56779,14453
Gm56780,760
Gm56781,1739
Gm56782,9159
Gm56783,1808
Gm56784,812
Gm56785,5935
Gm56786,1923
Gm56787,1270
Gm56788,13148
Gm56789,800
Gm5679,1148
Gm56790,5816
Gm56791,2434
Gm56792,762
Gm56793,984
Gm56794,5033
Gm56795,852
Gm56796,4007
Gm56797,131
Gm56798,1031
Gm56799,905
Gm568,2917
Gm56800,1721
Gm56801,3081
Gm56802,12293
Gm56803,221
Gm56804,8483
Gm56805,266
Gm56806,882
Gm56807,16303
Gm56808,666
Gm56809,1801
Gm5681,1533
Gm56810,4807
Gm56811,9791
Gm56812,1266
Gm56813,2073
Gm56814,1733
Gm56815,2692
Gm56816,562
Gm56817,1412
Gm56818,733
Gm56819,1287
Gm5682,505
Gm56820,383
Gm56821,14698
Gm56822,20113
Gm56823,528
Gm56824,451
Gm56825,2685
Gm56826,1622
Gm56828,4537
Gm56829,40699
Gm56830,7582
Gm56831,1895
Gm56834,2506
Gm56835,3271
Gm56836,1789
Gm56837,5335
Gm56838,763
Gm56839,2740
Gm5684,961
Gm56840,717
Gm56841,1408
Gm56842,3780
Gm56843,6309
Gm56845,546
Gm56846,6795
Gm56847,23024
Gm56848,8695
Gm56849,1299
Gm56850,33706
Gm56851,1237
Gm56852,2198
Gm56853,885
Gm56855,797
Gm56856,3172
Gm56857,1819
Gm56858,517
Gm56859,689
Gm5686,1079
Gm56860,1674
Gm56861,838
Gm56862,534
Gm56863,154
Gm56864,1223
Gm56865,1624
Gm56866,523
Gm56867,2949
Gm56868,1960
Gm56869,2004
Gm5687,640
Gm56870,323
Gm56871,1696
Gm56872,2768
Gm56873,4990
Gm56874,1895
Gm56875,1569
Gm56876,1153
Gm56877,1363
Gm56878,1796
Gm5688,1273
Gm56880,2549
Gm56881,1268
Gm56882,9461
Gm56883,1378
Gm56884,972
Gm56885,3901
Gm56886,2328
Gm56887,2287
Gm56888,1108
Gm56889,4163
Gm56890,31465
Gm56892,572
Gm56893,6376
Gm56894,1870
Gm56895,2042
Gm56896,542
Gm56897,2555
Gm56898,2321
Gm56899,637
Gm5690,635
Gm56900,1172
Gm56901,477
Gm56902,1677
Gm56903,1051
Gm56904,9838
Gm56905,4143
Gm56906,7217
Gm56907,5032
Gm56908,1243
Gm56909,1934
Gm5691,921
Gm56910,134
Gm56911,449
Gm56912,4029
Gm56913,1384
Gm56914,224
Gm56915,6982
Gm56916,1482
Gm56917,6431
Gm56918,1304
Gm56919,4961
Gm5692,1057
Gm56920,112
Gm56921,2827
Gm56922,493
Gm56923,879
Gm56924,465
Gm56925,5649
Gm56926,4471
Gm56927,2481
Gm56928,2434
Gm56929,3175
Gm5693,421
Gm56931,10849
Gm56932,7941
Gm56933,10117
Gm56934,1472
Gm56936,2736
Gm56937,691
Gm56938,2456
Gm5694,641
Gm56940,781
Gm56941,4722
Gm56942,1173
Gm56943,2125
Gm56945,1805
Gm56946,8491
Gm56947,2512
Gm56948,5871
Gm56949,4277
Gm56952,528
Gm56953,1673
Gm56954,1675
Gm56955,8252
Gm56956,965
Gm56957,7216
Gm56958,6006
Gm56959,4754
Gm5696,552
Gm56960,2920
Gm56961,861
Gm56962,2513
Gm56964,1978
Gm56965,6372
Gm56966,1621
Gm56967,1422
Gm56968,1842
Gm56969,3891
Gm5697,2482
Gm56970,1643
Gm56971,2215
Gm56972,1667
Gm56973,1813
Gm56974,4467
Gm56975,2100
Gm56976,1126
Gm56977,459
Gm56978,2788
Gm56979,151
Gm56980,321
Gm56981,3574
Gm56982,818
Gm56983,839
Gm56984,1927
Gm56985,435
Gm56986,2946
Gm56988,851
Gm56990,1458
Gm56991,2060
Gm56993,1775
Gm56994,1707
Gm56995,227
Gm56996,443
Gm56997,831
Gm56998,478
Gm56999,3103
Gm5700,989
Gm57000,3291
Gm57001,1955
Gm57002,1345
Gm57003,938
Gm57004,2972
Gm57005,747
Gm57006,3174
Gm57007,22066
Gm57008,101
Gm57009,3624
Gm57011,6357
Gm57012,4828
Gm57013,11591
Gm57014,23101
Gm57015,23526
Gm57016,732
Gm57017,1936
Gm57018,3062
Gm57019,1493
Gm5702,2469
Gm57020,1334
Gm57021,7505
Gm57022,1163
Gm57023,2250
Gm57024,2537
Gm57025,786
Gm57026,1024
Gm57027,2788
Gm57028,741
Gm57029,165
Gm5703,3973
Gm57030,2095
Gm57031,8005
Gm57032,218
Gm57033,725
Gm57034,7351
Gm57035,143
Gm57036,1788
Gm57037,526
Gm57038,926
Gm57039,2654
Gm57040,226
Gm57041,1037
Gm57042,749
Gm57043,4988
Gm57044,1993
Gm57045,2173
Gm57046,5826
Gm57047,1866
Gm57048,1069
Gm57049,1191
Gm5705,711
Gm57050,1323
Gm57051,455
Gm57052,272
Gm57053,423
Gm57054,4383
Gm57055,6039
Gm57057,3534
Gm57058,1156
Gm57059,1143
Gm5706,993
Gm57060,586
Gm57061,8717
Gm57062,5257
Gm57063,3243
Gm57064,8528
Gm57065,3828
Gm57066,677
Gm57067,1231
Gm57068,11297
Gm57069,2371
Gm57070,2925
Gm57071,5862
Gm57072,991
Gm57073,1425
Gm57074,8155
Gm57075,890
Gm57076,14774
Gm57077,2013
Gm57078,7896
Gm57079,3473
Gm5708,886
Gm57080,1574
Gm57081,620
Gm57082,3352
Gm57083,2597
Gm57084,4709
Gm57085,1539
Gm57086,1627
Gm57087,4057
Gm57088,1367
Gm57089,1193
Gm5709,1165
Gm57090,1174
Gm57091,2061
Gm57092,553
Gm57093,1051
Gm57094,3394
Gm57095,1363
Gm57096,9882
Gm57097,2225
Gm57098,7614
Gm57099,449
Gm5710,995
Gm57100,1127
Gm57101,1289
Gm57102,875
Gm57103,16421
Gm57104,1636
Gm57105,2745
Gm57106,790
Gm57107,1299
Gm57108,742
Gm57109,4151
Gm5711,421
Gm57110,937
Gm57111,6826
Gm57112,1258
Gm57113,1368
Gm57114,4804
Gm57116,5784
Gm57117,4417
Gm57118,1564
Gm57119,1915
Gm57120,8521
Gm57122,1339
Gm57123,89
Gm57124,6783
Gm57125,275
Gm57126,2234
Gm57127,10718
Gm57128,4101
Gm57129,879
Gm57130,766
Gm57131,8145
Gm57132,568
Gm57133,1258
Gm57134,987
Gm57135,996
Gm57136,3311
Gm57137,1557
Gm57138,610
Gm57139,1866
Gm5714,566
Gm57140,689
Gm57141,633
Gm57142,11235
Gm57143,6171
Gm57144,1167
Gm57145,1053
Gm57146,15654
Gm57147,118
Gm57148,3107
Gm5715,1465
Gm57150,5561
Gm57151,525
Gm57152,1273
Gm57153,2598
Gm57155,709
Gm57156,1696
Gm57157,1966
Gm57158,383
Gm57159,5747
Gm57160,861
Gm57161,11805
Gm57162,4599
Gm57163,1483
Gm57164,737
Gm57165,4858
Gm57166,1407
Gm57167,1318
Gm57168,1370
Gm57169,1249
Gm5717,1062
Gm57170,1757
Gm57171,711
Gm57172,3032
Gm57173,1192
Gm57174,12820
Gm57175,635
Gm57176,499
Gm57177,2075
Gm57179,552
Gm57180,6643
Gm57182,3761
Gm57183,1799
Gm57184,24799
Gm57185,10467
Gm57186,2345
Gm57187,159
Gm57188,732
Gm57189,4919
Gm57190,606
Gm57191,7600
Gm57192,2345
Gm57193,8213
Gm57194,681
Gm57195,18616
Gm57196,2087
Gm57197,1276
Gm57198,1295
Gm57199,3979
Gm572,2668
Gm57200,10366
Gm57201,2442
Gm57202,4145
Gm57203,1381
Gm57204,9736
Gm57205,753
Gm57206,11752
Gm57207,523
Gm57208,1130
Gm57209,10529
Gm5721,1696
Gm57210,1914
Gm57212,15616
Gm57213,409
Gm57214,1740
Gm57215,1848
Gm57216,419
Gm57217,1403
Gm57218,1546
Gm57219,6903
Gm57220,1402
Gm57221,387
Gm57223,11424
Gm57224,8478
Gm57225,1143
Gm57226,3389
Gm57227,3657
Gm57228,334
Gm57229,848
Gm5723,432
Gm57231,1169
Gm57232,204
Gm57234,609
Gm57235,1868
Gm57236,2107
Gm57237,2238
Gm57238,1609
Gm57239,1527
Gm57240,2252
Gm57241,650
Gm57242,1771
Gm57243,1326
Gm57244,1091
Gm57245,724
Gm57246,409
Gm57247,133
Gm57248,351
Gm57249,1279
Gm57250,464
Gm57251,3284
Gm57252,3577
Gm57253,8192
Gm57254,1542
Gm57256,8288
Gm57257,10312
Gm57259,20415
Gm57261,2699
Gm57262,1512
Gm57263,1437
Gm57264,965
Gm57265,1128
Gm57267,600
Gm57268,9409
Gm57269,1206
Gm57270,3761
Gm57271,908
Gm57272,3940
Gm57273,20052
Gm57274,494
Gm57275,1408
Gm57276,738
Gm57277,5195
Gm57279,1616
Gm57280,27921
Gm57281,4129
Gm57283,20995
Gm57284,3483
Gm57285,4039
Gm57286,4658
Gm57287,1258
Gm57290,1856
Gm57291,1817
Gm57292,2372
Gm57293,7357
Gm57294,1541
Gm57295,17004
Gm57297,1184
Gm57298,3016
Gm57299,600
Gm57300,8730
Gm57301,1189
Gm57302,513
Gm57303,1088
Gm57304,5440
Gm57305,3126
Gm57306,1043
Gm57307,632
Gm57308,19100
Gm57309,2789
Gm5731,481
Gm57310,1631
Gm57311,202
Gm57313,330
Gm57314,5430
Gm57315,5231
Gm57316,471
Gm57317,464
Gm57318,9841
Gm57319,315
Gm5732,1007
Gm57320,3861
Gm57321,1715
Gm57322,877
Gm57323,2357
Gm57324,3491
Gm57325,589
Gm57326,133
Gm57327,6222
Gm57328,5427
Gm57329,10149
Gm5733,939
Gm57330,739
Gm57331,2517
Gm57332,3162
Gm57333,7604
Gm57334,2738
Gm57335,5348
Gm57337,4595
Gm57338,1456
Gm57339,2293
Gm5734,913
Gm57340,5995
Gm57341,3997
Gm57342,824
Gm57343,1721
Gm57344,7223
Gm57345,1649
Gm57346,1396
Gm57347,533
Gm57348,2206
Gm57349,21535
Gm5735,167
Gm57350,1896
Gm57351,1628
Gm57352,10831
Gm57353,1602
Gm57354,923
Gm57356,1385
Gm57357,1259
Gm57359,4702
Gm57360,596
Gm57361,6069
Gm57362,3684
Gm57363,1741
Gm57364,1247
Gm57365,2874
Gm57366,7186
Gm57367,2279
Gm57368,1715
Gm57369,2077
Gm57370,5534
Gm57371,3749
Gm57372,3068
Gm57373,4728
Gm57374,2716
Gm57375,3503
Gm57376,2655
Gm57377,3012
Gm57378,1606
Gm57379,8035
Gm5738,779
Gm57380,1318
Gm57381,3314
Gm57383,2507
Gm57384,1574
Gm57385,2872
Gm57386,2166
Gm57387,786
Gm57388,2122
Gm57389,2019
Gm5739,1703
Gm57390,1375
Gm57391,414
Gm57392,332
Gm57393,1813
Gm57394,1338
Gm57395,1821
Gm57396,406
Gm57397,1719
Gm57398,21184
Gm57399,1521
Gm5740,1857
Gm57400,464
Gm57401,340
Gm57402,458
Gm57403,3718
Gm57404,3215
Gm57405,2251
Gm57406,19861
Gm57407,1086
Gm57408,3665
Gm57409,2668
Gm57410,1309
Gm57411,2621
Gm57412,2889
Gm57413,2793
Gm57414,7490
Gm57415,959
Gm57416,1538
Gm57417,650
Gm57418,1255
Gm57419,787
Gm5742,505
Gm57420,479
Gm57421,2902
Gm57422,8360
Gm57423,700
Gm57424,8304
Gm57425,524
Gm57426,3335
Gm57427,1157
Gm57428,8339
Gm5743,1647
Gm57430,1459
Gm57431,4939
Gm57432,1797
Gm57433,4138
Gm57434,2056
Gm57435,1366
Gm57436,10429
Gm57437,9554
Gm57438,667
Gm57439,3907
Gm57440,1216
Gm57442,389
Gm57443,604
Gm57444,1517
Gm57446,2095
Gm57447,655
Gm57448,436
Gm57449,1029
Gm5745,313
Gm57450,3765
Gm57451,637
Gm57452,1763
Gm57454,1456
Gm57455,4799
Gm57456,167
Gm57457,2924
Gm57458,957
Gm57459,819
Gm5746,2200
Gm57460,2503
Gm57461,4455
Gm57462,1582
Gm57463,767
Gm57464,1479
Gm57465,1935
Gm57466,772
Gm57467,344
Gm57468,1054
Gm57469,282
Gm57470,1147
Gm57471,714
Gm57472,957
Gm57473,353
Gm57474,492
Gm57475,655
Gm57476,681
Gm57477,1499
Gm57478,1191
Gm57479,166
Gm57488,563
Gm5749,1090
Gm5750,801
Gm57504,1648
Gm5752,594
Gm5754,892
Gm5755,837
Gm57555,1297
Gm57556,510
Gm5757,528
Gm57580,474
Gm57587,8356
Gm5759,811
Gm5760,1002
Gm5761,834
Gm5762,258
Gm57624,533
Gm5763,1530
Gm5764,885
Gm5766,3563
Gm5768,1543
Gm5773,1143
Gm5776,321
Gm5777,448
Gm57774,701
Gm57775,714
Gm5778,1072
Gm57787,2858
Gm5779,910
Gm5780,1834
Gm57805,5953
Gm5781,443
Gm5782,1139
Gm5784,4494
Gm57848,2730
Gm5785,2387
Gm57852,3959
Gm57854,3709
Gm57856,3994
Gm57857,3723
Gm57858,7700
Gm5786,882
Gm57861,3099
Gm57862,2922
Gm57863,3578
Gm57864,3778
Gm57865,4170
Gm57866,1014
Gm57867,1463
Gm57868,712
Gm57869,2666
Gm5787,1038
Gm57870,2788
Gm57872,2315
Gm57873,2424
Gm57874,1601
Gm57875,6529
Gm57876,11107
Gm57877,7618
Gm57878,6532
Gm57879,9400
Gm57880,10822
Gm57881,9442
Gm57882,11122
Gm57883,6547
Gm57884,7705
Gm57885,16236
Gm57886,9429
Gm57887,11125
Gm57888,11182
Gm57889,9394
Gm5789,865
Gm57890,9445
Gm57891,11152
Gm57892,11167
Gm57893,9436
Gm57894,13938
Gm57895,13941
Gm57896,6544
Gm57897,6547
Gm57898,9442
Gm57899,10861
Gm5790,1413
Gm57900,6163
Gm57901,9994
Gm57902,9434
Gm57903,11149
Gm57904,11170
Gm57905,9268
Gm57906,3232
Gm57907,3243
Gm57908,6538
Gm57909,11137
Gm5791,489
Gm57910,2269
Gm57911,3241
Gm57912,6539
Gm57913,2280
Gm57914,687
Gm57915,3000
Gm57917,314
Gm57918,830
Gm57919,320
Gm57920,322
Gm57921,400
Gm57922,297
Gm57923,1481
Gm57924,310
Gm57925,367
Gm57926,644
Gm57927,366
Gm57928,1203
Gm57929,2678
Gm5793,630
Gm57930,280
Gm57931,1328
Gm57932,266
Gm57933,370
Gm57934,938
Gm57935,620
Gm57936,321
Gm57937,298
Gm57938,472
Gm57939,285
Gm57940,264
Gm57941,3128
Gm57942,320
Gm57943,322
Gm57944,1240
Gm57945,461
Gm57946,809
Gm57947,254
Gm57948,662
Gm57949,354
Gm5795,2263
Gm57950,350
Gm57951,278
Gm57952,2457
Gm57953,371
Gm57954,336
Gm57955,339
Gm57956,271
Gm57957,340
Gm57958,622
Gm57959,271
Gm5796,1817
Gm57960,312
Gm57961,280
Gm57962,2374
Gm57963,773
Gm57964,298
Gm57965,262
Gm57966,515
Gm57967,814
Gm57968,263
Gm57969,938
Gm5797,997
Gm57970,626
Gm57971,399
Gm57972,367
Gm57973,428
Gm57974,666
Gm57975,3401
Gm57976,281
Gm57977,290
Gm57978,4523
Gm57979,266
Gm5798,1751
Gm57980,252
Gm57981,639
Gm57982,658
Gm57983,282
Gm57984,600
Gm57985,358
Gm57986,753
Gm57987,1452
Gm57988,366
Gm57989,411
Gm5799,5926
Gm57990,357
Gm57991,618
Gm57992,322
Gm57993,836
Gm57994,312
Gm57995,350
Gm57996,2381
Gm57997,231
Gm57998,620
Gm57999,350
Gm5800,903
Gm58000,241
Gm58001,789
Gm58002,279
Gm58003,707
Gm58004,357
Gm58006,331
Gm58007,282
Gm58008,251
Gm58009,617
Gm5801,780
Gm58010,294
Gm58011,373
Gm58012,359
Gm58014,651
Gm58015,305
Gm58016,626
Gm58017,811
Gm58018,602
Gm58019,373
Gm5802,701
Gm58020,938
Gm58021,371
Gm58022,339
Gm58023,680
Gm58024,366
Gm58025,460
Gm58026,626
Gm58027,832
Gm58028,285
Gm58029,1414
Gm58030,402
Gm58031,298
Gm58032,404
Gm58033,680
Gm58034,824
Gm58035,450
Gm58036,297
Gm58037,1291
Gm58038,1143
Gm58039,1312
Gm58040,944
Gm58041,1226
Gm58042,1272
Gm58043,1149
Gm58044,1264
Gm58046,1308
Gm58047,1280
Gm58048,1272
Gm58049,1259
Gm5805,456
Gm58050,1226
Gm58051,1286
Gm58052,1487
Gm58053,1147
Gm58054,1488
Gm58055,1286
Gm58056,1300
Gm58057,1251
Gm58058,1247
Gm58059,1273
Gm58060,1281
Gm58061,1096
Gm58062,1286
Gm58063,1304
Gm58064,1269
Gm58065,1310
Gm58066,1286
Gm58067,1267
Gm58068,1286
Gm58069,1266
Gm58070,1271
Gm58071,1284
Gm58072,1396
Gm58073,1283
Gm58074,1323
Gm58075,1297
Gm58076,1301
Gm58077,1228
Gm58078,1390
Gm58079,1230
Gm5808,475
Gm58080,2395
Gm58082,1221
Gm58083,1153
Gm58084,1269
Gm58085,1355
Gm58086,1545
Gm58087,658
Gm58088,1278
Gm58089,1243
Gm5809,529
Gm58090,1098
Gm58091,1292
Gm58092,1514
Gm58093,1347
Gm58095,677
Gm58096,1225
Gm58097,1291
Gm58098,1300
Gm58099,1143
Gm58100,1218
Gm58101,1306
Gm58102,1289
Gm58103,1363
Gm58104,2360
Gm58105,1246
Gm58106,1238
Gm58107,1268
Gm58108,1303
Gm58109,1085
Gm58111,1283
Gm58112,1281
Gm58113,1099
Gm58114,944
Gm58115,2408
Gm58116,1139
Gm58117,1278
Gm58118,1283
Gm58119,1274
Gm58120,1277
Gm58121,1269
Gm58122,1315
Gm58123,1271
Gm58124,1138
Gm58125,1265
Gm58126,1300
Gm58127,1274
Gm58128,1301
Gm58129,1198
Gm58130,2399
Gm58131,1289
Gm58132,1278
Gm58133,1241
Gm58134,1148
Gm58135,1266
Gm58136,1298
Gm58137,1258
Gm58138,1286
Gm58139,1284
Gm5814,375
Gm58140,1103
Gm58141,1301
Gm58142,1240
Gm58143,1265
Gm58144,1329
Gm58145,1272
Gm58146,2404
Gm58147,1505
Gm58148,1219
Gm58149,1274
Gm5815,1227
Gm58150,1266
Gm58151,1439
Gm58152,1268
Gm58153,1281
Gm58154,1269
Gm58155,1300
Gm58156,1098
Gm58157,1287
Gm58158,1352
Gm58159,1268
Gm58160,1305
Gm58161,1316
Gm58162,1481
Gm58163,1143
Gm58164,1270
Gm58165,1276
Gm58166,1258
Gm58167,1103
Gm58168,1261
Gm5817,18557
Gm58170,1277
Gm58171,1120
Gm58172,1224
Gm58173,1283
Gm58174,1097
Gm58176,1315
Gm58177,1306
Gm58178,2197
Gm58179,368
Gm58180,1283
Gm58181,1323
Gm58182,1470
Gm58183,1244
Gm58185,1110
Gm58186,1221
Gm58187,1306
Gm58188,1171
Gm58189,1281
Gm5819,439
Gm58190,1082
Gm58191,1371
Gm58192,1138
Gm58193,1138
Gm58194,1321
Gm58195,1279
Gm58196,2413
Gm58197,1263
Gm58198,1014
Gm58199,1277
Gm5820,2939
Gm58200,1132
Gm58201,1097
Gm58202,1302
Gm58203,1278
Gm58204,2345
Gm58205,1288
Gm58206,1275
Gm58207,1104
Gm58208,1117
Gm58209,1266
Gm5821,249
Gm58210,1278
Gm58211,1112
Gm58212,1272
Gm58213,1097
Gm58214,1276
Gm58215,1151
Gm58216,1238
Gm58218,1297
Gm58219,688
Gm5822,1378
Gm58220,1310
Gm58221,1227
Gm58222,1266
Gm58223,1311
Gm58224,1123
Gm58225,1141
Gm58227,1284
Gm58228,1472
Gm58229,1299
Gm5823,534
Gm58230,1279
Gm58231,1421
Gm58232,2386
Gm58233,1219
Gm58234,1231
Gm58235,1295
Gm58236,850
Gm58237,1267
Gm58238,1219
Gm58239,1151
Gm5824,1450
Gm58240,1282
Gm58241,2405
Gm58242,1170
Gm58243,1173
Gm58244,1285
Gm58245,1265
Gm58246,1281
Gm58247,1141
Gm58249,1008
Gm58250,1241
Gm58251,3249
Gm58252,1186
Gm58253,1237
Gm58254,2355
Gm58255,1127
Gm58256,1228
Gm58257,1112
Gm58258,671
Gm58259,980
Gm5826,484
Gm58260,1148
Gm58261,2706
Gm58262,1735
Gm58263,946
Gm58264,999
Gm58265,1269
Gm58266,818
Gm58267,1253
Gm58268,1757
Gm58269,2070
Gm5827,1375
Gm58270,1278
Gm58271,1072
Gm58272,1657
Gm58273,818
Gm58274,1109
Gm58275,2416
Gm58276,2365
Gm58277,1253
Gm58278,1987
Gm58279,1529
Gm5828,1860
Gm58280,1475
Gm58281,1410
Gm58282,439
Gm58283,844
Gm58284,1736
Gm58285,2613
Gm58286,1801
Gm58287,1123
Gm58288,1752
Gm58289,1463
Gm5829,351
Gm58290,2737
Gm58292,1245
Gm58293,1006
Gm58294,2108
Gm58295,13940
Gm58296,13935
Gm58297,13909
Gm58298,13936
Gm58299,1301
Gm5830,443
Gm58300,1103
Gm58301,1281
Gm58302,2594
Gm58303,1855
Gm58304,1292
Gm58305,1126
Gm58306,1281
Gm58307,1112
Gm58308,1104
Gm58309,2377
Gm5831,1209
Gm58310,362
Gm58311,1124
Gm58312,1283
Gm58313,1271
Gm58314,1247
Gm58315,1299
Gm58316,1257
Gm58317,1263
Gm58318,1289
Gm58319,1282
Gm5832,1582
Gm58320,1231
Gm58321,1245
Gm58322,1074
Gm58323,465
Gm58324,1292
Gm58325,3708
Gm58326,1309
Gm58327,1040
Gm58328,370
Gm58329,1802
Gm5833,2341
Gm58330,1035
Gm58331,1532
Gm58332,1123
Gm58333,1235
Gm58334,1320
Gm58335,1259
Gm58336,1219
Gm58337,2280
Gm5834,1026
Gm58340,371
Gm58342,2531
Gm58344,755
Gm58345,596
Gm58346,1742
Gm58347,875
Gm58348,1623
Gm58349,981
Gm5835,1270
Gm58350,630
Gm58352,1501
Gm58353,81
Gm58354,993
Gm58355,1420
Gm58356,2493
Gm58357,1522
Gm58359,1388
Gm5836,774
Gm58360,448
Gm58361,1754
Gm58362,1228
Gm58363,722
Gm58364,351
Gm58365,3112
Gm58366,858
Gm58367,573
Gm58368,344
Gm58369,1936
Gm5837,1369
Gm58370,471
Gm58371,327
Gm58372,492
Gm58373,426
Gm58374,390
Gm58375,960
Gm58376,1397
Gm58377,1001
Gm58378,2007
Gm58379,1129
Gm58380,458
Gm58381,506
Gm58382,1472
Gm58383,1151
Gm58384,993
Gm58385,1788
Gm58386,601
Gm58387,2068
Gm58388,948
Gm58389,366
Gm5839,1007
Gm58390,436
Gm58391,637
Gm58392,385
Gm58393,903
Gm58394,1359
Gm58395,3613
Gm58396,716
Gm58397,349
Gm58398,1581
Gm58399,1244
Gm58400,780
Gm58401,402
Gm58402,307
Gm58403,188
Gm58404,606
Gm58405,491
Gm58406,1165
Gm58407,990
Gm58409,1203
Gm5841,2177
Gm58410,1274
Gm58411,3038
Gm58412,880
Gm58413,547
Gm58414,837
Gm58415,473
Gm58416,405
Gm58417,1429
Gm58418,781
Gm58419,841
Gm5842,622
Gm58420,458
Gm58421,8690
Gm58422,458
Gm58423,518
Gm58424,1361
Gm58425,1640
Gm58426,693
Gm58427,735
Gm58428,381
Gm58429,712
Gm5843,476
Gm58430,515
Gm58431,425
Gm58432,1357
Gm58433,703
Gm58434,1168
Gm58435,659
Gm58436,759
Gm58437,2629
Gm58438,2737
Gm58439,4284
Gm5844,2191
Gm58440,896
Gm58441,319
Gm58442,515
Gm58443,9095
Gm58444,1149
Gm58445,542
Gm58446,718
Gm58447,554
Gm58448,2673
Gm58449,2001
Gm5845,796
Gm58450,1580
Gm58451,2664
Gm58452,1517
Gm58453,320
Gm58454,1121
Gm58455,1898
Gm58456,541
Gm58457,743
Gm58458,1809
Gm58459,798
Gm5846,1414
Gm58460,487
Gm58461,1844
Gm58462,482
Gm58463,872
Gm58464,358
Gm58465,280
Gm58466,386
Gm58467,349
Gm58468,154
Gm58469,700
Gm5847,1595
Gm58471,352
Gm58472,1094
Gm58473,461
Gm58474,2594
Gm58475,621
Gm58476,332
Gm58477,3972
Gm58478,1168
Gm58479,837
Gm58480,864
Gm58481,283
Gm58482,991
Gm58483,667
Gm58484,623
Gm58485,332
Gm58486,1906
Gm58487,379
Gm58488,3883
Gm58489,765
Gm5849,482
Gm58490,2462
Gm58491,2321
Gm58492,489
Gm58493,483
Gm58494,455
Gm58495,726
Gm58496,108
Gm58497,138
Gm58498,458
Gm58499,792
Gm5850,1206
Gm58500,584
Gm58501,631
Gm58502,3374
Gm58503,1969
Gm58504,463
Gm58505,339
Gm58506,666
Gm58507,572
Gm58508,1581
Gm58509,980
Gm5851,1204
Gm58510,2572
Gm58511,989
Gm58512,706
Gm58513,3553
Gm58514,361
Gm58515,1315
Gm58516,1513
Gm58517,587
Gm58518,1108
Gm58519,306
Gm5852,1021
Gm58520,560
Gm58521,337
Gm58522,841
Gm58523,644
Gm58524,1268
Gm58525,646
Gm58526,5958
Gm58527,376
Gm58528,225
Gm58529,421
Gm5853,632
Gm58530,800
Gm58531,352
Gm58532,801
Gm58533,541
Gm58534,1350
Gm58535,1829
Gm58536,1578
Gm58537,3584
Gm58538,1174
Gm58539,1865
Gm5854,773
Gm58540,1240
Gm58541,345
Gm58542,1183
Gm58543,2227
Gm58544,520
Gm58545,1829
Gm58546,2013
Gm58547,524
Gm58548,1710
Gm58549,3065
Gm5855,1305
Gm58550,561
Gm58551,877
Gm58552,688
Gm58553,256
Gm58554,1276
Gm58555,760
Gm58556,2931
Gm58557,2961
Gm58558,2969
Gm58559,1305
Gm58560,1447
Gm58561,1518
Gm58562,534
Gm58563,2871
Gm58564,710
Gm58565,1458
Gm58566,655
Gm58567,756
Gm58568,497
Gm58569,567
Gm5857,493
Gm58570,527
Gm58571,686
Gm58572,253
Gm58573,1397
Gm58574,3201
Gm58575,654
Gm58576,348
Gm58577,1433
Gm58578,404
Gm58579,212
Gm58580,725
Gm58581,837
Gm58582,5403
Gm58583,596
Gm58584,1006
Gm58585,174
Gm58586,1341
Gm58587,1480
Gm58588,275
Gm58589,714
Gm5859,2317
Gm58590,953
Gm58591,2899
Gm58592,700
Gm58593,1214
Gm58594,440
Gm58595,1066
Gm58596,2916
Gm58597,4277
Gm58598,523
Gm58599,918
Gm5860,16668
Gm58600,1084
Gm58601,1720
Gm58602,600
Gm58603,2349
Gm58604,2423
Gm58605,1187
Gm58606,755
Gm58607,500
Gm58608,698
Gm58609,1336
Gm58610,957
Gm58611,1897
Gm58612,418
Gm58613,703
Gm58614,5582
Gm58615,608
Gm58616,1711
Gm58618,1357
Gm58619,375
Gm5862,1972
Gm58620,543
Gm58621,5215
Gm58622,426
Gm58623,1368
Gm58624,435
Gm58625,330
Gm58626,706
Gm58627,1073
Gm58628,213
Gm58629,1116
Gm5863,1008
Gm58630,1008
Gm58631,20448
Gm58632,933
Gm58633,536
Gm58634,1774
Gm58635,543
Gm58636,2889
Gm58637,5526
Gm58638,1360
Gm58639,4051
Gm5864,970
Gm58640,1242
Gm58641,1769
Gm58642,727
Gm58643,1661
Gm58644,147
Gm58645,1156
Gm58646,4684
Gm58647,287
Gm58648,1245
Gm58649,490
Gm5865,637
Gm58650,876
Gm58651,1005
Gm58652,490
Gm58653,587
Gm58654,291
Gm58655,1387
Gm58656,2308
Gm58657,473
Gm58658,9662
Gm58659,2245
Gm5866,973
Gm58660,869
Gm58661,564
Gm58662,23865
Gm58663,13678
Gm58664,20067
Gm58665,22746
Gm58666,22746
Gm58667,6535
Gm58668,20067
Gm58669,15352
Gm5867,592
Gm58670,20067
Gm58671,11160
Gm58672,20067
Gm58673,1600
Gm58674,22746
Gm58675,366
Gm58676,22746
Gm58677,10899
Gm58678,620
Gm58679,702
Gm58680,1343
Gm58681,1103
Gm58682,668
Gm58683,411
Gm58684,3406
Gm58685,9698
Gm58686,1290
Gm58687,563
Gm58688,396
Gm58689,499
Gm5869,1257
Gm58690,442
Gm58691,438
Gm58692,865
Gm58693,657
Gm58694,2437
Gm58695,629
Gm58696,361
Gm58697,2931
Gm58698,263
Gm58699,1407
Gm5870,282
Gm58700,1127
Gm58701,1300
Gm58702,925
Gm58703,726
Gm58704,650
Gm58705,695
Gm58706,3581
Gm58707,923
Gm58708,1634
Gm58709,506
Gm5871,718
Gm58710,659
Gm58711,365
Gm58712,1240
Gm58713,639
Gm58714,1650
Gm58715,2042
Gm58716,2137
Gm58717,438
Gm58718,509
Gm58720,316
Gm58721,2157
Gm58722,613
Gm58723,352
Gm58724,3862
Gm58725,1002
Gm58726,597
Gm58727,2146
Gm58728,993
Gm58729,406
Gm5873,1066
Gm58730,818
Gm58731,201
Gm58732,244
Gm58733,754
Gm58734,310
Gm58735,1689
Gm58736,260
Gm58737,644
Gm58738,376
Gm58739,707
Gm5874,508
Gm58740,1386
Gm58741,1505
Gm58742,691
Gm58743,290
Gm58744,654
Gm58745,305
Gm58746,293
Gm58747,670
Gm58748,735
Gm58749,238
Gm58750,397
Gm58751,2457
Gm58752,3984
Gm58753,3469
Gm58754,588
Gm58755,623
Gm58756,2976
Gm58757,303
Gm58758,4715
Gm58759,941
Gm5876,243
Gm58760,1108
Gm58761,792
Gm58762,865
Gm58763,3090
Gm58764,513
Gm58765,505
Gm58766,1411
Gm58767,617
Gm58768,2700
Gm58769,306
Gm58770,844
Gm58771,384
Gm58772,453
Gm58773,2061
Gm58774,437
Gm58775,1046
Gm58776,1727
Gm58777,368
Gm58778,857
Gm58779,1524
Gm5878,5662
Gm58780,1020
Gm58781,532
Gm58782,504
Gm58783,164
Gm58784,150
Gm58785,611
Gm58786,2801
Gm58787,1072
Gm58789,1997
Gm5879,1209
Gm58790,711
Gm58791,2398
Gm58792,416
Gm58793,679
Gm58794,668
Gm58795,387
Gm58796,795
Gm58797,1426
Gm58798,646
Gm58799,1151
Gm58800,192
Gm58801,879
Gm58802,1112
Gm58803,2178
Gm58804,2840
Gm58805,537
Gm58806,1039
Gm58807,418
Gm58808,1261
Gm58809,928
Gm5881,367
Gm58810,1160
Gm58811,1503
Gm58812,1415
Gm58813,556
Gm58814,981
Gm58815,1209
Gm58816,864
Gm58817,860
Gm58818,979
Gm58819,2538
Gm58820,669
Gm58821,471
Gm58822,307
Gm58823,290
Gm58824,1219
Gm58825,704
Gm58826,307
Gm58827,1309
Gm58828,310
Gm5883,495
Gm58830,1100
Gm58831,956
Gm58832,500
Gm58833,402
Gm58834,537
Gm58835,659
Gm58836,629
Gm58837,424
Gm58838,696
Gm58839,313
Gm5884,1479
Gm58840,784
Gm58841,709
Gm58842,1470
Gm58843,583
Gm58844,1469
Gm58845,1234
Gm58846,2110
Gm58847,356
Gm58848,1691
Gm58849,3380
Gm5885,1134
Gm58850,2664
Gm58851,822
Gm58852,1729
Gm58853,1536
Gm58854,494
Gm58855,614
Gm58856,400
Gm58857,656
Gm58858,2328
Gm58859,566
Gm5886,3924
Gm58860,259
Gm58861,396
Gm58862,2829
Gm58863,363
Gm58864,450
Gm58865,2095
Gm58866,1258
Gm58867,645
Gm58868,1944
Gm58869,1460
Gm58870,2315
Gm58871,1924
Gm58872,370
Gm58873,609
Gm58874,580
Gm58875,479
Gm58876,1154
Gm58877,1185
Gm58878,1557
Gm58879,298
Gm58880,1290
Gm58881,360
Gm58882,882
Gm58883,365
Gm58884,291
Gm58885,1441
Gm58886,705
Gm58887,1076
Gm58888,2693
Gm58889,488
Gm58890,452
Gm58891,812
Gm58892,3125
Gm58893,1435
Gm58894,607
Gm58895,887
Gm58896,430
Gm58897,2322
Gm58898,760
Gm58899,219
Gm5890,1336
Gm58900,445
Gm58901,272
Gm58902,3905
Gm58903,1989
Gm58904,2199
Gm58905,549
Gm58906,645
Gm58907,2650
Gm58908,3727
Gm58909,6661
Gm5891,3437
Gm58910,550
Gm58911,414
Gm58912,982
Gm58914,8114
Gm58915,662
Gm58916,784
Gm58917,3430
Gm58918,268
Gm58919,2964
Gm58920,887
Gm58921,652
Gm58922,1166
Gm58923,1479
Gm58924,431
Gm58925,1327
Gm58926,841
Gm58927,337
Gm58928,2073
Gm58929,1350
Gm5893,2813
Gm58930,2333
Gm58931,517
Gm58932,284
Gm58933,410
Gm58934,760
Gm58935,541
Gm58936,1800
Gm58937,270
Gm58938,475
Gm58939,1191
Gm58940,2792
Gm58941,5772
Gm58942,546
Gm58943,2863
Gm58944,1087
Gm58945,335
Gm58946,393
Gm58947,4261
Gm58948,581
Gm58949,1258
Gm58950,5412
Gm58951,365
Gm58952,881
Gm58953,984
Gm58954,928
Gm58955,363
Gm58956,428
Gm58957,835
Gm58958,479
Gm58959,1356
Gm5896,1024
Gm58960,1202
Gm58961,334
Gm58962,821
Gm58963,1412
Gm58964,1132
Gm58965,2386
Gm58966,1983
Gm58967,504
Gm58968,366
Gm58969,1266
Gm58970,523
Gm58971,4028
Gm58972,2718
Gm58975,1451
Gm58976,673
Gm58977,667
Gm58978,1213
Gm58979,1120
Gm5898,2071
Gm58980,397
Gm58981,744
Gm58982,3341
Gm58983,539
Gm58984,2849
Gm58985,1009
Gm58986,453
Gm58987,2000
Gm58988,3724
Gm58989,419
Gm5899,270
Gm58990,1215
Gm58991,3267
Gm58992,2832
Gm58993,1229
Gm58994,2633
Gm58995,698
Gm58996,263
Gm58997,774
Gm58998,1524
Gm58999,479
Gm5900,375
Gm59000,526
Gm59001,373
Gm59002,1911
Gm59003,524
Gm59004,502
Gm59005,335
Gm59006,599
Gm59007,381
Gm59008,2763
Gm59009,294
Gm5901,1922
Gm59010,653
Gm59011,1974
Gm59012,7768
Gm59013,622
Gm59014,590
Gm59015,238
Gm59016,1639
Gm59017,309
Gm59018,4212
Gm59019,285
Gm59020,486
Gm59021,413
Gm59022,951
Gm59023,1104
Gm59024,1490
Gm59025,1815
Gm59026,757
Gm59027,94
Gm59028,2088
Gm59029,1148
Gm5903,2325
Gm59030,449
Gm59031,619
Gm59032,749
Gm59033,274
Gm59034,1714
Gm59035,770
Gm59036,227
Gm59037,468
Gm59038,1403
Gm59039,510
Gm5904,865
Gm59040,536
Gm59041,515
Gm59042,722
Gm59043,3068
Gm59044,1097
Gm59045,444
Gm59046,1338
Gm59047,743
Gm59048,988
Gm59049,2046
Gm5905,580
Gm59050,1355
Gm59051,438
Gm59052,1025
Gm59053,1242
Gm59054,416
Gm59055,534
Gm59056,560
Gm59057,1323
Gm59058,641
Gm59059,224
Gm59060,417
Gm59061,103
Gm59062,1287
Gm59063,3085
Gm59064,483
Gm59065,940
Gm59066,539
Gm59067,539
Gm59068,489
Gm59069,281
Gm5907,2392
Gm59070,3438
Gm59071,821
Gm59072,687
Gm59073,1508
Gm59074,700
Gm59075,330
Gm59076,334
Gm59077,3779
Gm59078,1031
Gm59079,324
Gm59080,2704
Gm59081,1018
Gm59082,1639
Gm59083,1904
Gm59084,386
Gm59085,420
Gm59086,397
Gm59087,503
Gm59088,1100
Gm59089,1977
Gm5909,1281
Gm59090,962
Gm59091,574
Gm59092,654
Gm59093,297
Gm59094,729
Gm59095,563
Gm59096,400
Gm59097,3143
Gm59098,2290
Gm59099,372
Gm5910,1746
Gm59100,5210
Gm59101,395
Gm59102,2438
Gm59103,264
Gm59104,447
Gm59105,1760
Gm59106,409
Gm59107,425
Gm59108,493
Gm59109,336
Gm59110,561
Gm59111,365
Gm59112,317
Gm59113,517
Gm59114,866
Gm59115,1511
Gm59116,1100
Gm59117,455
Gm59118,5135
Gm59119,407
Gm5912,1438
Gm59120,1562
Gm59121,1195
Gm59122,909
Gm59123,356
Gm59124,1337
Gm59125,1936
Gm59126,2303
Gm59127,763
Gm59128,624
Gm59129,1375
Gm5913,1399
Gm59130,361
Gm59131,376
Gm59132,2268
Gm59133,2278
Gm59134,979
Gm59135,626
Gm59136,325
Gm59137,456
Gm59138,395
Gm59139,579
Gm5914,1261
Gm59140,4600
Gm59141,1568
Gm59142,246
Gm59143,17689
Gm59144,739
Gm59145,347
Gm59146,1065
Gm59147,1420
Gm59148,756
Gm59149,454
Gm5915,454
Gm59150,318
Gm59151,516
Gm59152,743
Gm59153,173
Gm59154,651
Gm59155,673
Gm59156,820
Gm59157,504
Gm59158,256
Gm59159,833
Gm5916,445
Gm59160,468
Gm59161,3663
Gm59162,1147
Gm59163,3070
Gm59164,218
Gm59165,488
Gm59166,470
Gm59167,1498
Gm59168,569
Gm59169,1822
Gm5917,721
Gm59170,390
Gm59171,611
Gm59172,407
Gm59173,598
Gm59174,485
Gm59175,1646
Gm59176,3577
Gm59177,640
Gm59178,168
Gm59179,893
Gm59180,642
Gm59181,2303
Gm59182,573
Gm59183,894
Gm59184,952
Gm59185,767
Gm59186,466
Gm59187,634
Gm59188,1431
Gm59189,929
Gm59190,771
Gm59191,433
Gm59192,519
Gm59193,305
Gm59194,1445
Gm59195,433
Gm59196,571
Gm59197,1243
Gm59198,2262
Gm59199,1122
Gm5920,853
Gm59200,940
Gm59201,387
Gm59202,881
Gm59203,1141
Gm59204,1078
Gm59205,1132
Gm59206,336
Gm59207,493
Gm59208,2547
Gm59209,982
Gm5921,882
Gm59210,688
Gm59211,473
Gm59212,1623
Gm59213,710
Gm59214,319
Gm59215,385
Gm59216,1191
Gm59217,343
Gm59218,3676
Gm59219,1345
Gm5922,10311
Gm59220,1208
Gm59221,305
Gm59222,869
Gm59223,1350
Gm59224,283
Gm59225,608
Gm59226,1352
Gm59227,527
Gm59228,346
Gm59229,1171
Gm59230,445
Gm59231,931
Gm59232,1090
Gm59233,412
Gm59234,457
Gm59235,1277
Gm59236,283
Gm59237,576
Gm59238,448
Gm59239,1292
Gm5924,711
Gm59240,384
Gm59241,225
Gm59242,991
Gm59243,3015
Gm59244,1758
Gm59245,2814
Gm59246,1327
Gm59247,763
Gm59248,449
Gm59249,478
Gm5925,1497
Gm59250,1004
Gm59251,1671
Gm59252,578
Gm59253,407
Gm59254,1345
Gm59255,710
Gm59256,961
Gm59257,645
Gm59258,730
Gm59259,476
Gm59260,4991
Gm59261,851
Gm59262,388
Gm59263,838
Gm59264,463
Gm59265,1744
Gm59266,1025
Gm59267,1158
Gm59268,879
Gm59269,3825
Gm59270,1607
Gm59271,519
Gm59272,304
Gm59273,731
Gm59274,2199
Gm59275,1157
Gm59276,518
Gm59277,240
Gm59278,531
Gm59279,525
Gm5928,466
Gm59280,1033
Gm59281,2349
Gm59282,530
Gm59283,2814
Gm59284,798
Gm59285,216
Gm59286,523
Gm59287,400
Gm59288,3393
Gm59289,1224
Gm5929,487
Gm59290,734
Gm59291,1289
Gm59292,1209
Gm59293,766
Gm59294,321
Gm59295,647
Gm59296,526
Gm59297,393
Gm59298,242
Gm59299,616
Gm5930,1940
Gm59300,1677
Gm59301,1039
Gm59302,305
Gm59303,1847
Gm59304,9500
Gm59305,966
Gm59306,621
Gm59307,204
Gm59308,770
Gm59309,350
Gm5931,477
Gm59310,518
Gm59311,1471
Gm59312,360
Gm59313,1640
Gm59314,1173
Gm59315,712
Gm59316,2794
Gm59318,619
Gm59319,604
Gm59320,1295
Gm59321,416
Gm59322,395
Gm59323,1537
Gm59324,264
Gm59325,247
Gm59326,760
Gm59327,1043
Gm59328,393
Gm59329,444
Gm59330,851
Gm59331,740
Gm59332,898
Gm59333,303
Gm59334,698
Gm59335,443
Gm59336,314
Gm59337,3589
Gm59338,335
Gm59339,437
Gm5934,2588
Gm59340,1041
Gm59341,390
Gm59342,5823
Gm59343,791
Gm59344,541
Gm59345,275
Gm59346,674
Gm59347,1184
Gm59348,609
Gm59349,319
Gm5935,1041
Gm59350,5089
Gm59351,1380
Gm59352,299
Gm59353,1177
Gm59354,1698
Gm59355,895
Gm59356,2006
Gm59357,691
Gm59358,1076
Gm59359,4407
Gm59360,542
Gm59361,507
Gm59362,1095
Gm59363,999
Gm59364,4522
Gm59365,837
Gm59366,598
Gm59367,334
Gm59368,554
Gm59369,942
Gm5937,643
Gm59370,1798
Gm59371,533
Gm59372,357
Gm59373,4275
Gm59374,1924
Gm59375,1323
Gm59376,1553
Gm59377,394
Gm59378,314
Gm59379,2180
Gm5938,1304
Gm59380,998
Gm59381,809
Gm59382,3800
Gm59383,392
Gm59384,469
Gm59385,457
Gm59386,337
Gm59387,188
Gm59388,585
Gm59389,300
Gm5939,2874
Gm59390,738
Gm59391,1445
Gm59392,1724
Gm59393,665
Gm59394,561
Gm59395,796
Gm59396,378
Gm59397,423
Gm59398,1450
Gm59399,419
Gm5940,1068
Gm59400,292
Gm59401,614
Gm59402,631
Gm59403,2376
Gm59404,340
Gm59405,474
Gm59406,923
Gm59407,467
Gm59408,579
Gm59409,975
Gm5941,560
Gm59410,769
Gm59411,776
Gm59412,1878
Gm59414,2072
Gm59415,2310
Gm59416,341
Gm59417,788
Gm59418,1981
Gm59419,3331
Gm5942,439
Gm59420,1198
Gm59421,1792
Gm59422,770
Gm59423,939
Gm59424,1513
Gm59425,1756
Gm59426,1375
Gm59427,948
Gm59428,712
Gm59429,653
Gm5943,459
Gm59430,1211
Gm59431,337
Gm59432,968
Gm59433,2215
Gm59434,405
Gm59435,468
Gm59436,898
Gm59437,318
Gm59438,532
Gm59439,1293
Gm5944,1001
Gm59440,803
Gm59441,471
Gm59442,1178
Gm59443,418
Gm59444,662
Gm59445,810
Gm59446,441
Gm59447,1964
Gm59448,259
Gm59449,1432
Gm59450,827
Gm59451,543
Gm59452,339
Gm59453,722
Gm59454,811
Gm59455,372
Gm59456,410
Gm59457,863
Gm59458,518
Gm59459,581
Gm5946,3694
Gm59460,498
Gm59461,256
Gm59462,517
Gm59463,565
Gm59464,1791
Gm59465,860
Gm59466,2487
Gm59467,1126
Gm59468,3798
Gm59469,436
Gm5947,1803
Gm59470,967
Gm59471,663
Gm59472,323
Gm59473,1915
Gm59474,1780
Gm59475,710
Gm59476,994
Gm59477,1239
Gm59478,1647
Gm59479,779
Gm5948,839
Gm59480,1503
Gm59481,401
Gm59482,626
Gm59483,1511
Gm59484,574
Gm59485,691
Gm59486,1113
Gm59487,1173
Gm59488,419
Gm59489,185
Gm5949,1421
Gm59490,525
Gm59491,915
Gm59492,409
Gm59493,1128
Gm59494,449
Gm59495,776
Gm59496,489
Gm59497,1716
Gm59498,447
Gm59499,827
Gm5950,772
Gm59500,4928
Gm59501,1077
Gm59502,487
Gm59503,1277
Gm59504,941
Gm59505,820
Gm59506,1696
Gm59507,560
Gm59508,78
Gm59509,3574
Gm5951,504
Gm59510,484
Gm59511,1905
Gm59512,2900
Gm59513,543
Gm59515,201
Gm59516,1082
Gm59517,298
Gm59518,994
Gm59519,408
Gm59520,862
Gm59521,8021
Gm59522,880
Gm59523,437
Gm59524,614
Gm59525,2826
Gm59526,911
Gm59527,1492
Gm59528,260
Gm59529,399
Gm5953,2616
Gm59530,402
Gm59531,384
Gm59532,1587
Gm59534,481
Gm59535,2520
Gm59536,511
Gm59537,373
Gm59538,322
Gm59539,636
Gm5954,495
Gm59540,1494
Gm59541,373
Gm59542,503
Gm59543,2465
Gm59544,776
Gm59545,566
Gm59546,281
Gm59547,461
Gm59548,1201
Gm59549,919
Gm5955,219
Gm59550,1299
Gm59551,2200
Gm59552,575
Gm59553,3972
Gm59554,414
Gm59555,1414
Gm59556,464
Gm59557,1574
Gm59558,823
Gm59559,255
Gm59560,571
Gm59561,645
Gm59562,1000
Gm59563,377
Gm59564,436
Gm59565,1135
Gm59566,1470
Gm59567,590
Gm59568,548
Gm59569,1379
Gm59570,525
Gm59571,450
Gm59572,987
Gm59573,434
Gm59574,2383
Gm59575,207
Gm59576,1092
Gm59577,611
Gm59578,198
Gm59579,238
Gm5958,297
Gm59580,300
Gm59581,3281
Gm59582,2110
Gm59583,320
Gm59584,2436
Gm59585,366
Gm59586,373
Gm59587,2314
Gm59588,378
Gm59589,302
Gm59590,3055
Gm59591,243
Gm59592,1497
Gm59593,410
Gm59594,1779
Gm59595,718
Gm59596,356
Gm59597,2417
Gm59598,803
Gm59599,621
Gm5960,406
Gm59600,560
Gm59601,650
Gm59602,1545
Gm59603,1198
Gm59604,771
Gm59605,1392
Gm59606,140
Gm59607,445
Gm59608,294
Gm59609,899
Gm59610,528
Gm59611,533
Gm59612,668
Gm59613,237
Gm59614,819
Gm59615,749
Gm59616,590
Gm59617,1410
Gm59618,991
Gm59619,517
Gm5962,495
Gm59620,2282
Gm59621,1315
Gm59622,390
Gm59623,1431
Gm59624,2276
Gm59625,908
Gm59626,331
Gm59627,201
Gm59628,1482
Gm59629,1509
Gm5963,236
Gm59630,620
Gm59631,4562
Gm59632,1750
Gm59633,1066
Gm59634,1244
Gm59635,3185
Gm59636,670
Gm59637,607
Gm59638,4780
Gm59639,965
Gm5964,1004
Gm59640,496
Gm59641,866
Gm59642,425
Gm59643,535
Gm59644,1176
Gm59645,605
Gm59646,533
Gm59647,302
Gm59648,715
Gm59649,894
Gm59650,827
Gm59651,1020
Gm59652,1330
Gm59654,3259
Gm59655,599
Gm59656,526
Gm59657,544
Gm59658,396
Gm59659,1533
Gm5966,2077
Gm59660,1131
Gm59661,1297
Gm59662,370
Gm59663,472
Gm59664,2823
Gm59665,758
Gm59666,420
Gm59667,1089
Gm59668,527
Gm59669,647
Gm5967,494
Gm59670,715
Gm59671,276
Gm59672,451
Gm59673,2050
Gm59674,1912
Gm59675,443
Gm59676,627
Gm59677,2772
Gm59678,343
Gm59679,850
Gm59680,3384
Gm59681,659
Gm59682,394
Gm59683,1108
Gm59684,1839
Gm59685,1337
Gm59686,872
Gm59687,812
Gm59688,432
Gm59689,391
Gm5969,1123
Gm59690,674
Gm59691,273
Gm59692,1780
Gm59693,382
Gm59694,462
Gm59695,105
Gm59696,2989
Gm59697,384
Gm59698,836
Gm59699,651
Gm5970,1216
Gm59700,380
Gm59701,678
Gm59702,511
Gm59703,1647
Gm59704,1093
Gm59705,146
Gm59706,1922
Gm59707,824
Gm59708,1180
Gm59709,1096
Gm5971,955
Gm59710,918
Gm59711,1041
Gm59712,1437
Gm59713,692
Gm59714,227
Gm59715,1172
Gm59716,1064
Gm59717,471
Gm59718,1570
Gm59719,2151
Gm59720,953
Gm59721,472
Gm59722,477
Gm59723,2787
Gm59724,830
Gm59725,1284
Gm59726,895
Gm59727,3121
Gm59728,1748
Gm59729,643
Gm5973,496
Gm59730,420
Gm59731,327
Gm59732,344
Gm59733,2790
Gm59734,6594
Gm59735,425
Gm59736,374
Gm59737,9292
Gm59738,424
Gm59739,1003
Gm5974,986
Gm59740,1801
Gm59741,1671
Gm59742,2567
Gm59743,375
Gm59744,578
Gm59745,1154
Gm59746,624
Gm59747,685
Gm59748,1323
Gm59749,713
Gm5975,1399
Gm59750,1738
Gm59751,906
Gm59752,594
Gm59753,1378
Gm59754,2413
Gm59755,1861
Gm59756,630
Gm59757,686
Gm59758,524
Gm59759,1057
Gm5976,996
Gm59760,630
Gm59761,479
Gm59762,646
Gm59763,860
Gm59764,324
Gm59765,406
Gm59766,1149
Gm59767,2698
Gm59768,3703
Gm59769,501
Gm5977,619
Gm59770,2213
Gm59771,783
Gm59772,551
Gm59773,5175
Gm59774,2841
Gm59775,2591
Gm59776,578
Gm59777,3208
Gm59778,923
Gm59779,770
Gm5978,864
Gm59780,338
Gm59781,1385
Gm59782,790
Gm59783,1383
Gm59784,371
Gm59785,910
Gm59786,1401
Gm59787,1674
Gm59788,1268
Gm59789,1314
Gm5979,571
Gm59790,311
Gm59791,1070
Gm59792,512
Gm59793,474
Gm59794,348
Gm59795,430
Gm59796,825
Gm59797,433
Gm59798,269
Gm59799,343
Gm59800,288
Gm59801,607
Gm59802,755
Gm59803,681
Gm59804,530
Gm59805,2855
Gm59806,482
Gm59807,461
Gm59808,605
Gm59809,1672
Gm5981,487
Gm59810,160
Gm59811,2111
Gm59812,755
Gm59813,464
Gm59814,776
Gm59815,1146
Gm59816,1120
Gm59817,522
Gm59818,414
Gm59819,1133
Gm5982,512
Gm59820,894
Gm59821,440
Gm59822,584
Gm59823,2223
Gm59824,739
Gm59825,488
Gm59826,553
Gm59827,894
Gm59828,1011
Gm59829,303
Gm5983,770
Gm59830,2146
Gm59831,978
Gm59832,404
Gm59833,3466
Gm59834,475
Gm59835,1615
Gm59836,394
Gm59837,736
Gm59838,294
Gm59839,645
Gm5984,3532
Gm59840,7287
Gm59841,2246
Gm59842,1154
Gm59843,576
Gm59844,433
Gm59845,1412
Gm59846,768
Gm59847,414
Gm59848,339
Gm59849,340
Gm59850,259
Gm59851,2287
Gm59852,897
Gm59853,315
Gm59854,462
Gm59855,465
Gm59856,790
Gm59857,151
Gm59858,1748
Gm59859,2053
Gm59860,3048
Gm59861,760
Gm59862,2171
Gm59863,616
Gm59864,592
Gm59865,337
Gm59866,1295
Gm59867,400
Gm59868,454
Gm59869,829
Gm5987,1151
Gm59870,321
Gm59871,902
Gm59872,1132
Gm59873,5365
Gm59874,1329
Gm59875,5040
Gm59876,527
Gm59877,737
Gm59878,656
Gm59879,513
Gm59880,2527
Gm59881,1949
Gm59882,3964
Gm59883,2161
Gm59884,911
Gm59885,643
Gm59886,384
Gm59887,358
Gm59888,2129
Gm59889,1753
Gm5989,2077
Gm59890,1834
Gm59891,881
Gm59892,695
Gm59893,1214
Gm59894,153
Gm59895,386
Gm59896,753
Gm59897,1119
Gm59898,488
Gm59899,474
Gm5990,746
Gm59900,804
Gm59901,1448
Gm59902,1453
Gm59903,964
Gm59904,2545
Gm59905,486
Gm59906,375
Gm59907,4276
Gm59908,579
Gm59909,387
Gm59910,1059
Gm59911,141
Gm59912,801
Gm59913,788
Gm59914,1237
Gm59915,446
Gm59916,2872
Gm59917,871
Gm59918,249
Gm59919,2538
Gm59920,663
Gm59921,2606
Gm59922,542
Gm59923,2581
Gm59924,685
Gm59925,569
Gm59926,337
Gm59927,258
Gm59929,384
Gm59930,615
Gm59931,1124
Gm59932,694
Gm59933,510
Gm59934,894
Gm59935,1042
Gm59936,480
Gm59937,420
Gm59938,572
Gm59939,529
Gm59940,3961
Gm59941,308
Gm59942,497
Gm59943,351
Gm59945,439
Gm59946,663
Gm59947,1851
Gm59948,318
Gm59949,2535
Gm5995,1273
Gm59950,813
Gm59951,322
Gm59952,1193
Gm59953,257
Gm59954,1928
Gm59955,498
Gm59956,412
Gm59957,510
Gm59958,233
Gm59959,557
Gm5996,718
Gm59960,903
Gm59961,571
Gm59962,785
Gm59963,1682
Gm59964,537
Gm59965,1256
Gm59966,289
Gm59967,485
Gm59968,3785
Gm59969,447
Gm5997,1864
Gm59970,800
Gm59971,2303
Gm59972,327
Gm59973,1319
Gm59974,816
Gm59976,619
Gm59977,501
Gm59978,522
Gm59979,1068
Gm59980,1162
Gm59981,618
Gm59982,395
Gm59983,1165
Gm59984,2268
Gm59985,5167
Gm59987,1770
Gm59988,579
Gm59989,1588
Gm59990,943
Gm59991,1229
Gm59992,1861
Gm59993,747
Gm59994,2607
Gm59995,1889
Gm59996,356
Gm59997,622
Gm59998,292
Gm59999,653
Gm60000,3856
Gm60001,439
Gm60002,806
Gm60003,739
Gm60004,9473
Gm60005,953
Gm60006,5323
Gm60007,728
Gm60008,1269
Gm60009,497
Gm60010,387
Gm60011,974
Gm60012,728
Gm60013,322
Gm60014,403
Gm60015,4217
Gm60016,1353
Gm60017,810
Gm60018,1049
Gm60019,1844
Gm60020,816
Gm60021,4213
Gm60022,684
Gm60023,447
Gm60024,444
Gm60025,905
Gm60026,2403
Gm60027,1092
Gm60028,1083
Gm60029,2247
Gm6003,463
Gm60030,1032
Gm60031,687
Gm60032,331
Gm60033,713
Gm60034,380
Gm60035,282
Gm60036,1210
Gm60037,520
Gm60038,540
Gm60039,890
Gm6004,1116
Gm60040,690
Gm60042,579
Gm60043,288
Gm60044,737
Gm60045,1132
Gm60046,795
Gm60047,780
Gm60048,339
Gm60049,770
Gm60050,1073
Gm60051,474
Gm60052,1297
Gm60053,2476
Gm60054,1544
Gm60055,1000
Gm60056,496
Gm60057,1812
Gm60058,1219
Gm60059,518
Gm60060,1401
Gm60061,1654
Gm60062,598
Gm60063,4362
Gm60064,2685
Gm60065,1386
Gm60066,522
Gm60067,822
Gm60068,1302
Gm60069,638
Gm6007,823
Gm60070,1373
Gm60071,490
Gm60072,512
Gm60073,4522
Gm60074,305
Gm60075,1287
Gm60076,1543
Gm60077,451
Gm60078,332
Gm60079,1609
Gm6008,874
Gm60080,978
Gm60081,402
Gm60082,407
Gm60083,1991
Gm60084,1648
Gm60085,899
Gm60086,463
Gm60087,426
Gm60088,338
Gm60089,3490
Gm6009,280
Gm60090,486
Gm60091,565
Gm60092,514
Gm60093,343
Gm60094,451
Gm60095,477
Gm60096,1015
Gm60097,744
Gm60098,2063
Gm60099,653
Gm60100,678
Gm60101,509
Gm60102,403
Gm60103,1177
Gm60104,982
Gm60105,614
Gm60106,1513
Gm60107,764
Gm60108,757
Gm60109,3697
Gm6011,1796
Gm60110,1827
Gm60111,304
Gm60112,2063
Gm60113,615
Gm60114,347
Gm60115,252
Gm60116,4070
Gm60117,1081
Gm60118,693
Gm60119,1513
Gm6012,730
Gm60120,1941
Gm60121,492
Gm60122,1915
Gm60123,483
Gm60124,1649
Gm60125,509
Gm60126,993
Gm60127,3042
Gm60128,872
Gm60129,503
Gm6013,699
Gm60130,2709
Gm60131,1201
Gm60132,571
Gm60133,353
Gm60134,2260
Gm60135,456
Gm60136,1438
Gm60137,783
Gm60138,2195
Gm60139,1264
Gm60140,2418
Gm60141,731
Gm60142,451
Gm60143,824
Gm60144,442
Gm60145,372
Gm60146,1159
Gm60147,323
Gm60148,506
Gm60149,688
Gm6015,1586
Gm60150,327
Gm60151,552
Gm60152,529
Gm60153,1975
Gm60154,2660
Gm60155,748
Gm60156,959
Gm60157,1038
Gm60158,815
Gm60159,1056
Gm60160,628
Gm60161,2846
Gm60162,5400
Gm60163,923
Gm60164,385
Gm60165,391
Gm60166,585
Gm60167,277
Gm60168,2508
Gm60169,5417
Gm60170,1458
Gm60171,170
Gm60172,2958
Gm60173,484
Gm60174,1010
Gm60175,777
Gm60176,721
Gm60177,439
Gm60178,592
Gm60179,3468
Gm6018,1306
Gm60180,1203
Gm60181,213
Gm60182,3250
Gm60183,896
Gm60184,2578
Gm60185,860
Gm60186,657
Gm60187,688
Gm60188,545
Gm60189,1478
Gm6019,736
Gm60190,551
Gm60191,820
Gm60192,2919
Gm60193,468
Gm60194,2569
Gm60195,4824
Gm60196,372
Gm60197,425
Gm60198,1889
Gm60199,268
Gm60200,869
Gm60201,776
Gm60202,774
Gm60203,552
Gm60204,7372
Gm60205,696
Gm60206,2356
Gm60207,622
Gm60208,3144
Gm60209,493
Gm60210,395
Gm60211,445
Gm60212,434
Gm60213,393
Gm60214,226
Gm60215,1366
Gm60216,412
Gm60217,549
Gm60218,628
Gm60219,786
Gm60220,447
Gm60221,363
Gm60222,732
Gm60223,1891
Gm60224,880
Gm60225,685
Gm60226,2483
Gm60227,359
Gm60228,475
Gm60229,3320
Gm6023,606
Gm60230,2758
Gm60231,1670
Gm60232,795
Gm60233,286
Gm60234,852
Gm60235,286
Gm60236,539
Gm60237,7633
Gm60238,644
Gm60239,1081
Gm6024,1558
Gm60240,364
Gm60241,497
Gm60242,708
Gm60243,878
Gm60244,5983
Gm60245,305
Gm60246,949
Gm60247,779
Gm60248,1528
Gm60249,493
Gm6025,201
Gm60250,2210
Gm60251,683
Gm60252,519
Gm60253,579
Gm60254,576
Gm60255,7349
Gm60256,1047
Gm60257,833
Gm60258,514
Gm60259,505
Gm60260,2079
Gm60261,1130
Gm60262,2730
Gm60263,580
Gm60264,4644
Gm60265,260
Gm60266,983
Gm60267,435
Gm60268,410
Gm60269,3025
Gm6027,756
Gm60270,600
Gm60271,561
Gm60272,438
Gm60273,959
Gm60274,2024
Gm60275,1119
Gm60276,724
Gm60277,419
Gm60278,427
Gm60279,544
Gm6028,574
Gm60280,833
Gm60281,401
Gm60282,1476
Gm60283,536
Gm60284,1262
Gm60285,336
Gm60286,516
Gm60287,1150
Gm60288,1962
Gm60289,1177
Gm6029,371
Gm60291,722
Gm60292,241
Gm60293,769
Gm60294,916
Gm60295,1316
Gm60296,1005
Gm60297,2122
Gm60298,1173
Gm60299,423
Gm6030,390
Gm60300,688
Gm60301,590
Gm60302,377
Gm60303,1480
Gm60304,3376
Gm60305,991
Gm60306,407
Gm60307,447
Gm60308,1674
Gm60309,975
Gm6031,1054
Gm60310,805
Gm60312,497
Gm60313,982
Gm60314,368
Gm60315,487
Gm60316,1261
Gm60317,357
Gm60318,3063
Gm60319,695
Gm6032,1138
Gm60320,386
Gm60321,971
Gm60322,2433
Gm60323,2913
Gm60324,2323
Gm60325,905
Gm60326,1527
Gm60327,412
Gm60328,3817
Gm60329,455
Gm60330,252
Gm60331,305
Gm60332,1925
Gm60333,605
Gm60334,721
Gm60335,2237
Gm60336,463
Gm60337,484
Gm60338,834
Gm60339,1226
Gm6034,1633
Gm60340,760
Gm60341,1192
Gm60342,1798
Gm60343,595
Gm60344,560
Gm60345,2567
Gm60346,307
Gm60347,774
Gm60348,334
Gm60349,4975
Gm6035,1217
Gm60350,333
Gm60351,908
Gm60352,728
Gm60353,693
Gm60354,569
Gm60355,1073
Gm60356,1044
Gm60357,870
Gm60358,917
Gm60359,340
Gm60360,735
Gm60361,818
Gm60362,1643
Gm60363,1069
Gm60364,1304
Gm60365,1352
Gm60366,1805
Gm60367,586
Gm60368,406
Gm60369,582
Gm60370,1385
Gm60371,1412
Gm60372,1135
Gm60373,3011
Gm60374,398
Gm60375,280
Gm60376,1148
Gm60377,425
Gm60378,1098
Gm60379,1446
Gm6038,948
Gm60380,926
Gm60381,820
Gm60382,208
Gm60383,450
Gm60384,395
Gm60385,664
Gm60386,5725
Gm60387,1934
Gm60388,5382
Gm60389,3680
Gm6039,1250
Gm60390,866
Gm60391,1554
Gm60392,778
Gm60393,788
Gm60394,10520
Gm60395,664
Gm60396,1519
Gm60397,319
Gm60398,5041
Gm60399,22115
Gm6040,857
Gm60400,835
Gm60401,692
Gm60402,528
Gm60403,632
Gm60404,789
Gm60405,287
Gm60406,1132
Gm60407,411
Gm60408,649
Gm60409,1111
Gm60410,967
Gm60411,362
Gm60412,360
Gm60413,2000
Gm60414,1026
Gm60415,465
Gm60416,5381
Gm60417,719
Gm60418,1919
Gm60419,999
Gm60420,485
Gm60421,4849
Gm60422,519
Gm60423,2004
Gm60424,370
Gm60425,212
Gm60426,1893
Gm60427,728
Gm60428,495
Gm60429,1634
Gm6043,492
Gm60430,4822
Gm60431,1294
Gm60432,1799
Gm60433,959
Gm60434,1381
Gm60435,1292
Gm60436,448
Gm60437,2921
Gm60438,717
Gm60439,485
Gm6044,499
Gm60440,390
Gm60441,632
Gm60442,463
Gm60443,554
Gm60444,610
Gm60445,524
Gm60446,696
Gm60447,346
Gm60448,147
Gm60449,958
Gm60450,641
Gm60451,1807
Gm60452,531
Gm60453,1795
Gm60454,322
Gm60455,277
Gm60456,693
Gm60457,275
Gm60458,1114
Gm60459,1911
Gm60460,1097
Gm60461,1259
Gm60462,401
Gm60463,1392
Gm60464,663
Gm60465,447
Gm60466,517
Gm60467,837
Gm60468,2403
Gm60469,701
Gm6047,574
Gm60470,626
Gm60471,4510
Gm60472,2166
Gm60473,645
Gm60474,2412
Gm60475,1242
Gm60476,1234
Gm60477,391
Gm60478,2230
Gm60479,1563
Gm6048,310
Gm60480,1094
Gm60481,2288
Gm60482,576
Gm60483,180
Gm60484,3432
Gm60485,430
Gm60486,1584
Gm60487,475
Gm60488,802
Gm60489,250
Gm6049,458
Gm60490,2044
Gm60491,983
Gm60492,201
Gm60493,1059
Gm60494,241
Gm60495,437
Gm60496,1494
Gm60497,1418
Gm60498,417
Gm60499,317
Gm60500,931
Gm60501,271
Gm60502,1415
Gm60503,454
Gm60504,1542
Gm60505,969
Gm60506,383
Gm60507,274
Gm60508,416
Gm60509,2546
Gm6051,352
Gm60510,237
Gm60511,596
Gm60512,795
Gm60513,1580
Gm60514,685
Gm60515,464
Gm60516,614
Gm60517,1943
Gm60518,422
Gm60519,709
Gm6052,466
Gm60520,6507
Gm60521,392
Gm60522,807
Gm60523,403
Gm60524,5074
Gm60525,451
Gm60526,857
Gm60527,672
Gm60528,797
Gm60529,1737
Gm60530,524
Gm60531,461
Gm60532,566
Gm60533,522
Gm60534,306
Gm60535,6659
Gm60536,482
Gm60537,1283
Gm60538,524
Gm60539,448
Gm6054,378
Gm60540,613
Gm60541,723
Gm60542,2891
Gm60543,966
Gm60544,3160
Gm60545,550
Gm60546,588
Gm60547,649
Gm60548,338
Gm60549,957
Gm6055,378
Gm60550,433
Gm60551,284
Gm60552,1126
Gm60554,298
Gm60555,1428
Gm60556,472
Gm60557,359
Gm60558,1396
Gm60559,1883
Gm6056,488
Gm60560,285
Gm60561,500
Gm60562,780
Gm60563,897
Gm60564,905
Gm60565,1688
Gm60566,1497
Gm60567,2218
Gm60568,285
Gm60569,1718
Gm6057,314
Gm60570,1247
Gm60571,1331
Gm60572,553
Gm60573,989
Gm60574,309
Gm60575,267
Gm60576,782
Gm60577,1057
Gm60578,1665
Gm6058,399
Gm60580,248
Gm60581,499
Gm60582,1414
Gm60583,440
Gm60584,1667
Gm60585,1438
Gm60586,580
Gm60587,479
Gm60588,582
Gm60589,1032
Gm6059,340
Gm60590,1288
Gm60591,1399
Gm60592,385
Gm60593,721
Gm60594,1960
Gm60595,440
Gm60596,1833
Gm60597,1013
Gm60598,337
Gm60599,483
Gm6060,251
Gm60600,477
Gm60601,641
Gm60602,631
Gm60603,2459
Gm60604,842
Gm60605,540
Gm60606,741
Gm60607,655
Gm60608,926
Gm60609,1743
Gm6061,492
Gm60610,455
Gm60611,642
Gm60612,481
Gm60613,279
Gm60614,3203
Gm60615,537
Gm60616,490
Gm60617,563
Gm60618,419
Gm6062,631
Gm60620,1535
Gm60621,422
Gm60622,1206
Gm60623,717
Gm60624,1561
Gm60625,1184
Gm60626,2345
Gm60627,1143
Gm60628,448
Gm60629,265
Gm6063,485
Gm60630,1334
Gm60631,116
Gm60632,897
Gm60633,532
Gm60634,1142
Gm60635,1192
Gm60636,4530
Gm60637,458
Gm60638,415
Gm60639,496
Gm6064,454
Gm60640,4143
Gm60641,403
Gm60642,2145
Gm60643,723
Gm60644,541
Gm60645,420
Gm60646,800
Gm60647,2692
Gm60648,860
Gm60649,339
Gm6065,492
Gm60650,1078
Gm60651,523
Gm60652,2478
Gm60653,1570
Gm60654,106
Gm60655,807
Gm60656,2505
Gm60657,2737
Gm60658,1133
Gm60659,720
Gm6066,475
Gm60660,795
Gm60661,2674
Gm60662,1079
Gm60663,1292
Gm60664,765
Gm60665,787
Gm60666,686
Gm60667,1858
Gm60668,1274
Gm60669,502
Gm6067,491
Gm60670,2156
Gm60671,381
Gm60672,1937
Gm60673,837
Gm60674,729
Gm60675,725
Gm60676,333
Gm60677,198
Gm60678,552
Gm60679,303
Gm6068,387
Gm60680,491
Gm60681,341
Gm60682,363
Gm60683,4129
Gm60684,985
Gm60685,772
Gm60686,523
Gm60687,369
Gm60688,477
Gm60689,1298
Gm6069,7166
Gm60690,439
Gm60691,873
Gm60692,573
Gm60693,5632
Gm60694,604
Gm60695,1538
Gm60696,932
Gm60697,583
Gm60698,991
Gm60699,147
Gm6070,419
Gm60700,3146
Gm60701,3003
Gm60702,3181
Gm60703,266
Gm60704,980
Gm60705,4675
Gm60706,181
Gm60707,671
Gm60708,703
Gm60709,990
Gm6071,440
Gm60710,631
Gm60711,450
Gm60712,3148
Gm60713,504
Gm60714,937
Gm60715,293
Gm60716,874
Gm60717,369
Gm60718,372
Gm60719,2174
Gm6072,496
Gm60720,1180
Gm60721,1118
Gm60722,334
Gm60723,877
Gm60724,518
Gm60725,492
Gm60726,517
Gm60727,548
Gm60728,1604
Gm60729,647
Gm6073,466
Gm60730,505
Gm60731,558
Gm60732,447
Gm60733,1773
Gm60734,592
Gm60735,856
Gm60736,771
Gm60737,348
Gm60738,742
Gm60739,2471
Gm6074,451
Gm60740,3598
Gm60741,83
Gm60742,431
Gm60743,1272
Gm60744,729
Gm60745,841
Gm60746,355
Gm60747,271
Gm60748,797
Gm60749,430
Gm6075,486
Gm60750,254
Gm60751,2382
Gm60752,483
Gm60753,1282
Gm60754,821
Gm60755,8564
Gm60756,470
Gm60757,341
Gm60758,418
Gm60759,1243
Gm6076,448
Gm60760,1174
Gm60761,597
Gm60762,378
Gm60763,434
Gm60764,802
Gm60765,586
Gm60766,1142
Gm60767,1015
Gm60768,1483
Gm60769,183
Gm6077,499
Gm60770,538
Gm60771,1011
Gm60772,393
Gm60773,723
Gm60774,2513
Gm60775,441
Gm60776,424
Gm60777,4382
Gm60778,506
Gm60779,2404
Gm60780,1735
Gm60781,5618
Gm60782,2972
Gm60783,458
Gm60784,1962
Gm60785,864
Gm60786,1022
Gm60787,276
Gm60788,1393
Gm60789,532
Gm6079,404
Gm60790,848
Gm60791,264
Gm60792,454
Gm60793,693
Gm60794,335
Gm60795,952
Gm60796,686
Gm60797,423
Gm60798,466
Gm60799,312
Gm60800,1037
Gm60801,950
Gm60802,1528
Gm60803,3541
Gm60804,480
Gm60805,301
Gm60806,1964
Gm60807,860
Gm60808,457
Gm60809,241
Gm6081,489
Gm60810,484
Gm60811,245
Gm60812,3453
Gm60813,987
Gm60814,2032
Gm60815,825
Gm60816,614
Gm60817,728
Gm60818,2045
Gm60819,889
Gm6082,454
Gm60820,364
Gm60821,606
Gm60822,816
Gm60823,3274
Gm60824,864
Gm60825,668
Gm60826,187
Gm60827,334
Gm60828,1318
Gm60829,807
Gm6083,357
Gm60830,521
Gm60831,577
Gm60832,797
Gm60833,6698
Gm60834,2056
Gm60835,896
Gm60836,3072
Gm60837,259
Gm60838,729
Gm60839,487
Gm60840,1027
Gm60841,429
Gm60842,475
Gm60843,843
Gm60844,1121
Gm60845,635
Gm60846,647
Gm60847,661
Gm60848,621
Gm60849,3775
Gm6085,1470
Gm60850,229
Gm60851,1910
Gm60852,1188
Gm60853,814
Gm60854,1761
Gm60855,1442
Gm60856,462
Gm60857,1152
Gm60858,2106
Gm60859,8535
Gm60860,445
Gm60861,336
Gm60862,650
Gm60863,1315
Gm60864,501
Gm60865,541
Gm60866,3183
Gm60867,500
Gm60868,6714
Gm60869,3297
Gm6087,663
Gm60870,1238
Gm60871,1409
Gm60872,992
Gm60873,913
Gm60874,1028
Gm60875,863
Gm60876,1051
Gm60877,1930
Gm60878,844
Gm60879,1875
Gm6088,2539
Gm60880,395
Gm60881,420
Gm60882,519
Gm60883,1038
Gm60884,616
Gm60885,787
Gm60886,247
Gm60887,326
Gm60888,370
Gm60889,6982
Gm6089,938
Gm60890,858
Gm60891,546
Gm60892,1035
Gm60893,526
Gm60894,1907
Gm60895,433
Gm60896,1398
Gm60897,1354
Gm60898,675
Gm60899,435
Gm60900,478
Gm60901,349
Gm60902,783
Gm60903,999
Gm60904,12896
Gm60905,1139
Gm60906,719
Gm60907,317
Gm60908,2594
Gm60909,334
Gm6091,165
Gm60910,3833
Gm60911,3480
Gm60912,1005
Gm60913,740
Gm60914,1961
Gm60915,757
Gm60916,1475
Gm60917,2485
Gm60918,1493
Gm60919,500
Gm6092,2029
Gm60920,2010
Gm60921,653
Gm60922,897
Gm60923,997
Gm60924,3766
Gm60925,1621
Gm60926,446
Gm60927,423
Gm60928,839
Gm60929,510
Gm6093,3787
Gm60930,415
Gm60931,6607
Gm60932,426
Gm60933,1070
Gm60934,335
Gm60935,2181
Gm60936,491
Gm60937,422
Gm60938,413
Gm60939,2216
Gm60940,3289
Gm60941,1076
Gm60942,4034
Gm60943,573
Gm60944,486
Gm60945,392
Gm60946,2227
Gm60947,1904
Gm60948,3127
Gm60949,969
Gm60950,474
Gm60951,460
Gm60952,482
Gm60953,437
Gm60954,295
Gm60955,510
Gm60956,480
Gm60957,849
Gm60958,902
Gm60959,457
Gm6096,456
Gm60960,362
Gm60961,906
Gm60962,1562
Gm60963,276
Gm60964,1018
Gm60965,937
Gm60966,738
Gm60967,961
Gm60968,369
Gm60969,248
Gm60970,1026
Gm60971,416
Gm60972,2591
Gm60973,2253
Gm60974,112
Gm60975,378
Gm60976,3192
Gm60977,317
Gm60978,1130
Gm60979,292
Gm6098,330
Gm60980,571
Gm60981,6164
Gm60982,1628
Gm60983,616
Gm60984,350
Gm60985,282
Gm60986,760
Gm60987,437
Gm60988,636
Gm60989,491
Gm60990,969
Gm60991,598
Gm60992,379
Gm60993,581
Gm60994,320
Gm60995,826
Gm60996,1289
Gm60997,559
Gm60998,1056
Gm60999,458
Gm6100,403
Gm61000,270
Gm61001,1211
Gm61002,1859
Gm61003,235
Gm61004,1891
Gm61005,3828
Gm61006,1002
Gm61007,712
Gm61008,1027
Gm61009,955
Gm6101,1867
Gm61010,591
Gm61011,876
Gm61012,422
Gm61013,2263
Gm61014,1124
Gm61015,731
Gm61016,985
Gm61017,1174
Gm61018,322
Gm61019,329
Gm61020,350
Gm61021,878
Gm61022,581
Gm61023,2090
Gm61024,1616
Gm61025,391
Gm61026,305
Gm61027,994
Gm61028,2743
Gm61029,434
Gm61030,3471
Gm61031,484
Gm61032,529
Gm61033,1175
Gm61034,536
Gm61035,1627
Gm61036,265
Gm61037,562
Gm61038,1062
Gm61039,333
Gm6104,603
Gm61040,550
Gm61041,1207
Gm61042,274
Gm61043,325
Gm61044,1169
Gm61045,1198
Gm61046,509
Gm61047,426
Gm61048,905
Gm61049,1616
Gm6105,624
Gm61050,1065
Gm61051,543
Gm61052,331
Gm61053,282
Gm61054,491
Gm61055,467
Gm61056,1085
Gm61057,355
Gm61058,833
Gm61059,294
Gm61060,1016
Gm61061,3172
Gm61062,814
Gm61063,648
Gm61064,4866
Gm61065,991
Gm61066,2532
Gm61067,628
Gm61068,1721
Gm61069,471
Gm61070,1575
Gm61071,2461
Gm61072,422
Gm61073,727
Gm61074,662
Gm61075,441
Gm61076,676
Gm61077,582
Gm61078,384
Gm61079,1721
Gm6108,367
Gm61080,381
Gm61081,807
Gm61082,273
Gm61083,1168
Gm61084,388
Gm61085,804
Gm61086,555
Gm61087,2762
Gm61088,594
Gm61089,724
Gm6109,348
Gm61090,862
Gm61091,837
Gm61092,2270
Gm61093,823
Gm61094,652
Gm61095,450
Gm61096,489
Gm61097,966
Gm61098,765
Gm61099,555
Gm61100,180
Gm61102,388
Gm61103,530
Gm61104,860
Gm61105,945
Gm61106,18433
Gm61107,1774
Gm61108,404
Gm61109,649
Gm61110,1308
Gm61111,1806
Gm61112,504
Gm61113,896
Gm61114,2511
Gm61115,2238
Gm61116,2239
Gm61117,311
Gm61118,3028
Gm61119,1508
Gm6112,629
Gm61120,492
Gm61121,1583
Gm61122,566
Gm61123,2988
Gm61124,1248
Gm61125,1667
Gm61126,590
Gm61127,954
Gm61128,653
Gm61129,507
Gm6113,639
Gm61130,969
Gm61131,1599
Gm61132,176
Gm61133,734
Gm61134,348
Gm61135,785
Gm61136,1147
Gm61137,523
Gm61138,1073
Gm61139,523
Gm6114,968
Gm61140,311
Gm61141,439
Gm61142,779
Gm61143,774
Gm61144,3111
Gm61145,1240
Gm61146,3835
Gm61147,724
Gm61148,713
Gm61149,526
Gm61150,286
Gm61151,1177
Gm61152,603
Gm61153,1195
Gm61154,6884
Gm61155,258
Gm61156,375
Gm61157,421
Gm61158,591
Gm61159,757
Gm6116,8151
Gm61160,3750
Gm61161,822
Gm61162,304
Gm61163,511
Gm61164,569
Gm61165,416
Gm61166,382
Gm61167,456
Gm61168,738
Gm61169,309
Gm6117,2454
Gm61170,1751
Gm61171,448
Gm61172,590
Gm61173,653
Gm61174,1639
Gm61175,1032
Gm61176,446
Gm61177,3563
Gm61178,582
Gm61179,598
Gm61180,725
Gm61181,893
Gm61182,436
Gm61183,2242
Gm61184,550
Gm61185,906
Gm61186,1105
Gm61187,665
Gm61188,3077
Gm61189,516
Gm6119,1206
Gm61190,1529
Gm61191,909
Gm61192,412
Gm61193,263
Gm61194,630
Gm61195,255
Gm61196,1590
Gm61197,508
Gm61198,1911
Gm61199,970
Gm61200,1097
Gm61201,522
Gm61202,668
Gm61203,432
Gm61204,708
Gm61205,413
Gm61206,1074
Gm61207,494
Gm61208,418
Gm61209,469
Gm6121,1153
Gm61210,1073
Gm61211,941
Gm61212,703
Gm61213,2093
Gm61214,2738
Gm61215,1248
Gm61216,935
Gm61217,1873
Gm61218,371
Gm61219,3320
Gm6122,679
Gm61220,706
Gm61221,474
Gm61222,1656
Gm61223,1109
Gm61224,1024
Gm61225,609
Gm61226,207
Gm61227,495
Gm61228,3898
Gm61229,358
Gm6123,1069
Gm61230,2092
Gm61231,684
Gm61232,657
Gm61233,408
Gm61234,2396
Gm61235,1660
Gm61236,1535
Gm61237,895
Gm61238,211
Gm61239,489
Gm6124,2580
Gm61240,2555
Gm61241,954
Gm61242,1762
Gm61243,412
Gm61244,1629
Gm61245,3748
Gm61246,452
Gm61247,980
Gm61248,915
Gm61249,198
Gm6125,3472
Gm61250,882
Gm61251,1233
Gm61252,1053
Gm61253,1537
Gm61254,679
Gm61255,767
Gm61256,1271
Gm61257,2546
Gm61258,294
Gm61259,5294
Gm61260,1060
Gm61261,2277
Gm61262,4617
Gm61263,1044
Gm61264,2244
Gm61265,1628
Gm61266,245
Gm61267,5676
Gm61268,525
Gm61269,638
Gm61270,1038
Gm61271,838
Gm61272,356
Gm61273,963
Gm61274,695
Gm61275,413
Gm61276,2183
Gm61277,343
Gm61278,1277
Gm61279,885
Gm6128,408
Gm61280,450
Gm61281,608
Gm61282,788
Gm61283,856
Gm61284,2372
Gm61285,3296
Gm61286,439
Gm61287,428
Gm61288,567
Gm61289,866
Gm6129,801
Gm61290,4423
Gm61291,1160
Gm61292,542
Gm61293,2969
Gm61294,333
Gm61295,2797
Gm61296,319
Gm61297,376
Gm61298,1248
Gm61300,1285
Gm61302,955
Gm61303,228
Gm61304,426
Gm61305,2200
Gm61306,566
Gm61308,763
Gm61309,1022
Gm61310,651
Gm61311,2537
Gm61312,732
Gm61313,380
Gm61314,315
Gm61315,243
Gm61316,771
Gm61317,542
Gm61318,615
Gm61319,270
Gm61320,4378
Gm61321,2548
Gm61322,270
Gm61323,1082
Gm61324,292
Gm61325,885
Gm61326,753
Gm61327,262
Gm61328,2148
Gm61329,1960
Gm6133,948
Gm61330,795
Gm61331,4767
Gm61332,883
Gm61333,359
Gm61334,537
Gm61335,402
Gm61336,2030
Gm61337,1364
Gm61338,1448
Gm6134,171
Gm61341,1396
Gm61342,2585
Gm61343,867
Gm61344,2439
Gm61345,1785
Gm61346,1819
Gm61347,799
Gm61348,675
Gm61349,776
Gm6135,9417
Gm61350,482
Gm61351,740
Gm61352,725
Gm61353,476
Gm61354,501
Gm61355,638
Gm61356,469
Gm61357,306
Gm61358,513
Gm61359,506
Gm6136,891
Gm61360,1454
Gm61361,901
Gm61362,1175
Gm61363,3509
Gm61364,694
Gm61365,443
Gm61366,929
Gm61367,3035
Gm61368,469
Gm61369,1114
Gm6137,578
Gm61370,1482
Gm61371,1626
Gm61372,285
Gm61373,330
Gm61374,2373
Gm61375,1152
Gm61376,985
Gm61377,1443
Gm61378,602
Gm61379,629
Gm61380,2072
Gm61381,944
Gm61382,778
Gm61383,1393
Gm61384,1370
Gm61385,856
Gm61386,810
Gm61387,288
Gm61388,1077
Gm61389,273
Gm6139,882
Gm61390,650
Gm61391,355
Gm61392,370
Gm61393,1598
Gm61394,1460
Gm61395,385
Gm61396,554
Gm61397,1797
Gm61398,380
Gm61399,1375
Gm614,1012
Gm6140,966
Gm61400,447
Gm61401,567
Gm61402,426
Gm61403,282
Gm61404,2064
Gm61405,733
Gm61406,298
Gm61407,1526
Gm61408,2271
Gm61409,662
Gm6141,695
Gm61410,1097
Gm61411,627
Gm61412,855
Gm61413,1917
Gm61414,519
Gm61415,756
Gm61416,554
Gm61417,261
Gm61418,949
Gm61419,660
Gm6142,325
Gm61420,235
Gm61421,8318
Gm61422,2203
Gm61423,621
Gm61424,1063
Gm61425,446
Gm61426,7138
Gm61427,368
Gm61428,5415
Gm61429,625
Gm61430,409
Gm61431,1190
Gm61432,431
Gm61433,799
Gm61434,929
Gm61435,1030
Gm61436,426
Gm61437,1788
Gm61438,490
Gm61439,444
Gm61440,725
Gm61441,1349
Gm61442,1835
Gm61443,281
Gm61444,783
Gm61445,1912
Gm61446,351
Gm61447,870
Gm61448,376
Gm61449,678
Gm6145,15958
Gm61450,308
Gm61451,619
Gm61452,1365
Gm61453,393
Gm61454,349
Gm61455,476
Gm61456,460
Gm61457,548
Gm61458,1052
Gm61459,1486
Gm61460,640
Gm61461,1567
Gm61462,637
Gm61463,993
Gm61464,441
Gm61465,591
Gm61466,505
Gm61467,1294
Gm61468,786
Gm61469,432
Gm61470,272
Gm61471,607
Gm61472,1102
Gm61473,373
Gm61474,297
Gm61475,1857
Gm61476,875
Gm61477,2575
Gm61478,689
Gm61479,991
Gm61480,356
Gm61481,417
Gm61482,6151
Gm61483,627
Gm61484,365
Gm61485,594
Gm61486,3248
Gm61487,1108
Gm61488,447
Gm61489,363
Gm6149,938
Gm61490,467
Gm61491,397
Gm61492,1739
Gm61493,218
Gm61494,713
Gm61495,886
Gm61496,750
Gm61497,333
Gm61498,502
Gm61499,476
Gm6150,3554
Gm61500,1531
Gm61501,245
Gm61502,979
Gm61503,341
Gm61504,836
Gm61505,578
Gm61506,297
Gm61507,796
Gm61508,587
Gm61509,944
Gm61510,435
Gm61511,404
Gm61512,584
Gm61513,289
Gm61514,673
Gm61515,722
Gm61516,4327
Gm61517,441
Gm61518,3454
Gm61519,1088
Gm6152,340
Gm61520,1460
Gm61521,267
Gm61522,1064
Gm61523,2332
Gm61524,596
Gm61525,5844
Gm61526,506
Gm61527,1265
Gm61528,439
Gm61529,446
Gm6153,1058
Gm61530,6241
Gm61531,270
Gm61532,658
Gm61533,499
Gm61534,703
Gm61535,2975
Gm61536,353
Gm61537,7092
Gm61538,343
Gm61539,1278
Gm61540,617
Gm61541,1015
Gm61542,1903
Gm61543,494
Gm61544,375
Gm61545,729
Gm61546,670
Gm61547,823
Gm61548,4366
Gm61549,1017
Gm6155,341
Gm61550,477
Gm61551,327
Gm61552,3521
Gm61553,236
Gm61554,262
Gm61555,2108
Gm61556,849
Gm61557,547
Gm61558,429
Gm61559,1447
Gm61560,720
Gm61561,888
Gm61562,282
Gm61563,139
Gm61564,2181
Gm61565,1495
Gm61566,323
Gm61567,920
Gm61568,982
Gm61569,1879
Gm6157,1897
Gm61570,508
Gm61571,241
Gm61572,1747
Gm61573,1085
Gm61574,191
Gm61575,8590
Gm61576,3385
Gm61577,1230
Gm61578,1484
Gm61579,895
Gm6158,904
Gm61580,3509
Gm61581,3266
Gm61582,408
Gm61583,457
Gm61584,1961
Gm61585,9070
Gm61586,557
Gm61587,837
Gm61588,14168
Gm61589,588
Gm6159,1724
Gm61590,261
Gm61591,1830
Gm61592,2346
Gm61593,27715
Gm61595,1657
Gm61596,1453
Gm61597,1702
Gm61599,737
Gm61600,631
Gm61601,1335
Gm61602,1732
Gm61603,497
Gm61604,3296
Gm61605,256
Gm61606,2603
Gm61607,420
Gm61608,1284
Gm61609,881
Gm6161,1102
Gm61610,5400
Gm61611,3181
Gm61612,5175
Gm61613,2215
Gm61614,2253
Gm61615,8446
Gm61616,5708
Gm61617,5445
Gm61618,425
Gm61619,2590
Gm6162,2930
Gm61620,622
Gm61621,888
Gm61622,663
Gm61623,622
Gm61624,656
Gm61626,2253
Gm61627,1853
Gm61628,2161
Gm61629,450
Gm61630,636
Gm61632,702
Gm61634,483
Gm61637,5758
Gm61638,704
Gm61639,456
Gm61640,2498
Gm61641,1992
Gm61645,311
Gm61646,349
Gm61647,502
Gm61648,1537
Gm61649,2486
Gm61650,426
Gm61651,349
Gm61652,13009
Gm61653,910
Gm61655,629
Gm61656,163
Gm61657,1494
Gm61658,261
Gm61659,364
Gm6166,409
Gm61660,600
Gm61661,723
Gm61662,2282
Gm61663,1168
Gm61664,1164
Gm61665,958
Gm61666,1276
Gm61667,913
Gm61668,329
Gm61669,1072
Gm61670,614
Gm61671,850
Gm61672,311
Gm61673,710
Gm61674,629
Gm61675,485
Gm61676,533
Gm61677,1688
Gm61678,734
Gm61679,578
Gm61680,255
Gm61681,1693
Gm61682,1088
Gm61683,624
Gm61684,725
Gm61686,763
Gm61687,624
Gm61689,543
Gm61690,895
Gm61691,484
Gm61692,1130
Gm61693,615
Gm61694,764
Gm61695,839
Gm61696,1572
Gm61697,416
Gm61698,366
Gm61699,871
Gm6170,1388
Gm61700,1124
Gm61701,357
Gm61703,1189
Gm61704,5827
Gm61705,679
Gm61706,7570
Gm61707,2144
Gm61708,514
Gm61709,483
Gm6171,645
Gm61710,2753
Gm61711,837
Gm61712,3845
Gm61713,778
Gm61714,391
Gm61715,1028
Gm61716,520
Gm61717,2662
Gm61718,588
Gm61719,2779
Gm61720,428
Gm61721,457
Gm61722,589
Gm61723,934
Gm61724,4724
Gm61725,162
Gm61726,809
Gm61727,941
Gm61728,730
Gm61729,593
Gm6173,1259
Gm61730,2828
Gm61731,344
Gm61732,581
Gm61733,410
Gm61734,1302
Gm61735,354
Gm61736,370
Gm61737,374
Gm61738,143
Gm61739,1155
Gm6174,937
Gm61740,568
Gm61741,274
Gm61742,610
Gm61743,516
Gm61744,1764
Gm61745,750
Gm61746,872
Gm61747,619
Gm61748,528
Gm61749,298
Gm6175,400
Gm61750,304
Gm61751,346
Gm61752,632
Gm61753,818
Gm61754,2810
Gm61755,2517
Gm61756,805
Gm61757,925
Gm61758,441
Gm61759,1090
Gm6176,2487
Gm61760,533
Gm61761,1868
Gm61762,468
Gm61763,367
Gm61764,387
Gm61765,1475
Gm61766,247
Gm61767,603
Gm61768,657
Gm61769,4551
Gm6177,465
Gm61770,770
Gm61771,473
Gm61772,605
Gm61773,401
Gm61774,583
Gm61775,470
Gm61776,493
Gm61777,945
Gm61778,519
Gm61779,639
Gm61780,524
Gm61781,1498
Gm61782,234
Gm61783,3790
Gm61784,957
Gm61785,790
Gm61786,474
Gm61787,331
Gm61788,1142
Gm61789,655
Gm61790,600
Gm61791,507
Gm61792,9941
Gm61793,1429
Gm61794,3439
Gm61795,780
Gm61796,925
Gm61797,562
Gm61798,1012
Gm61799,472
Gm6180,498
Gm61800,375
Gm61801,1792
Gm61802,509
Gm61803,697
Gm61804,455
Gm61805,446
Gm61806,288
Gm61807,738
Gm61808,1545
Gm61809,349
Gm6181,264
Gm61810,1033
Gm61811,661
Gm61812,327
Gm61813,1275
Gm61814,534
Gm61815,548
Gm61816,773
Gm61817,1788
Gm61818,520
Gm61819,393
Gm6182,1208
Gm61820,613
Gm61821,651
Gm61822,1526
Gm61823,14367
Gm61824,782
Gm61825,518
Gm61826,2589
Gm61827,327
Gm61828,893
Gm61829,371
Gm61830,924
Gm61831,1428
Gm61832,580
Gm61833,228
Gm61834,908
Gm61835,447
Gm61836,795
Gm61837,2612
Gm61838,1136
Gm61839,4099
Gm6184,1261
Gm61840,605
Gm61841,1385
Gm61842,906
Gm61843,906
Gm61844,482
Gm61845,1071
Gm61846,1127
Gm61847,793
Gm61848,516
Gm61849,553
Gm61850,669
Gm61851,2129
Gm61852,979
Gm61854,589
Gm61855,668
Gm61856,328
Gm61857,240
Gm61858,2954
Gm61859,543
Gm61860,219
Gm61861,1145
Gm61862,328
Gm61864,874
Gm61865,538
Gm61866,583
Gm61867,550
Gm61869,605
Gm6187,960
Gm61870,852
Gm61871,2888
Gm61872,301
Gm61873,461
Gm61874,1746
Gm61875,10962
Gm61876,3312
Gm61877,1176
Gm61878,641
Gm61879,436
Gm61880,573
Gm61881,854
Gm61882,1011
Gm61883,1655
Gm61884,495
Gm61885,597
Gm61886,408
Gm61887,2232
Gm61888,287
Gm61889,473
Gm6189,2082
Gm61890,470
Gm61891,857
Gm61892,983
Gm61893,5893
Gm61894,725
Gm61895,403
Gm61896,482
Gm61897,544
Gm61898,640
Gm61899,724
Gm6190,1374
Gm61900,223
Gm61901,352
Gm61902,311
Gm61903,1804
Gm61904,522
Gm61905,474
Gm61906,835
Gm61907,1078
Gm61908,333
Gm61909,311
Gm61910,1677
Gm61911,562
Gm61912,647
Gm61913,796
Gm61914,688
Gm61915,2546
Gm61916,1413
Gm61917,474
Gm61918,1045
Gm61919,1508
Gm6192,1365
Gm61920,347
Gm61921,1670
Gm61922,390
Gm61923,488
Gm61924,590
Gm61925,1169
Gm61926,536
Gm61927,516
Gm61928,785
Gm61929,861
Gm61930,919
Gm61931,526
Gm61932,900
Gm61933,868
Gm61934,384
Gm61935,522
Gm61936,1103
Gm61937,587
Gm61938,729
Gm61939,1306
Gm61940,640
Gm61941,737
Gm61942,1572
Gm61943,2520
Gm61944,537
Gm61945,1129
Gm61946,553
Gm61947,551
Gm61948,279
Gm61949,450
Gm6195,357
Gm61950,103
Gm61951,496
Gm61952,1063
Gm61953,954
Gm61954,469
Gm61955,1379
Gm61956,242
Gm61957,512
Gm61958,2073
Gm61959,2928
Gm61960,910
Gm61961,16930
Gm61962,1861
Gm61963,636
Gm61964,619
Gm61965,1129
Gm61966,243
Gm61967,1013
Gm61968,730
Gm61969,489
Gm6197,454
Gm61970,3690
Gm61971,557
Gm61972,3940
Gm61973,1660
Gm61974,3774
Gm61975,684
Gm61976,506
Gm61977,2517
Gm61978,734
Gm61979,334
Gm6198,2929
Gm61980,1447
Gm61981,734
Gm61982,639
Gm61983,1605
Gm61984,2355
Gm61985,462
Gm61986,681
Gm61987,854
Gm61989,144
Gm61990,367
Gm61991,451
Gm61992,611
Gm61993,676
Gm61994,308
Gm61995,717
Gm61996,2091
Gm61997,1606
Gm61998,1135
Gm61999,2185
Gm6200,434
Gm62000,410
Gm62001,505
Gm62002,602
Gm62003,405
Gm62004,84
Gm62005,853
Gm62007,199
Gm62008,361
Gm62009,972
Gm6201,1774
Gm62010,537
Gm62011,554
Gm62012,774
Gm62013,458
Gm62014,2413
Gm62015,249
Gm62016,622
Gm62017,315
Gm62018,874
Gm62019,1329
Gm62020,1919
Gm62021,356
Gm62022,628
Gm62023,654
Gm62024,686
Gm62025,868
Gm62026,833
Gm62027,277
Gm62028,233
Gm62029,972
Gm6203,1342
Gm62030,1143
Gm62031,1006
Gm62032,985
Gm62033,811
Gm62034,4029
Gm62035,514
Gm62036,710
Gm62037,4141
Gm62038,598
Gm62039,576
Gm6204,457
Gm62040,1109
Gm62041,1007
Gm62042,888
Gm62043,1631
Gm62044,2637
Gm62045,544
Gm62046,622
Gm62047,464
Gm62048,451
Gm62049,621
Gm62050,2296
Gm62051,607
Gm62052,745
Gm62053,1184
Gm62054,661
Gm62055,446
Gm62056,996
Gm62057,1960
Gm62058,597
Gm62059,421
Gm6206,2199
Gm62060,570
Gm62061,2322
Gm62062,1247
Gm62063,1243
Gm62064,2051
Gm62065,359
Gm62066,1373
Gm62067,886
Gm62069,1090
Gm6207,1386
Gm62070,831
Gm62071,404
Gm62072,2920
Gm62073,4178
Gm62074,640
Gm62075,753
Gm62076,3586
Gm62077,1076
Gm62078,376
Gm62079,772
Gm62080,722
Gm62081,1429
Gm62083,1571
Gm62084,4614
Gm62085,1651
Gm62086,1359
Gm62087,4999
Gm62088,2872
Gm62089,2201
Gm6209,9169
Gm62090,1820
Gm62091,1609
Gm62092,685
Gm62093,7087
Gm62094,588
Gm62095,1006
Gm62096,416
Gm62097,2875
Gm62098,499
Gm62099,496
Gm6210,1942
Gm62100,1943
Gm62101,1765
Gm62102,2974
Gm62103,535
Gm62104,508
Gm62105,204
Gm62106,525
Gm62107,824
Gm62108,4193
Gm62109,1376
Gm6211,925
Gm62110,486
Gm62111,1119
Gm62112,561
Gm62113,728
Gm62114,799
Gm62115,1028
Gm62116,728
Gm62117,367
Gm62118,424
Gm62119,986
Gm6212,220
Gm62120,719
Gm62121,2135
Gm62122,634
Gm62123,2465
Gm62125,5452
Gm62126,1473
Gm62127,246
Gm62128,1337
Gm62129,319
Gm6213,7680
Gm62130,530
Gm62131,2108
Gm62132,451
Gm62133,3476
Gm62134,2238
Gm62135,2703
Gm62136,3216
Gm62137,2175
Gm62138,469
Gm62139,1342
Gm6214,541
Gm62140,698
Gm62141,1310
Gm62142,1992
Gm62143,17867
Gm62144,689
Gm62145,31523
Gm62146,1204
Gm62148,18150
Gm62149,840
Gm6215,1386
Gm62150,760
Gm62151,3646
Gm62152,1027
Gm62153,498
Gm62154,272
Gm62155,938
Gm62156,1009
Gm62157,593
Gm62158,3854
Gm6216,687
Gm62162,974
Gm62164,3153
Gm62165,379
Gm62166,390
Gm62168,1400
Gm62169,1104
Gm6217,829
Gm62170,529
Gm62171,1639
Gm62172,345
Gm62173,1280
Gm62174,1167
Gm62175,105
Gm62176,1534
Gm62177,586
Gm62178,383
Gm62179,801
Gm6218,628
Gm62180,12605
Gm62181,1371
Gm62182,714
Gm62183,711
Gm62184,1999
Gm62185,683
Gm62186,532
Gm62187,1039
Gm62188,718
Gm62189,1749
Gm62190,674
Gm62191,1052
Gm62192,819
Gm62193,618
Gm62194,1207
Gm62195,989
Gm62196,1701
Gm62197,1132
Gm62198,2526
Gm62199,1662
Gm62200,1133
Gm62201,724
Gm62202,1579
Gm62203,720
Gm62204,2600
Gm62205,3129
Gm62206,1278
Gm62207,624
Gm62208,1482
Gm62209,616
Gm6221,1386
Gm62210,1022
Gm62211,691
Gm62212,266
Gm62213,2164
Gm62214,656
Gm62215,965
Gm62216,1612
Gm62217,1119
Gm62218,382
Gm62219,3017
Gm6222,396
Gm62220,397
Gm62221,958
Gm62222,1086
Gm62223,2687
Gm62224,234
Gm62225,4465
Gm62226,5661
Gm62227,524
Gm62228,260
Gm62229,424
Gm62230,1190
Gm62231,538
Gm62232,670
Gm62233,5758
Gm62234,1675
Gm62235,2846
Gm62236,1371
Gm62237,2200
Gm62238,470
Gm62239,1541
Gm62240,818
Gm62241,5310
Gm62242,326
Gm62243,658
Gm62244,970
Gm62245,873
Gm62246,5749
Gm62247,2207
Gm62248,3394
Gm62249,662
Gm6225,8181
Gm62250,971
Gm62251,4769
Gm62252,2492
Gm62253,3484
Gm62254,1846
Gm62255,372
Gm62256,643
Gm62257,635
Gm62258,274
Gm62259,280
Gm6226,1146
Gm62260,1249
Gm62261,677
Gm62262,476
Gm62263,400
Gm62264,7279
Gm62265,1132
Gm62266,515
Gm62267,1778
Gm62268,1483
Gm62269,393
Gm6227,421
Gm62270,452
Gm62271,2850
Gm62272,659
Gm62273,503
Gm62274,1882
Gm62275,537
Gm62276,476
Gm62277,643
Gm62278,509
Gm62279,283
Gm6228,1386
Gm62280,2839
Gm62281,435
Gm62282,873
Gm62283,499
Gm62284,513
Gm62285,441
Gm62286,1196
Gm62287,614
Gm62288,2148
Gm62289,12369
Gm62291,3385
Gm62292,574
Gm62293,711
Gm62294,666
Gm62295,755
Gm62296,351
Gm62297,1532
Gm62298,534
Gm62299,186
Gm6230,780
Gm62300,597
Gm62301,640
Gm62302,509
Gm62303,708
Gm62304,4982
Gm62305,407
Gm62306,783
Gm62307,402
Gm62308,408
Gm62309,2566
Gm62310,484
Gm62311,509
Gm62312,3478
Gm62313,348
Gm62314,833
Gm62315,1188
Gm62316,375
Gm62317,1370
Gm62318,396
Gm62319,376
Gm62320,1602
Gm62321,2152
Gm62322,319
Gm62323,1864
Gm62324,614
Gm62325,1356
Gm62326,568
Gm62327,378
Gm62328,463
Gm62329,305
Gm62330,458
Gm62331,780
Gm62332,1566
Gm62333,744
Gm62334,823
Gm62335,291
Gm62336,1289
Gm62337,1170
Gm62338,3699
Gm62339,239
Gm62340,1692
Gm62341,909
Gm62342,3148
Gm62343,2764
Gm62344,1087
Gm62345,837
Gm62346,1100
Gm62347,732
Gm62348,1845
Gm62349,1053
Gm6235,409
Gm62350,483
Gm62351,533
Gm62352,546
Gm62353,1316
Gm62354,726
Gm62355,266
Gm62356,481
Gm62357,877
Gm62358,320
Gm62359,373
Gm6236,1009
Gm62360,480
Gm62361,1231
Gm62362,160
Gm62363,264
Gm62364,863
Gm62365,1093
Gm62366,1400
Gm62367,3041
Gm62368,2730
Gm62369,918
Gm62370,8029
Gm62371,534
Gm62372,616
Gm62373,442
Gm62374,780
Gm62375,2550
Gm62376,5226
Gm62377,3393
Gm62378,1153
Gm62379,724
Gm6238,465
Gm62380,1011
Gm62381,321
Gm62382,2693
Gm62383,1246
Gm62384,3121
Gm62385,1485
Gm62386,748
Gm62387,1036
Gm62388,405
Gm62389,662
Gm62390,3217
Gm62391,583
Gm62392,1122
Gm62393,844
Gm62394,630
Gm62395,428
Gm62396,2669
Gm62397,1754
Gm62398,1169
Gm62399,365
Gm6240,473
Gm62400,9907
Gm62401,376
Gm62402,533
Gm62403,402
Gm62404,7488
Gm62405,528
Gm62406,894
Gm62407,5189
Gm62408,413
Gm62409,3910
Gm62410,448
Gm62411,1588
Gm62412,702
Gm62413,582
Gm62414,365
Gm62415,727
Gm62416,3753
Gm62417,1108
Gm62418,390
Gm62419,4205
Gm62420,875
Gm62421,3260
Gm62422,407
Gm62423,2157
Gm62424,2532
Gm62425,671
Gm62426,2134
Gm62427,1751
Gm62428,3707
Gm62429,1324
Gm62430,2412
Gm62431,443
Gm62432,1129
Gm62433,3836
Gm62434,4258
Gm62435,688
Gm62436,1037
Gm62437,887
Gm62438,339
Gm62439,1851
Gm6244,841
Gm62440,347
Gm62441,716
Gm62442,1206
Gm62443,2825
Gm62444,449
Gm62445,1337
Gm62446,499
Gm62447,582
Gm62448,906
Gm62449,942
Gm6245,768
Gm62450,1271
Gm62451,259
Gm62452,2406
Gm62453,222
Gm62454,1849
Gm62455,688
Gm62456,724
Gm62457,556
Gm62458,612
Gm62459,4167
Gm62460,2844
Gm62461,237
Gm62462,923
Gm62463,442
Gm62464,355
Gm62465,1156
Gm62466,2210
Gm62467,2406
Gm62468,1597
Gm62469,1383
Gm62470,492
Gm62471,623
Gm62472,4185
Gm62473,351
Gm62474,8042
Gm62475,1069
Gm62476,1163
Gm62477,943
Gm62478,5981
Gm62479,574
Gm6248,186
Gm62480,706
Gm62481,757
Gm62482,679
Gm62483,822
Gm62484,2568
Gm62485,712
Gm62486,706
Gm62487,1409
Gm62488,866
Gm62489,1396
Gm6249,15743
Gm62490,1620
Gm62491,946
Gm62492,780
Gm62493,372
Gm62494,230
Gm62495,1560
Gm62496,793
Gm62497,3529
Gm62498,317
Gm62499,1072
Gm62500,1398
Gm62501,471
Gm62502,2452
Gm62503,134
Gm62504,514
Gm62505,495
Gm62506,318
Gm62507,1206
Gm62508,14145
Gm62509,1994
Gm62510,1917
Gm62511,1168
Gm62512,2829
Gm62513,3092
Gm62514,2259
Gm62515,339
Gm62516,460
Gm62517,792
Gm62518,157
Gm62519,1256
Gm6252,580
Gm62520,1026
Gm62521,4323
Gm62522,471
Gm62523,669
Gm62524,559
Gm62525,1222
Gm62526,528
Gm62527,259
Gm62528,796
Gm62529,368
Gm62530,313
Gm62531,1204
Gm62532,754
Gm62533,459
Gm62534,1384
Gm62535,5063
Gm62537,913
Gm62538,411
Gm62539,305
Gm6254,1072
Gm62540,332
Gm62541,587
Gm62542,490
Gm62543,392
Gm62544,1438
Gm62546,661
Gm62547,381
Gm62548,473
Gm62549,834
Gm62550,2577
Gm62551,631
Gm62552,465
Gm62553,477
Gm62554,742
Gm62555,1329
Gm62556,4510
Gm62557,1941
Gm62558,115
Gm62560,425
Gm62561,2083
Gm62562,681
Gm62563,331
Gm62564,1983
Gm62565,759
Gm62566,732
Gm62567,1272
Gm62568,599
Gm62569,294
Gm6257,910
Gm62570,1191
Gm62571,1411
Gm62572,764
Gm62573,3183
Gm62574,896
Gm62575,893
Gm62576,466
Gm62577,436
Gm62578,623
Gm62579,609
Gm62580,717
Gm62581,359
Gm62582,584
Gm62583,586
Gm62584,324
Gm62585,332
Gm62586,370
Gm62587,320
Gm62588,868
Gm62589,664
Gm62590,2706
Gm62591,386
Gm62592,322
Gm62593,1279
Gm62594,1444
Gm62595,322
Gm62596,978
Gm62597,294
Gm62598,828
Gm62599,542
Gm6260,8724
Gm62600,1138
Gm62601,228
Gm62602,326
Gm62603,1999
Gm62604,1931
Gm62605,355
Gm62606,5911
Gm62607,626
Gm62608,604
Gm62609,1506
Gm6261,760
Gm62610,392
Gm62611,435
Gm62612,3712
Gm62613,222
Gm62614,7277
Gm62615,1766
Gm62616,882
Gm62617,720
Gm62618,2161
Gm62619,381
Gm62620,2234
Gm62621,555
Gm62622,322
Gm62623,1111
Gm62624,1599
Gm62625,1157
Gm62626,948
Gm62627,1337
Gm62628,1084
Gm62629,314
Gm6263,1342
Gm62630,869
Gm62631,227
Gm62632,628
Gm62633,931
Gm62634,609
Gm62635,1118
Gm62636,1088
Gm62637,326
Gm62638,481
Gm62639,836
Gm6264,1511
Gm62640,416
Gm62641,551
Gm62642,2417
Gm62643,1848
Gm62644,607
Gm62645,1149
Gm62646,2378
Gm62647,1326
Gm62648,970
Gm62649,570
Gm62650,752
Gm62651,574
Gm62652,238
Gm62653,1245
Gm62654,577
Gm62655,2138
Gm62656,411
Gm62657,615
Gm62658,1391
Gm62659,650
Gm6266,806
Gm62660,396
Gm62661,389
Gm62662,2065
Gm62663,739
Gm62664,255
Gm62665,787
Gm62666,4090
Gm62667,1444
Gm62668,309
Gm62669,1749
Gm62670,740
Gm62671,377
Gm62672,477
Gm62673,397
Gm62674,753
Gm62675,531
Gm62676,1640
Gm62677,281
Gm62678,383
Gm62679,1764
Gm62680,380
Gm62681,482
Gm62682,3879
Gm62683,999
Gm62684,174
Gm62685,1457
Gm62686,1505
Gm62687,336
Gm62688,533
Gm62689,418
Gm62690,1754
Gm62691,373
Gm62692,522
Gm62693,337
Gm62694,705
Gm62695,1117
Gm62696,2021
Gm62697,631
Gm62698,661
Gm62699,333
Gm6270,559
Gm62700,358
Gm62701,476
Gm62702,1839
Gm62703,1933
Gm62704,713
Gm62705,329
Gm62706,622
Gm62707,715
Gm62708,435
Gm62709,793
Gm62710,277
Gm62711,1035
Gm62712,144
Gm62713,1232
Gm62714,2266
Gm62715,1565
Gm62716,600
Gm62717,1336
Gm62718,2857
Gm62719,350
Gm6272,171
Gm62720,745
Gm62721,921
Gm62722,331
Gm62723,402
Gm62724,2527
Gm62725,1449
Gm62726,3448
Gm62727,397
Gm62728,608
Gm62729,198
Gm62730,593
Gm62731,2065
Gm62732,418
Gm62733,1225
Gm62734,920
Gm62735,810
Gm62736,172
Gm62737,844
Gm62738,393
Gm62739,896
Gm62740,1105
Gm62741,750
Gm62742,795
Gm62743,5348
Gm62744,1417
Gm62745,6856
Gm62746,806
Gm62747,4766
Gm62748,818
Gm62749,460
Gm6275,1122
Gm62750,662
Gm62751,1149
Gm62752,488
Gm62753,459
Gm62754,2921
Gm62755,1797
Gm62756,1170
Gm62758,910
Gm62759,559
Gm6276,579
Gm62760,3275
Gm62761,406
Gm62762,321
Gm62763,696
Gm62764,412
Gm62765,466
Gm62766,1315
Gm62767,480
Gm62768,1208
Gm62769,611
Gm6277,9436
Gm62770,483
Gm62771,1795
Gm62772,1011
Gm62773,702
Gm62774,1036
Gm62775,1329
Gm62776,1099
Gm62777,960
Gm62778,398
Gm62779,419
Gm6278,772
Gm62780,1599
Gm62781,3057
Gm62782,385
Gm62783,408
Gm62784,2056
Gm62785,1145
Gm62786,484
Gm62787,484
Gm62788,372
Gm62789,1962
Gm62790,367
Gm62791,935
Gm62792,2084
Gm62793,333
Gm62794,617
Gm62795,345
Gm62796,313
Gm62797,503
Gm62798,1397
Gm62799,1252
Gm62800,656
Gm62801,735
Gm62802,1538
Gm62803,1135
Gm62804,350
Gm62805,443
Gm62806,1133
Gm62807,1067
Gm62808,903
Gm62809,801
Gm62810,558
Gm62811,941
Gm62812,522
Gm62813,6596
Gm62814,1082
Gm62815,401
Gm62816,2662
Gm62817,528
Gm62818,2095
Gm62819,234
Gm62820,4425
Gm62821,431
Gm62823,2222
Gm62824,10120
Gm62825,2109
Gm62826,676
Gm62827,1213
Gm62828,1275
Gm62829,3249
Gm6283,1000
Gm62830,1443
Gm62831,353
Gm62832,552
Gm62833,1490
Gm62834,1090
Gm62835,1310
Gm62836,935
Gm62837,3396
Gm62838,390
Gm62839,7004
Gm6284,4287
Gm62840,838
Gm62841,1867
Gm62842,1634
Gm62843,1965
Gm62844,664
Gm62845,184
Gm62846,439
Gm62847,193
Gm62848,1088
Gm62849,433
Gm6285,498
Gm62850,3167
Gm62851,860
Gm62852,1610
Gm62853,1149
Gm62854,540
Gm62855,1557
Gm62856,1221
Gm62857,1106
Gm62858,535
Gm62859,683
Gm6286,762
Gm62860,247
Gm62861,3765
Gm62862,204
Gm62863,882
Gm62864,410
Gm62865,785
Gm62866,606
Gm62867,411
Gm62868,352
Gm62869,693
Gm62870,577
Gm62871,560
Gm62872,704
Gm62873,650
Gm62874,1143
Gm62875,464
Gm62876,2334
Gm62877,220
Gm62878,373
Gm62879,2800
Gm6288,8116
Gm62880,750
Gm62881,2875
Gm62882,1108
Gm62883,275
Gm62884,341
Gm62885,376
Gm62886,1236
Gm62887,446
Gm62888,966
Gm62889,3326
Gm62890,242
Gm62891,313
Gm62892,321
Gm62893,392
Gm62894,2818
Gm62895,1451
Gm62896,732
Gm62897,536
Gm62898,1083
Gm62899,585
Gm6290,1158
Gm62900,779
Gm62901,399
Gm62902,918
Gm62903,469
Gm62904,485
Gm62905,850
Gm62906,380
Gm62907,936
Gm62908,1262
Gm62909,2158
Gm6291,309
Gm62910,316
Gm62911,306
Gm62912,563
Gm62913,1371
Gm62914,161
Gm62915,2218
Gm62916,3138
Gm62917,416
Gm62918,506
Gm62919,670
Gm6292,1095
Gm62920,2389
Gm62921,1014
Gm62922,366
Gm62923,3169
Gm62924,391
Gm62925,324
Gm62926,5147
Gm62927,373
Gm62928,3634
Gm62929,1241
Gm6293,195
Gm62930,749
Gm62931,12707
Gm62932,641
Gm62933,1175
Gm62934,1089
Gm62935,204
Gm62936,1197
Gm62937,957
Gm62938,846
Gm62939,620
Gm62940,1297
Gm62941,387
Gm62942,640
Gm62943,365
Gm62944,672
Gm62945,952
Gm62946,427
Gm62947,2891
Gm62948,2434
Gm62949,553
Gm62950,1029
Gm62951,252
Gm62952,3341
Gm62953,678
Gm62954,432
Gm62955,234
Gm62956,393
Gm62957,467
Gm62958,1391
Gm62959,1862
Gm6296,943
Gm62960,403
Gm62962,391
Gm62963,441
Gm62964,579
Gm62965,449
Gm62966,2218
Gm62967,637
Gm62968,322
Gm62969,2111
Gm6297,8891
Gm62970,384
Gm62971,300
Gm62972,825
Gm62973,686
Gm62974,4623
Gm62975,308
Gm62976,381
Gm62977,373
Gm62978,2970
Gm62979,930
Gm6298,981
Gm62980,1848
Gm62981,984
Gm62982,458
Gm62983,633
Gm62984,1982
Gm62985,1124
Gm62986,2227
Gm62987,303
Gm62988,2348
Gm62989,858
Gm62990,479
Gm62991,1220
Gm62992,419
Gm62993,1212
Gm62994,5346
Gm62995,491
Gm62996,314
Gm62997,428
Gm62998,419
Gm62999,1148
Gm6300,1498
Gm63000,531
Gm63001,422
Gm63002,413
Gm63003,1471
Gm63004,323
Gm63005,382
Gm63006,610
Gm63007,1300
Gm63008,1855
Gm63009,708
Gm63010,1615
Gm63011,1348
Gm63012,784
Gm63013,818
Gm63014,1487
Gm63015,1643
Gm63016,2714
Gm63017,1376
Gm63018,447
Gm63019,747
Gm63020,2654
Gm63021,4774
Gm63022,414
Gm63023,2068
Gm63024,720
Gm63025,477
Gm63026,738
Gm63027,585
Gm63028,576
Gm63029,952
Gm6303,471
Gm63030,549
Gm63031,993
Gm63032,1724
Gm63033,1102
Gm63034,1098
Gm63035,2240
Gm63036,473
Gm63037,757
Gm63038,757
Gm63039,355
Gm63040,1464
Gm63041,897
Gm63042,1351
Gm63043,434
Gm63044,895
Gm63045,988
Gm63046,506
Gm63047,846
Gm63048,298
Gm63049,534
Gm6305,1012
Gm63050,1413
Gm63051,5133
Gm63052,949
Gm63053,797
Gm63054,1812
Gm63055,16437
Gm63056,115
Gm63057,2344
Gm63058,247
Gm63059,1298
Gm63060,410
Gm63061,1322
Gm63062,501
Gm63063,534
Gm63064,379
Gm63065,786
Gm63066,288
Gm63067,1075
Gm63068,612
Gm63069,2025
Gm63070,348
Gm63071,1706
Gm63072,2395
Gm63073,953
Gm63074,2447
Gm63075,935
Gm63076,401
Gm63077,1209
Gm63078,1403
Gm63079,508
Gm6308,313
Gm63080,12013
Gm63081,287
Gm63082,492
Gm63083,4043
Gm63084,3758
Gm63085,1199
Gm63087,388
Gm63088,276
Gm63089,710
Gm6309,1154
Gm63090,643
Gm63091,945
Gm63092,206
Gm63093,365
Gm63094,1442
Gm63095,847
Gm63096,2945
Gm63097,2660
Gm63098,790
Gm63099,449
Gm63100,2227
Gm63101,4104
Gm63102,1053
Gm63103,434
Gm63104,771
Gm63105,1422
Gm63106,1849
Gm63107,345
Gm63108,799
Gm63109,1191
Gm6311,878
Gm63110,535
Gm63111,448
Gm63112,696
Gm63113,1542
Gm63114,1334
Gm63115,2262
Gm63116,824
Gm63117,371
Gm63118,732
Gm63119,345
Gm6312,1194
Gm63120,484
Gm63121,1653
Gm63122,1018
Gm63123,736
Gm63124,1876
Gm63125,467
Gm63126,462
Gm63127,1455
Gm63128,430
Gm63129,414
Gm6313,3959
Gm63130,781
Gm63131,372
Gm63132,189
Gm63133,357
Gm63134,567
Gm63135,339
Gm63136,530
Gm63137,619
Gm63138,9034
Gm63139,327
Gm6314,243
Gm63140,438
Gm63141,1145
Gm63142,640
Gm63143,473
Gm63144,704
Gm63145,2458
Gm63146,363
Gm63147,276
Gm63148,2784
Gm63149,852
Gm63150,662
Gm63151,5154
Gm63152,812
Gm63153,462
Gm63154,438
Gm63155,1117
Gm63156,1385
Gm63157,725
Gm63158,333
Gm63159,301
Gm6316,1020
Gm63160,199
Gm63161,798
Gm63162,2627
Gm63163,800
Gm63164,306
Gm63165,1426
Gm63166,352
Gm63167,737
Gm63168,1037
Gm63169,483
Gm6317,1000
Gm63170,2203
Gm63171,1621
Gm63172,285
Gm63173,382
Gm63174,3294
Gm63175,605
Gm63176,3138
Gm63177,1077
Gm63178,2577
Gm63179,358
Gm63180,656
Gm63181,835
Gm63182,668
Gm63183,270
Gm63184,790
Gm63185,1375
Gm63186,317
Gm63187,485
Gm63188,1234
Gm63189,1097
Gm63190,537
Gm63191,581
Gm63192,660
Gm63193,2081
Gm63194,3773
Gm63195,247
Gm63196,363
Gm63197,625
Gm63198,329
Gm63199,1223
Gm63200,1495
Gm63201,4273
Gm63202,1051
Gm63203,390
Gm63204,439
Gm63205,1201
Gm63206,985
Gm63207,1084
Gm63208,1265
Gm63209,1456
Gm6321,1090
Gm63210,437
Gm63211,251
Gm63212,976
Gm63213,1106
Gm63214,577
Gm63215,424
Gm63216,1692
Gm63217,540
Gm63218,381
Gm63219,307
Gm6322,1004
Gm63220,513
Gm63221,1029
Gm63222,574
Gm63223,775
Gm63224,439
Gm63225,1121
Gm63226,619
Gm63227,387
Gm63228,591
Gm63229,1166
Gm63230,612
Gm63231,719
Gm63232,460
Gm63233,799
Gm63234,1152
Gm63235,631
Gm63236,1510
Gm63237,561
Gm63238,722
Gm63239,891
Gm63240,831
Gm63241,514
Gm63242,1261
Gm63243,358
Gm63244,2977
Gm63245,446
Gm63246,675
Gm63247,526
Gm63248,1315
Gm63249,1726
Gm6325,3114
Gm63250,313
Gm63251,416
Gm63252,962
Gm63253,818
Gm63254,1008
Gm63255,590
Gm63257,2051
Gm63258,1112
Gm63259,3719
Gm63260,693
Gm63261,1343
Gm63262,658
Gm63263,424
Gm63264,719
Gm63265,785
Gm63266,1864
Gm63267,3035
Gm63268,593
Gm63269,818
Gm6327,1335
Gm63270,2642
Gm63271,3403
Gm63272,1245
Gm63273,1105
Gm63274,4366
Gm63275,290
Gm63276,666
Gm63277,1212
Gm63278,1015
Gm63279,2757
Gm63280,1181
Gm63281,378
Gm63282,3211
Gm63283,442
Gm63284,1711
Gm63285,641
Gm63286,468
Gm63287,371
Gm63288,1139
Gm63289,442
Gm6329,968
Gm63290,1409
Gm63291,480
Gm63292,427
Gm63293,4143
Gm63294,624
Gm63295,1177
Gm63296,254
Gm63297,4383
Gm63298,734
Gm63299,658
Gm6330,1245
Gm63300,1140
Gm63301,999
Gm63302,1003
Gm63303,658
Gm63304,702
Gm63305,675
Gm63306,2214
Gm63307,895
Gm63308,1446
Gm63309,2671
Gm6331,450
Gm63310,368
Gm63311,584
Gm63312,530
Gm63313,221
Gm63314,19657
Gm63315,336
Gm63316,891
Gm63317,727
Gm63318,841
Gm63319,592
Gm6332,683
Gm63320,872
Gm63321,2849
Gm63322,406
Gm63323,724
Gm63324,798
Gm63325,609
Gm63326,425
Gm63327,667
Gm63328,898
Gm63329,576
Gm6333,796
Gm63330,569
Gm63331,175
Gm63332,1231
Gm63333,4192
Gm63334,1069
Gm63335,1006
Gm63336,869
Gm63337,690
Gm63338,2879
Gm63339,1852
Gm6334,228
Gm63340,2570
Gm63341,6562
Gm63342,1794
Gm63343,4904
Gm63344,1930
Gm63345,398
Gm63346,1885
Gm63347,396
Gm63348,2558
Gm63349,3510
Gm6335,1194
Gm63350,285
Gm63351,3974
Gm63352,4366
Gm63353,9060
Gm63354,331
Gm63355,498
Gm63356,4514
Gm63357,617
Gm63358,811
Gm63359,260
Gm6336,492
Gm63360,1371
Gm63361,526
Gm63362,317
Gm63363,800
Gm63364,411
Gm63366,936
Gm63367,2380
Gm63368,1957
Gm63369,599
Gm6337,772
Gm63370,349
Gm63371,2185
Gm63372,775
Gm63373,610
Gm63374,2346
Gm63375,3474
Gm63376,2047
Gm63377,1773
Gm63378,826
Gm63379,430
Gm63380,1067
Gm63381,548
Gm63382,4507
Gm63383,1430
Gm63384,1166
Gm63385,636
Gm63386,1324
Gm63387,479
Gm63388,649
Gm63389,1774
Gm63390,4993
Gm63391,771
Gm63394,4369
Gm63396,345
Gm63397,797
Gm63398,2240
Gm63399,3271
Gm6340,233
Gm63400,1355
Gm63401,360
Gm63402,550
Gm63403,2476
Gm63404,2497
Gm63405,390
Gm63406,818
Gm63407,2052
Gm63408,918
Gm63409,1417
Gm6341,411
Gm63410,5108
Gm63411,408
Gm63412,526
Gm63413,2800
Gm63414,3149
Gm63415,1796
Gm63416,1251
Gm63417,1843
Gm63418,1723
Gm63419,493
Gm6342,766
Gm63420,643
Gm63421,9134
Gm63422,420
Gm63423,877
Gm63424,2559
Gm63425,1001
Gm63426,2275
Gm63427,2144
Gm63428,377
Gm63429,314
Gm6343,743
Gm63430,824
Gm63431,480
Gm63432,3115
Gm63433,453
Gm63434,1228
Gm63435,729
Gm63436,1734
Gm63437,1688
Gm63438,589
Gm63439,762
Gm6344,483
Gm63440,468
Gm63441,663
Gm63442,823
Gm63443,312
Gm63444,721
Gm63445,4701
Gm63446,835
Gm63447,735
Gm63448,1628
Gm63449,680
Gm6345,1895
Gm63450,2107
Gm63452,372
Gm63453,682
Gm63454,1259
Gm63455,1186
Gm63456,1046
Gm63457,1021
Gm63458,324
Gm63459,2308
Gm6346,1443
Gm63460,1879
Gm63461,678
Gm63462,756
Gm63463,1397
Gm63464,735
Gm63465,574
Gm63466,325
Gm63467,3864
Gm63468,590
Gm63469,1770
Gm63470,753
Gm63471,6845
Gm63472,789
Gm63473,1136
Gm63474,1391
Gm63475,673
Gm63476,462
Gm63477,1238
Gm63478,1565
Gm63479,468
Gm6348,1443
Gm63480,320
Gm63481,117
Gm63482,551
Gm63483,1548
Gm63484,365
Gm63485,4945
Gm63486,988
Gm63487,845
Gm63488,2198
Gm63489,1076
Gm63490,977
Gm63491,2227
Gm63492,421
Gm63493,474
Gm63494,533
Gm63495,776
Gm63496,790
Gm63497,1331
Gm63498,534
Gm63499,6827
Gm6350,1339
Gm63500,604
Gm63501,625
Gm63502,2111
Gm63503,1595
Gm63504,617
Gm63505,521
Gm63506,5979
Gm63507,574
Gm63508,650
Gm63509,741
Gm63510,2145
Gm63511,704
Gm63512,512
Gm63513,256
Gm63514,1062
Gm63515,616
Gm63516,743
Gm63517,888
Gm63518,685
Gm63519,377
Gm6352,1134
Gm63520,1500
Gm63521,852
Gm63522,515
Gm63523,5878
Gm63524,299
Gm63525,2267
Gm63526,147
Gm63527,375
Gm63528,1273
Gm63529,1029
Gm6353,1051
Gm63530,703
Gm63531,1075
Gm63532,593
Gm63533,1508
Gm63534,370
Gm63535,795
Gm63536,605
Gm63537,1322
Gm63538,418
Gm63540,332
Gm63541,2370
Gm63543,2339
Gm63544,506
Gm63545,3105
Gm63546,453
Gm63547,966
Gm63548,377
Gm63549,1469
Gm63550,1324
Gm63551,1036
Gm63552,1302
Gm63553,516
Gm63554,546
Gm63555,1430
Gm63556,580
Gm63557,609
Gm63558,2200
Gm63559,231
Gm6356,806
Gm63560,1247
Gm63561,1502
Gm63562,509
Gm63563,687
Gm63564,5755
Gm63565,1245
Gm63566,364
Gm63567,1438
Gm63568,2708
Gm63569,768
Gm63570,1162
Gm63571,2618
Gm63572,1400
Gm63573,1184
Gm63574,1928
Gm63575,1249
Gm63576,1160
Gm63577,1116
Gm63578,9351
Gm63579,702
Gm63580,4445
Gm63581,558
Gm63582,494
Gm63583,730
Gm63584,714
Gm63585,1516
Gm63586,1484
Gm63587,671
Gm63588,1251
Gm63589,4682
Gm63590,905
Gm63591,1191
Gm63592,1835
Gm63593,1785
Gm63594,488
Gm63595,1801
Gm63596,1245
Gm63597,820
Gm63598,3250
Gm63599,1411
Gm63600,1861
Gm63601,1701
Gm63602,1828
Gm63603,1533
Gm63604,922
Gm63605,4550
Gm63606,204
Gm63607,2296
Gm63608,3902
Gm63609,5837
Gm6361,435
Gm63610,458
Gm63611,935
Gm63612,198
Gm63613,3114
Gm63614,632
Gm63615,952
Gm63616,1598
Gm63617,2706
Gm63618,2367
Gm6362,836
Gm63620,414
Gm63622,661
Gm63623,585
Gm63627,3598
Gm63629,3214
Gm6363,1074
Gm63630,12737
Gm63631,321
Gm63632,1654
Gm63633,942
Gm63634,1763
Gm63635,1151
Gm63636,7967
Gm63637,874
Gm63638,420
Gm63639,739
Gm63640,348
Gm63641,1018
Gm63642,1324
Gm63643,835
Gm63644,1174
Gm63645,566
Gm63646,2007
Gm63647,504
Gm63648,198
Gm63649,425
Gm6365,744
Gm63650,249
Gm63651,563
Gm63652,2644
Gm63653,2928
Gm63654,659
Gm63655,758
Gm63656,540
Gm63658,2796
Gm63659,1227
Gm6366,826
Gm63660,1477
Gm63661,1259
Gm63662,808
Gm63665,306
Gm63666,2632
Gm63667,1489
Gm63668,733
Gm63669,748
Gm63670,1671
Gm63671,274
Gm63672,1042
Gm63673,2367
Gm63674,1921
Gm63675,491
Gm63676,1243
Gm63677,256
Gm63678,403
Gm63679,430
Gm6368,2147
Gm63680,1653
Gm63681,518
Gm63682,583
Gm63683,386
Gm63684,1227
Gm63685,462
Gm63686,327
Gm63687,882
Gm63688,845
Gm63689,1526
Gm6369,412
Gm63690,436
Gm63691,325
Gm63692,8840
Gm63693,386
Gm63694,489
Gm63695,477
Gm63696,955
Gm63697,872
Gm63698,425
Gm63699,589
Gm6370,1714
Gm63700,336
Gm63701,292
Gm63702,1478
Gm63703,415
Gm63704,515
Gm63705,899
Gm63706,501
Gm63707,399
Gm63708,1513
Gm63709,2223
Gm63710,688
Gm63711,631
Gm63712,297
Gm63713,1619
Gm63714,835
Gm63715,2633
Gm63716,620
Gm63717,536
Gm63718,1042
Gm63719,2505
Gm63720,1968
Gm63721,275
Gm63722,604
Gm63723,1554
Gm63724,350
Gm63725,1293
Gm63726,585
Gm63727,577
Gm63728,905
Gm63729,1100
Gm6373,360
Gm63730,2433
Gm63731,435
Gm63732,1130
Gm63733,431
Gm63734,410
Gm63735,281
Gm63737,799
Gm63738,370
Gm63739,1321
Gm6374,788
Gm63740,1665
Gm63741,2272
Gm63742,695
Gm63743,387
Gm63744,564
Gm63745,426
Gm63746,1261
Gm63747,404
Gm63748,521
Gm63749,566
Gm6375,1145
Gm63750,912
Gm63751,3059
Gm63752,918
Gm63753,401
Gm63754,2456
Gm63755,495
Gm63756,520
Gm63757,2419
Gm63758,3012
Gm63759,835
Gm6376,580
Gm63760,1411
Gm63761,1069
Gm63762,1486
Gm63763,545
Gm63764,300
Gm63765,617
Gm63766,914
Gm63767,476
Gm63768,1077
Gm63769,1247
Gm6377,3204
Gm63770,1347
Gm63771,450
Gm63772,356
Gm63773,397
Gm63774,651
Gm63775,611
Gm63776,1272
Gm63777,421
Gm63778,248
Gm63779,1330
Gm6378,442
Gm63780,895
Gm63781,1214
Gm63782,2128
Gm63783,480
Gm63784,441
Gm63785,459
Gm63786,298
Gm63787,566
Gm63788,198
Gm63789,612
Gm63790,464
Gm63791,2818
Gm63792,2316
Gm63793,498
Gm63794,788
Gm63795,1084
Gm63796,665
Gm63797,486
Gm63798,466
Gm63799,475
Gm63800,672
Gm63801,692
Gm63802,319
Gm63803,3204
Gm63804,2249
Gm63805,361
Gm63806,369
Gm63807,5964
Gm63808,2048
Gm63809,1233
Gm63810,516
Gm63811,2357
Gm63812,783
Gm63813,940
Gm63814,2218
Gm63815,7161
Gm63816,1094
Gm63817,362
Gm63818,859
Gm63819,513
Gm6382,942
Gm63820,1584
Gm63821,1232
Gm63822,457
Gm63823,6757
Gm63824,1309
Gm63825,1100
Gm63826,1050
Gm63827,2092
Gm63828,1682
Gm63829,187
Gm63830,2096
Gm63831,1637
Gm63832,313
Gm63833,491
Gm63834,1598
Gm63835,706
Gm63836,734
Gm63837,1799
Gm63838,459
Gm63839,440
Gm63840,1233
Gm63841,655
Gm63842,659
Gm63843,1092
Gm63844,355
Gm63845,276
Gm63846,517
Gm63847,550
Gm63848,647
Gm63849,1382
Gm63850,423
Gm63851,499
Gm63852,2196
Gm63853,366
Gm63854,494
Gm63855,529
Gm63856,676
Gm63857,803
Gm63858,560
Gm63859,561
Gm6386,2200
Gm63860,1534
Gm63861,612
Gm63862,229
Gm63863,402
Gm63864,766
Gm63865,1047
Gm63866,635
Gm63867,1081
Gm63868,1106
Gm63869,283
Gm63870,535
Gm63871,1211
Gm63872,256
Gm63873,932
Gm63874,196
Gm63875,796
Gm63876,1550
Gm63877,1515
Gm63878,2596
Gm63879,244
Gm63880,3293
Gm63881,482
Gm63882,318
Gm63883,992
Gm63884,854
Gm63885,706
Gm63886,1325
Gm63887,494
Gm63888,589
Gm63889,364
Gm63890,2401
Gm63891,812
Gm63892,914
Gm63893,1092
Gm63894,705
Gm63895,1581
Gm63896,1075
Gm63897,982
Gm63898,580
Gm63899,410
Gm6390,589
Gm63900,259
Gm63901,705
Gm63902,808
Gm63903,623
Gm63904,413
Gm63905,2665
Gm63906,1199
Gm63907,375
Gm63908,318
Gm63909,642
Gm63910,780
Gm63911,1304
Gm63912,916
Gm63913,917
Gm63914,5842
Gm63915,809
Gm63916,223
Gm63917,664
Gm63918,591
Gm63919,11186
Gm6392,1354
Gm63920,1464
Gm63921,855
Gm63922,4915
Gm63923,5364
Gm63924,616
Gm63925,294
Gm63926,1069
Gm63927,575
Gm63928,884
Gm63929,576
Gm63930,1302
Gm63931,382
Gm63932,391
Gm63933,265
Gm63934,593
Gm63935,959
Gm63936,912
Gm63937,3499
Gm63938,889
Gm63939,514
Gm6394,477
Gm63940,3229
Gm63941,1234
Gm63942,456
Gm63943,1636
Gm63944,2622
Gm63945,1137
Gm63946,697
Gm63947,1501
Gm63948,774
Gm63949,1488
Gm63950,802
Gm63951,294
Gm63952,581
Gm63953,482
Gm63954,1156
Gm63955,3962
Gm63956,527
Gm63957,1166
Gm63958,2219
Gm63959,334
Gm63960,459
Gm63961,1032
Gm63962,328
Gm63963,1013
Gm63964,549
Gm63965,979
Gm63966,322
Gm63967,617
Gm63968,578
Gm63969,690
Gm6397,1069
Gm63970,818
Gm63971,1007
Gm63972,413
Gm63973,1169
Gm63974,356
Gm63975,3489
Gm63976,220
Gm63977,485
Gm63978,461
Gm63979,1172
Gm63980,740
Gm63981,808
Gm63982,595
Gm63983,305
Gm63984,2150
Gm63985,393
Gm63986,747
Gm63987,835
Gm63988,2299
Gm63989,489
Gm63990,509
Gm63991,1717
Gm63992,320
Gm63993,479
Gm63994,752
Gm63995,384
Gm63996,2118
Gm63997,947
Gm63998,349
Gm63999,332
Gm64000,1391
Gm64001,8667
Gm64002,2591
Gm64003,1956
Gm64004,890
Gm64005,2553
Gm64006,201
Gm64007,901
Gm64008,1035
Gm64009,1817
Gm6401,646
Gm64010,1013
Gm64011,673
Gm64012,937
Gm64013,3172
Gm64014,767
Gm64015,442
Gm64016,1253
Gm64017,852
Gm64018,923
Gm64019,1965
Gm6402,414
Gm64020,1332
Gm64021,2534
Gm64022,6534
Gm64023,473
Gm64024,621
Gm64025,978
Gm64026,379
Gm64027,490
Gm64028,934
Gm64029,879
Gm6403,2689
Gm64030,403
Gm64031,2627
Gm64032,320
Gm64033,1850
Gm64034,541
Gm64035,447
Gm64036,601
Gm64037,720
Gm64038,496
Gm64039,1464
Gm64040,6684
Gm64041,4066
Gm64042,398
Gm64043,153
Gm64044,330
Gm64045,447
Gm64046,1374
Gm64047,276
Gm64048,735
Gm64049,461
Gm64050,1111
Gm64051,1128
Gm64052,311
Gm64053,758
Gm64054,812
Gm64055,436
Gm64057,1284
Gm64058,912
Gm64059,421
Gm64060,590
Gm64061,551
Gm64062,559
Gm64063,1238
Gm64064,507
Gm64065,781
Gm64066,1557
Gm64067,1135
Gm64068,438
Gm64069,1133
Gm6407,549
Gm64070,756
Gm64071,2502
Gm64072,978
Gm64073,297
Gm64074,376
Gm64075,779
Gm64076,2550
Gm64077,1421
Gm64078,280
Gm64079,859
Gm6408,1171
Gm64080,591
Gm64081,1718
Gm64082,665
Gm64083,881
Gm64084,1801
Gm64085,378
Gm64086,1417
Gm64087,2241
Gm64088,1483
Gm64089,543
Gm6409,619
Gm64090,1293
Gm64091,917
Gm64092,722
Gm64093,1952
Gm64094,1452
Gm64095,838
Gm64096,1264
Gm64097,1461
Gm64098,3312
Gm64099,945
Gm6410,3480
Gm64101,1502
Gm64102,294
Gm64103,785
Gm64104,1504
Gm64105,515
Gm64106,1925
Gm64107,257
Gm64108,516
Gm64109,356
Gm6411,1204
Gm64110,1246
Gm64111,341
Gm64112,328
Gm64113,700
Gm64114,1202
Gm64115,1431
Gm64116,324
Gm64117,484
Gm64118,444
Gm64119,289
Gm64120,993
Gm64121,604
Gm64122,2291
Gm64123,431
Gm64124,493
Gm64125,782
Gm64126,4599
Gm64127,766
Gm64128,415
Gm64129,1299
Gm64130,529
Gm64131,398
Gm64132,514
Gm64133,1554
Gm64134,942
Gm64135,606
Gm64136,464
Gm64137,2600
Gm64138,6329
Gm64139,1303
Gm64140,1869
Gm64141,270
Gm64142,605
Gm64143,5813
Gm64144,1708
Gm64145,552
Gm64146,609
Gm64147,900
Gm64148,1926
Gm64149,463
Gm64150,1021
Gm64151,300
Gm64152,573
Gm64153,1063
Gm64154,596
Gm64155,851
Gm64156,857
Gm64157,1450
Gm64158,642
Gm64159,1083
Gm6416,7431
Gm64160,2947
Gm64161,1366
Gm64162,1485
Gm64163,1548
Gm64164,2433
Gm64165,296
Gm64166,1282
Gm64167,1194
Gm64168,406
Gm64169,762
Gm64170,865
Gm64171,1302
Gm64172,1075
Gm64173,253
Gm64174,551
Gm64175,440
Gm64176,693
Gm64177,1732
Gm64178,3005
Gm64179,1420
Gm6418,3577
Gm64180,929
Gm64181,411
Gm64182,511
Gm64183,1356
Gm64184,874
Gm64186,698
Gm64187,642
Gm64188,421
Gm64189,273
Gm6419,429
Gm64190,254
Gm64191,713
Gm64192,384
Gm64193,370
Gm64194,344
Gm64195,604
Gm64196,624
Gm64197,697
Gm64198,591
Gm64199,415
Gm6420,1143
Gm64200,587
Gm64201,930
Gm64202,1429
Gm64203,592
Gm64204,1536
Gm64205,383
Gm64206,2480
Gm64207,2174
Gm64208,548
Gm64209,1699
Gm6421,409
Gm64210,2060
Gm64211,406
Gm64212,1768
Gm64213,2391
Gm64214,765
Gm64215,1326
Gm64216,563
Gm64217,1326
Gm64218,407
Gm64219,787
Gm64220,714
Gm64221,659
Gm64222,592
Gm64223,1430
Gm64224,911
Gm64225,3017
Gm64226,348
Gm64227,937
Gm64228,2127
Gm64229,3482
Gm6423,934
Gm64230,4410
Gm64231,10234
Gm64232,1239
Gm64233,1426
Gm64234,5141
Gm64235,1485
Gm64236,1234
Gm64237,2007
Gm64238,703
Gm64239,684
Gm64240,1011
Gm64241,247
Gm64242,2634
Gm64243,917
Gm64244,423
Gm64245,2493
Gm64246,2065
Gm64247,888
Gm64248,553
Gm64249,442
Gm6425,790
Gm64250,985
Gm64251,1363
Gm64252,632
Gm64253,427
Gm64254,354
Gm64255,724
Gm64256,847
Gm64257,372
Gm64258,339
Gm64259,1855
Gm6426,854
Gm64260,423
Gm64261,1090
Gm64262,6793
Gm64263,3850
Gm64264,992
Gm64265,555
Gm64266,496
Gm64267,587
Gm64268,869
Gm64269,1085
Gm6427,979
Gm64270,1217
Gm64271,782
Gm64272,1749
Gm64273,424
Gm64274,394
Gm64275,2702
Gm64276,534
Gm64277,467
Gm64278,1047
Gm64279,2319
Gm6428,345
Gm64280,463
Gm64281,979
Gm64282,826
Gm64283,413
Gm64284,2171
Gm64285,1231
Gm64286,1831
Gm64287,1951
Gm64288,393
Gm64289,481
Gm6429,475
Gm64290,486
Gm64291,304
Gm64292,1633
Gm64293,526
Gm64294,1599
Gm64295,1225
Gm64296,519
Gm64297,640
Gm64298,2637
Gm64299,931
Gm6430,1248
Gm64300,642
Gm64301,621
Gm64302,444
Gm64303,379
Gm64304,1353
Gm64305,287
Gm64306,471
Gm64307,181
Gm64308,2084
Gm64309,419
Gm64310,3102
Gm64311,1386
Gm64312,421
Gm64313,326
Gm64314,1524
Gm64315,743
Gm64316,1324
Gm64317,1262
Gm64318,1467
Gm64319,1858
Gm64320,1064
Gm64321,544
Gm64322,361
Gm64323,458
Gm64324,1205
Gm64325,359
Gm64326,935
Gm64327,729
Gm64328,783
Gm64329,3912
Gm6433,875
Gm64330,304
Gm64331,318
Gm64332,608
Gm64333,2883
Gm64334,888
Gm64335,1063
Gm64336,516
Gm64337,2700
Gm64338,11320
Gm64339,583
Gm6434,372
Gm64340,862
Gm64341,3308
Gm64342,886
Gm64343,754
Gm64344,1146
Gm64345,729
Gm64346,693
Gm64347,3091
Gm64348,3263
Gm64349,422
Gm64350,1401
Gm64351,456
Gm64352,1007
Gm64353,840
Gm64354,260
Gm64355,5491
Gm64356,539
Gm64357,2795
Gm64358,342
Gm64359,2571
Gm6436,451
Gm64360,2705
Gm64361,929
Gm64362,1256
Gm64363,954
Gm64364,716
Gm64365,2082
Gm64366,519
Gm64367,1611
Gm64368,772
Gm64369,879
Gm64370,2590
Gm64371,837
Gm64372,480
Gm64373,659
Gm64374,513
Gm64375,5578
Gm64376,699
Gm64377,524
Gm64378,430
Gm64379,528
Gm6438,460
Gm64380,789
Gm64381,168
Gm64382,4776
Gm64383,1102
Gm64384,1197
Gm64385,324
Gm64386,313
Gm64387,355
Gm64388,3027
Gm64389,498
Gm6439,862
Gm64390,1283
Gm64391,603
Gm64392,1153
Gm64393,360
Gm64394,856
Gm64395,350
Gm64396,9987
Gm64397,1021
Gm64398,1374
Gm64399,1100
Gm6440,354
Gm64400,317
Gm64401,983
Gm64402,491
Gm64403,1896
Gm64404,962
Gm64405,1420
Gm64406,612
Gm64407,1127
Gm64408,870
Gm64409,3699
Gm6441,696
Gm64410,496
Gm64411,599
Gm64412,1401
Gm64413,900
Gm64414,1035
Gm64415,1510
Gm64416,345
Gm64417,471
Gm64418,343
Gm64419,1400
Gm64420,643
Gm64421,842
Gm64422,1313
Gm64423,1392
Gm64424,3795
Gm64425,465
Gm64426,498
Gm64427,1135
Gm64428,446
Gm64429,495
Gm6443,874
Gm64430,1612
Gm64431,2786
Gm64432,369
Gm64433,1492
Gm64434,451
Gm64435,388
Gm64436,691
Gm64437,1889
Gm64438,966
Gm64439,406
Gm6444,458
Gm64440,501
Gm64441,746
Gm64442,579
Gm64443,1643
Gm64444,707
Gm64445,812
Gm64446,285
Gm64447,1149
Gm64448,550
Gm64449,432
Gm6445,1112
Gm64450,485
Gm64451,733
Gm64452,807
Gm64453,3202
Gm64454,2103
Gm64455,1228
Gm64456,395
Gm64457,1289
Gm64458,692
Gm64459,667
Gm6446,818
Gm64460,1112
Gm64461,3859
Gm64462,344
Gm64463,17954
Gm64464,377
Gm64465,2361
Gm64466,1796
Gm64467,1816
Gm64468,514
Gm64469,2742
Gm6447,835
Gm64470,544
Gm64471,1958
Gm64472,312
Gm64473,569
Gm64474,927
Gm64475,688
Gm64476,990
Gm64477,1669
Gm64478,582
Gm64479,2609
Gm64480,1354
Gm64481,1077
Gm64482,1197
Gm64483,399
Gm64484,1979
Gm64485,630
Gm64486,2349
Gm64487,1764
Gm64488,831
Gm64489,358
Gm64490,1152
Gm64491,435
Gm64492,2153
Gm64493,1186
Gm64494,2189
Gm64495,538
Gm64496,1175
Gm64497,545
Gm64498,559
Gm64499,485
Gm6450,574
Gm64500,469
Gm64501,467
Gm64502,1251
Gm64503,663
Gm64504,1767
Gm64505,1354
Gm64506,1122
Gm64507,416
Gm64508,734
Gm64509,2133
Gm6451,717
Gm64510,179
Gm64511,511
Gm64512,474
Gm64513,699
Gm64514,1229
Gm64515,498
Gm64516,1061
Gm64517,811
Gm64518,1181
Gm64519,792
Gm6452,797
Gm64520,1799
Gm64521,142
Gm64522,486
Gm64523,589
Gm64524,3507
Gm64525,1673
Gm64526,832
Gm64527,1035
Gm64528,799
Gm64529,1255
Gm64530,1516
Gm64531,1615
Gm64532,836
Gm64533,339
Gm64534,1555
Gm64535,942
Gm64536,722
Gm64537,1015
Gm64538,486
Gm64539,1043
Gm64540,1164
Gm64541,475
Gm64542,724
Gm64543,3128
Gm64544,342
Gm64545,898
Gm64546,370
Gm64547,860
Gm64548,396
Gm64549,2186
Gm6455,4112
Gm64550,5342
Gm64551,2168
Gm64552,1629
Gm64553,6587
Gm64554,539
Gm64555,2091
Gm64556,626
Gm64557,435
Gm64558,575
Gm64559,584
Gm64560,296
Gm64561,197
Gm64562,294
Gm64563,1454
Gm64564,500
Gm64565,1023
Gm64566,321
Gm64567,2231
Gm64568,647
Gm64569,649
Gm6457,492
Gm64570,692
Gm64571,864
Gm64572,883
Gm64573,749
Gm64574,618
Gm64575,323
Gm64576,2475
Gm64577,686
Gm64578,285
Gm64579,3392
Gm6458,635
Gm64580,867
Gm64581,1658
Gm64582,4050
Gm64583,72
Gm64584,241
Gm64585,1238
Gm64586,988
Gm64587,281
Gm64588,786
Gm64589,225
Gm64590,4295
Gm64591,139
Gm64592,602
Gm64593,356
Gm64594,2732
Gm64595,754
Gm64596,500
Gm64597,417
Gm64598,1006
Gm64599,320
Gm64600,319
Gm64601,1635
Gm64602,415
Gm64603,542
Gm64604,2326
Gm64605,383
Gm64606,573
Gm64607,1999
Gm64608,716
Gm64609,656
Gm6461,633
Gm64610,1232
Gm64611,598
Gm64612,518
Gm64613,766
Gm64614,961
Gm64615,1201
Gm64616,1024
Gm64617,487
Gm64618,1440
Gm64619,2934
Gm6462,304
Gm64620,1630
Gm64621,2765
Gm64622,1553
Gm64623,393
Gm64624,345
Gm64625,528
Gm64626,716
Gm64627,839
Gm64628,1884
Gm64629,1029
Gm6463,966
Gm64630,490
Gm64631,954
Gm64632,893
Gm64633,1988
Gm64634,1372
Gm64635,821
Gm64636,552
Gm64637,2326
Gm64638,1005
Gm64639,224
Gm6464,1122
Gm64640,346
Gm64642,4279
Gm64643,190
Gm64644,5525
Gm64645,781
Gm64646,323
Gm64647,2298
Gm64648,892
Gm64649,1669
Gm6465,546
Gm64650,1140
Gm64651,3725
Gm64652,4136
Gm64653,292
Gm64654,1517
Gm64655,449
Gm64656,1901
Gm64657,1534
Gm64658,381
Gm64659,334
Gm64660,1908
Gm64661,654
Gm64662,1480
Gm64663,560
Gm64664,2845
Gm64665,1046
Gm64666,513
Gm64667,495
Gm64668,1087
Gm64669,714
Gm6467,751
Gm64670,858
Gm64671,420
Gm64672,295
Gm64673,458
Gm64674,339
Gm64675,449
Gm64676,2024
Gm64677,338
Gm64678,797
Gm64679,500
Gm6468,1443
Gm64680,294
Gm64681,323
Gm64682,670
Gm64683,1310
Gm64684,4096
Gm64685,368
Gm64686,278
Gm64687,1891
Gm64688,2049
Gm64689,745
Gm64690,573
Gm64691,532
Gm64692,1912
Gm64694,720
Gm64695,524
Gm64696,773
Gm64697,519
Gm64698,353
Gm64699,519
Gm6470,1888
Gm64700,1018
Gm64701,300
Gm64702,2643
Gm64703,277
Gm64704,4878
Gm64705,1515
Gm64706,379
Gm64707,850
Gm64708,2600
Gm64709,843
Gm6471,3699
Gm64710,421
Gm64711,835
Gm64712,4177
Gm64713,2557
Gm64714,574
Gm64715,1637
Gm64716,391
Gm64717,446
Gm64718,1081
Gm64719,551
Gm64720,1549
Gm64721,1223
Gm64722,500
Gm64723,2881
Gm64724,826
Gm64725,496
Gm64726,270
Gm64727,824
Gm64728,635
Gm64729,1906
Gm6473,1210
Gm64730,459
Gm64731,1060
Gm64732,637
Gm64733,806
Gm64734,2235
Gm64735,418
Gm64736,836
Gm64737,479
Gm64738,2283
Gm64739,353
Gm6474,699
Gm64740,813
Gm64742,6178
Gm64743,745
Gm64744,607
Gm64745,553
Gm64746,428
Gm64747,3362
Gm64748,622
Gm64749,483
Gm6475,1936
Gm64750,388
Gm64751,457
Gm64752,206
Gm64753,961
Gm64754,1412
Gm64755,391
Gm64756,1160
Gm64757,1303
Gm64758,508
Gm64759,917
Gm6476,861
Gm64760,278
Gm64761,433
Gm64762,1164
Gm64763,723
Gm64764,458
Gm64765,4108
Gm64766,480
Gm64767,348
Gm64768,1239
Gm64769,4036
Gm6477,764
Gm64770,646
Gm64771,346
Gm64772,2068
Gm64773,618
Gm64774,989
Gm64775,805
Gm64776,2191
Gm64777,1355
Gm64778,527
Gm64779,361
Gm6478,742
Gm64780,4074
Gm64781,3414
Gm64782,3717
Gm64783,429
Gm64784,2008
Gm64785,336
Gm64786,829
Gm64787,192
Gm64788,2136
Gm64789,925
Gm6479,1027
Gm64790,1091
Gm64791,2248
Gm64792,780
Gm64793,541
Gm64794,1114
Gm64795,367
Gm64796,21075
Gm64797,789
Gm64798,890
Gm64799,443
Gm6480,1886
Gm64800,391
Gm64801,276
Gm64802,2562
Gm64803,955
Gm64804,1808
Gm64805,925
Gm64806,361
Gm64807,741
Gm64808,281
Gm64809,1231
Gm64810,2343
Gm64811,895
Gm64812,779
Gm64813,780
Gm64814,1911
Gm64815,949
Gm64816,458
Gm64817,1289
Gm64818,2334
Gm64819,12772
Gm6482,612
Gm64820,1797
Gm64821,1463
Gm64822,773
Gm64823,466
Gm64824,5653
Gm64825,548
Gm64826,3023
Gm64827,4188
Gm64828,1905
Gm64829,1135
Gm6483,862
Gm64830,653
Gm64831,824
Gm64832,2148
Gm64833,364
Gm64834,454
Gm64835,647
Gm64836,666
Gm64837,346
Gm64838,1288
Gm64839,243
Gm64840,349
Gm64841,4528
Gm64842,260
Gm64843,1193
Gm64844,907
Gm64845,1001
Gm64846,840
Gm64847,778
Gm64848,1064
Gm64849,277
Gm6485,439
Gm64850,1910
Gm64851,416
Gm64852,711
Gm64853,2810
Gm64854,465
Gm64855,427
Gm64856,13778
Gm64857,663
Gm64858,1079
Gm64859,2583
Gm6486,434
Gm64860,281
Gm64861,353
Gm64862,367
Gm64863,1081
Gm64864,1594
Gm64865,3336
Gm64866,778
Gm64867,988
Gm64868,849
Gm64869,867
Gm64870,1381
Gm64871,1313
Gm64872,752
Gm64873,1132
Gm64874,580
Gm64875,864
Gm64876,5327
Gm64877,1279
Gm64878,1121
Gm64879,1159
Gm6488,2008
Gm64880,9162
Gm64881,316
Gm64882,558
Gm64883,305
Gm64884,1331
Gm64885,964
Gm64886,398
Gm64887,470
Gm64888,436
Gm64889,186
Gm64890,1639
Gm64891,598
Gm64892,415
Gm64893,646
Gm64894,992
Gm64895,1597
Gm64896,1583
Gm64897,1040
Gm64898,3567
Gm64899,4324
Gm649,1054
Gm6490,461
Gm64900,490
Gm64901,2262
Gm64902,2131
Gm64903,382
Gm64904,1307
Gm64905,627
Gm64906,443
Gm64907,2247
Gm64908,663
Gm64909,403
Gm6491,990
Gm64910,295
Gm64911,406
Gm64912,866
Gm64913,485
Gm64914,264
Gm64915,392
Gm64917,940
Gm64918,2043
Gm64919,1777
Gm6492,1128
Gm64920,414
Gm64921,1292
Gm64922,2135
Gm64923,589
Gm64924,867
Gm64925,688
Gm64926,307
Gm64927,1811
Gm64928,1783
Gm64929,962
Gm6493,2639
Gm64930,1937
Gm64931,408
Gm64932,6573
Gm64933,1261
Gm64934,529
Gm64935,2681
Gm64936,14249
Gm64937,412
Gm64938,365
Gm64939,389
Gm6494,2298
Gm64940,1380
Gm64941,1612
Gm64942,4090
Gm64943,548
Gm64944,477
Gm64945,6111
Gm64946,951
Gm64947,828
Gm64948,982
Gm64949,410
Gm64950,4410
Gm64951,499
Gm64952,1150
Gm64953,423
Gm64954,610
Gm64955,412
Gm64956,871
Gm64957,5591
Gm64958,873
Gm64959,1142
Gm6496,402
Gm64960,2260
Gm64961,611
Gm64962,1126
Gm64963,558
Gm64964,369
Gm64965,627
Gm64966,909
Gm64967,1305
Gm64968,646
Gm64969,1080
Gm64970,340
Gm64971,1563
Gm64972,685
Gm64973,1765
Gm64974,222
Gm64975,610
Gm64976,881
Gm64977,563
Gm64978,897
Gm64979,1653
Gm6498,1006
Gm64980,1024
Gm64981,497
Gm64982,419
Gm64983,1946
Gm64984,3075
Gm64985,664
Gm64986,433
Gm64987,825
Gm64988,2855
Gm64989,5001
Gm6499,1857
Gm64990,1385
Gm64991,881
Gm64992,694
Gm64993,1478
Gm64994,391
Gm64995,769
Gm64996,377
Gm64997,3012
Gm64998,429
Gm64999,1027
Gm650,1551
Gm6500,451
Gm65000,4837
Gm65001,625
Gm65002,456
Gm65003,630
Gm65004,1467
Gm65005,2153
Gm65006,533
Gm65007,435
Gm65008,4165
Gm65009,1485
Gm6501,916
Gm65010,332
Gm65011,2793
Gm65012,1275
Gm65013,5737
Gm65014,672
Gm65015,2110
Gm65016,494
Gm65017,362
Gm65018,319
Gm65019,900
Gm65020,498
Gm65021,1436
Gm65022,418
Gm65023,1011
Gm65024,1201
Gm65025,221
Gm65026,800
Gm65027,1833
Gm65028,1254
Gm65029,1715
Gm6503,2225
Gm65030,3152
Gm65031,2414
Gm65032,516
Gm65033,5701
Gm65034,487
Gm65035,835
Gm65036,360
Gm65037,2288
Gm65038,1422
Gm65039,821
Gm65040,861
Gm65041,1502
Gm65042,1767
Gm65043,182
Gm65044,2813
Gm65045,557
Gm65046,1059
Gm65047,481
Gm65048,454
Gm65049,384
Gm6505,648
Gm65050,1299
Gm65051,523
Gm65052,340
Gm65053,519
Gm65054,292
Gm65055,2184
Gm65056,669
Gm65057,2685
Gm65058,1042
Gm65059,992
Gm6506,1132
Gm65060,631
Gm65061,1089
Gm65062,393
Gm65063,999
Gm65064,326
Gm65065,4309
Gm65066,5704
Gm65067,298
Gm65068,3322
Gm65069,1403
Gm6507,1695
Gm65070,1816
Gm65071,1227
Gm65072,565
Gm65073,1356
Gm65074,837
Gm65075,592
Gm65076,674
Gm65077,470
Gm65079,1043
Gm65080,562
Gm65081,1670
Gm65082,635
Gm65083,414
Gm65084,306
Gm65085,476
Gm65086,2865
Gm65087,990
Gm65088,639
Gm65089,886
Gm65090,1937
Gm65091,510
Gm65092,1990
Gm65093,234
Gm65094,385
Gm65095,526
Gm65096,623
Gm65097,273
Gm65098,772
Gm65099,472
Gm6510,574
Gm65100,510
Gm65101,420
Gm65102,531
Gm65103,1324
Gm65104,365
Gm65105,4791
Gm65106,1673
Gm65107,292
Gm65108,723
Gm65109,1046
Gm65110,3062
Gm65111,456
Gm65112,458
Gm65113,483
Gm65114,2031
Gm65115,4397
Gm65116,1601
Gm65117,559
Gm65118,1084
Gm65119,358
Gm6512,1068
Gm65120,1069
Gm65121,1320
Gm65122,1120
Gm65123,1541
Gm65124,964
Gm65125,1026
Gm65126,875
Gm65127,272
Gm65128,3691
Gm65129,837
Gm65130,510
Gm65131,406
Gm65132,675
Gm65133,516
Gm65134,763
Gm65135,888
Gm65136,769
Gm65137,273
Gm65138,4507
Gm65139,1026
Gm65140,638
Gm65141,1471
Gm65142,500
Gm65143,1804
Gm65144,2531
Gm65145,335
Gm65146,909
Gm65147,18482
Gm65148,8135
Gm65149,634
Gm65150,767
Gm65151,192
Gm65152,1487
Gm65153,454
Gm65154,369
Gm65155,486
Gm65156,1712
Gm65157,3662
Gm65158,803
Gm65159,794
Gm65160,591
Gm65161,951
Gm65162,547
Gm65163,1536
Gm65164,1331
Gm65165,282
Gm65166,383
Gm65167,4203
Gm65168,4671
Gm65169,1003
Gm6517,511
Gm65170,2260
Gm65171,374
Gm65172,1959
Gm65173,589
Gm65174,576
Gm65175,804
Gm65176,482
Gm65177,403
Gm65178,694
Gm65179,278
Gm6518,507
Gm65180,1780
Gm65181,1436
Gm65182,403
Gm65183,474
Gm65184,443
Gm65185,1113
Gm65186,975
Gm65187,2074
Gm65188,674
Gm65189,293
Gm65190,223
Gm65191,967
Gm65192,312
Gm65193,1291
Gm65194,1522
Gm65195,2484
Gm65196,1320
Gm65197,963
Gm65198,708
Gm65199,1439
Gm6520,410
Gm65200,966
Gm65201,1021
Gm65202,738
Gm65203,367
Gm65204,589
Gm65205,518
Gm65206,5300
Gm65207,512
Gm65208,5347
Gm65209,268
Gm65210,1004
Gm65211,338
Gm65212,460
Gm65213,727
Gm65214,4601
Gm65215,956
Gm65216,764
Gm65217,274
Gm65218,402
Gm6522,1203
Gm65220,696
Gm65221,1030
Gm65222,1117
Gm65223,1096
Gm65224,526
Gm65225,796
Gm65226,748
Gm65227,346
Gm65228,2555
Gm65229,312
Gm65230,673
Gm65231,1317
Gm65232,546
Gm65233,396
Gm65234,7735
Gm65235,708
Gm65236,559
Gm65238,993
Gm65239,225
Gm6524,1443
Gm65240,419
Gm65241,692
Gm65242,1321
Gm65243,417
Gm65244,699
Gm65245,1654
Gm65246,997
Gm65247,1087
Gm65248,4960
Gm65249,836
Gm6525,1029
Gm65250,619
Gm65251,3659
Gm65252,891
Gm65253,3095
Gm65254,474
Gm65255,531
Gm65256,746
Gm65257,1074
Gm65258,4998
Gm65259,1079
Gm6526,3486
Gm65260,1346
Gm65261,2145
Gm65262,3885
Gm65263,1841
Gm65264,952
Gm65265,459
Gm65266,539
Gm65267,865
Gm65268,377
Gm65269,561
Gm65270,424
Gm65271,366
Gm65272,3631
Gm65273,356
Gm65274,1025
Gm65275,350
Gm65276,4355
Gm65277,1195
Gm65278,1229
Gm65279,502
Gm65280,2536
Gm65281,1284
Gm65282,526
Gm65283,2610
Gm65284,2231
Gm65285,430
Gm65286,1520
Gm65287,1451
Gm65288,337
Gm65289,775
Gm65290,707
Gm65291,683
Gm65292,483
Gm65293,948
Gm65294,818
Gm65295,4998
Gm65297,442
Gm65298,449
Gm65299,284
Gm65300,436
Gm65301,431
Gm65302,595
Gm65303,1031
Gm65304,403
Gm65305,539
Gm65306,328
Gm65307,971
Gm65308,972
Gm65309,371
Gm65310,494
Gm65311,640
Gm65312,528
Gm65313,731
Gm65314,944
Gm65315,2294
Gm65316,3407
Gm65319,334
Gm6532,559
Gm65320,421
Gm65321,288
Gm65322,772
Gm65323,717
Gm65324,1596
Gm65325,266
Gm65326,417
Gm65327,454
Gm65328,370
Gm65329,256
Gm6533,608
Gm65330,638
Gm65331,1075
Gm65332,278
Gm65333,427
Gm65334,599
Gm65335,476
Gm65336,524
Gm65337,916
Gm65338,602
Gm65339,414
Gm65340,2562
Gm65341,3352
Gm65342,136
Gm65343,652
Gm65344,1828
Gm65345,2474
Gm65346,500
Gm65347,1153
Gm65348,3350
Gm65349,669
Gm65350,1501
Gm65352,1134
Gm65353,556
Gm65354,346
Gm65355,1340
Gm65356,809
Gm65357,1183
Gm65358,349
Gm65359,2454
Gm6536,615
Gm65360,493
Gm65361,674
Gm65362,1487
Gm65363,363
Gm65364,1119
Gm65365,1031
Gm65366,503
Gm65367,364
Gm65368,1207
Gm65369,313
Gm65370,2627
Gm65371,1004
Gm65372,359
Gm65373,506
Gm65374,1308
Gm65375,932
Gm65376,5078
Gm65377,633
Gm65378,831
Gm65379,428
Gm65380,186
Gm65381,302
Gm65382,537
Gm65383,247
Gm65384,1573
Gm65385,340
Gm65386,367
Gm65387,845
Gm65388,530
Gm65389,1006
Gm65390,953
Gm65391,725
Gm65392,1930
Gm65393,463
Gm65394,348
Gm65395,317
Gm65396,2301
Gm65397,708
Gm65398,1342
Gm65399,606
Gm6540,969
Gm65400,607
Gm65401,1645
Gm65402,1014
Gm65403,503
Gm65404,411
Gm65405,415
Gm65406,299
Gm65407,1042
Gm65408,2118
Gm65409,300
Gm6541,561
Gm65410,1825
Gm65411,1180
Gm65412,661
Gm65413,1273
Gm65414,3181
Gm65415,1035
Gm65416,4059
Gm65417,1008
Gm65418,367
Gm65419,1277
Gm6542,772
Gm65420,694
Gm65421,1168
Gm65422,411
Gm65423,1089
Gm65424,1222
Gm65425,385
Gm65426,737
Gm65427,924
Gm65428,1120
Gm65429,572
Gm6543,808
Gm65430,356
Gm65431,328
Gm65432,5382
Gm65433,2881
Gm65434,433
Gm65435,554
Gm65436,2236
Gm65437,640
Gm65438,1003
Gm65439,282
Gm65440,872
Gm65441,521
Gm65442,389
Gm65443,1704
Gm65444,724
Gm65445,2231
Gm65446,555
Gm65447,1339
Gm65448,280
Gm65449,3081
Gm65450,1004
Gm65451,3609
Gm65452,2943
Gm65454,447
Gm65455,573
Gm65456,1498
Gm65457,472
Gm65458,267
Gm65459,428
Gm6546,766
Gm65460,398
Gm65461,873
Gm65462,1225
Gm65463,591
Gm65464,645
Gm65465,1527
Gm65466,3283
Gm65468,278
Gm65469,1169
Gm65470,1247
Gm65471,360
Gm65472,1619
Gm65473,202
Gm65474,535
Gm65475,944
Gm65476,264
Gm65477,808
Gm65478,692
Gm65479,525
Gm6548,1165
Gm65480,1092
Gm65481,947
Gm65482,857
Gm65483,1172
Gm65484,777
Gm65485,533
Gm65486,579
Gm65487,1008
Gm65488,1144
Gm65489,842
Gm65490,1244
Gm65491,1534
Gm65492,1687
Gm65493,528
Gm65494,392
Gm65495,16701
Gm65496,1164
Gm65497,415
Gm65498,843
Gm65499,2825
Gm6550,993
Gm65500,694
Gm65501,3825
Gm65502,1300
Gm65503,3626
Gm65504,2896
Gm65505,344
Gm65506,564
Gm65507,1282
Gm65508,1052
Gm65509,469
Gm6551,2610
Gm65510,299
Gm65511,505
Gm65512,441
Gm65513,419
Gm65514,488
Gm65515,872
Gm65516,469
Gm65517,415
Gm65518,545
Gm65519,702
Gm6552,1061
Gm65520,544
Gm65521,735
Gm65522,846
Gm65523,458
Gm65524,937
Gm65525,1401
Gm65526,1040
Gm65527,642
Gm65528,510
Gm65529,1604
Gm6553,956
Gm65530,3692
Gm65531,364
Gm65532,849
Gm65533,1631
Gm65535,671
Gm65536,348
Gm65537,2105
Gm65538,2214
Gm65539,1070
Gm6554,1912
Gm65540,3039
Gm65541,2066
Gm65542,135
Gm65543,399
Gm65544,1591
Gm65545,643
Gm65546,335
Gm65547,369
Gm65548,1154
Gm65549,1123
Gm6555,789
Gm65550,533
Gm65551,769
Gm65552,911
Gm65553,2330
Gm65554,1014
Gm65555,381
Gm65556,2000
Gm65557,355
Gm65558,3437
Gm65559,553
Gm6556,5574
Gm65560,820
Gm65561,1563
Gm65562,6263
Gm65563,532
Gm65564,14959
Gm65565,469
Gm65566,501
Gm65567,923
Gm65568,285
Gm65569,692
Gm6557,2270
Gm65570,1494
Gm65571,430
Gm65572,359
Gm65573,735
Gm65574,2080
Gm65575,1010
Gm65576,1207
Gm65577,589
Gm65578,228
Gm65579,444
Gm6558,1973
Gm65580,415
Gm65581,887
Gm65582,392
Gm65583,1198
Gm65584,580
Gm65585,1125
Gm65586,618
Gm65587,2149
Gm65588,2173
Gm65589,648
Gm6559,3990
Gm65590,753
Gm65591,1553
Gm65592,801
Gm65593,659
Gm65594,1522
Gm65595,709
Gm65596,1642
Gm65597,551
Gm65598,288
Gm65599,409
Gm6560,1591
Gm65600,355
Gm65601,1233
Gm65602,855
Gm65603,1563
Gm65604,1297
Gm65605,396
Gm65606,2152
Gm65607,1010
Gm65608,334
Gm65609,659
Gm65610,550
Gm65611,456
Gm65612,538
Gm65613,3210
Gm65614,302
Gm65615,3636
Gm65616,2382
Gm65617,1687
Gm65618,896
Gm65619,379
Gm6562,464
Gm65620,501
Gm65621,881
Gm65622,750
Gm65623,905
Gm65624,822
Gm65625,290
Gm65626,2606
Gm65627,3234
Gm65628,632
Gm65629,596
Gm6563,633
Gm65630,727
Gm65631,476
Gm65632,1369
Gm65633,240
Gm65634,503
Gm65635,4454
Gm65636,323
Gm65637,548
Gm65638,848
Gm65639,366
Gm6564,619
Gm65640,318
Gm65641,546
Gm65642,473
Gm65643,560
Gm65644,695
Gm65645,135
Gm65646,577
Gm65647,599
Gm65648,618
Gm65649,1586
Gm6565,438
Gm65650,957
Gm65651,902
Gm65652,2160
Gm65653,1524
Gm65654,1645
Gm65655,736
Gm65656,363
Gm65657,604
Gm65658,546
Gm65659,1541
Gm6566,3100
Gm65660,383
Gm65661,1811
Gm65662,420
Gm65663,486
Gm65664,592
Gm65665,1088
Gm65666,994
Gm65667,342
Gm65668,1646
Gm65669,634
Gm6567,2520
Gm65670,218
Gm65671,419
Gm65672,323
Gm65673,903
Gm65674,404
Gm65675,299
Gm65676,611
Gm65677,645
Gm65678,2743
Gm65679,2657
Gm6568,697
Gm65680,3862
Gm65681,2177
Gm65682,647
Gm65683,1341
Gm65684,628
Gm65685,4426
Gm65686,268
Gm65687,529
Gm65688,388
Gm65689,546
Gm6569,811
Gm65690,3135
Gm65691,1392
Gm65692,4308
Gm65693,911
Gm65694,689
Gm65695,799
Gm65696,732
Gm65697,1209
Gm65698,615
Gm65699,2413
Gm65700,1354
Gm65701,705
Gm65702,719
Gm65703,821
Gm65704,339
Gm65705,1638
Gm65706,572
Gm65707,906
Gm65708,558
Gm65709,2706
Gm65710,7982
Gm65711,559
Gm65712,408
Gm65713,765
Gm65714,360
Gm65715,1778
Gm65717,987
Gm65718,608
Gm65719,450
Gm65720,2476
Gm65721,798
Gm65722,310
Gm65723,1612
Gm65724,1861
Gm65725,612
Gm65726,2077
Gm65727,640
Gm65728,1942
Gm65729,440
Gm65730,640
Gm65731,546
Gm65732,2262
Gm65733,4332
Gm65734,2201
Gm65735,628
Gm65736,2509
Gm65737,3371
Gm65738,1426
Gm65739,1043
Gm6574,362
Gm65740,771
Gm65741,10694
Gm65742,2769
Gm65743,665
Gm65744,2060
Gm65745,2075
Gm65746,422
Gm65747,412
Gm65748,356
Gm65749,377
Gm6575,697
Gm65750,2252
Gm65751,838
Gm65752,520
Gm65753,789
Gm65754,995
Gm65755,2760
Gm65756,608
Gm65757,4959
Gm65758,2787
Gm65759,1769
Gm6576,883
Gm65760,1774
Gm65761,2216
Gm65762,105
Gm65763,245
Gm65764,890
Gm65765,1159
Gm65766,3230
Gm65767,684
Gm65768,1211
Gm65769,1294
Gm65770,5000
Gm65771,728
Gm65772,649
Gm65773,3549
Gm65774,522
Gm65775,714
Gm65776,500
Gm65777,1274
Gm65778,768
Gm65779,2495
Gm6578,1544
Gm65780,290
Gm65781,278
Gm65782,684
Gm65783,364
Gm65784,375
Gm65785,1433
Gm65786,4143
Gm65787,1458
Gm65788,571
Gm65789,641
Gm6579,865
Gm65790,868
Gm65791,1097
Gm65792,496
Gm65793,206
Gm65794,462
Gm65795,397
Gm65796,3146
Gm65797,1503
Gm65798,608
Gm65799,518
Gm6580,1357
Gm65800,1937
Gm65801,1015
Gm65802,722
Gm65803,1192
Gm65804,459
Gm65805,316
Gm65806,711
Gm65807,2253
Gm65808,1210
Gm65809,4646
Gm6581,260
Gm65810,417
Gm65811,1157
Gm65812,576
Gm65813,452
Gm65814,2302
Gm65815,486
Gm65816,1391
Gm65817,307
Gm65818,1054
Gm65819,534
Gm65821,1811
Gm65822,1614
Gm65823,1185
Gm65824,839
Gm65825,427
Gm65826,256
Gm65827,1292
Gm65828,782
Gm65829,648
Gm65830,683
Gm65831,1864
Gm65833,787
Gm65834,1429
Gm65835,495
Gm65836,954
Gm65837,325
Gm65838,625
Gm65839,951
Gm6584,447
Gm65840,1304
Gm65841,2088
Gm65842,701
Gm65843,384
Gm65844,396
Gm65845,1666
Gm65846,9479
Gm65847,448
Gm65848,861
Gm65849,612
Gm65850,532
Gm65851,254
Gm65852,326
Gm65853,385
Gm65854,536
Gm65855,2877
Gm65856,4725
Gm65857,1212
Gm65858,1793
Gm65859,422
Gm6586,643
Gm65860,453
Gm65861,1970
Gm65862,987
Gm65863,629
Gm65864,769
Gm65865,2608
Gm65866,325
Gm65867,636
Gm65868,2149
Gm65869,1346
Gm6587,613
Gm65870,468
Gm65871,1093
Gm65872,383
Gm65873,598
Gm65874,406
Gm65875,746
Gm65876,855
Gm65877,2398
Gm65878,3177
Gm65879,456
Gm65880,759
Gm65881,625
Gm65882,3190
Gm65883,792
Gm65884,627
Gm65885,515
Gm65886,446
Gm65887,505
Gm65888,762
Gm65889,313
Gm65890,281
Gm65891,902
Gm65892,575
Gm65893,1022
Gm65894,128
Gm65895,678
Gm65896,799
Gm65897,530
Gm65898,252
Gm65899,529
Gm6590,687
Gm65900,735
Gm65901,605
Gm65902,191
Gm65903,3787
Gm65904,292
Gm65905,476
Gm65906,707
Gm65907,1110
Gm65908,3495
Gm65909,1813
Gm6591,434
Gm65910,618
Gm65911,3406
Gm65912,2197
Gm65913,575
Gm65914,2046
Gm65915,805
Gm65916,2456
Gm65917,1112
Gm65918,1230
Gm65919,545
Gm65920,380
Gm65921,406
Gm65922,2493
Gm65923,633
Gm65924,364
Gm65925,637
Gm65926,998
Gm65927,768
Gm65928,774
Gm65929,450
Gm6593,1135
Gm65930,934
Gm65931,631
Gm65932,330
Gm65933,2726
Gm65934,2020
Gm65935,260
Gm65936,669
Gm65937,1096
Gm65938,590
Gm65939,436
Gm6594,286
Gm65940,960
Gm65941,338
Gm65942,2041
Gm65943,690
Gm65944,527
Gm65945,1107
Gm65946,488
Gm65947,1936
Gm65948,665
Gm65949,680
Gm65950,1556
Gm65951,865
Gm65952,607
Gm65953,711
Gm65954,2616
Gm65955,443
Gm65956,367
Gm65957,2495
Gm65958,774
Gm65959,874
Gm65960,1154
Gm65961,487
Gm65962,348
Gm65963,610
Gm65964,282
Gm65965,478
Gm65966,346
Gm65967,444
Gm65968,3440
Gm65969,358
Gm65970,792
Gm65971,2972
Gm65972,2005
Gm65973,1401
Gm65974,729
Gm65975,350
Gm65976,566
Gm65977,1182
Gm65978,508
Gm65979,317
Gm6598,3934
Gm65980,3834
Gm65981,484
Gm65982,521
Gm65983,444
Gm65984,5437
Gm65985,219
Gm65986,1458
Gm65987,1070
Gm65988,966
Gm65989,444
Gm6599,408
Gm65990,3566
Gm65991,2805
Gm65993,5591
Gm65994,1764
Gm65996,2007
Gm65997,666
Gm65998,721
Gm65999,2356
Gm6600,4164
Gm66000,4119
Gm66001,419
Gm66002,823
Gm66003,325
Gm66004,1020
Gm66005,206
Gm66006,6371
Gm66007,1134
Gm66008,482
Gm66009,418
Gm66010,333
Gm66011,376
Gm66012,1088
Gm66013,430
Gm66014,362
Gm66015,6279
Gm66016,932
Gm66017,796
Gm66018,755
Gm66019,729
Gm6602,3413
Gm66020,584
Gm66021,1558
Gm66022,1670
Gm66023,493
Gm66024,267
Gm66025,6572
Gm66026,545
Gm66027,401
Gm66028,5250
Gm66030,2605
Gm66031,394
Gm66032,815
Gm66033,690
Gm66034,283
Gm66035,584
Gm66036,402
Gm66037,709
Gm66038,379
Gm66039,392
Gm66040,277
Gm66041,585
Gm66042,541
Gm66043,563
Gm66044,860
Gm66045,424
Gm66046,656
Gm66047,1072
Gm66048,927
Gm66049,617
Gm6605,2574
Gm66050,657
Gm66052,826
Gm66053,4414
Gm66054,2383
Gm66055,623
Gm66056,402
Gm66057,48
Gm66058,2446
Gm66059,333
Gm6606,947
Gm66060,3983
Gm66061,1483
Gm66062,656
Gm66063,1276
Gm66064,605
Gm66065,381
Gm66066,2690
Gm66067,1415
Gm66068,1091
Gm66069,570
Gm6607,328
Gm66070,1681
Gm66071,325
Gm66072,603
Gm66073,1490
Gm66074,1983
Gm66075,413
Gm66076,268
Gm66077,920
Gm66078,454
Gm66079,373
Gm66080,448
Gm66081,532
Gm66083,1920
Gm66084,510
Gm66085,468
Gm66086,874
Gm66087,601
Gm66088,1323
Gm66089,279
Gm66090,420
Gm66091,1072
Gm66092,1796
Gm66093,395
Gm66094,747
Gm66095,1313
Gm66096,571
Gm66097,1122
Gm66098,9700
Gm66099,1421
Gm6610,762
Gm66100,1582
Gm66101,649
Gm66102,545
Gm66103,410
Gm66104,478
Gm66105,2645
Gm66106,677
Gm66107,1441
Gm66108,1663
Gm66109,2644
Gm6611,1272
Gm66110,341
Gm66111,1276
Gm66112,1723
Gm66113,837
Gm66114,513
Gm66115,340
Gm66116,552
Gm66117,1960
Gm66118,463
Gm66119,198
Gm6612,395
Gm66120,612
Gm66121,597
Gm66122,556
Gm66123,431
Gm66124,1699
Gm66125,380
Gm66126,3633
Gm66127,533
Gm66128,1679
Gm66129,8694
Gm66130,599
Gm66131,1015
Gm66132,2879
Gm66133,365
Gm66134,1502
Gm66135,1780
Gm66136,1022
Gm66137,1187
Gm66138,347
Gm66139,2275
Gm66140,4492
Gm66141,1148
Gm66142,3547
Gm66143,1092
Gm66144,1091
Gm66145,507
Gm66146,252
Gm66147,300
Gm66148,1790
Gm66149,639
Gm6615,631
Gm66150,820
Gm66151,184
Gm66152,322
Gm66154,1595
Gm66155,4231
Gm66156,540
Gm66157,796
Gm66158,1240
Gm66159,18808
Gm6616,249
Gm66160,1389
Gm66161,416
Gm66162,1102
Gm66163,254
Gm66164,1293
Gm66165,566
Gm66166,911
Gm66167,357
Gm66168,433
Gm66169,378
Gm66170,1271
Gm66171,795
Gm66172,1332
Gm66173,2940
Gm66174,1382
Gm66175,1891
Gm66176,768
Gm66177,691
Gm66178,3161
Gm66179,798
Gm6618,1127
Gm66180,1638
Gm66181,752
Gm66182,557
Gm66183,709
Gm66184,818
Gm66185,415
Gm66186,584
Gm66187,265
Gm66188,3074
Gm66189,461
Gm6619,608
Gm66190,1800
Gm66191,964
Gm66192,1844
Gm66193,1796
Gm66194,432
Gm66195,485
Gm66196,565
Gm66197,3840
Gm66198,666
Gm66199,561
Gm6620,715
Gm66200,1428
Gm66201,978
Gm66202,2001
Gm66203,742
Gm66204,398
Gm66205,424
Gm66206,403
Gm66207,648
Gm66208,1751
Gm66209,1519
Gm6621,772
Gm66210,385
Gm66211,308
Gm66212,515
Gm66213,657
Gm66214,1476
Gm66215,373
Gm66216,511
Gm66217,4435
Gm66218,1105
Gm66219,1020
Gm66220,792
Gm66221,529
Gm66222,505
Gm66223,2346
Gm66224,3424
Gm66225,2055
Gm66226,788
Gm66227,2851
Gm66228,1009
Gm66229,838
Gm6623,544
Gm66230,13834
Gm66231,1914
Gm66232,1011
Gm66233,383
Gm66234,636
Gm66235,3003
Gm66236,681
Gm66237,2907
Gm66238,2910
Gm66239,1184
Gm66240,813
Gm66241,7432
Gm66242,659
Gm66243,1061
Gm66244,900
Gm66245,308
Gm66246,571
Gm66247,642
Gm66248,579
Gm66249,506
Gm6625,272
Gm66250,2617
Gm66251,1053
Gm66252,379
Gm66253,675
Gm66254,1119
Gm66255,346
Gm66256,3221
Gm66257,425
Gm66258,884
Gm66259,315
Gm66260,387
Gm66261,1378
Gm66262,348
Gm66263,390
Gm66264,475
Gm66265,1738
Gm66266,1364
Gm66267,630
Gm66268,1138
Gm66269,875
Gm6627,2386
Gm66270,857
Gm66271,1440
Gm66272,456
Gm66273,4568
Gm66274,1522
Gm66275,610
Gm66276,696
Gm66277,225
Gm66278,1991
Gm66279,3722
Gm66280,347
Gm66281,440
Gm66282,925
Gm66283,1068
Gm66284,687
Gm66285,537
Gm66286,834
Gm66287,645
Gm66288,404
Gm66289,588
Gm66290,321
Gm66291,414
Gm66292,486
Gm66293,3875
Gm66294,1753
Gm66295,461
Gm66296,186
Gm66297,814
Gm66298,685
Gm66299,207
Gm6630,454
Gm66300,1054
Gm66301,12892
Gm66302,1194
Gm66303,1981
Gm66304,407
Gm66305,622
Gm66306,365
Gm66307,1887
Gm66308,205
Gm66309,473
Gm6631,559
Gm66310,1453
Gm66311,1158
Gm66312,343
Gm66313,446
Gm66314,954
Gm66315,624
Gm66316,1015
Gm66317,587
Gm66318,285
Gm66319,3026
Gm6632,954
Gm66320,294
Gm66321,995
Gm66322,974
Gm66323,884
Gm66324,1033
Gm66325,797
Gm66326,577
Gm66327,1502
Gm66328,355
Gm66329,302
Gm6633,270
Gm66330,495
Gm66331,329
Gm66332,1957
Gm66333,1582
Gm66334,303
Gm66335,1168
Gm66336,2143
Gm66337,1307
Gm66338,1030
Gm66339,507
Gm6634,14620
Gm66340,265
Gm66341,470
Gm66342,574
Gm66343,891
Gm66344,544
Gm66345,2504
Gm66346,889
Gm66347,319
Gm66348,1611
Gm66349,2237
Gm66350,827
Gm66351,389
Gm66352,287
Gm66353,6279
Gm66354,1898
Gm66355,1136
Gm66356,1833
Gm66357,550
Gm66358,277
Gm66359,583
Gm66360,447
Gm66361,393
Gm66362,716
Gm66363,660
Gm66364,773
Gm66365,422
Gm66366,1507
Gm66367,788
Gm66368,2689
Gm66369,610
Gm6637,382
Gm66370,516
Gm66371,957
Gm66372,2301
Gm66373,489
Gm66374,483
Gm66375,3025
Gm66376,1010
Gm66377,1961
Gm66378,993
Gm66379,706
Gm66380,211
Gm66381,186
Gm66383,969
Gm66384,577
Gm66385,1189
Gm66386,606
Gm66387,2032
Gm66388,783
Gm66389,696
Gm6639,12697
Gm66390,769
Gm66391,323
Gm66392,879
Gm66393,953
Gm66394,1265
Gm66395,1003
Gm66396,353
Gm66397,2646
Gm66399,1061
Gm6640,1587
Gm66400,2122
Gm66401,470
Gm66402,500
Gm66403,575
Gm66404,617
Gm66405,313
Gm66406,1629
Gm66407,729
Gm66408,629
Gm66409,520
Gm6641,1315
Gm66410,789
Gm66411,127
Gm66412,368
Gm66413,1286
Gm66414,638
Gm66415,677
Gm66416,1354
Gm66417,567
Gm66418,414
Gm66419,540
Gm66420,1152
Gm66421,895
Gm66422,332
Gm66423,451
Gm66424,528
Gm66425,647
Gm66426,405
Gm66427,3069
Gm66428,424
Gm66429,1830
Gm6643,2467
Gm66430,375
Gm66431,563
Gm66432,393
Gm66433,474
Gm66434,790
Gm66435,435
Gm66436,1562
Gm66437,507
Gm66438,568
Gm66439,577
Gm6644,951
Gm66440,1819
Gm66441,957
Gm66442,1635
Gm66443,936
Gm66444,444
Gm66445,559
Gm66446,671
Gm66447,307
Gm66448,5083
Gm66449,1478
Gm6645,2726
Gm66450,1006
Gm66451,829
Gm66452,1807
Gm66453,393
Gm66454,422
Gm66455,422
Gm66456,256
Gm66457,427
Gm66458,12570
Gm66459,705
Gm66460,517
Gm66462,2165
Gm66463,451
Gm66464,745
Gm66465,2513
Gm66466,542
Gm66467,784
Gm66468,2643
Gm66469,148
Gm6647,3242
Gm66470,705
Gm66471,1420
Gm66472,355
Gm66473,1512
Gm66474,439
Gm66475,765
Gm66476,4668
Gm66477,735
Gm66478,1316
Gm66479,397
Gm66480,431
Gm66481,163
Gm66482,542
Gm66483,3580
Gm66484,334
Gm66485,860
Gm66486,2898
Gm66487,251
Gm66488,668
Gm66489,2266
Gm6649,1165
Gm66490,2243
Gm66491,821
Gm66492,949
Gm66493,1487
Gm66494,930
Gm66495,560
Gm66496,1105
Gm66497,343
Gm66498,1174
Gm66499,1411
Gm6650,1485
Gm66500,395
Gm66501,412
Gm66502,499
Gm66503,395
Gm66504,2313
Gm66505,503
Gm66506,367
Gm66507,435
Gm66508,1234
Gm66509,555
Gm6651,271
Gm66510,838
Gm66511,1628
Gm66512,7432
Gm66513,375
Gm66514,487
Gm66515,803
Gm66516,683
Gm66517,600
Gm66518,1088
Gm66519,515
Gm6652,1070
Gm66520,434
Gm66521,2292
Gm66522,403
Gm66523,1148
Gm66524,386
Gm66525,591
Gm66526,823
Gm66527,298
Gm66528,412
Gm66529,549
Gm6653,2638
Gm66530,724
Gm66531,4475
Gm66532,2186
Gm66533,355
Gm66534,642
Gm66535,553
Gm66536,1065
Gm66537,937
Gm66538,3019
Gm66539,286
Gm6654,348
Gm66540,2480
Gm66541,405
Gm66542,1052
Gm66543,655
Gm66544,1217
Gm66545,355
Gm66546,546
Gm66547,686
Gm66548,961
Gm66549,2628
Gm6655,1309
Gm66550,1156
Gm66551,1955
Gm66553,1322
Gm66554,2001
Gm66555,545
Gm66556,10099
Gm66557,1013
Gm66558,318
Gm66559,710
Gm66560,615
Gm66561,819
Gm66562,755
Gm66563,430
Gm66564,760
Gm66565,465
Gm66566,1274
Gm66567,1503
Gm66568,969
Gm66569,261
Gm66571,18132
Gm66572,605
Gm66573,407
Gm66574,862
Gm66575,1818
Gm66576,775
Gm66577,442
Gm66578,437
Gm66579,515
Gm6658,2362
Gm66580,536
Gm66581,3116
Gm66582,467
Gm66583,414
Gm66584,3339
Gm66585,741
Gm66586,3538
Gm66587,818
Gm66588,2764
Gm66589,1354
Gm6659,547
Gm66590,334
Gm66591,1116
Gm66592,1090
Gm66593,1147
Gm66594,727
Gm66595,8954
Gm66596,317
Gm66597,609
Gm66598,864
Gm66599,1907
Gm6660,468
Gm66600,497
Gm66601,2051
Gm66602,478
Gm66603,857
Gm66604,1513
Gm66605,287
Gm66606,1108
Gm66607,1718
Gm66608,11295
Gm66609,312
Gm66610,5005
Gm66611,607
Gm66612,781
Gm66613,652
Gm66614,568
Gm66615,537
Gm66616,4865
Gm66617,856
Gm66618,677
Gm66619,965
Gm66620,3464
Gm66621,1498
Gm66622,1049
Gm66623,1509
Gm66624,437
Gm66625,1303
Gm66626,378
Gm66627,614
Gm66628,1179
Gm66629,468
Gm6663,973
Gm66630,766
Gm66631,849
Gm66632,421
Gm66633,898
Gm66634,272
Gm66635,953
Gm66636,380
Gm66637,285
Gm66638,4224
Gm66639,1003
Gm6664,468
Gm66640,4370
Gm66641,1020
Gm66642,1966
Gm66643,256
Gm66644,1076
Gm66645,2724
Gm66646,1522
Gm66647,922
Gm66648,358
Gm66649,839
Gm6665,658
Gm66650,1124
Gm66651,389
Gm66652,2264
Gm66653,361
Gm66654,795
Gm66655,332
Gm66656,639
Gm66657,428
Gm66658,570
Gm66659,695
Gm66660,386
Gm66661,493
Gm66662,477
Gm66663,484
Gm66664,566
Gm66665,304
Gm66666,4868
Gm66668,730
Gm66669,295
Gm6667,564
Gm66670,711
Gm66671,1216
Gm66672,396
Gm66673,552
Gm66674,1014
Gm66675,667
Gm66676,1730
Gm66677,1309
Gm66678,742
Gm66679,635
Gm66680,473
Gm66681,368
Gm66682,930
Gm66683,562
Gm66684,318
Gm66685,1113
Gm66686,2617
Gm66687,2622
Gm66688,647
Gm66689,5961
Gm6669,997
Gm66690,665
Gm66691,2341
Gm66692,1691
Gm66693,3077
Gm66694,908
Gm66695,4344
Gm66696,375
Gm66697,376
Gm66698,402
Gm66699,1268
Gm66700,1466
Gm66701,820
Gm66702,387
Gm66703,283
Gm66704,1952
Gm66705,684
Gm66706,886
Gm66707,1029
Gm66708,1720
Gm66709,1327
Gm66710,1854
Gm66711,1078
Gm66712,850
Gm66713,856
Gm66714,3165
Gm66715,200
Gm66716,526
Gm66717,4205
Gm66718,570
Gm66719,230
Gm66720,140
Gm66721,893
Gm66722,5132
Gm66723,1229
Gm66724,1145
Gm66725,644
Gm66726,6018
Gm66727,2708
Gm66728,6164
Gm66729,1340
Gm6673,700
Gm66730,3513
Gm66731,620
Gm66732,1455
Gm66733,665
Gm66734,673
Gm66735,1843
Gm66736,1243
Gm66737,2965
Gm66738,412
Gm66739,984
Gm66740,1281
Gm66741,924
Gm66742,265
Gm66743,943
Gm66744,2352
Gm66745,610
Gm66746,601
Gm66747,1502
Gm66748,907
Gm66749,871
Gm66750,200
Gm66751,2299
Gm66752,4115
Gm66753,526
Gm66754,569
Gm66755,882
Gm66756,422
Gm66757,1883
Gm66758,761
Gm66759,2231
Gm6676,2066
Gm66760,322
Gm66761,355
Gm66762,556
Gm66763,580
Gm66764,431
Gm66765,336
Gm66766,4004
Gm66767,1754
Gm66768,366
Gm66769,1614
Gm6677,441
Gm66770,1876
Gm66771,284
Gm66772,6145
Gm66773,798
Gm66774,544
Gm66775,1968
Gm66776,232
Gm66777,3295
Gm66778,2556
Gm66779,510
Gm66780,4542
Gm66781,440
Gm66782,1695
Gm66783,464
Gm66784,332
Gm66786,1793
Gm66787,305
Gm66788,1422
Gm66789,665
Gm6679,1869
Gm66790,1755
Gm66791,341
Gm66792,658
Gm66793,740
Gm66794,233
Gm66795,203
Gm66796,716
Gm66797,680
Gm66798,3255
Gm66799,500
Gm6680,950
Gm66800,767
Gm66801,1154
Gm66802,801
Gm66803,308
Gm66804,1066
Gm66805,1935
Gm66806,371
Gm66807,938
Gm66808,1735
Gm66809,1639
Gm6681,607
Gm66810,1306
Gm66811,2868
Gm66812,2569
Gm66813,948
Gm66814,4219
Gm66815,876
Gm66816,1555
Gm66817,706
Gm66818,2544
Gm66819,562
Gm6682,1346
Gm66820,481
Gm66821,968
Gm66822,13873
Gm66823,1118
Gm66824,1512
Gm66825,2823
Gm66826,1233
Gm66827,1943
Gm66828,386
Gm66830,2383
Gm66831,1353
Gm66832,442
Gm66833,152
Gm66834,438
Gm66835,361
Gm66836,686
Gm66837,9971
Gm66838,2417
Gm66839,1535
Gm6684,685
Gm66840,1929
Gm66841,393
Gm66842,403
Gm66843,1213
Gm66844,1119
Gm66845,471
Gm66846,770
Gm66847,401
Gm66848,1103
Gm66849,3435
Gm6685,687
Gm66850,1381
Gm66851,611
Gm66852,811
Gm66853,641
Gm66854,599
Gm66855,748
Gm66856,927
Gm66857,911
Gm66858,374
Gm66859,683
Gm6686,258
Gm66860,570
Gm66861,2746
Gm66862,504
Gm66863,304
Gm66864,742
Gm66865,874
Gm66866,606
Gm66867,3319
Gm66868,638
Gm66869,302
Gm66870,1294
Gm66871,896
Gm66872,2458
Gm66873,411
Gm66874,500
Gm66875,1105
Gm66876,631
Gm66877,841
Gm66878,2203
Gm66879,2403
Gm66880,500
Gm66881,3531
Gm66882,1131
Gm66883,1614
Gm66884,5307
Gm66885,516
Gm66886,1000
Gm66887,3008
Gm66888,1541
Gm66889,1273
Gm6689,481
Gm66890,1038
Gm66891,973
Gm66892,650
Gm66893,1282
Gm66894,849
Gm66895,1181
Gm66896,663
Gm66897,519
Gm66898,605
Gm66899,557
Gm66900,449
Gm66901,735
Gm66902,1345
Gm66903,526
Gm66904,910
Gm66905,289
Gm66906,1231
Gm66907,2008
Gm66908,790
Gm66909,617
Gm66910,536
Gm66911,384
Gm66912,909
Gm66913,916
Gm66914,2774
Gm66915,775
Gm66916,476
Gm66919,1420
Gm66920,332
Gm66921,757
Gm66922,4057
Gm66923,684
Gm66924,978
Gm66925,817
Gm66926,652
Gm66927,889
Gm66928,277
Gm66929,1329
Gm6693,813
Gm66930,655
Gm66931,975
Gm66932,415
Gm66933,2825
Gm66934,506
Gm66935,2763
Gm66936,382
Gm66937,3568
Gm66938,939
Gm66939,744
Gm66940,1631
Gm66941,452
Gm66942,446
Gm66943,2365
Gm66944,459
Gm66945,1322
Gm66946,748
Gm66947,374
Gm66948,418
Gm66949,2656
Gm6695,1172
Gm66950,430
Gm66951,393
Gm66952,1254
Gm66953,471
Gm66954,2902
Gm66955,444
Gm66956,434
Gm66957,1176
Gm66958,389
Gm66959,1212
Gm66961,1600
Gm66962,943
Gm66963,18382
Gm66964,375
Gm66965,533
Gm66966,1225
Gm66967,6380
Gm66968,406
Gm66969,291
Gm66970,2027
Gm66971,2548
Gm66972,1239
Gm66973,1109
Gm66974,674
Gm66975,3442
Gm66976,1129
Gm66977,481
Gm66978,16496
Gm66979,356
Gm66980,594
Gm66981,1769
Gm66982,598
Gm66983,986
Gm66984,3099
Gm66985,1000
Gm66986,744
Gm66987,535
Gm66988,2496
Gm66989,538
Gm66990,512
Gm66991,895
Gm66992,621
Gm66993,3203
Gm66994,282
Gm66995,455
Gm66996,1724
Gm66997,495
Gm66998,446
Gm66999,1230
Gm67000,1042
Gm67001,1128
Gm67002,2805
Gm67003,1125
Gm67004,311
Gm67005,1225
Gm67006,1650
Gm67007,887
Gm67008,672
Gm67009,1613
Gm67010,860
Gm67011,1631
Gm67012,361
Gm67013,349
Gm67014,439
Gm67015,568
Gm67016,422
Gm67017,846
Gm67018,288
Gm67019,607
Gm6702,471
Gm67020,433
Gm67021,329
Gm67022,609
Gm67023,1145
Gm67024,826
Gm67025,1009
Gm67026,1467
Gm67027,485
Gm67028,426
Gm67029,358
Gm67030,2409
Gm67031,2464
Gm67032,94
Gm67033,424
Gm67034,711
Gm67036,843
Gm67037,452
Gm67038,937
Gm67039,1536
Gm6704,225
Gm67040,789
Gm67041,2556
Gm67042,904
Gm67043,229
Gm67044,1177
Gm67045,290
Gm67046,524
Gm67047,1346
Gm67048,189
Gm67049,795
Gm6705,685
Gm67050,265
Gm67051,2561
Gm67052,2849
Gm67053,2335
Gm67054,676
Gm67055,811
Gm67056,116
Gm67057,1265
Gm67058,1422
Gm67059,2896
Gm6706,318
Gm67060,1461
Gm67061,543
Gm67062,192
Gm67063,1477
Gm67064,507
Gm67065,1164
Gm67066,1074
Gm67067,910
Gm67068,661
Gm67069,373
Gm67070,612
Gm67071,460
Gm67072,932
Gm67073,516
Gm67074,493
Gm67075,371
Gm67076,391
Gm67077,1547
Gm67078,3327
Gm67079,2103
Gm67080,575
Gm67081,460
Gm67082,412
Gm67083,883
Gm67084,4666
Gm67085,262
Gm67086,321
Gm67087,665
Gm67088,752
Gm67089,707
Gm67090,1026
Gm67091,532
Gm67092,656
Gm67093,1622
Gm67094,8898
Gm67095,4859
Gm67096,505
Gm67097,2443
Gm67098,394
Gm67099,283
Gm671,1195
Gm6710,3909
Gm67100,587
Gm67101,561
Gm67102,1065
Gm67103,305
Gm67104,465
Gm67105,1652
Gm67106,1362
Gm67107,1155
Gm67108,548
Gm67109,1228
Gm67110,1177
Gm67111,658
Gm67112,1923
Gm67113,320
Gm67114,961
Gm67115,351
Gm67116,841
Gm67117,488
Gm67118,673
Gm67119,288
Gm6712,5041
Gm67120,1796
Gm67121,2362
Gm67122,7764
Gm67123,462
Gm67124,644
Gm67125,927
Gm67126,452
Gm67127,784
Gm67128,743
Gm67129,631
Gm6713,1446
Gm67130,1641
Gm67131,1477
Gm67132,370
Gm67133,753
Gm67134,306
Gm67135,729
Gm67136,309
Gm67137,604
Gm67138,6878
Gm67139,561
Gm6714,2330
Gm67140,625
Gm67141,376
Gm67142,472
Gm67143,1809
Gm67144,403
Gm67145,497
Gm67146,576
Gm67147,782
Gm67148,727
Gm67149,1044
Gm67150,594
Gm67151,1270
Gm67152,1406
Gm67153,1166
Gm67154,1826
Gm67155,319
Gm67156,382
Gm67157,666
Gm67158,695
Gm67159,856
Gm67160,449
Gm67161,1731
Gm67162,771
Gm67163,5683
Gm67164,375
Gm67165,403
Gm67166,1158
Gm67167,465
Gm67168,173
Gm67169,1517
Gm6717,838
Gm67170,1341
Gm67171,558
Gm67172,2042
Gm67173,5708
Gm67174,572
Gm67175,793
Gm67176,905
Gm67177,611
Gm67178,492
Gm67179,642
Gm67181,958
Gm67182,230
Gm67183,1142
Gm67184,1039
Gm67185,1388
Gm67186,776
Gm67187,532
Gm67188,1749
Gm67189,693
Gm6719,335
Gm67190,627
Gm67191,340
Gm67192,6601
Gm67193,664
Gm67194,406
Gm67195,3920
Gm67196,1462
Gm67197,318
Gm67198,1307
Gm67199,449
Gm67200,207
Gm67201,474
Gm67202,1355
Gm67203,436
Gm67204,422
Gm67205,279
Gm67206,522
Gm67207,446
Gm67208,2354
Gm67209,256
Gm6721,1445
Gm67210,1370
Gm67211,981
Gm67212,1879
Gm67213,387
Gm67214,374
Gm67215,569
Gm67216,302
Gm67217,406
Gm67218,527
Gm67219,1040
Gm6722,390
Gm67220,1258
Gm67221,614
Gm67222,450
Gm67223,922
Gm67224,5179
Gm67225,1450
Gm67226,1031
Gm67227,770
Gm67228,405
Gm67229,871
Gm6723,441
Gm67230,581
Gm67231,317
Gm67232,1610
Gm67233,349
Gm67234,425
Gm67235,1908
Gm67236,3954
Gm67237,1100
Gm67238,1337
Gm67239,1405
Gm6724,267
Gm67240,405
Gm67241,219
Gm67242,2775
Gm67243,857
Gm67244,428
Gm67245,828
Gm67246,134
Gm67247,2038
Gm67248,534
Gm67249,1956
Gm67250,1266
Gm67251,396
Gm67252,427
Gm67253,1111
Gm67254,572
Gm67255,620
Gm67256,743
Gm67257,393
Gm67258,456
Gm67259,376
Gm6726,681
Gm67260,435
Gm67261,1442
Gm67262,1339
Gm67263,612
Gm67264,399
Gm67265,1181
Gm67266,1103
Gm67267,270
Gm67268,890
Gm67269,491
Gm6727,1518
Gm67270,403
Gm67271,727
Gm67272,1663
Gm67273,860
Gm67274,765
Gm67275,596
Gm67276,1497
Gm67277,839
Gm67278,1805
Gm67279,1117
Gm6728,1065
Gm67280,570
Gm67281,528
Gm67282,248
Gm67283,331
Gm67284,822
Gm67285,752
Gm67286,743
Gm67287,809
Gm67288,846
Gm67289,882
Gm6729,4859
Gm67290,1162
Gm67291,2422
Gm67292,3582
Gm67293,2033
Gm67294,613
Gm67295,956
Gm67296,322
Gm67297,1233
Gm67298,649
Gm67299,1283
Gm67300,1232
Gm67301,1557
Gm67302,1709
Gm67303,338
Gm67304,448
Gm67305,1143
Gm67306,783
Gm67307,175
Gm67308,513
Gm67309,528
Gm67310,2485
Gm67311,770
Gm67312,715
Gm67313,1459
Gm67314,600
Gm67315,745
Gm67316,600
Gm67317,353
Gm67318,613
Gm67319,328
Gm67320,1250
Gm67321,424
Gm67322,1114
Gm67323,498
Gm67324,696
Gm67325,689
Gm67326,2128
Gm67327,1128
Gm67328,275
Gm67329,1878
Gm6733,1920
Gm67330,377
Gm67331,874
Gm67332,1394
Gm67333,1105
Gm67334,1513
Gm67335,2160
Gm67336,2787
Gm67337,4362
Gm67338,1828
Gm67339,731
Gm6734,601
Gm67340,405
Gm67341,385
Gm67342,768
Gm67343,3729
Gm67344,657
Gm67345,1661
Gm67346,2606
Gm67347,2158
Gm67348,9812
Gm67349,424
Gm67350,571
Gm67351,292
Gm67352,626
Gm67353,165
Gm67354,1993
Gm67355,300
Gm67356,909
Gm67357,336
Gm67358,8558
Gm67359,2834
Gm6736,948
Gm67360,2074
Gm67361,924
Gm67362,1049
Gm67363,367
Gm67364,333
Gm67365,657
Gm67366,1218
Gm67367,358
Gm67369,811
Gm67370,520
Gm67371,262
Gm67373,660
Gm67374,1517
Gm67375,711
Gm67376,751
Gm67377,1736
Gm67378,226
Gm67379,364
Gm67380,1059
Gm67381,376
Gm67382,862
Gm67383,1160
Gm67384,2415
Gm67385,556
Gm67386,436
Gm67387,570
Gm67388,832
Gm67389,697
Gm67390,320
Gm67391,615
Gm67392,626
Gm67393,362
Gm67394,688
Gm67395,540
Gm67396,328
Gm67397,1178
Gm67398,235
Gm67399,1438
Gm6740,2632
Gm67400,360
Gm67401,521
Gm67402,854
Gm67403,1210
Gm67404,503
Gm67405,626
Gm67406,560
Gm67407,668
Gm67408,677
Gm67409,3742
Gm6741,747
Gm67410,1734
Gm67411,227
Gm67413,2141
Gm67414,908
Gm67415,1310
Gm67416,1033
Gm67417,283
Gm67418,2019
Gm67419,392
Gm67420,2361
Gm67421,730
Gm67422,333
Gm67423,733
Gm67424,2270
Gm67425,1275
Gm67426,371
Gm67427,236
Gm67428,394
Gm67429,3050
Gm6743,1066
Gm67430,1399
Gm67431,346
Gm67432,3187
Gm67433,3469
Gm67434,372
Gm67435,4482
Gm67436,1665
Gm67437,508
Gm67438,621
Gm67439,307
Gm6744,543
Gm67440,1233
Gm67441,206
Gm67442,1684
Gm67443,2587
Gm67444,1974
Gm67445,373
Gm67446,681
Gm67447,2191
Gm67448,2201
Gm67449,1210
Gm6745,526
Gm67450,2902
Gm67451,429
Gm67452,760
Gm67453,686
Gm67454,2400
Gm67455,3091
Gm67456,456
Gm67457,537
Gm67458,403
Gm67459,540
Gm6746,483
Gm67460,786
Gm67461,9355
Gm67462,622
Gm67463,545
Gm67464,626
Gm67465,1512
Gm67466,784
Gm67467,201
Gm67468,1958
Gm67469,398
Gm67470,1467
Gm67471,1706
Gm67472,514
Gm67473,447
Gm67474,1066
Gm67475,1319
Gm67476,653
Gm67477,294
Gm67478,4493
Gm67479,926
Gm67480,1711
Gm67481,1036
Gm67482,509
Gm67483,298
Gm67484,543
Gm67485,1080
Gm67486,1293
Gm67487,837
Gm67488,729
Gm67489,554
Gm6749,405
Gm67490,10879
Gm67491,551
Gm67492,545
Gm67493,996
Gm67494,4800
Gm67495,368
Gm67496,1160
Gm67497,365
Gm67498,1471
Gm67499,340
Gm6750,268
Gm67500,274
Gm67501,6518
Gm67502,374
Gm67503,795
Gm67504,1918
Gm67505,1967
Gm67506,1746
Gm67507,699
Gm67508,459
Gm67509,383
Gm6751,1102
Gm67510,366
Gm67511,2699
Gm67512,413
Gm67513,315
Gm67514,353
Gm67515,702
Gm67516,1053
Gm67517,6066
Gm67518,2378
Gm67519,684
Gm67520,194
Gm67521,193
Gm67522,279
Gm67523,201
Gm67524,17792
Gm67525,2069
Gm67526,241
Gm67527,442
Gm67528,3035
Gm67529,249
Gm67530,314
Gm67531,404
Gm67532,4714
Gm67533,379
Gm67534,1126
Gm67535,1248
Gm67536,1402
Gm67537,305
Gm67538,772
Gm67539,2278
Gm6754,913
Gm67540,309
Gm67541,449
Gm67542,1110
Gm67543,566
Gm67544,1791
Gm67545,338
Gm67546,375
Gm67547,274
Gm67548,1153
Gm67549,379
Gm6755,864
Gm67550,485
Gm67551,745
Gm67552,6517
Gm67553,350
Gm67554,728
Gm67555,462
Gm67556,2165
Gm67557,732
Gm67558,593
Gm67559,478
Gm6756,1620
Gm67560,787
Gm67561,497
Gm67562,661
Gm67563,767
Gm67564,8401
Gm67565,552
Gm67566,392
Gm67567,2899
Gm67568,982
Gm67569,749
Gm6757,1706
Gm67570,1227
Gm67571,486
Gm67572,622
Gm67573,535
Gm67574,372
Gm67575,2241
Gm67576,377
Gm67577,305
Gm67578,232
Gm67579,1057
Gm6758,1055
Gm67580,497
Gm67581,1509
Gm67582,918
Gm67583,1749
Gm67584,906
Gm67585,523
Gm67586,439
Gm67587,335
Gm67588,1196
Gm67589,410
Gm67590,2704
Gm67591,376
Gm67592,4978
Gm67593,1025
Gm67594,357
Gm67595,1229
Gm67596,414
Gm67597,358
Gm67598,430
Gm67599,453
Gm6760,604
Gm67600,673
Gm67601,827
Gm67602,1654
Gm67603,494
Gm67604,1526
Gm67605,389
Gm67606,906
Gm67607,9141
Gm67608,736
Gm67609,1490
Gm67610,2841
Gm67611,1892
Gm67612,817
Gm67613,358
Gm67614,655
Gm67615,1789
Gm67616,517
Gm67617,753
Gm67618,1133
Gm67619,286
Gm6762,289
Gm67620,752
Gm67621,1946
Gm67622,223
Gm67623,393
Gm67624,940
Gm67625,490
Gm67626,1764
Gm67627,272
Gm67628,451
Gm67629,1265
Gm67630,1951
Gm67631,443
Gm67632,565
Gm67634,531
Gm67635,1506
Gm67636,368
Gm67637,417
Gm67638,823
Gm67639,1321
Gm6764,1475
Gm67640,489
Gm67641,605
Gm67642,316
Gm67643,292
Gm67644,631
Gm67645,425
Gm67646,1544
Gm67647,2129
Gm67648,4326
Gm67649,338
Gm67650,2857
Gm67651,1680
Gm67652,1328
Gm67653,1219
Gm67654,346
Gm67655,536
Gm67656,748
Gm67657,600
Gm67658,2162
Gm67659,252
Gm67660,594
Gm67661,493
Gm67662,3024
Gm67663,1307
Gm67664,575
Gm67665,2237
Gm67666,489
Gm67667,940
Gm67668,799
Gm67669,1750
Gm6767,1381
Gm67670,841
Gm67671,618
Gm67672,625
Gm67673,373
Gm67674,265
Gm67675,122
Gm67676,1903
Gm67677,1242
Gm67678,1575
Gm67679,412
Gm67680,2080
Gm67681,1146
Gm67682,2910
Gm67683,501
Gm67684,2035
Gm67685,2222
Gm67686,1845
Gm67687,1469
Gm67688,851
Gm67689,514
Gm67690,12348
Gm67691,5347
Gm67692,633
Gm67693,381
Gm67694,1662
Gm67695,279
Gm67696,1089
Gm67697,791
Gm67698,1526
Gm67699,726
Gm67700,463
Gm67701,954
Gm67702,1942
Gm67703,595
Gm67704,393
Gm67705,571
Gm67706,549
Gm67707,334
Gm67708,215
Gm67709,763
Gm6771,1001
Gm67710,1014
Gm67711,1113
Gm67712,244
Gm67713,2096
Gm67714,936
Gm67715,595
Gm67716,378
Gm67717,616
Gm67718,576
Gm67719,380
Gm67720,854
Gm67721,564
Gm67722,953
Gm67723,607
Gm67724,1274
Gm67725,671
Gm67726,607
Gm67727,1436
Gm67729,1116
Gm6773,878
Gm67730,321
Gm67731,865
Gm67732,2228
Gm67733,698
Gm67734,2844
Gm67735,365
Gm67736,499
Gm67737,791
Gm67738,5859
Gm67739,716
Gm67740,1690
Gm67741,1408
Gm67742,655
Gm67743,2090
Gm67744,480
Gm67745,4049
Gm67746,1266
Gm67747,2281
Gm67748,1418
Gm67749,960
Gm67750,398
Gm67751,490
Gm67752,703
Gm67753,1465
Gm67754,1038
Gm67755,356
Gm67756,1382
Gm67757,190
Gm67758,361
Gm67759,874
Gm6776,900
Gm67760,795
Gm67761,398
Gm67762,1236
Gm67763,2189
Gm67764,449
Gm67765,513
Gm67766,945
Gm67767,596
Gm67768,1931
Gm67769,504
Gm67770,1369
Gm67771,4518
Gm67772,726
Gm67773,2285
Gm67774,258
Gm67775,791
Gm67776,2550
Gm67777,433
Gm67778,303
Gm67779,633
Gm67780,526
Gm67781,1230
Gm67782,784
Gm67783,690
Gm67784,644
Gm67785,1370
Gm67786,1118
Gm67787,1221
Gm67788,781
Gm67789,801
Gm67790,16110
Gm67791,7546
Gm67792,1698
Gm67793,1099
Gm67794,1556
Gm67795,286
Gm67796,1698
Gm67797,364
Gm67798,336
Gm67799,1179
Gm67800,709
Gm67801,533
Gm67802,376
Gm67803,603
Gm67804,366
Gm67805,2738
Gm67806,948
Gm67807,600
Gm67808,1108
Gm67809,428
Gm6781,1242
Gm67810,549
Gm67811,4172
Gm67812,901
Gm67813,2495
Gm67814,1018
Gm67815,469
Gm67816,2285
Gm67817,6461
Gm67818,3113
Gm67819,572
Gm67820,692
Gm67821,1684
Gm67822,230
Gm67823,302
Gm67824,682
Gm67825,687
Gm67826,840
Gm67827,581
Gm67828,525
Gm67829,563
Gm6783,1437
Gm67830,297
Gm67831,2447
Gm67832,331
Gm67833,1616
Gm67834,429
Gm67835,1462
Gm67836,317
Gm67837,910
Gm67838,3505
Gm67839,1429
Gm67840,1105
Gm67841,577
Gm67842,226
Gm67843,700
Gm67844,1487
Gm67845,609
Gm67846,430
Gm67847,468
Gm67848,3784
Gm67849,450
Gm67850,555
Gm67851,337
Gm67852,2081
Gm67853,853
Gm67854,653
Gm67855,718
Gm67856,1432
Gm67857,384
Gm67858,973
Gm67859,574
Gm6786,1915
Gm67860,2463
Gm67861,368
Gm67862,676
Gm67863,538
Gm67864,1178
Gm67865,2823
Gm67866,1990
Gm67867,876
Gm67868,860
Gm67869,849
Gm6787,9545
Gm67870,317
Gm67871,1625
Gm67872,164
Gm67873,3163
Gm67874,1606
Gm67875,264
Gm67876,515
Gm67877,458
Gm67878,1464
Gm67879,811
Gm6788,270
Gm67880,474
Gm67881,343
Gm67882,590
Gm67883,1228
Gm67884,359
Gm67885,635
Gm67886,2361
Gm67887,335
Gm67888,5957
Gm67889,920
Gm6789,1385
Gm67890,1042
Gm67891,428
Gm67892,450
Gm67893,818
Gm67894,1152
Gm67895,1512
Gm67896,589
Gm67897,3175
Gm67898,542
Gm67899,1081
Gm67901,5329
Gm67902,1366
Gm67903,1923
Gm67904,1650
Gm67905,585
Gm67906,1386
Gm67907,1371
Gm67908,481
Gm67909,3718
Gm67910,520
Gm67911,4120
Gm67912,600
Gm67913,693
Gm67914,396
Gm67915,769
Gm67916,977
Gm67917,1066
Gm67918,416
Gm67919,422
Gm67920,3566
Gm67921,220
Gm67922,413
Gm67923,1624
Gm67924,508
Gm67925,3340
Gm67926,6356
Gm67927,938
Gm67928,1047
Gm67929,309
Gm6793,1056
Gm67930,746
Gm67931,243
Gm67932,616
Gm67933,837
Gm67934,992
Gm67935,2842
Gm67936,543
Gm67937,4547
Gm67938,884
Gm67939,951
Gm6794,457
Gm67940,448
Gm67941,822
Gm67942,467
Gm67943,691
Gm67944,464
Gm67945,3396
Gm67946,627
Gm67947,1577
Gm67948,762
Gm67949,1007
Gm67950,701
Gm67951,5761
Gm67952,3425
Gm67953,622
Gm67954,515
Gm67955,486
Gm67956,805
Gm67957,2353
Gm67958,382
Gm67959,2306
Gm6796,243
Gm67960,1152
Gm67961,1467
Gm67962,490
Gm67963,1000
Gm67964,4154
Gm67965,1054
Gm67966,2915
Gm67967,393
Gm67968,1219
Gm67969,312
Gm6797,512
Gm67970,994
Gm67971,561
Gm67972,1998
Gm67973,574
Gm67974,319
Gm67975,4643
Gm67976,600
Gm67977,1373
Gm67978,352
Gm67979,568
Gm6798,360
Gm67980,741
Gm67981,1209
Gm67982,1514
Gm67983,369
Gm67984,1491
Gm67985,515
Gm67986,5278
Gm67987,970
Gm67988,482
Gm67989,336
Gm6799,573
Gm67990,4262
Gm67991,744
Gm67992,1210
Gm67993,451
Gm67994,2099
Gm67995,504
Gm67996,1525
Gm67997,417
Gm67998,662
Gm67999,439
Gm68000,312
Gm68001,950
Gm68002,268
Gm68003,442
Gm68004,304
Gm68005,658
Gm68006,1189
Gm68007,625
Gm68008,2739
Gm68009,422
Gm6801,339
Gm68010,871
Gm68011,333
Gm68012,855
Gm68013,435
Gm68014,845
Gm68015,889
Gm68016,441
Gm68017,493
Gm68018,574
Gm68019,702
Gm6802,126
Gm68020,500
Gm68021,790
Gm68022,1927
Gm68023,3935
Gm68024,537
Gm68025,625
Gm68026,184
Gm68027,395
Gm68028,1241
Gm68029,1221
Gm68030,155
Gm68031,576
Gm68032,1039
Gm68033,694
Gm68034,1396
Gm68035,523
Gm68036,896
Gm68037,781
Gm68038,160
Gm68039,818
Gm68040,1159
Gm68041,1073
Gm68042,667
Gm68043,762
Gm68044,1231
Gm68045,420
Gm68046,979
Gm68047,423
Gm68048,526
Gm68049,735
Gm68050,2208
Gm68051,546
Gm68052,199
Gm68053,761
Gm68054,2339
Gm68055,473
Gm68056,658
Gm68057,693
Gm68058,1196
Gm68059,697
Gm6806,1006
Gm68060,240
Gm68061,1555
Gm68062,2267
Gm68063,263
Gm68064,620
Gm68065,1680
Gm68066,498
Gm68067,5920
Gm68068,989
Gm68069,638
Gm6807,888
Gm68070,1729
Gm68071,870
Gm68072,556
Gm68073,908
Gm68074,2024
Gm68075,888
Gm68076,1788
Gm68077,385
Gm68078,439
Gm68079,877
Gm6808,807
Gm68080,1344
Gm68081,1122
Gm68082,1617
Gm68083,501
Gm68084,418
Gm68085,653
Gm68086,2246
Gm68087,681
Gm68088,402
Gm68089,598
Gm68090,1272
Gm68091,661
Gm68092,207
Gm68093,1834
Gm68094,1075
Gm68095,1317
Gm68096,395
Gm68097,423
Gm68098,1175
Gm68099,479
Gm68100,349
Gm68101,1078
Gm68102,591
Gm68103,2537
Gm68104,917
Gm68105,488
Gm68106,387
Gm68107,4049
Gm68108,1128
Gm68109,541
Gm6811,1533
Gm68110,999
Gm68111,827
Gm68112,2162
Gm68113,467
Gm68114,542
Gm68115,643
Gm68116,3191
Gm68117,333
Gm68118,771
Gm68119,2296
Gm6812,589
Gm68120,448
Gm68121,906
Gm68122,1684
Gm68123,929
Gm68124,656
Gm68125,680
Gm68126,405
Gm68127,608
Gm68128,526
Gm68129,671
Gm6813,480
Gm68130,3080
Gm68131,672
Gm68132,309
Gm68133,3008
Gm68134,2855
Gm68135,8101
Gm68136,462
Gm68137,560
Gm68138,2139
Gm68139,1028
Gm68140,285
Gm68141,3418
Gm68142,345
Gm68143,590
Gm68144,845
Gm68145,413
Gm68146,578
Gm68147,656
Gm68148,826
Gm68149,5616
Gm6815,2594
Gm68150,349
Gm68151,553
Gm68152,1439
Gm68153,299
Gm68154,1071
Gm68155,2019
Gm68156,685
Gm68157,5826
Gm68158,754
Gm68159,571
Gm68160,1123
Gm68161,595
Gm68162,216
Gm68163,918
Gm68164,1778
Gm68165,122
Gm68166,1401
Gm68167,366
Gm68168,381
Gm68169,544
Gm68170,659
Gm68171,745
Gm68172,493
Gm68173,679
Gm68174,319
Gm68175,256
Gm68176,326
Gm68177,944
Gm68178,369
Gm68179,579
Gm6818,2558
Gm68180,189
Gm68181,431
Gm68182,969
Gm68183,363
Gm68184,716
Gm68185,2005
Gm68186,1341
Gm68187,826
Gm68188,1683
Gm68189,3143
Gm6819,1891
Gm68190,1270
Gm68191,354
Gm68192,140
Gm68193,1267
Gm68194,1253
Gm68195,1002
Gm68196,1206
Gm68197,2575
Gm68198,1531
Gm68199,882
Gm6820,2173
Gm68200,664
Gm68201,1062
Gm68202,2811
Gm68203,813
Gm68204,945
Gm68205,1131
Gm68206,630
Gm68207,387
Gm68208,1894
Gm68209,2988
Gm6821,542
Gm68210,604
Gm68211,427
Gm68212,312
Gm68213,2665
Gm68214,2297
Gm68215,382
Gm68216,1189
Gm68217,314
Gm68218,276
Gm68219,367
Gm6822,307
Gm68220,2232
Gm68221,99
Gm68222,1311
Gm68223,266
Gm68224,598
Gm68225,607
Gm68226,1105
Gm68227,608
Gm68228,1988
Gm68229,689
Gm6823,1839
Gm68230,814
Gm68231,297
Gm68232,5932
Gm68233,927
Gm68234,723
Gm68235,1505
Gm68236,445
Gm68237,2039
Gm68238,556
Gm68239,1006
Gm68240,663
Gm68241,641
Gm68242,200
Gm68243,152
Gm68244,698
Gm68245,668
Gm68246,397
Gm68247,843
Gm68248,371
Gm68249,765
Gm68250,632
Gm68251,664
Gm68252,950
Gm68253,4714
Gm68254,622
Gm68255,7191
Gm68256,240
Gm68257,494
Gm68258,877
Gm68259,307
Gm68260,625
Gm68261,935
Gm68262,12006
Gm68263,473
Gm68264,734
Gm68265,548
Gm68266,910
Gm68267,418
Gm68268,613
Gm68269,479
Gm68270,3737
Gm68271,302
Gm68272,440
Gm68273,3254
Gm68274,290
Gm68275,1590
Gm68276,475
Gm68277,3768
Gm68278,361
Gm68279,682
Gm6828,1186
Gm68280,1471
Gm68281,293
Gm68282,9011
Gm68283,750
Gm68284,745
Gm68285,726
Gm68286,477
Gm68287,391
Gm68288,1595
Gm68289,583
Gm6829,360
Gm68290,485
Gm68291,412
Gm68292,172
Gm68293,144
Gm68294,2553
Gm68295,3574
Gm68296,348
Gm68297,3100
Gm68298,1108
Gm68300,1366
Gm68301,482
Gm68302,598
Gm68303,1141
Gm68304,933
Gm68305,749
Gm68306,438
Gm68307,440
Gm68308,364
Gm68309,478
Gm6831,1673
Gm68310,1549
Gm68311,2784
Gm68312,1398
Gm68313,573
Gm68314,495
Gm68315,1283
Gm68316,1977
Gm68317,2076
Gm68318,669
Gm68319,573
Gm68320,533
Gm68321,596
Gm68322,422
Gm68323,4335
Gm68324,2639
Gm68325,1102
Gm68326,656
Gm68327,476
Gm68328,147
Gm68329,3436
Gm68330,628
Gm68331,424
Gm68332,1129
Gm68333,789
Gm68334,738
Gm68335,755
Gm68336,960
Gm68337,232
Gm68338,404
Gm68339,3927
Gm68340,2012
Gm68341,1928
Gm68342,897
Gm68343,625
Gm68344,650
Gm68345,629
Gm68346,1971
Gm68347,887
Gm68348,519
Gm68349,1497
Gm68350,578
Gm68351,364
Gm68352,229
Gm68353,195
Gm68354,898
Gm68355,833
Gm68356,12699
Gm68357,2637
Gm68358,583
Gm68359,355
Gm68361,405
Gm68362,662
Gm68363,1582
Gm68364,278
Gm68365,2013
Gm68366,1283
Gm68367,952
Gm68368,493
Gm68369,485
Gm68370,1943
Gm68371,883
Gm68372,360
Gm68373,842
Gm68374,2257
Gm68375,348
Gm68376,561
Gm68377,1184
Gm68378,1524
Gm68379,315
Gm6838,582
Gm68380,1780
Gm68381,309
Gm68382,2406
Gm68383,466
Gm68384,612
Gm68385,346
Gm68386,1792
Gm68387,406
Gm68388,365
Gm68389,440
Gm68390,827
Gm68391,1157
Gm68392,420
Gm68393,240
Gm68394,1160
Gm68395,392
Gm68396,2088
Gm68397,1826
Gm68398,551
Gm68399,2257
Gm68400,903
Gm68401,398
Gm68402,1044
Gm68403,1091
Gm68404,706
Gm68405,1170
Gm68406,1098
Gm68407,733
Gm68408,1168
Gm68409,354
Gm6841,598
Gm68410,488
Gm68411,854
Gm68412,352
Gm68413,1351
Gm68414,882
Gm68415,605
Gm68416,523
Gm68417,166
Gm68418,473
Gm68419,650
Gm6842,390
Gm68420,471
Gm68421,582
Gm68422,2541
Gm68423,226
Gm68424,4818
Gm68425,732
Gm68426,1201
Gm68427,2326
Gm68428,790
Gm68429,1256
Gm68430,819
Gm68431,2788
Gm68432,987
Gm68433,361
Gm68434,2966
Gm68435,787
Gm68436,616
Gm68437,725
Gm68438,3442
Gm68439,1750
Gm68440,1199
Gm68441,695
Gm68442,485
Gm68443,322
Gm68444,503
Gm68445,2247
Gm68446,299
Gm68447,613
Gm68449,1496
Gm68450,1065
Gm68451,504
Gm68452,4266
Gm68453,709
Gm68454,863
Gm68455,1655
Gm68456,1917
Gm68457,2971
Gm68458,901
Gm68459,405
Gm68460,4334
Gm68461,729
Gm68462,1452
Gm68463,3675
Gm68464,1706
Gm68465,484
Gm68466,494
Gm68467,797
Gm68468,191
Gm68469,688
Gm6847,862
Gm68470,625
Gm68471,1229
Gm68472,2666
Gm68473,1839
Gm68474,3558
Gm68475,663
Gm68476,706
Gm68477,3402
Gm68478,984
Gm68479,529
Gm68480,355
Gm68481,716
Gm68482,661
Gm68483,1012
Gm68484,919
Gm68485,869
Gm68486,2165
Gm68487,270
Gm68488,227
Gm68489,1188
Gm68490,809
Gm68491,344
Gm68492,1243
Gm68493,3629
Gm68494,883
Gm68495,784
Gm68496,1228
Gm68497,471
Gm68498,2906
Gm68499,1787
Gm6850,530
Gm68500,381
Gm68501,950
Gm68502,1123
Gm68503,451
Gm68504,375
Gm68505,568
Gm68506,5639
Gm68507,7324
Gm68508,368
Gm68509,508
Gm68510,3174
Gm68511,1825
Gm68512,480
Gm68513,1219
Gm68514,1916
Gm68515,1281
Gm68516,734
Gm68517,416
Gm68518,536
Gm68519,398
Gm6852,907
Gm68520,541
Gm68521,1769
Gm68522,196
Gm68523,740
Gm68524,307
Gm68525,1293
Gm68526,267
Gm68527,1947
Gm68528,1976
Gm68529,537
Gm6853,6020
Gm68531,10346
Gm68532,1493
Gm68533,507
Gm68534,907
Gm68535,3166
Gm68536,363
Gm68537,13132
Gm68538,497
Gm68539,539
Gm68540,1006
Gm68541,3198
Gm68542,1692
Gm68543,1447
Gm68544,123
Gm68545,2262
Gm68546,419
Gm68547,487
Gm68548,1160
Gm68549,485
Gm6855,790
Gm68550,1224
Gm68551,399
Gm68552,1543
Gm68553,631
Gm68554,417
Gm68555,610
Gm68556,3261
Gm68557,264
Gm68558,844
Gm68559,375
Gm68560,12824
Gm68561,747
Gm68562,299
Gm68563,485
Gm68564,703
Gm68565,276
Gm68566,351
Gm68567,5609
Gm68568,562
Gm68569,234
Gm68570,355
Gm68571,1325
Gm68572,543
Gm68573,2525
Gm68574,1409
Gm68575,1972
Gm68576,487
Gm68577,439
Gm68578,1385
Gm68579,1522
Gm6858,1468
Gm68580,1022
Gm68581,515
Gm68582,698
Gm68583,1325
Gm68584,1874
Gm68585,3345
Gm68586,221
Gm68587,3150
Gm68588,797
Gm68589,714
Gm6859,989
Gm68590,323
Gm68591,1661
Gm68592,776
Gm68593,525
Gm68594,2204
Gm68595,1466
Gm68596,746
Gm68597,1420
Gm68598,922
Gm68599,2309
Gm68600,713
Gm68601,1125
Gm68602,486
Gm68603,1556
Gm68604,1350
Gm68605,943
Gm68606,776
Gm68607,474
Gm68608,280
Gm68609,1193
Gm68610,698
Gm68611,684
Gm68612,4931
Gm68613,383
Gm68614,661
Gm68615,490
Gm68616,966
Gm68617,525
Gm68618,365
Gm68619,175
Gm68620,1273
Gm68621,1467
Gm68622,358
Gm68623,502
Gm68624,1198
Gm68625,1507
Gm68626,696
Gm68627,458
Gm68628,538
Gm68629,4385
Gm6863,636
Gm68630,585
Gm68631,857
Gm68632,339
Gm68633,389
Gm68634,703
Gm68635,544
Gm68636,342
Gm68637,684
Gm68638,2012
Gm68639,719
Gm68640,622
Gm68641,441
Gm68642,285
Gm68643,495
Gm68644,395
Gm68645,1299
Gm68646,1264
Gm68647,384
Gm68648,1021
Gm68649,2945
Gm68650,783
Gm68651,408
Gm68652,375
Gm68653,1338
Gm68654,566
Gm68655,1351
Gm68656,1668
Gm68657,1981
Gm68658,567
Gm68659,411
Gm6866,2549
Gm68660,646
Gm68661,1442
Gm68662,1808
Gm68663,165
Gm68664,674
Gm68665,2270
Gm68666,327
Gm68667,551
Gm68668,411
Gm68669,6106
Gm6867,425
Gm68670,1487
Gm68671,2224
Gm68672,2638
Gm68673,1814
Gm68674,915
Gm68675,2473
Gm68676,1147
Gm68677,4906
Gm68678,904
Gm68679,713
Gm68680,1094
Gm68681,544
Gm68682,1553
Gm68683,1009
Gm68684,1422
Gm68685,981
Gm68686,897
Gm68687,2051
Gm68688,1016
Gm68689,789
Gm6869,734
Gm68690,649
Gm68691,1036
Gm68692,1170
Gm68693,277
Gm68694,646
Gm68695,307
Gm68696,1104
Gm68697,1579
Gm68698,4078
Gm68699,480
Gm68700,789
Gm68701,451
Gm68702,311
Gm68703,407
Gm68704,810
Gm68705,1506
Gm68706,697
Gm68707,240
Gm68708,432
Gm68709,313
Gm6871,2362
Gm68710,1713
Gm68711,959
Gm68712,1147
Gm68713,723
Gm68714,340
Gm68715,2276
Gm68716,467
Gm68717,640
Gm68718,584
Gm68719,533
Gm6872,700
Gm68720,1575
Gm68721,415
Gm68722,939
Gm68723,927
Gm68724,367
Gm68725,445
Gm68726,307
Gm68727,936
Gm68728,878
Gm68729,957
Gm68730,1081
Gm68731,407
Gm68732,753
Gm68733,4827
Gm68734,8311
Gm68735,683
Gm68736,565
Gm68737,705
Gm68738,549
Gm68739,580
Gm68740,3017
Gm68741,2998
Gm68742,669
Gm68743,488
Gm68744,410
Gm68745,570
Gm68746,403
Gm68747,78
Gm68748,956
Gm68749,310
Gm68750,781
Gm68751,724
Gm68752,4512
Gm68753,881
Gm68754,649
Gm68755,1707
Gm68756,3191
Gm68757,466
Gm68758,518
Gm68759,1676
Gm68760,416
Gm68761,1010
Gm68762,691
Gm68763,550
Gm68764,323
Gm68765,78
Gm68766,3540
Gm68767,1002
Gm68768,3416
Gm68769,2451
Gm6877,1101
Gm68770,431
Gm68771,1014
Gm68772,1555
Gm68773,709
Gm68774,628
Gm68775,313
Gm68776,712
Gm68777,1837
Gm68778,429
Gm68779,977
Gm6878,2537
Gm68780,664
Gm68781,2281
Gm68782,2819
Gm68783,702
Gm68784,1145
Gm68785,636
Gm68786,326
Gm68787,1585
Gm68788,441
Gm68789,293
Gm68790,550
Gm68791,445
Gm68792,1210
Gm68793,1527
Gm68794,358
Gm68795,6168
Gm68796,1746
Gm68797,1279
Gm68798,287
Gm68799,1617
Gm68800,409
Gm68801,311
Gm68802,347
Gm68803,1205
Gm68804,466
Gm68805,903
Gm68806,569
Gm68807,423
Gm68808,1314
Gm68809,707
Gm6881,833
Gm68810,1154
Gm68811,1406
Gm68812,343
Gm68813,421
Gm68814,2157
Gm68815,747
Gm68816,733
Gm68817,3197
Gm68818,1162
Gm68819,179
Gm6882,2365
Gm68820,914
Gm68821,691
Gm68822,494
Gm68823,694
Gm68824,245
Gm68825,2757
Gm68826,492
Gm68827,885
Gm68828,506
Gm68829,492
Gm6883,897
Gm68831,527
Gm68832,770
Gm68833,577
Gm68834,332
Gm68835,254
Gm68836,689
Gm68837,1361
Gm68838,613
Gm68839,521
Gm6884,615
Gm68840,1977
Gm68841,285
Gm68842,276
Gm68843,839
Gm68844,607
Gm68845,546
Gm68846,2934
Gm68847,2431
Gm68848,533
Gm68849,309
Gm6885,372
Gm68850,1222
Gm68851,3039
Gm68852,371
Gm68853,1350
Gm68854,2771
Gm68855,588
Gm68856,679
Gm68857,877
Gm68858,267
Gm68859,2129
Gm68860,473
Gm68861,1774
Gm68862,779
Gm68863,341
Gm68864,853
Gm68865,3540
Gm68866,611
Gm68867,209
Gm68869,334
Gm6887,482
Gm68870,877
Gm68871,635
Gm68873,960
Gm68874,411
Gm68875,455
Gm68876,1666
Gm68877,1698
Gm68878,1105
Gm68879,1060
Gm6888,706
Gm68880,587
Gm68881,473
Gm68882,691
Gm68883,240
Gm68884,557
Gm68885,937
Gm68886,1336
Gm68887,838
Gm68888,389
Gm68889,6940
Gm68890,314
Gm68891,530
Gm68892,1648
Gm68893,483
Gm68894,2752
Gm68895,4392
Gm68896,2723
Gm68897,176
Gm68898,600
Gm68899,224
Gm68900,3714
Gm68901,1118
Gm68902,459
Gm68903,378
Gm68904,372
Gm68905,195
Gm68906,731
Gm68907,649
Gm68908,771
Gm68909,449
Gm68910,1686
Gm68911,738
Gm68912,2116
Gm68913,378
Gm68914,429
Gm68915,317
Gm68916,577
Gm68917,1080
Gm68918,1153
Gm68919,1545
Gm68920,516
Gm68921,561
Gm68922,1539
Gm68923,72
Gm68924,9324
Gm68925,659
Gm68926,2074
Gm68927,430
Gm68928,1460
Gm68929,559
Gm6893,522
Gm68930,615
Gm68931,1629
Gm68932,803
Gm68933,742
Gm68934,442
Gm68935,376
Gm68936,565
Gm68937,1667
Gm68938,259
Gm68939,6058
Gm68940,984
Gm68941,477
Gm68942,712
Gm68943,359
Gm68944,1113
Gm68945,363
Gm68946,1492
Gm68947,459
Gm68948,425
Gm68949,762
Gm68950,2161
Gm68951,1178
Gm68952,663
Gm68953,952
Gm68954,490
Gm68956,399
Gm68957,320
Gm68958,2108
Gm68959,7508
Gm68960,716
Gm68961,1864
Gm68962,274
Gm68963,276
Gm68964,1061
Gm68965,566
Gm68966,672
Gm68967,1344
Gm68968,177
Gm68969,775
Gm6897,138
Gm68970,4375
Gm68971,806
Gm68972,1341
Gm68973,928
Gm68974,869
Gm68975,412
Gm68976,503
Gm68977,2133
Gm68978,1250
Gm68979,567
Gm68980,426
Gm68981,613
Gm68982,5100
Gm68983,1044
Gm68984,1017
Gm68985,346
Gm68986,1696
Gm68987,1490
Gm68988,564
Gm68989,739
Gm6899,2305
Gm68990,325
Gm68991,637
Gm68992,1324
Gm68993,308
Gm68994,410
Gm68995,376
Gm68996,610
Gm68997,4247
Gm68998,881
Gm68999,928
Gm6900,342
Gm69000,168
Gm69001,298
Gm69002,301
Gm69003,186
Gm69004,580
Gm69005,965
Gm69006,646
Gm69007,575
Gm69008,742
Gm69009,5659
Gm69010,986
Gm69011,652
Gm69012,2884
Gm69013,531
Gm69014,453
Gm69015,618
Gm69016,5501
Gm69017,325
Gm69018,573
Gm69019,520
Gm6902,2916
Gm69020,716
Gm69021,485
Gm69022,693
Gm69023,5517
Gm69024,804
Gm69025,501
Gm69026,253
Gm69027,559
Gm69028,290
Gm69029,597
Gm6903,1366
Gm69030,749
Gm69031,283
Gm69032,2515
Gm69033,869
Gm69034,499
Gm69036,499
Gm69037,760
Gm69038,422
Gm69039,2557
Gm69040,758
Gm69041,669
Gm69042,412
Gm69043,1092
Gm69044,483
Gm69045,1169
Gm69046,1176
Gm69047,1192
Gm69048,454
Gm69049,424
Gm6905,511
Gm69050,2161
Gm69051,1142
Gm69052,1824
Gm69053,1542
Gm69055,986
Gm69056,1945
Gm69057,663
Gm69058,625
Gm69059,609
Gm6906,569
Gm69060,260
Gm69061,1034
Gm69062,3732
Gm69063,702
Gm69064,328
Gm69065,6170
Gm69066,209
Gm69067,422
Gm69068,11250
Gm69069,318
Gm69070,9584
Gm69071,642
Gm69072,895
Gm69073,214
Gm69074,1329
Gm69075,2596
Gm69076,4734
Gm69077,851
Gm69078,202
Gm69079,5055
Gm69080,1581
Gm69081,3167
Gm69082,1093
Gm69083,242
Gm69084,417
Gm69085,638
Gm69086,2395
Gm69087,556
Gm69088,1193
Gm69089,619
Gm6909,989
Gm69090,735
Gm69091,307
Gm69092,515
Gm69093,273
Gm69094,601
Gm69095,416
Gm69096,1170
Gm69097,524
Gm69099,403
Gm69100,892
Gm69101,6855
Gm69102,332
Gm69103,750
Gm69104,509
Gm69105,705
Gm69106,337
Gm69107,782
Gm69108,2606
Gm69109,318
Gm69110,664
Gm69111,351
Gm69112,580
Gm69113,1964
Gm69114,903
Gm69115,6635
Gm69116,721
Gm69117,905
Gm69118,584
Gm69119,274
Gm6912,544
Gm69120,366
Gm69121,2963
Gm69122,1252
Gm69123,792
Gm69124,2018
Gm69125,455
Gm69126,754
Gm69127,623
Gm69128,1271
Gm69129,488
Gm6913,348
Gm69130,1308
Gm69131,792
Gm69132,340
Gm69133,1650
Gm69134,1355
Gm69135,816
Gm69136,1257
Gm69137,946
Gm69138,194
Gm69139,364
Gm6914,1188
Gm69140,927
Gm69141,625
Gm69142,658
Gm69143,366
Gm69144,672
Gm69145,755
Gm69146,410
Gm69147,239
Gm69148,458
Gm69149,782
Gm69150,1579
Gm69151,455
Gm69152,487
Gm69153,970
Gm69154,588
Gm69155,1204
Gm69156,787
Gm69157,1015
Gm69158,673
Gm69159,405
Gm6916,195
Gm69160,1136
Gm69161,3972
Gm69162,725
Gm69163,379
Gm69164,4881
Gm69165,1743
Gm69166,4245
Gm69167,483
Gm69168,680
Gm69169,505
Gm69170,310
Gm69171,613
Gm69172,669
Gm69173,2284
Gm69174,332
Gm69175,605
Gm69176,656
Gm69177,2582
Gm69178,7891
Gm69179,3839
Gm6918,1222
Gm69180,577
Gm69181,759
Gm69182,571
Gm69183,628
Gm69184,877
Gm69185,276
Gm69186,291
Gm69187,677
Gm69188,302
Gm69189,470
Gm6919,483
Gm69190,439
Gm69191,2625
Gm69192,419
Gm69193,662
Gm69194,971
Gm69195,832
Gm69196,3178
Gm69197,2801
Gm69198,3889
Gm69199,1543
Gm69200,269
Gm69201,2215
Gm69202,364
Gm69203,1703
Gm69204,381
Gm69205,682
Gm69206,1109
Gm69207,197
Gm69208,586
Gm69209,849
Gm6921,435
Gm69210,2348
Gm69211,319
Gm69212,378
Gm69213,943
Gm69214,650
Gm69215,1517
Gm69216,4441
Gm69217,369
Gm69218,768
Gm69219,1313
Gm69220,786
Gm69221,2536
Gm69222,796
Gm69223,2624
Gm69224,472
Gm69225,660
Gm69226,550
Gm69227,1058
Gm69228,330
Gm69229,416
Gm6923,406
Gm69230,1120
Gm69231,1976
Gm69232,890
Gm69233,634
Gm69234,453
Gm69235,811
Gm69236,828
Gm69237,1014
Gm69238,745
Gm69239,623
Gm69240,338
Gm69241,431
Gm69242,1720
Gm69243,350
Gm69244,825
Gm69245,1629
Gm69246,506
Gm69247,558
Gm69248,3238
Gm69250,466
Gm69251,592
Gm69252,480
Gm69253,4710
Gm69254,4151
Gm69255,881
Gm69256,2879
Gm69257,5545
Gm69258,452
Gm69259,265
Gm69260,861
Gm69261,584
Gm69262,437
Gm69263,420
Gm69264,385
Gm69265,581
Gm69266,1045
Gm69267,4469
Gm69268,2460
Gm69269,281
Gm69270,503
Gm69271,544
Gm69272,4348
Gm69273,452
Gm69274,3457
Gm69275,339
Gm69276,397
Gm69277,598
Gm69278,1269
Gm69279,265
Gm69280,498
Gm69281,523
Gm69282,447
Gm69283,961
Gm69284,600
Gm69285,555
Gm69286,183
Gm69287,1349
Gm69288,252
Gm69289,264
Gm6929,468
Gm69290,345
Gm69291,502
Gm69292,321
Gm69293,1689
Gm69294,1397
Gm69295,483
Gm69296,747
Gm69297,1128
Gm69298,3713
Gm69299,453
Gm69300,1093
Gm69301,2024
Gm69302,1140
Gm69303,357
Gm69304,419
Gm69305,2416
Gm69306,4609
Gm69307,12791
Gm69308,1090
Gm69309,1561
Gm6931,1009
Gm69310,1157
Gm69311,1150
Gm69312,612
Gm69313,474
Gm69314,433
Gm69315,2306
Gm69316,1879
Gm69317,857
Gm69318,398
Gm69319,565
Gm69320,598
Gm69321,1157
Gm69322,434
Gm69323,1986
Gm69324,1565
Gm69325,325
Gm69326,7645
Gm69327,386
Gm69328,528
Gm69329,794
Gm69330,2277
Gm69331,348
Gm69332,415
Gm69333,2507
Gm69334,9426
Gm69335,614
Gm69336,937
Gm69337,336
Gm69338,339
Gm69339,537
Gm6934,1905
Gm69340,321
Gm69341,403
Gm69342,1004
Gm69343,3501
Gm69344,722
Gm69345,466
Gm69346,795
Gm69347,1726
Gm69348,1346
Gm69349,6400
Gm69350,4018
Gm69351,341
Gm69352,851
Gm69353,1010
Gm69354,1945
Gm69355,382
Gm69356,1156
Gm69357,830
Gm69358,1413
Gm69359,2600
Gm6936,17191
Gm69360,2030
Gm69361,1364
Gm69362,644
Gm69363,1463
Gm69364,286
Gm69366,701
Gm69367,1799
Gm69368,535
Gm69369,546
Gm6937,609
Gm69370,477
Gm69371,587
Gm69372,603
Gm69373,466
Gm69374,1594
Gm69375,423
Gm69376,1209
Gm69377,329
Gm69378,969
Gm69379,421
Gm6938,6198
Gm69380,719
Gm69381,320
Gm69382,525
Gm69383,2639
Gm69384,347
Gm69385,288
Gm69386,970
Gm69387,905
Gm69388,3649
Gm69389,346
Gm6939,864
Gm69390,625
Gm69391,280
Gm69392,779
Gm69393,4584
Gm69394,342
Gm69395,377
Gm69396,647
Gm69397,466
Gm69398,575
Gm69399,987
Gm69400,1652
Gm69401,883
Gm69402,1026
Gm69403,934
Gm69404,548
Gm69405,561
Gm69406,756
Gm69407,2915
Gm69408,849
Gm69409,361
Gm69410,709
Gm69411,759
Gm69412,3087
Gm69413,149
Gm69414,816
Gm69415,1175
Gm69416,1991
Gm69417,2230
Gm69418,1503
Gm69419,5575
Gm6942,1354
Gm69420,1324
Gm69421,1518
Gm69422,324
Gm69423,550
Gm69424,1062
Gm69425,861
Gm69426,1662
Gm69427,333
Gm69428,2439
Gm69429,474
Gm6943,580
Gm69430,628
Gm69431,529
Gm69432,586
Gm69433,993
Gm69434,982
Gm69435,711
Gm69436,527
Gm69437,293
Gm69438,360
Gm69439,1042
Gm6944,1006
Gm69440,5259
Gm69441,1305
Gm69442,1206
Gm69443,1392
Gm69444,711
Gm69445,750
Gm69446,288
Gm69447,1593
Gm69448,613
Gm69449,725
Gm69450,1220
Gm69451,357
Gm69452,2470
Gm69453,2417
Gm69454,4276
Gm69455,716
Gm69456,3078
Gm69457,520
Gm69458,1643
Gm69459,477
Gm6946,987
Gm69460,2477
Gm69461,2307
Gm69462,1384
Gm69463,356
Gm69464,1908
Gm69465,825
Gm69466,371
Gm69467,120
Gm69468,379
Gm69469,804
Gm6947,78
Gm69470,1114
Gm69471,416
Gm69472,672
Gm69473,1355
Gm69474,1724
Gm69475,5223
Gm69476,762
Gm69477,1363
Gm69478,12978
Gm69479,499
Gm69480,829
Gm69481,1104
Gm69482,4362
Gm69483,2422
Gm69484,358
Gm69485,436
Gm69486,5423
Gm69487,2633
Gm69488,542
Gm69489,590
Gm69490,493
Gm69491,732
Gm69492,831
Gm69493,452
Gm69494,903
Gm69495,622
Gm69496,915
Gm69497,578
Gm69498,449
Gm69499,3262
Gm69500,2736
Gm69501,469
Gm69502,434
Gm69503,479
Gm69504,894
Gm69505,8501
Gm69506,1241
Gm69507,838
Gm69508,1270
Gm69509,1860
Gm6951,818
Gm69510,463
Gm69511,175
Gm69512,808
Gm69513,6559
Gm69514,1401
Gm69515,3283
Gm69516,735
Gm69517,461
Gm69518,5523
Gm69519,340
Gm6952,159
Gm69520,501
Gm69521,1615
Gm69522,444
Gm69523,545
Gm69524,499
Gm69525,6845
Gm69526,798
Gm69527,2140
Gm69528,1164
Gm69529,598
Gm69530,276
Gm69531,1313
Gm69532,342
Gm69533,554
Gm69534,453
Gm69535,1750
Gm69536,431
Gm69537,745
Gm69538,1047
Gm69539,336
Gm6954,225
Gm69540,2180
Gm69541,5266
Gm69542,1103
Gm69543,824
Gm69544,2328
Gm69546,1353
Gm69547,2522
Gm69548,1694
Gm69549,321
Gm69550,383
Gm69551,1151
Gm69552,3333
Gm69553,2236
Gm69554,1601
Gm69555,747
Gm69556,551
Gm69557,307
Gm69558,486
Gm69559,548
Gm6956,546
Gm69560,1065
Gm69561,898
Gm69562,386
Gm69563,324
Gm69564,378
Gm69565,355
Gm69566,594
Gm69567,363
Gm69568,732
Gm69569,1226
Gm69570,2770
Gm69571,5468
Gm69572,1071
Gm69573,2552
Gm69574,2415
Gm69575,758
Gm69576,885
Gm69577,247
Gm69578,587
Gm69579,473
Gm69580,1559
Gm69581,1079
Gm69582,379
Gm69583,470
Gm69584,546
Gm69585,4858
Gm69586,306
Gm69587,354
Gm69588,652
Gm69589,7515
Gm69590,1165
Gm69591,405
Gm69592,1177
Gm69593,1008
Gm69594,1161
Gm69595,430
Gm69596,436
Gm69597,3255
Gm69598,113
Gm69599,1382
Gm6960,1102
Gm69600,235
Gm69601,397
Gm69602,2342
Gm69603,777
Gm69604,435
Gm69605,618
Gm69606,878
Gm69607,953
Gm69608,1089
Gm69609,1897
Gm6961,11974
Gm69610,414
Gm69611,329
Gm69612,2529
Gm69613,504
Gm69614,631
Gm69615,501
Gm69616,280
Gm69617,522
Gm69618,834
Gm69619,729
Gm69620,556
Gm69621,588
Gm69622,2919
Gm69623,640
Gm69624,1034
Gm69625,1718
Gm69626,459
Gm69627,185
Gm69628,386
Gm69629,546
Gm6963,379
Gm69630,839
Gm69631,2786
Gm69632,900
Gm69633,197
Gm69634,761
Gm69635,531
Gm69636,836
Gm69637,365
Gm69638,1113
Gm69639,3093
Gm6964,437
Gm69640,258
Gm69641,678
Gm69642,882
Gm69643,341
Gm69644,893
Gm69645,811
Gm69646,608
Gm69647,409
Gm69648,1390
Gm69649,1056
Gm69650,1202
Gm69651,369
Gm69652,621
Gm69653,139
Gm69654,987
Gm69655,917
Gm69656,982
Gm69657,112
Gm69658,1702
Gm69659,1518
Gm69660,544
Gm69661,1323
Gm69662,316
Gm69663,507
Gm69664,2584
Gm69665,354
Gm69666,813
Gm69667,2361
Gm69668,450
Gm69669,607
Gm6967,1007
Gm69670,646
Gm69671,824
Gm69672,823
Gm69673,910
Gm69674,2511
Gm69675,307
Gm69676,653
Gm69677,555
Gm69679,7569
Gm69680,2186
Gm69681,823
Gm69682,343
Gm69683,669
Gm69684,1634
Gm69685,1707
Gm69686,564
Gm69687,402
Gm69688,784
Gm69689,490
Gm6969,342
Gm69690,1975
Gm69691,367
Gm69692,3384
Gm69693,1355
Gm69694,1144
Gm69695,1090
Gm69696,1828
Gm69697,154
Gm69698,332
Gm69699,500
Gm69700,588
Gm69701,819
Gm69702,642
Gm69703,758
Gm69704,777
Gm69705,421
Gm69706,1067
Gm69707,1309
Gm69708,2207
Gm69709,539
Gm69710,744
Gm69711,707
Gm69712,907
Gm69713,536
Gm69714,485
Gm69715,1931
Gm69716,1296
Gm69717,1699
Gm69718,285
Gm69719,301
Gm69720,1377
Gm69721,1117
Gm69722,1095
Gm69723,443
Gm69724,481
Gm69725,531
Gm69726,691
Gm69727,1945
Gm69728,3319
Gm69729,1062
Gm6973,721
Gm69730,1767
Gm69731,5294
Gm69732,297
Gm69733,707
Gm69734,1247
Gm69735,2458
Gm69736,370
Gm69737,741
Gm69738,928
Gm69739,768
Gm6974,656
Gm69740,114
Gm69741,593
Gm69742,695
Gm69743,2304
Gm69744,912
Gm69745,1078
Gm69746,219
Gm69747,1113
Gm69748,1110
Gm69749,1301
Gm6975,732
Gm69750,973
Gm69751,357
Gm69752,580
Gm69753,1391
Gm69754,999
Gm69755,409
Gm69756,565
Gm69757,529
Gm69758,314
Gm69759,413
Gm69760,989
Gm69761,2021
Gm69762,2695
Gm69763,541
Gm69764,977
Gm69765,391
Gm69766,676
Gm69767,1534
Gm69768,2658
Gm69769,482
Gm69770,955
Gm69771,972
Gm69772,694
Gm69773,1029
Gm69774,1553
Gm69775,277
Gm69776,762
Gm69777,813
Gm69778,177
Gm69779,425
Gm6978,716
Gm69780,342
Gm69781,1322
Gm69782,599
Gm69783,509
Gm69784,12177
Gm69785,1975
Gm69786,202
Gm69787,2147
Gm69788,1362
Gm69789,545
Gm6979,487
Gm69790,2545
Gm69791,412
Gm69792,1150
Gm69793,352
Gm69794,1126
Gm69795,1287
Gm69796,380
Gm69797,2194
Gm69798,2244
Gm69799,1391
Gm6980,6102
Gm69800,297
Gm69801,904
Gm69802,420
Gm69803,719
Gm69804,1376
Gm69805,394
Gm69806,451
Gm69807,1137
Gm69808,2252
Gm69809,1167
Gm6981,7360
Gm69810,473
Gm69811,525
Gm69812,2458
Gm69813,2042
Gm69814,867
Gm69815,288
Gm69816,524
Gm69817,301
Gm69818,1398
Gm69819,710
Gm6982,1560
Gm69820,451
Gm69821,526
Gm69822,651
Gm69824,807
Gm69825,650
Gm69826,529
Gm69827,541
Gm69828,2504
Gm69829,737
Gm6983,628
Gm69830,925
Gm69831,695
Gm69832,1005
Gm69833,1221
Gm69834,1284
Gm69835,579
Gm69836,1313
Gm69837,953
Gm69838,451
Gm69839,515
Gm69840,2252
Gm69841,248
Gm69842,957
Gm69843,300
Gm69844,2262
Gm69845,1877
Gm69846,284
Gm69847,562
Gm69848,1877
Gm69849,686
Gm6985,271
Gm69850,908
Gm69851,171
Gm69852,643
Gm69853,555
Gm69854,824
Gm69855,528
Gm69856,1374
Gm69857,1716
Gm69858,968
Gm69859,375
Gm6986,1231
Gm69860,433
Gm69861,1626
Gm69862,732
Gm69863,823
Gm69864,1767
Gm69865,4121
Gm69866,1907
Gm69867,2643
Gm69868,599
Gm69869,682
Gm6987,428
Gm69870,453
Gm69871,1836
Gm69872,440
Gm69873,339
Gm69874,519
Gm69875,663
Gm69876,760
Gm69877,276
Gm69878,844
Gm69879,1066
Gm6988,375
Gm69880,1242
Gm69881,745
Gm69882,737
Gm69883,1392
Gm69884,1735
Gm69885,1918
Gm69886,4827
Gm69887,338
Gm69888,633
Gm69889,2069
Gm6989,654
Gm69890,205
Gm69891,309
Gm69892,598
Gm69893,445
Gm69894,976
Gm69895,691
Gm69896,972
Gm69897,893
Gm69898,3441
Gm69899,340
Gm69900,1175
Gm69901,3247
Gm69902,614
Gm69903,1118
Gm69904,3655
Gm69905,1588
Gm69906,1774
Gm69907,478
Gm69908,2429
Gm69909,999
Gm6991,1178
Gm69910,520
Gm69911,1655
Gm69912,1298
Gm69913,869
Gm69914,597
Gm69915,383
Gm69916,1860
Gm69917,1391
Gm69918,1277
Gm69919,251
Gm6992,1607
Gm69920,15451
Gm69921,441
Gm69922,693
Gm69923,1875
Gm69924,429
Gm69925,1809
Gm69926,1826
Gm69927,532
Gm69928,1308
Gm69929,1548
Gm6993,210
Gm69930,587
Gm69931,2153
Gm69932,3661
Gm69933,491
Gm69934,4266
Gm69935,1061
Gm69936,775
Gm69937,388
Gm69938,832
Gm69939,617
Gm6994,1331
Gm69940,5886
Gm69941,831
Gm69942,491
Gm69943,746
Gm69944,352
Gm69945,371
Gm69946,689
Gm69947,942
Gm69948,291
Gm69949,2002
Gm6995,583
Gm69950,7161
Gm69951,1334
Gm69952,374
Gm69953,1179
Gm69954,613
Gm69955,322
Gm69956,358
Gm69957,860
Gm69958,1418
Gm69959,3876
Gm69960,1043
Gm69961,406
Gm69962,1388
Gm69963,3512
Gm69964,322
Gm69965,890
Gm69966,325
Gm69967,669
Gm69968,1120
Gm69969,1484
Gm6997,620
Gm69971,527
Gm69972,253
Gm69973,1812
Gm69974,359
Gm69975,5386
Gm69976,631
Gm69977,648
Gm69978,4668
Gm69979,651
Gm69980,351
Gm69981,390
Gm69982,1291
Gm69983,480
Gm69984,252
Gm69985,280
Gm69986,1622
Gm69987,690
Gm69988,558
Gm69989,870
Gm6999,16736
Gm69990,949
Gm69991,785
Gm69992,809
Gm69993,554
Gm69994,1552
Gm69995,786
Gm69996,1309
Gm69997,562
Gm69998,301
Gm69999,1294
Gm70000,798
Gm70001,2925
Gm70002,1010
Gm70003,490
Gm70004,464
Gm70005,2385
Gm70006,3860
Gm70007,719
Gm70008,758
Gm70009,1197
Gm7001,1465
Gm70010,927
Gm70011,691
Gm70012,348
Gm70013,686
Gm70014,836
Gm70015,1616
Gm70016,816
Gm70017,1612
Gm70018,941
Gm70019,233
Gm7002,2165
Gm70020,353
Gm70021,320
Gm70022,1132
Gm70023,1678
Gm70024,472
Gm70025,681
Gm70026,512
Gm70027,2004
Gm70028,877
Gm70029,550
Gm7003,312
Gm70030,1012
Gm70031,453
Gm70032,592
Gm70033,170
Gm70034,1449
Gm70035,1741
Gm70036,1470
Gm70037,720
Gm70038,903
Gm70039,1176
Gm7004,1458
Gm70041,477
Gm70042,734
Gm70043,3236
Gm70044,488
Gm70045,627
Gm70046,575
Gm70047,997
Gm70048,781
Gm70049,1079
Gm70050,3662
Gm70051,496
Gm70052,852
Gm70053,2208
Gm70054,1334
Gm70055,1169
Gm70056,594
Gm70057,396
Gm70058,2029
Gm70059,680
Gm70060,1427
Gm70061,5254
Gm70062,327
Gm70063,426
Gm70064,519
Gm70065,479
Gm70066,1331
Gm70067,435
Gm70068,879
Gm70069,606
Gm70070,525
Gm70071,428
Gm70072,687
Gm70073,877
Gm70074,12641
Gm70075,682
Gm70076,2385
Gm70077,702
Gm70078,1449
Gm70079,1820
Gm7008,5767
Gm70080,2111
Gm70081,1059
Gm70082,947
Gm70083,1207
Gm70084,1090
Gm70085,427
Gm70086,532
Gm70087,400
Gm70088,259
Gm70089,586
Gm70090,466
Gm70091,537
Gm70092,495
Gm70093,3865
Gm70094,1150
Gm70095,374
Gm70096,2032
Gm70097,365
Gm70098,1495
Gm70099,1101
Gm70100,1879
Gm70101,1022
Gm70102,208
Gm70103,360
Gm70104,597
Gm70105,1144
Gm70106,933
Gm70107,355
Gm70108,930
Gm70109,225
Gm70110,772
Gm70111,472
Gm70112,447
Gm70113,702
Gm70114,1224
Gm70115,679
Gm70116,2646
Gm70117,7106
Gm70118,811
Gm70119,1195
Gm70120,4258
Gm70121,449
Gm70122,1313
Gm70123,1064
Gm70124,1474
Gm70125,530
Gm70126,422
Gm70127,286
Gm70128,4463
Gm70129,314
Gm70130,595
Gm70131,753
Gm70132,568
Gm70133,1822
Gm70134,499
Gm70135,1183
Gm70136,818
Gm70137,477
Gm70138,2700
Gm70139,622
Gm70140,1383
Gm70141,1057
Gm70142,881
Gm70143,281
Gm70144,312
Gm70145,983
Gm70146,1804
Gm70147,381
Gm70148,513
Gm70149,316
Gm70150,1661
Gm70151,606
Gm70152,1950
Gm70153,1316
Gm70154,694
Gm70155,449
Gm70156,895
Gm70157,1774
Gm70158,567
Gm70159,1144
Gm70160,616
Gm70161,1008
Gm70162,988
Gm70163,261
Gm70164,478
Gm70165,334
Gm70166,692
Gm70167,2149
Gm70168,1873
Gm70169,1361
Gm70170,583
Gm70171,4417
Gm70172,633
Gm70173,547
Gm70174,590
Gm70175,676
Gm70176,6743
Gm70177,550
Gm70178,1094
Gm70179,705
Gm70180,755
Gm70181,1197
Gm70182,1010
Gm70183,1803
Gm70184,2027
Gm70185,360
Gm70186,715
Gm70187,659
Gm70188,3801
Gm70189,262
Gm7019,369
Gm70190,423
Gm70192,1846
Gm70193,629
Gm70194,770
Gm70195,1353
Gm70196,802
Gm70197,1064
Gm70198,752
Gm70199,625
Gm70200,939
Gm70201,5112
Gm70202,864
Gm70203,328
Gm70204,823
Gm70205,652
Gm70206,605
Gm70207,889
Gm70208,239
Gm70209,780
Gm70210,2012
Gm70211,399
Gm70212,1088
Gm70213,375
Gm70214,300
Gm70215,801
Gm70216,606
Gm70217,625
Gm70218,2668
Gm70219,330
Gm7022,709
Gm70220,1921
Gm70221,542
Gm70222,300
Gm70223,638
Gm70224,500
Gm70225,2336
Gm70226,694
Gm70227,509
Gm70228,1727
Gm70229,1458
Gm7023,868
Gm70230,3713
Gm70231,2790
Gm70232,5742
Gm70233,8590
Gm70234,407
Gm70235,537
Gm70236,2506
Gm70237,903
Gm70238,2469
Gm70239,305
Gm70240,535
Gm70241,276
Gm70242,1059
Gm70243,7011
Gm70244,629
Gm70245,326
Gm70246,673
Gm70247,1100
Gm70248,539
Gm70249,1210
Gm70250,4344
Gm70251,156
Gm70252,596
Gm70253,613
Gm70254,441
Gm70255,700
Gm70256,674
Gm70257,7007
Gm70258,639
Gm70259,668
Gm70260,295
Gm70261,1079
Gm70262,602
Gm70263,209
Gm70264,317
Gm70265,409
Gm70266,1300
Gm70267,5082
Gm70268,445
Gm70269,330
Gm7027,862
Gm70270,808
Gm70271,625
Gm70272,311
Gm70273,554
Gm70274,868
Gm70275,1289
Gm70276,408
Gm70277,563
Gm70278,1020
Gm70279,8346
Gm70280,1943
Gm70281,771
Gm70282,437
Gm70283,4999
Gm70284,2643
Gm70285,1115
Gm70286,752
Gm70287,2723
Gm70288,1587
Gm70289,1187
Gm70290,622
Gm70291,1417
Gm70292,1501
Gm70293,1626
Gm70294,790
Gm70295,1063
Gm70296,383
Gm70297,1320
Gm70298,1989
Gm70299,1101
Gm70300,633
Gm70301,527
Gm70302,2494
Gm70303,337
Gm70304,674
Gm70305,300
Gm70306,329
Gm70307,805
Gm70308,642
Gm70309,1210
Gm7031,919
Gm70310,966
Gm70311,1213
Gm70312,404
Gm70313,1749
Gm70314,548
Gm70315,357
Gm70316,2511
Gm70317,315
Gm70318,2010
Gm70319,369
Gm70320,650
Gm70321,419
Gm70322,232
Gm70323,507
Gm70324,4454
Gm70325,311
Gm70326,2470
Gm70327,386
Gm70328,736
Gm70329,1966
Gm70330,618
Gm70331,538
Gm70332,362
Gm70333,351
Gm70334,352
Gm70335,408
Gm70336,415
Gm70337,828
Gm70338,927
Gm70339,625
Gm7034,645
Gm70340,1859
Gm70341,1236
Gm70342,2190
Gm70343,500
Gm70344,457
Gm70345,625
Gm70346,1463
Gm70347,654
Gm70348,1761
Gm70349,348
Gm70350,376
Gm70351,447
Gm70352,1154
Gm70353,556
Gm70354,565
Gm70355,959
Gm70356,1659
Gm70357,549
Gm70358,214
Gm70359,2219
Gm70360,648
Gm70361,835
Gm70362,1285
Gm70363,541
Gm70364,311
Gm70365,380
Gm70366,633
Gm70367,835
Gm70368,658
Gm70369,433
Gm70370,915
Gm70371,281
Gm70372,1071
Gm70373,617
Gm70374,3510
Gm70375,1056
Gm70376,5510
Gm70377,709
Gm70378,1135
Gm70379,819
Gm70380,380
Gm70381,1932
Gm70382,3811
Gm70383,1771
Gm70384,764
Gm70385,727
Gm70386,851
Gm70387,386
Gm70388,1028
Gm70389,1182
Gm7039,346
Gm70390,495
Gm70391,1151
Gm70392,852
Gm70393,1823
Gm70394,869
Gm70395,1119
Gm70396,411
Gm70397,3846
Gm70398,261
Gm70399,1379
Gm7040,443
Gm70400,6565
Gm70401,1311
Gm70402,1898
Gm70403,1300
Gm70404,153
Gm70405,1052
Gm70406,406
Gm70407,1543
Gm70408,728
Gm70409,690
Gm7041,524
Gm70410,829
Gm70411,922
Gm70412,543
Gm70413,1686
Gm70414,623
Gm70415,469
Gm70416,2752
Gm70417,840
Gm70418,1212
Gm70419,406
Gm7042,384
Gm70420,3330
Gm70421,4638
Gm70422,183
Gm70423,231
Gm70424,425
Gm70425,1420
Gm70426,838
Gm70427,1814
Gm70428,2029
Gm70429,1536
Gm7043,533
Gm70430,1276
Gm70431,868
Gm70432,2182
Gm70433,7668
Gm70434,3962
Gm70435,6873
Gm70436,1462
Gm70437,592
Gm70438,432
Gm70440,304
Gm70441,1667
Gm70442,1157
Gm70443,570
Gm70444,1151
Gm70445,446
Gm70446,255
Gm70447,1016
Gm70448,464
Gm70449,456
Gm7045,605
Gm70450,553
Gm70451,152
Gm70452,637
Gm70453,912
Gm70454,341
Gm70455,659
Gm70456,2138
Gm70457,2740
Gm70458,1070
Gm70459,1251
Gm7046,977
Gm70460,753
Gm70461,924
Gm70462,5425
Gm70463,734
Gm70464,843
Gm70465,198
Gm70467,1432
Gm70468,889
Gm70469,1896
Gm7047,1063
Gm70470,704
Gm70471,352
Gm70472,792
Gm70473,507
Gm70474,829
Gm70475,2853
Gm70476,1459
Gm70477,2752
Gm70478,1200
Gm70479,2854
Gm7048,1891
Gm70480,433
Gm70481,2703
Gm70482,787
Gm70484,501
Gm70485,7336
Gm70486,2043
Gm70487,471
Gm70488,1101
Gm70489,1282
Gm7049,1712
Gm70490,3372
Gm70491,22011
Gm70492,274
Gm70493,316
Gm70494,804
Gm70495,438
Gm70496,4381
Gm70497,1827
Gm70498,635
Gm70499,528
Gm70500,343
Gm70501,4097
Gm70502,284
Gm70503,3940
Gm70504,656
Gm70505,1089
Gm70506,2462
Gm70507,750
Gm70508,387
Gm70509,2218
Gm70510,768
Gm70511,359
Gm70512,830
Gm70513,299
Gm70514,282
Gm70515,2161
Gm70516,2184
Gm70517,828
Gm70518,994
Gm70519,674
Gm7052,1512
Gm70520,672
Gm70521,9424
Gm70522,1665
Gm70523,6262
Gm70524,240
Gm70525,7206
Gm70526,2528
Gm70527,404
Gm70528,3777
Gm70529,1991
Gm70530,1348
Gm70531,876
Gm70532,2134
Gm70533,1781
Gm70534,1706
Gm70535,804
Gm70536,1167
Gm70537,977
Gm70538,3620
Gm70539,982
Gm7054,820
Gm70540,1017
Gm70541,1025
Gm70543,471
Gm70544,996
Gm70545,418
Gm70546,832
Gm70547,3207
Gm70548,654
Gm70549,460
Gm70550,2680
Gm70551,617
Gm70552,1951
Gm70553,870
Gm70554,643
Gm70555,1843
Gm70556,1987
Gm70557,1867
Gm70558,502
Gm70559,1248
Gm70560,6026
Gm70561,5548
Gm70562,816
Gm70563,1054
Gm70564,2403
Gm70565,631
Gm70566,960
Gm70567,1683
Gm70568,441
Gm70569,687
Gm70570,649
Gm70571,1187
Gm70572,1298
Gm70573,620
Gm70574,447
Gm70575,189
Gm70576,972
Gm70577,1611
Gm70578,9901
Gm70579,865
Gm7058,902
Gm70580,2127
Gm70581,828
Gm70582,544
Gm70583,1025
Gm70584,782
Gm70585,639
Gm70586,499
Gm70587,2608
Gm70589,732
Gm7059,816
Gm70590,335
Gm70591,504
Gm70592,782
Gm70593,1746
Gm70594,1888
Gm70595,282
Gm70596,2305
Gm70597,492
Gm70598,296
Gm70599,1872
Gm70600,865
Gm70601,1079
Gm70602,450
Gm70603,299
Gm70604,2458
Gm70605,2302
Gm70606,518
Gm70607,1589
Gm70608,1462
Gm70609,2232
Gm7061,1416
Gm70610,337
Gm70611,1051
Gm70612,775
Gm70613,594
Gm70614,613
Gm70615,579
Gm70616,695
Gm70617,651
Gm70618,352
Gm70619,796
Gm70620,962
Gm70621,639
Gm70622,432
Gm70623,4585
Gm70624,330
Gm70625,416
Gm70626,442
Gm70627,865
Gm70628,687
Gm70629,2441
Gm7063,981
Gm70630,980
Gm70631,309
Gm70632,2191
Gm70633,553
Gm70634,1128
Gm70635,4347
Gm70636,7174
Gm70637,1218
Gm70638,627
Gm70639,794
Gm70640,556
Gm70641,2547
Gm70642,444
Gm70643,543
Gm70644,350
Gm70645,1054
Gm70646,390
Gm70647,1170
Gm70648,294
Gm70649,1251
Gm7065,474
Gm70650,977
Gm70651,5100
Gm70652,1054
Gm70653,800
Gm70654,414
Gm70655,320
Gm70656,1622
Gm70657,818
Gm70658,1745
Gm70659,905
Gm70660,2381
Gm70661,2015
Gm70662,563
Gm70663,490
Gm70664,3205
Gm70665,366
Gm70666,432
Gm70667,1047
Gm70668,204
Gm70669,1008
Gm7067,1249
Gm70670,665
Gm70671,2499
Gm70672,2098
Gm70673,1457
Gm70674,1299
Gm70675,989
Gm70676,14466
Gm70677,314
Gm70678,1323
Gm70680,403
Gm70681,2306
Gm70682,1687
Gm70683,1935
Gm70684,404
Gm70685,1364
Gm70686,678
Gm70687,1699
Gm70688,1455
Gm70689,1715
Gm7069,1008
Gm70690,555
Gm70691,9998
Gm70692,417
Gm70693,318
Gm70694,442
Gm70695,431
Gm70696,577
Gm70697,220
Gm70698,349
Gm70699,2669
Gm70700,7487
Gm70701,662
Gm70702,7124
Gm70703,190
Gm70704,737
Gm70705,1084
Gm70706,420
Gm70707,555
Gm70708,744
Gm70709,1162
Gm7071,462
Gm70710,496
Gm70711,3338
Gm70712,543
Gm70713,633
Gm70716,816
Gm70717,961
Gm70718,258
Gm70719,347
Gm7072,3474
Gm70720,1560
Gm70721,534
Gm70722,8455
Gm70723,580
Gm70724,779
Gm70725,604
Gm70726,1483
Gm70727,654
Gm70728,1515
Gm70729,256
Gm7073,1600
Gm70730,1192
Gm70731,282
Gm70732,589
Gm70733,334
Gm70734,1188
Gm70735,2852
Gm70736,1428
Gm70737,564
Gm70738,4283
Gm70739,429
Gm7074,1454
Gm70740,1004
Gm70741,1429
Gm70742,374
Gm70743,856
Gm70744,2632
Gm70745,2059
Gm70746,1637
Gm70747,1529
Gm70748,450
Gm70749,1521
Gm70750,630
Gm70751,2687
Gm70752,364
Gm70753,2423
Gm70754,211
Gm70755,377
Gm70756,5533
Gm70757,1003
Gm70758,1292
Gm70759,1555
Gm7076,456
Gm70760,2420
Gm70761,1222
Gm70762,1889
Gm70763,4754
Gm70764,301
Gm70765,1325
Gm70766,467
Gm70767,421
Gm70768,308
Gm70769,2502
Gm70770,804
Gm70771,294
Gm70772,823
Gm70773,618
Gm70774,1406
Gm70775,418
Gm70776,3918
Gm70777,2493
Gm70778,397
Gm70779,3577
Gm70780,511
Gm70781,745
Gm70782,784
Gm70783,373
Gm70784,944
Gm70785,411
Gm70786,678
Gm70787,357
Gm70788,1349
Gm70789,397
Gm7079,171
Gm70790,2856
Gm70791,998
Gm70792,3518
Gm70793,6431
Gm70794,887
Gm70795,500
Gm70796,1496
Gm70797,373
Gm70798,330
Gm70799,3341
Gm70800,2074
Gm70801,397
Gm70802,1478
Gm70803,1979
Gm70804,1023
Gm70805,1087
Gm70806,845
Gm70807,929
Gm70808,663
Gm70809,2112
Gm70810,340
Gm70811,582
Gm70812,378
Gm70813,7781
Gm70814,1637
Gm70815,579
Gm70816,391
Gm70817,1400
Gm70818,766
Gm70819,502
Gm7082,969
Gm70820,900
Gm70821,621
Gm70822,741
Gm70823,216
Gm70824,488
Gm70825,472
Gm70826,1237
Gm70827,213
Gm70828,1890
Gm70829,4371
Gm7083,450
Gm70830,3442
Gm70831,635
Gm70832,2914
Gm70833,1020
Gm70834,653
Gm70835,1139
Gm70836,904
Gm70838,691
Gm70839,429
Gm7084,832
Gm70840,511
Gm70841,1340
Gm70842,2438
Gm70843,4111
Gm70844,2973
Gm70845,1307
Gm70846,1023
Gm70847,1026
Gm70848,1616
Gm70849,786
Gm7085,759
Gm70850,293
Gm70851,1009
Gm70852,419
Gm70853,737
Gm70854,733
Gm70855,1430
Gm70856,1309
Gm70857,1501
Gm70858,568
Gm70859,452
Gm7086,1482
Gm70860,428
Gm70861,3322
Gm70862,590
Gm70863,246
Gm70864,950
Gm70865,1888
Gm70866,934
Gm70867,447
Gm70868,368
Gm70869,422
Gm70870,607
Gm70871,1250
Gm70872,491
Gm70873,998
Gm70874,629
Gm70875,373
Gm70876,3200
Gm70877,481
Gm70878,1240
Gm70879,836
Gm70880,7435
Gm70881,1306
Gm70882,531
Gm70883,1311
Gm70884,376
Gm70885,1363
Gm70886,9166
Gm70887,1044
Gm70888,852
Gm70889,909
Gm7089,1466
Gm70890,389
Gm70891,400
Gm70892,667
Gm70893,947
Gm70894,1152
Gm70895,782
Gm70896,574
Gm70897,1428
Gm70898,328
Gm70899,263
Gm70900,596
Gm70901,755
Gm70902,2418
Gm70903,634
Gm70904,2893
Gm70905,690
Gm70906,412
Gm70907,641
Gm70908,725
Gm70909,327
Gm7091,586
Gm70910,1113
Gm70911,1548
Gm70912,398
Gm70913,3056
Gm70914,1655
Gm70915,2841
Gm70916,921
Gm70917,1780
Gm70918,4848
Gm70919,1953
Gm70920,519
Gm70921,363
Gm70922,1843
Gm70923,454
Gm70924,1416
Gm70925,4919
Gm70926,456
Gm70927,1184
Gm70928,121
Gm70929,1428
Gm7093,581
Gm70930,358
Gm70931,2499
Gm70932,422
Gm70933,1692
Gm70934,648
Gm70935,905
Gm70936,1284
Gm70937,940
Gm70938,302
Gm70939,6669
Gm7094,366
Gm70940,802
Gm70941,673
Gm70942,773
Gm70943,289
Gm70944,483
Gm70945,720
Gm70946,1526
Gm70947,631
Gm70948,1072
Gm70949,438
Gm70950,1132
Gm70951,1381
Gm70952,596
Gm70953,1202
Gm70954,2900
Gm70955,1424
Gm70956,799
Gm70957,2002
Gm70958,886
Gm70959,521
Gm7096,1262
Gm70960,667
Gm70962,827
Gm70963,2029
Gm70964,378
Gm70965,324
Gm70966,349
Gm70967,495
Gm70968,262
Gm70969,363
Gm7097,491
Gm70970,1572
Gm70971,363
Gm70972,731
Gm70973,2809
Gm70974,1179
Gm70975,1956
Gm70976,768
Gm70977,372
Gm70978,3408
Gm70979,2730
Gm70980,540
Gm70981,1196
Gm70982,447
Gm70983,4662
Gm70984,1335
Gm70985,488
Gm70986,2530
Gm70987,329
Gm70988,1906
Gm70989,630
Gm7099,554
Gm70990,905
Gm70991,623
Gm70992,978
Gm70993,1107
Gm70995,589
Gm70996,4445
Gm70997,2357
Gm70998,2590
Gm70999,5476
Gm71000,7528
Gm71001,1257
Gm71002,1706
Gm71003,1009
Gm71004,289
Gm71005,528
Gm71006,1332
Gm71007,410
Gm71008,567
Gm71009,1343
Gm71010,1045
Gm71011,842
Gm71012,601
Gm71013,1183
Gm71014,1241
Gm71015,1338
Gm71016,2222
Gm71017,673
Gm71018,2797
Gm71019,549
Gm71020,1194
Gm71021,1468
Gm71022,741
Gm71024,609
Gm71025,328
Gm71026,271
Gm71027,1001
Gm71028,1262
Gm71029,359
Gm7103,1852
Gm71030,1106
Gm71031,464
Gm71032,1263
Gm71033,734
Gm71034,423
Gm71035,482
Gm71036,555
Gm71037,959
Gm71038,441
Gm71039,812
Gm7104,2532
Gm71040,594
Gm71041,1463
Gm71042,324
Gm71043,714
Gm71044,917
Gm71045,989
Gm71046,515
Gm71047,4238
Gm71048,894
Gm71049,5965
Gm7105,1364
Gm71050,478
Gm71051,1179
Gm71052,860
Gm71053,348
Gm71054,1311
Gm71055,3200
Gm71056,568
Gm71057,5499
Gm71058,1445
Gm71059,699
Gm7106,468
Gm71060,303
Gm71061,481
Gm71062,565
Gm71063,368
Gm71064,669
Gm71065,1279
Gm71066,588
Gm71067,378
Gm71068,3570
Gm71069,303
Gm7107,1362
Gm71070,753
Gm71071,1735
Gm71072,4846
Gm71073,1493
Gm71074,1656
Gm71075,2383
Gm71076,5936
Gm71077,3414
Gm71078,3406
Gm71079,622
Gm7108,3407
Gm71080,1068
Gm71081,1524
Gm71082,1585
Gm71083,443
Gm71084,1802
Gm71085,551
Gm71086,2657
Gm71087,721
Gm71088,535
Gm71089,629
Gm71090,2024
Gm71091,1544
Gm71092,3482
Gm71093,694
Gm71094,996
Gm71095,1427
Gm71096,2287
Gm71097,1433
Gm71098,2439
Gm71099,492
Gm71100,602
Gm71101,409
Gm71102,1369
Gm71103,635
Gm71104,145
Gm71105,113
Gm71106,470
Gm71107,445
Gm71108,2291
Gm71109,1911
Gm71110,325
Gm71111,859
Gm71112,354
Gm71113,882
Gm71114,363
Gm71115,501
Gm71116,865
Gm71117,360
Gm71118,1937
Gm71119,728
Gm71120,764
Gm71121,1191
Gm71122,1401
Gm71123,326
Gm71124,410
Gm71125,486
Gm71126,2531
Gm71127,306
Gm71128,674
Gm71129,398
Gm7113,958
Gm71130,305
Gm71131,472
Gm71132,3385
Gm71133,263
Gm71134,3892
Gm71135,1299
Gm71136,324
Gm71137,2034
Gm71138,330
Gm71139,1463
Gm7114,1789
Gm71140,272
Gm71141,361
Gm71142,727
Gm71143,1209
Gm71144,511
Gm71145,1994
Gm71146,376
Gm71147,426
Gm71148,1753
Gm71149,1289
Gm7115,967
Gm71150,1070
Gm71151,324
Gm71152,1471
Gm71153,467
Gm71154,412
Gm71155,689
Gm71156,484
Gm71157,532
Gm71158,568
Gm71159,472
Gm71160,1223
Gm71161,416
Gm71162,1269
Gm71163,759
Gm71164,378
Gm71165,995
Gm71166,664
Gm71167,438
Gm71168,622
Gm71169,1976
Gm7117,387
Gm71170,675
Gm71171,479
Gm71172,2012
Gm71173,703
Gm71174,1464
Gm71175,280
Gm71176,381
Gm71177,1812
Gm71178,1982
Gm71179,613
Gm7118,1003
Gm71180,273
Gm71181,435
Gm71182,1361
Gm71183,1545
Gm71184,1210
Gm71185,553
Gm71186,1253
Gm71187,944
Gm71188,710
Gm71189,595
Gm7119,695
Gm71190,608
Gm71191,995
Gm71192,314
Gm71193,366
Gm71194,320
Gm71195,469
Gm71196,568
Gm71197,391
Gm71198,1788
Gm71199,1075
Gm71200,747
Gm71201,491
Gm71202,308
Gm71203,2090
Gm71204,2006
Gm71205,5881
Gm71206,394
Gm71207,1573
Gm71208,386
Gm71209,419
Gm71210,408
Gm71211,306
Gm71212,927
Gm71213,1804
Gm71214,303
Gm71215,1343
Gm71216,749
Gm71217,230
Gm71218,252
Gm71219,830
Gm71220,892
Gm71221,857
Gm71222,1105
Gm71223,298
Gm71224,703
Gm71225,1700
Gm71226,238
Gm71227,558
Gm71228,574
Gm71229,446
Gm7123,213
Gm71230,1835
Gm71231,1249
Gm71232,1385
Gm71233,377
Gm71234,1163
Gm71235,573
Gm71236,737
Gm71237,2693
Gm71238,2858
Gm71239,1985
Gm71240,479
Gm71241,1653
Gm71242,415
Gm71243,424
Gm71244,790
Gm71245,305
Gm71246,447
Gm71247,594
Gm71248,609
Gm71249,496
Gm71250,452
Gm71251,380
Gm71252,1283
Gm71253,1618
Gm71254,550
Gm71255,2688
Gm71256,594
Gm71257,2382
Gm71258,725
Gm71259,4034
Gm7126,1696
Gm71260,2671
Gm71261,1182
Gm71262,364
Gm71263,488
Gm71264,766
Gm71265,3723
Gm71266,2946
Gm71267,784
Gm71268,527
Gm71269,416
Gm71270,550
Gm71271,1001
Gm71272,707
Gm71273,560
Gm71275,1276
Gm71276,304
Gm71277,976
Gm71278,329
Gm71279,560
Gm7128,533
Gm71280,931
Gm71281,6079
Gm71282,134
Gm71283,2129
Gm71284,1857
Gm71285,786
Gm71286,1288
Gm71287,2967
Gm71288,215
Gm71289,774
Gm7129,997
Gm71290,2408
Gm71291,359
Gm71292,1396
Gm71293,2837
Gm71294,339
Gm71295,76
Gm71296,1114
Gm71297,6271
Gm71298,603
Gm71299,1381
Gm71300,455
Gm71301,2519
Gm71302,21290
Gm71303,406
Gm71304,805
Gm71305,605
Gm71306,976
Gm71307,282
Gm71308,4001
Gm71309,6538
Gm71310,1651
Gm71311,459
Gm71312,1621
Gm71313,175
Gm71314,515
Gm71315,649
Gm71316,514
Gm71317,5658
Gm71318,253
Gm71319,1129
Gm7132,984
Gm71320,571
Gm71321,381
Gm71322,4178
Gm71323,315
Gm71324,1152
Gm71325,563
Gm71326,3053
Gm71327,407
Gm71328,2019
Gm71329,2800
Gm7133,2039
Gm71330,2121
Gm71331,1325
Gm71332,4199
Gm71333,493
Gm71334,446
Gm71335,315
Gm71336,429
Gm71338,2227
Gm71339,924
Gm7134,2406
Gm71340,1527
Gm71341,1097
Gm71342,1593
Gm71343,3083
Gm71344,443
Gm71345,506
Gm71346,5451
Gm71347,857
Gm71348,628
Gm71349,633
Gm7135,1905
Gm71350,1333
Gm71351,1976
Gm71352,550
Gm71353,1528
Gm71354,5301
Gm71355,1162
Gm71356,837
Gm71357,999
Gm71358,2846
Gm71359,1841
Gm71360,1002
Gm71361,824
Gm71362,2398
Gm71363,1354
Gm71364,573
Gm71365,342
Gm71366,564
Gm71367,432
Gm71368,3131
Gm71369,899
Gm71370,1421
Gm71371,326
Gm71372,901
Gm71373,295
Gm71374,454
Gm71375,1609
Gm71377,791
Gm71378,306
Gm71379,731
Gm71380,608
Gm71381,5023
Gm71382,1675
Gm71383,1428
Gm71384,508
Gm71385,239
Gm71386,870
Gm71387,2129
Gm71388,414
Gm71389,1001
Gm71390,1924
Gm71391,1036
Gm71392,487
Gm71393,1886
Gm71394,764
Gm71395,562
Gm71396,421
Gm71397,809
Gm71398,851
Gm71399,787
Gm71400,576
Gm71401,360
Gm71402,1268
Gm71403,843
Gm71404,3050
Gm71405,506
Gm71406,604
Gm71407,405
Gm71408,355
Gm71409,388
Gm71410,518
Gm71411,315
Gm71412,401
Gm71413,646
Gm71414,529
Gm71415,10968
Gm71416,345
Gm71417,361
Gm71418,948
Gm71419,210
Gm7142,586
Gm71420,758
Gm71421,968
Gm71422,3267
Gm71423,637
Gm71424,408
Gm71425,575
Gm71426,603
Gm71427,420
Gm71428,417
Gm71429,1035
Gm7143,859
Gm71430,1337
Gm71431,829
Gm71432,745
Gm71433,2739
Gm71434,532
Gm71435,589
Gm71436,510
Gm71437,422
Gm71438,1294
Gm71439,2241
Gm71440,756
Gm71441,2197
Gm71442,395
Gm71443,600
Gm71444,1734
Gm71445,500
Gm71446,495
Gm71447,486
Gm71448,557
Gm71449,388
Gm71450,1616
Gm71451,481
Gm71452,1665
Gm71453,323
Gm71454,3454
Gm71455,1580
Gm71456,2543
Gm71457,977
Gm71458,735
Gm71459,395
Gm7146,739
Gm71460,716
Gm71461,4544
Gm71462,282
Gm71463,703
Gm71464,388
Gm71465,2978
Gm71466,810
Gm71467,613
Gm71468,269
Gm71469,1077
Gm71470,4562
Gm71471,1068
Gm71472,279
Gm71473,1160
Gm71474,480
Gm71475,1495
Gm71476,1108
Gm71477,3704
Gm71478,2955
Gm71479,1247
Gm71480,906
Gm71481,287
Gm71482,1565
Gm71483,1054
Gm71484,618
Gm71485,646
Gm71486,2387
Gm71487,745
Gm71488,790
Gm71489,2302
Gm71490,1277
Gm71491,1382
Gm71492,828
Gm71493,1250
Gm71494,1504
Gm71495,978
Gm71496,972
Gm71497,786
Gm71498,886
Gm71499,1632
Gm715,1210
Gm7150,981
Gm71500,1157
Gm71501,3434
Gm71502,656
Gm71503,328
Gm71504,930
Gm71505,547
Gm71506,210
Gm71507,649
Gm71508,232
Gm71509,893
Gm7151,954
Gm71510,343
Gm71511,707
Gm71512,1151
Gm71513,2234
Gm71514,831
Gm71515,2629
Gm71516,1116
Gm71517,1222
Gm71518,1439
Gm71519,1376
Gm7152,605
Gm71520,584
Gm71521,1455
Gm71522,1224
Gm71523,441
Gm71524,362
Gm71525,930
Gm71526,527
Gm71527,6011
Gm71528,2031
Gm71529,1719
Gm7153,455
Gm71530,378
Gm71531,844
Gm71532,2569
Gm71533,1340
Gm71534,863
Gm71535,477
Gm71536,1264
Gm71537,2299
Gm71538,880
Gm71539,156
Gm71540,2094
Gm71541,363
Gm71542,799
Gm71543,1264
Gm71544,1564
Gm71545,415
Gm71546,1527
Gm71547,128
Gm71548,1176
Gm71549,785
Gm7155,1671
Gm71550,406
Gm71551,976
Gm71552,476
Gm71553,618
Gm71554,710
Gm71555,2859
Gm71556,673
Gm71557,518
Gm71558,871
Gm71559,902
Gm7156,499
Gm71560,3211
Gm71561,490
Gm71562,512
Gm71563,824
Gm71564,1952
Gm71565,788
Gm71566,349
Gm71567,1250
Gm71568,812
Gm71569,24335
Gm71570,274
Gm71571,277
Gm71572,2622
Gm71573,724
Gm71574,509
Gm71575,283
Gm71576,1361
Gm71577,2681
Gm71578,1897
Gm71579,1102
Gm7158,903
Gm71580,1255
Gm71581,2385
Gm71582,1515
Gm71583,684
Gm71584,1021
Gm71585,619
Gm71586,604
Gm71587,6206
Gm71588,5305
Gm71589,1191
Gm71590,5891
Gm71591,1576
Gm71592,983
Gm71593,4152
Gm71594,583
Gm71595,3701
Gm71596,584
Gm71597,446
Gm71598,474
Gm71599,436
Gm7160,21388
Gm71600,896
Gm71601,564
Gm71602,8244
Gm71603,1015
Gm71604,1566
Gm71605,699
Gm71606,916
Gm71607,749
Gm71609,364
Gm71610,1043
Gm71611,617
Gm71612,883
Gm71613,1729
Gm71614,2202
Gm71615,2500
Gm71616,703
Gm71617,795
Gm71618,527
Gm71619,559
Gm7162,1024
Gm71620,391
Gm71621,540
Gm71622,465
Gm71623,934
Gm71624,5877
Gm71625,2020
Gm71626,782
Gm71627,529
Gm71628,348
Gm71629,523
Gm71630,893
Gm71631,444
Gm71632,375
Gm71633,940
Gm71634,1385
Gm71635,8039
Gm71636,1165
Gm71637,639
Gm71638,4635
Gm71639,613
Gm7164,450
Gm71640,652
Gm71641,779
Gm71642,1982
Gm71643,793
Gm71644,430
Gm71645,608
Gm71646,683
Gm71647,4277
Gm71648,455
Gm71649,288
Gm71650,592
Gm71651,1950
Gm71652,1283
Gm71653,341
Gm71654,572
Gm71655,2899
Gm71656,219
Gm71657,1505
Gm71658,1363
Gm71659,1495
Gm7166,303
Gm71660,974
Gm71661,526
Gm71662,1006
Gm71663,2116
Gm71664,3592
Gm71665,344
Gm71666,247
Gm71667,954
Gm71668,1116
Gm71669,608
Gm7167,1170
Gm71670,728
Gm71671,2557
Gm71672,2754
Gm71673,937
Gm71675,550
Gm71676,321
Gm71677,326
Gm71678,349
Gm71679,2191
Gm7168,1603
Gm71680,446
Gm71681,180
Gm71682,10831
Gm71683,1264
Gm71684,730
Gm71685,427
Gm71686,1153
Gm71687,627
Gm71688,2761
Gm71689,548
Gm71690,330
Gm71691,5780
Gm71692,270
Gm71693,1005
Gm71694,684
Gm71695,896
Gm71696,896
Gm71697,911
Gm71698,3663
Gm71699,1155
Gm71700,3997
Gm71701,482
Gm71702,1211
Gm71703,2087
Gm71704,4439
Gm71705,446
Gm71706,510
Gm71707,414
Gm71708,685
Gm71709,2059
Gm7171,1349
Gm71710,696
Gm71711,270
Gm71712,1440
Gm71713,3145
Gm71714,1042
Gm71715,287
Gm71716,648
Gm71717,528
Gm71718,1525
Gm71719,1174
Gm7172,1152
Gm71720,469
Gm71721,314
Gm71722,293
Gm71723,996
Gm71724,817
Gm71725,1040
Gm71726,655
Gm71727,333
Gm71728,746
Gm71729,404
Gm71730,438
Gm71731,819
Gm71732,601
Gm71733,3098
Gm71734,881
Gm71735,634
Gm71736,498
Gm71737,345
Gm71738,488
Gm71739,641
Gm71740,1471
Gm71741,185
Gm71742,416
Gm71743,409
Gm71744,795
Gm71745,615
Gm71746,915
Gm71747,1183
Gm71748,14046
Gm71749,2363
Gm71750,1031
Gm71751,879
Gm71752,978
Gm71753,1902
Gm71754,465
Gm71755,497
Gm71756,913
Gm71757,439
Gm71758,764
Gm71759,576
Gm71760,4634
Gm71761,405
Gm71762,575
Gm71763,480
Gm71765,901
Gm71766,1985
Gm71767,522
Gm71768,5041
Gm71769,468
Gm7177,1640
Gm71771,870
Gm71772,325
Gm71773,409
Gm71774,1784
Gm71775,503
Gm71776,485
Gm71777,232
Gm71778,2411
Gm71779,2550
Gm71780,2697
Gm71781,237
Gm71782,591
Gm71783,916
Gm71784,600
Gm71785,565
Gm71786,350
Gm71787,501
Gm71788,521
Gm71789,2105
Gm71790,1253
Gm71791,688
Gm71792,271
Gm71793,572
Gm71794,540
Gm71795,835
Gm71796,623
Gm71797,607
Gm71798,2332
Gm71799,569
Gm7180,513
Gm71800,545
Gm71801,1268
Gm71802,2830
Gm71803,834
Gm71804,2200
Gm71805,394
Gm71806,836
Gm71807,2899
Gm71808,420
Gm71809,1908
Gm7181,434
Gm71810,1176
Gm71811,339
Gm71812,487
Gm71813,425
Gm71814,1670
Gm71815,452
Gm71816,569
Gm71817,3045
Gm71818,1162
Gm71819,2003
Gm7182,732
Gm71820,367
Gm71821,1040
Gm71822,2786
Gm71823,542
Gm71824,276
Gm71825,385
Gm71826,526
Gm71827,2266
Gm71828,673
Gm71829,435
Gm7183,1005
Gm71830,1284
Gm71831,430
Gm71832,446
Gm71833,2401
Gm71834,1059
Gm71835,457
Gm71836,341
Gm71837,553
Gm71838,396
Gm71839,630
Gm71840,593
Gm71841,629
Gm71842,2406
Gm71843,829
Gm71844,386
Gm71845,720
Gm71846,1100
Gm71847,2873
Gm71848,1539
Gm71849,422
Gm71850,1994
Gm71851,1028
Gm71852,399
Gm71853,604
Gm71854,436
Gm71855,994
Gm71856,807
Gm71857,1696
Gm71858,508
Gm71859,427
Gm71860,1420
Gm71861,473
Gm71862,504
Gm71863,732
Gm71864,676
Gm71865,646
Gm71866,451
Gm71867,1065
Gm71868,1077
Gm71869,1046
Gm71870,720
Gm71871,445
Gm71872,453
Gm71873,2984
Gm71874,1147
Gm71875,2610
Gm71876,2661
Gm71877,4618
Gm71878,751
Gm71879,3197
Gm71880,202
Gm71881,252
Gm71882,1640
Gm71883,1490
Gm71884,688
Gm71885,1532
Gm71886,357
Gm71887,231
Gm71888,3952
Gm71889,3108
Gm7189,429
Gm71890,949
Gm71891,2433
Gm71892,815
Gm71893,1954
Gm71894,868
Gm71895,1081
Gm71896,1711
Gm71897,611
Gm71898,581
Gm71899,1531
Gm7190,1452
Gm71900,505
Gm71901,420
Gm71902,1054
Gm71903,623
Gm71904,796
Gm71905,571
Gm71906,577
Gm71907,2180
Gm71908,299
Gm71909,1023
Gm7191,990
Gm71910,688
Gm71911,792
Gm71912,576
Gm71913,751
Gm71914,2584
Gm71915,806
Gm71916,563
Gm71917,803
Gm71918,517
Gm71919,1438
Gm7192,1137
Gm71920,362
Gm71921,841
Gm71922,3689
Gm71923,774
Gm71924,1272
Gm71925,551
Gm71926,1540
Gm71927,401
Gm71928,890
Gm71929,362
Gm71930,658
Gm71931,600
Gm71932,579
Gm71933,15634
Gm71934,1181
Gm71935,2268
Gm71936,534
Gm71937,299
Gm71938,3041
Gm71939,694
Gm7194,4854
Gm71940,488
Gm71941,1156
Gm71942,4708
Gm71943,584
Gm71944,431
Gm71945,729
Gm71946,329
Gm71947,1259
Gm71948,1217
Gm71949,718
Gm7195,1707
Gm71950,389
Gm71951,1122
Gm71952,314
Gm71953,390
Gm71954,416
Gm71955,855
Gm71956,3855
Gm71957,428
Gm71958,1404
Gm71959,588
Gm71960,1189
Gm71961,1243
Gm71962,238
Gm71963,760
Gm71964,3351
Gm71965,1487
Gm71966,902
Gm71967,539
Gm71968,1487
Gm71969,663
Gm71970,406
Gm71971,978
Gm71972,678
Gm71973,400
Gm71974,352
Gm71975,4472
Gm71976,524
Gm71977,874
Gm71978,343
Gm71979,1247
Gm7198,1074
Gm71980,1724
Gm71981,6937
Gm71982,1160
Gm71983,226
Gm71984,423
Gm71985,761
Gm71986,645
Gm71987,2237
Gm71988,257
Gm71989,948
Gm7199,1485
Gm71990,3081
Gm71991,382
Gm71992,318
Gm71993,2119
Gm71994,565
Gm71995,438
Gm71996,517
Gm71997,1383
Gm71998,1595
Gm71999,1019
Gm7200,1163
Gm72000,128
Gm72001,1810
Gm72002,623
Gm72003,154
Gm72004,1072
Gm72005,504
Gm72006,4888
Gm72007,4176
Gm72008,4120
Gm72009,8613
Gm7201,1099
Gm72010,880
Gm72011,671
Gm72012,3327
Gm72013,535
Gm72014,247
Gm72015,364
Gm72016,476
Gm72017,529
Gm72018,360
Gm72019,870
Gm72020,942
Gm72021,181
Gm72022,2741
Gm72023,951
Gm72024,1061
Gm72025,562
Gm72026,810
Gm72027,1417
Gm72028,3694
Gm72029,996
Gm7203,1404
Gm72030,285
Gm72031,453
Gm72032,967
Gm72033,359
Gm72034,1878
Gm72035,596
Gm72036,1105
Gm72037,8407
Gm72038,2061
Gm72039,341
Gm7204,597
Gm72040,356
Gm72041,2182
Gm72042,932
Gm72043,1244
Gm72044,425
Gm72045,11482
Gm72046,809
Gm72047,1065
Gm72048,697
Gm72049,1238
Gm7205,1323
Gm72050,1114
Gm72051,1567
Gm72052,495
Gm72053,466
Gm72054,356
Gm72055,553
Gm72056,2876
Gm72057,310
Gm72058,1117
Gm72059,2746
Gm7206,508
Gm72060,833
Gm72061,1652
Gm72062,413
Gm72063,1217
Gm72064,483
Gm72065,1067
Gm72067,424
Gm72068,256
Gm72069,884
Gm72070,2825
Gm72071,2887
Gm72072,654
Gm72073,1633
Gm72074,597
Gm72075,381
Gm72076,517
Gm72077,1496
Gm72078,528
Gm72079,722
Gm7208,1627
Gm72080,1008
Gm72081,823
Gm72082,350
Gm72083,403
Gm72084,2078
Gm72085,709
Gm72086,260
Gm72087,395
Gm72088,880
Gm72089,1059
Gm7209,333
Gm72090,684
Gm72091,388
Gm72092,290
Gm72093,837
Gm72094,776
Gm72095,1182
Gm72096,3443
Gm72097,356
Gm72098,825
Gm7210,1067
Gm72100,771
Gm72101,577
Gm72102,1021
Gm72103,5082
Gm72104,2633
Gm72105,1096
Gm72106,484
Gm72107,1128
Gm72108,932
Gm72109,2705
Gm7211,1118
Gm72110,276
Gm72111,1267
Gm72112,1906
Gm72113,875
Gm72114,1799
Gm72115,4855
Gm72116,1050
Gm72117,898
Gm72118,1157
Gm72119,1184
Gm7212,348
Gm72120,1668
Gm72121,147
Gm72122,777
Gm72123,1112
Gm72124,433
Gm72125,976
Gm72126,628
Gm72127,182
Gm72128,475
Gm72129,1722
Gm7213,950
Gm72130,834
Gm72131,929
Gm72132,1188
Gm72133,1331
Gm72134,315
Gm72135,2268
Gm72136,457
Gm72137,1358
Gm72138,1814
Gm72139,6886
Gm7214,272
Gm72140,1019
Gm72141,622
Gm72142,667
Gm72143,1518
Gm72144,2268
Gm72145,1795
Gm72146,478
Gm72147,1517
Gm72148,2326
Gm72149,340
Gm72150,274
Gm72151,283
Gm72152,1303
Gm72153,838
Gm72154,1168
Gm72155,1239
Gm72156,688
Gm72157,1528
Gm72158,491
Gm72159,258
Gm72160,806
Gm72161,342
Gm72162,290
Gm72163,956
Gm72164,430
Gm72165,492
Gm72166,842
Gm72167,602
Gm72168,299
Gm72169,388
Gm7217,609
Gm72170,213
Gm72171,517
Gm72172,557
Gm72173,1928
Gm72174,409
Gm72175,399
Gm72176,1752
Gm72177,394
Gm72178,1379
Gm72179,739
Gm72180,341
Gm72181,960
Gm72182,504
Gm72183,729
Gm72184,226
Gm72185,1043
Gm72186,1128
Gm72187,389
Gm72188,837
Gm72189,1883
Gm7219,297
Gm72190,1917
Gm72191,2223
Gm72192,648
Gm72193,203
Gm72194,766
Gm72195,419
Gm72196,417
Gm72197,580
Gm72198,455
Gm72199,361
Gm72200,945
Gm72201,4115
Gm72202,433
Gm72203,797
Gm72204,425
Gm72205,396
Gm72206,596
Gm72207,230
Gm72208,732
Gm72209,253
Gm72210,683
Gm72211,8168
Gm72212,4163
Gm72213,365
Gm72214,411
Gm72215,326
Gm72216,1002
Gm72217,392
Gm72218,1432
Gm72219,312
Gm7222,906
Gm72220,416
Gm72221,538
Gm72222,664
Gm72223,1102
Gm72224,1172
Gm72225,277
Gm72226,383
Gm72227,328
Gm72228,355
Gm72229,295
Gm72230,2149
Gm72231,1367
Gm72232,297
Gm72233,2169
Gm72234,1984
Gm72235,282
Gm72236,645
Gm72237,572
Gm72238,865
Gm72239,415
Gm7224,2066
Gm72240,1054
Gm72241,536
Gm72242,718
Gm72243,1901
Gm72244,438
Gm72245,4919
Gm72246,549
Gm72247,386
Gm72248,1756
Gm72249,414
Gm72250,541
Gm72251,433
Gm72252,1020
Gm72253,233
Gm72254,698
Gm72255,253
Gm72256,1551
Gm72257,476
Gm72258,300
Gm72259,1629
Gm72260,505
Gm72261,2905
Gm72262,357
Gm72263,355
Gm72264,326
Gm72265,675
Gm72266,125
Gm72267,2800
Gm72268,924
Gm72269,295
Gm72270,988
Gm72271,1389
Gm72272,584
Gm72273,509
Gm72274,846
Gm72275,1733
Gm72276,1212
Gm72277,1101
Gm72278,674
Gm72279,664
Gm72280,961
Gm72281,599
Gm72282,1640
Gm72283,1231
Gm72284,1310
Gm72285,719
Gm72286,406
Gm72287,1137
Gm72288,658
Gm72289,916
Gm7229,1007
Gm72290,177
Gm72291,742
Gm72292,1051
Gm72293,899
Gm72294,680
Gm72295,2298
Gm72296,791
Gm72297,666
Gm72298,700
Gm72299,377
Gm7230,815
Gm72300,1563
Gm72301,439
Gm72302,3424
Gm72303,463
Gm72304,1181
Gm72305,1104
Gm72306,1509
Gm72307,429
Gm72309,563
Gm72310,481
Gm72311,1406
Gm72312,2084
Gm72313,1100
Gm72314,761
Gm72315,1092
Gm72316,258
Gm72317,498
Gm72318,1755
Gm72319,1307
Gm7232,1940
Gm72320,283
Gm72321,2774
Gm72322,735
Gm72323,1048
Gm72324,577
Gm72325,1912
Gm72326,354
Gm72327,2772
Gm72328,1248
Gm72329,395
Gm7233,3880
Gm72330,1827
Gm72331,990
Gm72332,1280
Gm72333,629
Gm72334,179
Gm72335,345
Gm72336,605
Gm72337,9358
Gm72338,421
Gm72339,724
Gm72340,843
Gm72341,489
Gm72342,5841
Gm72343,2586
Gm72344,300
Gm72345,253
Gm72346,2233
Gm72347,556
Gm72348,782
Gm72349,317
Gm72350,1833
Gm72351,928
Gm72352,1297
Gm72353,470
Gm72354,3202
Gm72355,331
Gm72356,438
Gm72357,654
Gm72358,1053
Gm72359,260
Gm72360,1721
Gm72361,493
Gm72362,1371
Gm72363,267
Gm72364,684
Gm72365,341
Gm72366,320
Gm72367,738
Gm72368,1072
Gm72369,698
Gm7237,1401
Gm72370,1189
Gm72371,581
Gm72372,524
Gm72373,623
Gm72374,1630
Gm72375,1547
Gm72376,1642
Gm72377,551
Gm72378,1064
Gm72379,950
Gm7238,973
Gm72380,1030
Gm72381,981
Gm72382,290
Gm72383,387
Gm72384,222
Gm72385,2405
Gm72386,1175
Gm72387,2951
Gm72388,3123
Gm72389,1394
Gm7239,860
Gm72390,514
Gm72391,1360
Gm72392,634
Gm72393,700
Gm72394,335
Gm72395,580
Gm72396,2548
Gm72397,1324
Gm72398,2963
Gm72399,2068
Gm7240,664
Gm72400,334
Gm72401,1441
Gm72402,340
Gm72403,1388
Gm72404,582
Gm72405,506
Gm72406,483
Gm72407,321
Gm72408,2770
Gm72409,633
Gm7241,357
Gm72410,555
Gm72411,1138
Gm72412,591
Gm72413,2306
Gm72414,472
Gm72415,773
Gm72416,549
Gm72418,2803
Gm72419,407
Gm7242,705
Gm72420,1620
Gm72421,3664
Gm72422,982
Gm72423,694
Gm72424,930
Gm72425,1300
Gm72426,926
Gm72427,8483
Gm72428,1832
Gm72429,3457
Gm72430,1479
Gm72431,1317
Gm72432,342
Gm72433,768
Gm72434,353
Gm72435,1849
Gm72436,5689
Gm72437,1030
Gm72438,464
Gm72439,774
Gm7244,455
Gm72440,3539
Gm72441,426
Gm72442,949
Gm72443,567
Gm72444,284
Gm72445,3159
Gm72446,285
Gm72447,1280
Gm72448,1049
Gm72449,2296
Gm72450,788
Gm72451,1738
Gm72452,1288
Gm72453,1056
Gm72454,292
Gm72455,1139
Gm72456,426
Gm72457,1249
Gm72458,628
Gm72459,1635
Gm72460,576
Gm72461,2597
Gm72462,387
Gm72463,2940
Gm72464,1704
Gm72465,586
Gm72466,606
Gm72467,2241
Gm72468,365
Gm72469,445
Gm7247,1157
Gm72470,1361
Gm72471,1994
Gm72472,808
Gm72473,1410
Gm72474,867
Gm72475,462
Gm72476,1231
Gm72477,1669
Gm72478,1394
Gm72479,396
Gm72480,499
Gm72481,1457
Gm72482,814
Gm72483,356
Gm72484,540
Gm72485,196
Gm72486,1331
Gm72487,2653
Gm72488,654
Gm72489,1392
Gm72490,691
Gm72491,551
Gm72492,719
Gm72493,2719
Gm72494,295
Gm72495,433
Gm72496,1754
Gm72497,4196
Gm72498,502
Gm72499,430
Gm725,844
Gm72500,1141
Gm72501,2078
Gm72502,1233
Gm72503,732
Gm72504,262
Gm72505,1299
Gm72506,3579
Gm72507,307
Gm72508,5347
Gm72509,672
Gm7251,1009
Gm72510,245
Gm72511,753
Gm72512,469
Gm72513,901
Gm72514,337
Gm72515,2343
Gm72516,2030
Gm72517,424
Gm72518,465
Gm72519,1502
Gm7252,456
Gm72520,1408
Gm72521,552
Gm72522,1308
Gm72523,1174
Gm72524,791
Gm72525,1592
Gm72526,2236
Gm72527,736
Gm72528,490
Gm72529,950
Gm7253,338
Gm72530,966
Gm72531,1010
Gm72532,567
Gm72533,1198
Gm72534,496
Gm72535,826
Gm72536,295
Gm72537,652
Gm72538,289
Gm72539,659
Gm72540,1341
Gm72541,402
Gm72542,394
Gm72543,5151
Gm72544,328
Gm72545,4218
Gm72546,377
Gm72547,534
Gm72548,2890
Gm72549,375
Gm7255,908
Gm72550,291
Gm72551,561
Gm72552,145
Gm72553,875
Gm72554,558
Gm72555,377
Gm72556,360
Gm72557,478
Gm72558,694
Gm72559,861
Gm72560,1027
Gm72561,281
Gm72562,1691
Gm72563,911
Gm72564,387
Gm72565,393
Gm72566,427
Gm72567,1580
Gm72568,375
Gm72569,683
Gm72570,774
Gm72571,374
Gm72573,2551
Gm72574,2130
Gm72575,1508
Gm72576,2043
Gm72577,464
Gm72578,1918
Gm72579,535
Gm7258,300
Gm72580,688
Gm72581,835
Gm72582,1025
Gm72583,455
Gm72584,1065
Gm72585,545
Gm72586,757
Gm72587,3637
Gm72588,274
Gm72589,509
Gm72590,799
Gm72591,1228
Gm72592,332
Gm72593,487
Gm72594,307
Gm72595,1895
Gm72596,438
Gm72597,523
Gm72598,767
Gm72599,1429
Gm7260,216
Gm72600,364
Gm72601,1124
Gm72602,676
Gm72603,1254
Gm72604,705
Gm72605,299
Gm72606,837
Gm72607,2243
Gm72608,680
Gm72609,1449
Gm72610,881
Gm72611,2114
Gm72612,502
Gm72613,417
Gm72614,619
Gm72615,1889
Gm72616,2254
Gm72617,1060
Gm72618,435
Gm72619,1317
Gm72620,1977
Gm72621,583
Gm72622,1809
Gm72623,259
Gm72624,448
Gm72625,1201
Gm72626,471
Gm72627,1079
Gm72628,212
Gm72629,964
Gm72630,2857
Gm72631,805
Gm72632,691
Gm72633,1187
Gm72634,784
Gm72635,956
Gm72636,3100
Gm72637,265
Gm72638,763
Gm72639,1945
Gm72640,421
Gm72641,961
Gm72642,1531
Gm72643,2188
Gm72644,848
Gm72645,1297
Gm72646,886
Gm72647,1158
Gm72648,1548
Gm72649,1701
Gm7265,3502
Gm72650,269
Gm72651,364
Gm72652,967
Gm72653,926
Gm72654,710
Gm72655,283
Gm72656,414
Gm72657,1619
Gm72658,627
Gm72659,353
Gm7266,405
Gm72660,345
Gm72661,6861
Gm72662,453
Gm72663,423
Gm72664,1138
Gm72665,444
Gm72666,1113
Gm72667,367
Gm72668,2240
Gm72669,790
Gm72670,198
Gm72671,659
Gm72672,1611
Gm72673,346
Gm72674,1789
Gm72675,1112
Gm72676,336
Gm72677,1833
Gm72678,1727
Gm72679,1807
Gm72680,444
Gm72681,1014
Gm72682,1717
Gm72683,2418
Gm72684,755
Gm72685,2749
Gm72686,2776
Gm72687,1695
Gm72688,236
Gm72689,477
Gm7269,1373
Gm72690,381
Gm72691,697
Gm72692,363
Gm72693,154
Gm72694,890
Gm72695,1936
Gm72696,2862
Gm72697,1943
Gm72698,447
Gm72699,8728
Gm7270,2259
Gm72700,1133
Gm72701,561
Gm72702,1657
Gm72703,183
Gm72704,858
Gm72705,1125
Gm72706,596
Gm72707,1595
Gm72709,819
Gm72710,759
Gm72711,1013
Gm72712,770
Gm72713,414
Gm72714,339
Gm72715,551
Gm72716,1291
Gm72717,600
Gm72718,749
Gm72719,708
Gm7272,440
Gm72720,576
Gm72721,412
Gm72722,300
Gm72723,252
Gm72724,906
Gm72725,742
Gm72726,626
Gm72727,1487
Gm72728,378
Gm72729,898
Gm72730,1301
Gm72731,257
Gm72732,944
Gm72733,1495
Gm72734,521
Gm72735,547
Gm72736,678
Gm72737,597
Gm72738,508
Gm72739,2302
Gm7274,2059
Gm72740,621
Gm72741,441
Gm72742,327
Gm72743,1358
Gm72744,392
Gm72745,2329
Gm72746,399
Gm72747,689
Gm72748,1947
Gm72749,528
Gm7275,1186
Gm72750,619
Gm72751,894
Gm72752,3541
Gm72753,917
Gm72754,334
Gm72755,375
Gm72756,1295
Gm72757,385
Gm72758,580
Gm72759,1918
Gm7276,3347
Gm72760,3468
Gm72761,1139
Gm72762,232
Gm72763,344
Gm72764,896
Gm72766,809
Gm72767,621
Gm72768,344
Gm72769,537
Gm72770,643
Gm72771,899
Gm72772,765
Gm72773,758
Gm72774,787
Gm72775,756
Gm72776,420
Gm72777,1120
Gm72778,1015
Gm72779,340
Gm7278,1401
Gm72780,678
Gm72781,1056
Gm72782,4312
Gm72783,518
Gm72784,547
Gm72785,725
Gm72786,758
Gm72787,846
Gm72788,427
Gm72789,375
Gm72790,9310
Gm72791,419
Gm72792,7004
Gm72793,4229
Gm72794,1771
Gm72795,586
Gm72796,201
Gm72797,1085
Gm72798,1483
Gm72799,1580
Gm72800,643
Gm72801,422
Gm72802,753
Gm72803,2846
Gm72804,2409
Gm72805,476
Gm72806,2214
Gm72807,1996
Gm72808,707
Gm72809,1237
Gm7281,543
Gm72810,4284
Gm72811,183
Gm72812,1975
Gm72813,953
Gm72814,627
Gm72815,891
Gm72816,335
Gm72817,3422
Gm72818,719
Gm72819,1841
Gm72820,524
Gm72821,813
Gm72822,677
Gm72823,808
Gm72824,472
Gm72825,1276
Gm72826,1177
Gm72827,451
Gm72828,440
Gm72829,539
Gm72830,1746
Gm72831,458
Gm72832,832
Gm72833,560
Gm72834,1540
Gm72835,333
Gm72836,305
Gm72837,808
Gm72838,1234
Gm72839,423
Gm7284,944
Gm72840,1864
Gm72841,309
Gm72842,425
Gm72843,1282
Gm72844,610
Gm72845,400
Gm72846,1311
Gm72847,807
Gm72848,620
Gm72849,3359
Gm7285,580
Gm72850,478
Gm72851,336
Gm72852,849
Gm72853,481
Gm72854,194
Gm72855,559
Gm72856,319
Gm72857,1832
Gm72858,1042
Gm72859,380
Gm7286,1007
Gm72860,506
Gm72861,391
Gm72862,1393
Gm72863,2606
Gm72864,5301
Gm72865,2439
Gm72866,1663
Gm72867,2104
Gm72868,1234
Gm72869,1076
Gm7287,602
Gm72870,365
Gm72871,3436
Gm72872,514
Gm72873,3309
Gm72874,1053
Gm72875,1093
Gm72876,713
Gm72877,485
Gm72878,570
Gm72879,3048
Gm72880,1244
Gm72881,2475
Gm72882,979
Gm72883,2536
Gm72884,845
Gm72885,1706
Gm72886,2179
Gm72887,913
Gm72888,371
Gm72889,411
Gm7289,734
Gm72891,1263
Gm72892,1514
Gm72893,897
Gm72894,248
Gm72895,1224
Gm72896,1087
Gm72897,4775
Gm72898,780
Gm72899,982
Gm7290,617
Gm72900,243
Gm72901,397
Gm72902,193
Gm72903,1681
Gm72904,853
Gm72905,717
Gm72906,1074
Gm72907,230
Gm72908,5052
Gm72909,969
Gm7291,382
Gm72910,853
Gm72911,550
Gm72912,1237
Gm72913,414
Gm72914,816
Gm72915,1371
Gm72916,2240
Gm72917,694
Gm72918,589
Gm72919,649
Gm7292,4348
Gm72920,1607
Gm72921,2792
Gm72922,620
Gm72923,738
Gm72924,421
Gm72925,3405
Gm72926,600
Gm72927,1019
Gm72928,1699
Gm72929,373
Gm7293,1007
Gm72930,835
Gm72931,1995
Gm72932,3640
Gm72933,144
Gm72934,334
Gm72935,2171
Gm72936,179
Gm72937,142
Gm72938,451
Gm72939,2888
Gm72940,1004
Gm72941,935
Gm72942,493
Gm72943,435
Gm72944,1444
Gm72945,471
Gm72946,2584
Gm72947,822
Gm72948,1728
Gm72949,348
Gm7295,1386
Gm72950,1373
Gm72951,725
Gm72952,333
Gm72953,1434
Gm72954,1937
Gm72955,649
Gm72956,1176
Gm72957,828
Gm72958,3109
Gm72959,205
Gm72960,884
Gm72961,276
Gm72962,425
Gm72963,1247
Gm72964,591
Gm72965,817
Gm72966,1434
Gm72967,281
Gm72968,1649
Gm72969,829
Gm72970,3955
Gm72971,343
Gm72972,1570
Gm72973,434
Gm72974,643
Gm72975,1222
Gm72976,2070
Gm72977,5760
Gm72978,317
Gm72979,1432
Gm7298,4657
Gm72980,471
Gm72981,494
Gm72982,582
Gm72983,561
Gm72984,848
Gm72985,595
Gm72986,852
Gm72987,956
Gm72988,572
Gm72989,186
Gm7299,581
Gm72990,423
Gm72991,2155
Gm72992,1068
Gm72993,361
Gm72994,1298
Gm72995,1072
Gm72996,456
Gm72997,205
Gm72998,1037
Gm72999,544
Gm73000,1815
Gm73001,1369
Gm73002,1085
Gm73003,362
Gm73004,440
Gm73005,579
Gm73006,1571
Gm73007,830
Gm73008,1493
Gm73009,583
Gm73010,381
Gm73011,4901
Gm73012,413
Gm73013,3581
Gm73014,302
Gm73015,3300
Gm73016,933
Gm73017,2397
Gm73018,508
Gm73019,1669
Gm73020,2198
Gm73021,444
Gm73022,3688
Gm73023,440
Gm73024,1110
Gm73026,1335
Gm73027,2192
Gm73028,651
Gm73029,769
Gm73030,371
Gm73031,755
Gm73032,252
Gm73033,699
Gm73034,2033
Gm73035,848
Gm73036,922
Gm73037,684
Gm73038,867
Gm73039,310
Gm73040,2360
Gm73041,1139
Gm73042,1861
Gm73043,936
Gm73044,825
Gm73045,964
Gm73046,163
Gm73047,276
Gm73048,443
Gm73049,396
Gm73050,1512
Gm73051,498
Gm73052,464
Gm73053,1613
Gm73054,1501
Gm73055,797
Gm73056,419
Gm73057,473
Gm73058,230
Gm73059,648
Gm73060,896
Gm73061,230
Gm73062,901
Gm73063,253
Gm73064,1159
Gm73065,1638
Gm73066,408
Gm73067,976
Gm73068,484
Gm73069,295
Gm7307,391
Gm73070,809
Gm73071,1929
Gm73072,5960
Gm73073,280
Gm73074,421
Gm73075,679
Gm73076,415
Gm73077,1160
Gm73078,1056
Gm73079,475
Gm7308,447
Gm73080,83
Gm73081,4300
Gm73082,332
Gm73083,1265
Gm73084,1517
Gm73085,392
Gm73086,493
Gm73087,1470
Gm73088,343
Gm73089,653
Gm7309,581
Gm73090,3895
Gm73091,489
Gm73092,1721
Gm73093,458
Gm73094,2183
Gm73095,813
Gm73096,5118
Gm73097,863
Gm73098,2161
Gm73099,389
Gm73100,867
Gm73101,460
Gm73102,3442
Gm73103,2789
Gm73104,825
Gm73105,3650
Gm73106,1545
Gm73107,786
Gm73108,749
Gm73109,343
Gm73110,1008
Gm73111,3742
Gm73112,546
Gm73113,3593
Gm73114,360
Gm73115,860
Gm73116,2684
Gm73117,668
Gm73118,444
Gm73119,1873
Gm7312,469
Gm73120,1121
Gm73121,3724
Gm73122,299
Gm73123,2296
Gm73124,557
Gm73125,2640
Gm73126,414
Gm73127,1220
Gm73128,314
Gm73129,366
Gm7313,470
Gm73130,751
Gm73131,1822
Gm73132,844
Gm73133,335
Gm73134,730
Gm73135,870
Gm73136,1665
Gm73137,576
Gm73138,991
Gm73139,233
Gm73140,991
Gm73141,1575
Gm73142,1752
Gm73143,1109
Gm73144,549
Gm73145,194
Gm73146,1111
Gm73147,773
Gm73148,279
Gm73149,2885
Gm73150,2099
Gm73151,286
Gm73152,302
Gm73153,642
Gm73154,1365
Gm73155,290
Gm73156,355
Gm73157,511
Gm73158,518
Gm73159,433
Gm7316,445
Gm73160,1264
Gm73161,765
Gm73162,1182
Gm73163,575
Gm73164,255
Gm73165,371
Gm73166,1924
Gm73167,548
Gm73168,530
Gm73169,557
Gm73170,456
Gm73171,407
Gm73172,2043
Gm73173,1029
Gm73174,718
Gm73175,1248
Gm73176,1227
Gm73177,780
Gm73178,363
Gm73179,1171
Gm7318,593
Gm73180,1225
Gm73181,279
Gm73182,1751
Gm73183,784
Gm73184,495
Gm73185,965
Gm73186,1224
Gm73187,2286
Gm73188,1555
Gm73189,400
Gm7319,778
Gm73190,474
Gm73191,601
Gm73192,695
Gm73193,2447
Gm73194,887
Gm73195,955
Gm73196,3176
Gm73197,1115
Gm73198,949
Gm73199,1474
Gm73200,1594
Gm73201,420
Gm73202,1228
Gm73203,341
Gm73204,614
Gm73206,278
Gm73207,893
Gm73208,1530
Gm73209,384
Gm73210,483
Gm73211,1822
Gm73212,2396
Gm73213,1750
Gm73214,1075
Gm73215,553
Gm73216,789
Gm73217,602
Gm73218,626
Gm73219,2215
Gm73220,1060
Gm73221,533
Gm73222,375
Gm73223,1601
Gm73224,254
Gm73225,904
Gm73226,603
Gm73227,1090
Gm73228,1073
Gm73229,6956
Gm73230,1368
Gm73231,347
Gm73232,1526
Gm73233,892
Gm73234,627
Gm73235,551
Gm73236,405
Gm73237,389
Gm73238,1553
Gm73239,1185
Gm7324,2307
Gm73240,766
Gm73241,1880
Gm73242,484
Gm73243,1817
Gm73244,552
Gm73245,1333
Gm73246,727
Gm73247,636
Gm73248,1472
Gm73249,484
Gm73250,1249
Gm73251,963
Gm73252,460
Gm73253,435
Gm73254,1030
Gm73255,1876
Gm73256,987
Gm73257,426
Gm73258,430
Gm73259,2140
Gm7326,255
Gm73260,1152
Gm73261,2073
Gm73262,1660
Gm73263,327
Gm73264,1155
Gm73265,4318
Gm73266,2247
Gm73267,313
Gm73268,1180
Gm73269,1351
Gm7327,652
Gm73270,642
Gm73271,583
Gm73272,546
Gm73273,485
Gm73274,269
Gm73275,1708
Gm73276,1028
Gm73277,925
Gm73278,1433
Gm73279,336
Gm7328,2225
Gm73280,573
Gm73281,945
Gm73282,600
Gm73283,454
Gm73284,436
Gm73285,976
Gm73286,846
Gm73287,3049
Gm73288,202
Gm73289,233
Gm7329,210
Gm73290,422
Gm73291,374
Gm73292,526
Gm73293,157
Gm73294,5065
Gm73295,1042
Gm73296,730
Gm73297,444
Gm73298,443
Gm73299,5076
Gm73300,1199
Gm73301,540
Gm73302,816
Gm73303,734
Gm73304,938
Gm73305,2777
Gm73306,2284
Gm73307,357
Gm73308,1103
Gm73309,621
Gm7331,387
Gm73310,642
Gm73311,1119
Gm73312,795
Gm73314,1103
Gm73315,704
Gm73316,879
Gm73317,880
Gm73318,1479
Gm73319,467
Gm7332,454
Gm73320,554
Gm73321,629
Gm73322,368
Gm73323,728
Gm73324,368
Gm73325,799
Gm73326,583
Gm73327,791
Gm73328,621
Gm73329,16482
Gm7333,1060
Gm73330,1894
Gm73331,567
Gm73332,437
Gm73333,358
Gm73334,1675
Gm73335,1236
Gm73336,260
Gm73337,706
Gm73338,517
Gm73339,14009
Gm7334,756
Gm73340,418
Gm73341,654
Gm73342,1746
Gm73343,979
Gm73344,617
Gm73345,634
Gm73346,1310
Gm73347,1529
Gm73348,2084
Gm73349,776
Gm7335,373
Gm73350,1396
Gm73351,394
Gm73352,948
Gm73353,823
Gm73354,824
Gm73355,744
Gm73356,343
Gm73357,512
Gm73358,633
Gm73359,941
Gm7336,1232
Gm73360,907
Gm73361,604
Gm73362,2273
Gm73363,1410
Gm73364,2181
Gm73365,1513
Gm73366,2018
Gm73367,381
Gm73368,491
Gm73369,3765
Gm7337,3780
Gm73370,586
Gm73371,615
Gm73372,1885
Gm73373,490
Gm73374,2728
Gm73375,966
Gm73376,1150
Gm73377,309
Gm73378,356
Gm73379,580
Gm73380,493
Gm73381,3383
Gm73382,184
Gm73383,2488
Gm73384,398
Gm73385,1473
Gm73386,833
Gm73387,211
Gm73388,1328
Gm73389,2224
Gm73390,2514
Gm73391,433
Gm73392,2313
Gm73393,488
Gm73394,5079
Gm73395,497
Gm73396,2329
Gm73397,1635
Gm73398,2601
Gm73399,602
Gm7340,2752
Gm73400,317
Gm73401,182
Gm73402,625
Gm73403,576
Gm73404,465
Gm73405,740
Gm73406,373
Gm73407,1359
Gm73408,1307
Gm73409,491
Gm7341,926
Gm73410,2090
Gm73411,1709
Gm73412,1939
Gm73413,217
Gm73414,769
Gm73415,338
Gm73416,2570
Gm73418,522
Gm73419,439
Gm73420,339
Gm73421,695
Gm73422,1482
Gm73423,1561
Gm73424,702
Gm73425,308
Gm73426,1766
Gm73427,856
Gm73428,511
Gm73429,1282
Gm7343,1061
Gm73430,5449
Gm73431,695
Gm73432,985
Gm73433,950
Gm73434,6532
Gm73435,670
Gm73436,467
Gm73437,618
Gm73438,4420
Gm73439,824
Gm7344,1222
Gm73440,1225
Gm73441,1089
Gm73442,825
Gm73443,439
Gm73444,2875
Gm73445,300
Gm73446,2399
Gm73447,719
Gm73448,846
Gm73449,2767
Gm73450,1190
Gm73451,571
Gm73452,419
Gm73453,2052
Gm73454,352
Gm73455,2920
Gm73456,667
Gm73457,1029
Gm73458,689
Gm73459,961
Gm7346,476
Gm73460,507
Gm73461,774
Gm73462,1127
Gm73463,922
Gm73464,511
Gm73465,332
Gm73466,522
Gm73467,1830
Gm73468,1134
Gm73469,309
Gm7347,2995
Gm73470,2228
Gm73471,2442
Gm73472,2321
Gm73473,533
Gm73474,1917
Gm73475,386
Gm73476,649
Gm73477,447
Gm73478,2224
Gm73479,440
Gm73480,2245
Gm73481,635
Gm73482,611
Gm73483,627
Gm73484,674
Gm73485,1061
Gm73486,1184
Gm73487,488
Gm73488,1264
Gm73489,1173
Gm73490,1183
Gm73491,1356
Gm73492,298
Gm73493,1898
Gm73494,1272
Gm73495,695
Gm73496,544
Gm73497,2948
Gm73498,613
Gm73499,1109
Gm7350,636
Gm73500,703
Gm73501,4980
Gm73502,462
Gm73503,398
Gm73504,679
Gm73505,770
Gm73506,1144
Gm73507,1420
Gm73508,2635
Gm73509,335
Gm7351,580
Gm73510,1089
Gm73511,311
Gm73512,360
Gm73513,1493
Gm73514,1036
Gm73515,762
Gm73516,513
Gm73517,693
Gm73518,741
Gm73519,237
Gm7352,1192
Gm73520,446
Gm73521,1663
Gm73522,946
Gm73523,872
Gm73524,3558
Gm73525,617
Gm73526,1029
Gm73527,1783
Gm73528,728
Gm73529,756
Gm7353,2866
Gm73530,687
Gm73531,680
Gm73532,429
Gm73533,606
Gm73534,523
Gm73535,2465
Gm73536,3158
Gm73537,241
Gm73538,316
Gm73539,705
Gm73540,284
Gm73541,369
Gm73542,1302
Gm73543,1084
Gm73544,3309
Gm73545,910
Gm73546,1955
Gm73547,414
Gm73548,1104
Gm73549,372
Gm73550,4688
Gm73551,984
Gm73552,2751
Gm73553,253
Gm73554,453
Gm73555,328
Gm73556,1238
Gm73557,870
Gm73558,471
Gm73559,2086
Gm7356,2217
Gm73560,3451
Gm73561,2021
Gm73562,825
Gm73563,416
Gm73564,566
Gm73565,391
Gm73566,1011
Gm73567,977
Gm73568,361
Gm73569,426
Gm7357,2991
Gm73570,633
Gm73571,451
Gm73572,817
Gm73573,596
Gm73574,226
Gm73575,2170
Gm73576,464
Gm73577,248
Gm73578,14300
Gm73579,336
Gm7358,1603
Gm73580,949
Gm73581,874
Gm73582,2244
Gm73583,1057
Gm73584,496
Gm73585,845
Gm73586,1322
Gm73587,1285
Gm73588,307
Gm73589,1628
Gm73590,289
Gm73591,939
Gm73592,578
Gm73593,4228
Gm73594,848
Gm73595,405
Gm73596,564
Gm73597,1121
Gm73598,805
Gm73599,2731
Gm73600,540
Gm73601,1384
Gm73602,655
Gm73603,474
Gm73604,620
Gm73605,710
Gm73606,987
Gm73607,470
Gm73608,861
Gm73609,1201
Gm7361,2995
Gm73610,765
Gm73611,447
Gm73612,3370
Gm73613,1454
Gm73614,650
Gm73615,5932
Gm73616,787
Gm73617,1549
Gm73618,625
Gm73619,681
Gm73620,350
Gm73621,1579
Gm73622,3371
Gm73623,551
Gm73624,2383
Gm73625,749
Gm73626,1069
Gm73627,357
Gm73628,696
Gm73629,436
Gm7363,399
Gm73630,436
Gm73631,437
Gm73632,336
Gm73633,1015
Gm73635,557
Gm73636,627
Gm73637,316
Gm73638,857
Gm73639,1238
Gm7364,1501
Gm73640,776
Gm73641,762
Gm73642,401
Gm73643,737
Gm73644,1318
Gm73645,1312
Gm73646,1964
Gm73647,6904
Gm73648,546
Gm73649,1692
Gm7365,639
Gm73650,1112
Gm73651,517
Gm73652,474
Gm73653,517
Gm73654,754
Gm73655,351
Gm73656,405
Gm73657,1346
Gm73658,3945
Gm73659,1222
Gm7366,631
Gm73660,384
Gm73661,566
Gm73662,283
Gm73663,241
Gm73664,1689
Gm73665,1507
Gm73666,518
Gm73667,531
Gm73668,265
Gm7367,1844
Gm73670,1016
Gm73671,774
Gm73672,2086
Gm73673,337
Gm73674,4997
Gm73676,392
Gm73677,1420
Gm73678,568
Gm73679,754
Gm7368,367
Gm73680,430
Gm73681,1219
Gm73682,718
Gm73683,353
Gm73684,687
Gm73685,228
Gm73686,2634
Gm73687,600
Gm73688,775
Gm73689,806
Gm7369,936
Gm73690,178
Gm73691,367
Gm73692,1558
Gm73693,1039
Gm73694,390
Gm73695,463
Gm73696,2255
Gm73697,248
Gm73698,486
Gm73699,1372
Gm7370,767
Gm73700,365
Gm73701,796
Gm73702,6640
Gm73703,755
Gm73704,667
Gm73705,590
Gm73706,717
Gm73707,890
Gm73708,217
Gm73709,1703
Gm7371,554
Gm73710,569
Gm73711,462
Gm73712,377
Gm73713,313
Gm73714,4033
Gm73715,142
Gm73716,429
Gm73717,1820
Gm73718,1969
Gm73719,933
Gm73720,1290
Gm73721,593
Gm73722,1460
Gm73723,467
Gm73724,1258
Gm73725,206
Gm73726,557
Gm73727,1086
Gm73728,695
Gm73729,286
Gm73730,578
Gm73731,1367
Gm73732,996
Gm73733,1639
Gm73734,424
Gm73735,418
Gm73736,769
Gm73737,445
Gm73738,1267
Gm73739,447
Gm73740,636
Gm73741,3439
Gm73742,1554
Gm73743,1812
Gm73744,334
Gm73745,3465
Gm73746,1707
Gm73747,316
Gm73748,510
Gm73749,390
Gm7375,639
Gm73750,573
Gm73751,182
Gm73752,1034
Gm73753,606
Gm73754,1113
Gm73755,3480
Gm73756,294
Gm73757,693
Gm73758,1609
Gm73759,2483
Gm73760,800
Gm73761,631
Gm73762,5135
Gm73763,752
Gm73764,1315
Gm73765,999
Gm73766,1233
Gm73767,1258
Gm73768,763
Gm73769,456
Gm73770,1488
Gm73771,546
Gm73772,1105
Gm73773,4128
Gm73776,4085
Gm73777,2138
Gm73778,955
Gm73779,3195
Gm7378,902
Gm73780,1474
Gm73781,384
Gm73782,1045
Gm73783,387
Gm73784,1795
Gm73785,492
Gm73786,332
Gm73787,1021
Gm73788,590
Gm73789,1578
Gm73790,350
Gm73791,659
Gm73792,689
Gm73793,1013
Gm73794,353
Gm73795,926
Gm73796,2355
Gm73797,923
Gm73798,640
Gm73799,610
Gm7380,466
Gm73800,485
Gm73801,772
Gm73802,285
Gm73803,557
Gm73804,1331
Gm73805,678
Gm73806,765
Gm73807,1042
Gm73808,3051
Gm73809,354
Gm7381,300
Gm73810,954
Gm73811,739
Gm73812,1737
Gm73813,1516
Gm73814,1778
Gm73815,356
Gm73816,951
Gm73817,1073
Gm73818,3538
Gm73819,551
Gm7382,1105
Gm73820,577
Gm73821,411
Gm73822,1318
Gm73823,1036
Gm73824,443
Gm73825,5532
Gm73826,623
Gm73827,498
Gm73828,690
Gm73829,4022
Gm73830,800
Gm73831,2352
Gm73833,1036
Gm73834,579
Gm73835,374
Gm73836,1581
Gm73837,2400
Gm73838,830
Gm73839,2911
Gm7384,530
Gm73840,278
Gm73841,2587
Gm73842,1023
Gm73843,741
Gm73844,491
Gm73845,259
Gm73846,2779
Gm73847,565
Gm73848,1043
Gm73849,1045
Gm73850,2446
Gm73851,310
Gm73852,416
Gm73853,1897
Gm73854,583
Gm73855,2331
Gm73856,326
Gm73857,418
Gm73858,1311
Gm73859,529
Gm7386,639
Gm73860,428
Gm73861,1026
Gm73862,1478
Gm73863,410
Gm73864,1628
Gm73865,702
Gm73866,4190
Gm73867,659
Gm73868,1169
Gm73869,431
Gm73870,824
Gm73871,707
Gm73872,936
Gm73873,763
Gm73874,903
Gm73875,1282
Gm73876,317
Gm73877,295
Gm73878,909
Gm73879,812
Gm73880,1031
Gm73881,4230
Gm73882,1044
Gm73883,572
Gm73884,413
Gm73885,779
Gm73886,393
Gm73887,1123
Gm73888,1109
Gm73889,704
Gm7389,2884
Gm73890,318
Gm73891,1941
Gm73892,890
Gm73893,359
Gm73894,1965
Gm73895,8642
Gm73896,2178
Gm73897,1128
Gm73898,1508
Gm73899,781
Gm7390,1216
Gm73900,348
Gm73901,2153
Gm73902,654
Gm73903,2721
Gm73904,217
Gm73905,1138
Gm73906,8810
Gm73907,6683
Gm73908,1064
Gm73909,1758
Gm7391,639
Gm73910,5491
Gm73911,1279
Gm73912,1121
Gm73913,3659
Gm73914,8450
Gm73915,1499
Gm73916,1352
Gm73917,512
Gm73918,570
Gm73919,818
Gm7392,345
Gm73920,1256
Gm73921,588
Gm73922,357
Gm73923,802
Gm73924,467
Gm73925,1516
Gm73926,623
Gm73927,700
Gm73928,1008
Gm73929,4982
Gm7393,739
Gm73930,1002
Gm73931,1009
Gm73932,392
Gm73933,999
Gm73934,426
Gm73935,254
Gm73936,547
Gm73937,424
Gm73938,5909
Gm73939,481
Gm7394,1032
Gm73940,1063
Gm73941,290
Gm73942,801
Gm73943,309
Gm73944,824
Gm73945,480
Gm73946,653
Gm73947,190
Gm73948,939
Gm73949,794
Gm7395,1045
Gm73950,1641
Gm73951,604
Gm73952,224
Gm73953,2714
Gm73954,406
Gm73955,1070
Gm73956,498
Gm73957,308
Gm73958,1027
Gm73959,999
Gm73960,6591
Gm73961,1463
Gm73962,1243
Gm73963,1464
Gm73964,4159
Gm73965,158
Gm73966,3974
Gm73967,2210
Gm73968,1771
Gm73969,571
Gm7397,361
Gm73970,613
Gm73971,1465
Gm73972,3396
Gm73973,969
Gm73974,561
Gm73975,310
Gm73976,1157
Gm73977,1565
Gm73978,329
Gm73979,784
Gm7398,639
Gm73980,343
Gm73981,842
Gm73982,2008
Gm73983,316
Gm73984,2014
Gm73985,2570
Gm73986,2403
Gm73987,245
Gm73988,786
Gm73989,602
Gm7399,858
Gm73990,676
Gm73991,468
Gm73992,3674
Gm73993,2157
Gm73994,1142
Gm73995,1679
Gm73996,378
Gm73997,1047
Gm73998,383
Gm73999,712
Gm7400,1058
Gm74000,463
Gm74001,1291
Gm74002,514
Gm74003,608
Gm74004,1154
Gm74005,478
Gm74006,346
Gm74007,688
Gm74008,533
Gm74009,963
Gm74010,450
Gm74011,1933
Gm74012,362
Gm74013,337
Gm74014,247
Gm74015,1577
Gm74016,278
Gm74017,2570
Gm74018,1583
Gm74019,680
Gm74020,1519
Gm74021,833
Gm74022,925
Gm74023,353
Gm74024,742
Gm74025,367
Gm74026,708
Gm74027,439
Gm74028,834
Gm74029,2622
Gm74030,853
Gm74031,268
Gm74032,508
Gm74033,1202
Gm74034,879
Gm74035,468
Gm74036,530
Gm74037,1022
Gm74038,739
Gm74039,413
Gm74040,1476
Gm74041,675
Gm74042,959
Gm74043,707
Gm74044,574
Gm74045,834
Gm74046,220
Gm74047,2014
Gm74048,411
Gm74049,1132
Gm7405,1337
Gm74050,434
Gm74051,1030
Gm74052,349
Gm74053,470
Gm74054,609
Gm74055,326
Gm74056,1097
Gm74057,2552
Gm74058,523
Gm74059,318
Gm74060,581
Gm74061,190
Gm74062,4059
Gm74063,611
Gm74064,782
Gm74065,1726
Gm74066,307
Gm74067,1487
Gm74068,285
Gm74069,308
Gm7407,568
Gm74070,135
Gm74071,6602
Gm74072,621
Gm74073,1013
Gm74074,515
Gm74075,611
Gm74076,532
Gm74077,327
Gm74078,509
Gm74079,835
Gm7408,639
Gm74080,1041
Gm74081,448
Gm74082,1075
Gm74083,247
Gm74084,785
Gm74085,550
Gm74086,965
Gm74087,2244
Gm74088,247
Gm74089,976
Gm74090,264
Gm74091,548
Gm74092,1253
Gm74093,1606
Gm74094,636
Gm74095,3423
Gm74096,685
Gm74097,458
Gm74099,680
Gm74100,487
Gm74101,490
Gm74102,1063
Gm74103,292
Gm74104,554
Gm74105,4365
Gm74106,1687
Gm74107,869
Gm74108,1800
Gm74109,537
Gm7411,1033
Gm74110,4593
Gm74111,1359
Gm74112,1004
Gm74113,471
Gm74114,732
Gm74115,7083
Gm74116,1091
Gm74117,1527
Gm74118,1245
Gm74119,589
Gm7412,605
Gm74120,2727
Gm74121,1527
Gm74122,1834
Gm74123,410
Gm74124,894
Gm74125,2048
Gm74126,404
Gm74127,3293
Gm74128,571
Gm74129,378
Gm7413,462
Gm74130,426
Gm74131,413
Gm74132,127
Gm74133,404
Gm74134,524
Gm74136,643
Gm74137,706
Gm74138,402
Gm74139,1105
Gm74140,419
Gm74141,598
Gm74142,714
Gm74143,759
Gm74144,1869
Gm74145,619
Gm74146,1470
Gm74147,2405
Gm74148,727
Gm74149,1014
Gm7415,639
Gm74150,809
Gm74151,938
Gm74152,1150
Gm74153,2849
Gm74154,445
Gm74155,1507
Gm74156,1377
Gm74157,2601
Gm74158,3667
Gm74159,1360
Gm7416,1487
Gm74160,1194
Gm74161,1584
Gm74162,1403
Gm74163,3527
Gm74164,577
Gm74165,864
Gm74166,949
Gm74167,559
Gm74168,1489
Gm74169,522
Gm7417,473
Gm74170,1975
Gm74171,612
Gm74172,335
Gm74173,2618
Gm74175,3090
Gm74176,936
Gm74177,2072
Gm74178,745
Gm74179,1736
Gm7418,801
Gm74180,2091
Gm74181,892
Gm74182,779
Gm74183,729
Gm74184,2158
Gm74185,1726
Gm74186,569
Gm74187,4120
Gm74188,1191
Gm74189,1054
Gm7419,925
Gm74190,602
Gm74191,6395
Gm74192,616
Gm74193,271
Gm74194,1388
Gm74195,1074
Gm74196,812
Gm74197,546
Gm74198,485
Gm74199,1069
Gm7420,842
Gm74200,1019
Gm74201,805
Gm74202,470
Gm74203,1981
Gm74204,976
Gm74205,385
Gm74206,15746
Gm74207,1789
Gm74208,2673
Gm74209,2372
Gm7421,639
Gm74210,302
Gm74211,842
Gm74212,1317
Gm74213,2622
Gm74214,301
Gm74215,3185
Gm74216,2206
Gm74217,972
Gm74218,707
Gm74219,2793
Gm7422,640
Gm74220,946
Gm74221,1634
Gm74222,646
Gm74223,1050
Gm74224,2417
Gm74225,970
Gm74226,513
Gm74227,2418
Gm74228,892
Gm74229,1217
Gm7423,451
Gm74230,321
Gm74231,316
Gm74232,1079
Gm74233,523
Gm74234,2100
Gm74235,1357
Gm74236,894
Gm74237,215
Gm74238,805
Gm74239,275
Gm7424,902
Gm74240,1633
Gm74241,2378
Gm74242,2211
Gm74243,352
Gm74244,706
Gm74245,117
Gm74246,1219
Gm74247,319
Gm74248,13398
Gm74249,2528
Gm74250,814
Gm74251,743
Gm74252,586
Gm74253,535
Gm74255,152
Gm74256,1632
Gm74257,1044
Gm74258,868
Gm74259,3212
Gm7426,404
Gm74260,434
Gm74261,2327
Gm74262,565
Gm74263,1219
Gm74264,234
Gm74265,2744
Gm74266,1841
Gm74267,660
Gm74268,580
Gm74269,412
Gm74270,416
Gm74271,716
Gm74272,563
Gm74273,3307
Gm74274,122
Gm74275,260
Gm74276,473
Gm74277,474
Gm74278,318
Gm74279,497
Gm74280,1615
Gm74281,3976
Gm74282,2367
Gm74283,2476
Gm74284,1578
Gm74285,289
Gm74286,3425
Gm74287,1113
Gm74288,355
Gm74289,1337
Gm7429,348
Gm74290,1716
Gm74291,638
Gm74292,952
Gm74293,415
Gm74294,650
Gm74295,436
Gm74296,1979
Gm74297,929
Gm74298,451
Gm74299,568
Gm7430,1144
Gm74300,1162
Gm74301,1073
Gm74302,1377
Gm74303,2430
Gm74304,923
Gm74306,1697
Gm74307,279
Gm74308,570
Gm74309,502
Gm74310,305
Gm74311,308
Gm74312,1293
Gm74313,1688
Gm74314,1056
Gm74315,3508
Gm74316,744
Gm74317,657
Gm74318,468
Gm74319,5458
Gm7432,879
Gm74320,905
Gm74321,669
Gm74322,451
Gm74323,554
Gm74324,1967
Gm74325,147
Gm74326,5059
Gm74327,1982
Gm74328,646
Gm74329,595
Gm74330,990
Gm74331,1461
Gm74332,498
Gm74333,433
Gm74334,987
Gm74335,609
Gm74336,1183
Gm74337,1529
Gm74338,694
Gm74339,716
Gm7434,408
Gm74340,958
Gm74341,859
Gm74342,1576
Gm74343,1606
Gm74344,664
Gm74346,565
Gm74347,1220
Gm74348,2434
Gm74349,412
Gm7435,2424
Gm74350,9713
Gm74351,387
Gm74352,318
Gm74353,3702
Gm74354,946
Gm74355,822
Gm74356,801
Gm74357,1384
Gm74358,908
Gm74359,1808
Gm7436,391
Gm74360,364
Gm74361,1731
Gm74362,397
Gm74363,706
Gm74364,1409
Gm74365,934
Gm74366,1058
Gm74367,637
Gm74368,1689
Gm74369,670
Gm7437,661
Gm74370,708
Gm74371,304
Gm74372,440
Gm74373,905
Gm74374,340
Gm74375,1674
Gm74376,446
Gm74377,734
Gm74378,332
Gm74379,2304
Gm7438,639
Gm74380,407
Gm74381,941
Gm74382,342
Gm74383,339
Gm74384,886
Gm74385,1057
Gm74386,541
Gm74387,1257
Gm74388,451
Gm74389,240
Gm7439,835
Gm74390,480
Gm74391,1673
Gm74392,485
Gm74393,335
Gm74394,398
Gm74395,9076
Gm74396,502
Gm74397,10862
Gm74398,1785
Gm74399,975
Gm74400,891
Gm74401,770
Gm74402,321
Gm74403,2958
Gm74404,3526
Gm74405,1095
Gm74406,6752
Gm74407,15758
Gm74408,638
Gm74409,547
Gm7441,1074
Gm74410,1953
Gm74411,2689
Gm74412,1413
Gm74413,3113
Gm74414,1100
Gm74415,4192
Gm74416,1945
Gm74417,707
Gm74418,3072
Gm74419,1124
Gm7442,383
Gm74420,2134
Gm74421,419
Gm74422,888
Gm74423,428
Gm74424,10251
Gm74425,1266
Gm74426,7760
Gm74427,581
Gm74428,1554
Gm74429,464
Gm7443,378
Gm74430,691
Gm74431,666
Gm74432,1048
Gm74433,2408
Gm74434,1550
Gm74435,4098
Gm74436,4031
Gm74437,695
Gm74438,154
Gm74439,361
Gm7444,2428
Gm74440,1320
Gm74441,857
Gm74442,582
Gm74443,543
Gm74444,585
Gm74445,831
Gm74446,805
Gm74447,2041
Gm74448,634
Gm74449,642
Gm7445,340
Gm74450,1580
Gm74451,1003
Gm74452,21551
Gm74453,8340
Gm74454,3572
Gm74455,841
Gm74456,1342
Gm74457,1250
Gm74459,2812
Gm7446,1240
Gm74460,596
Gm74461,816
Gm74462,951
Gm74463,629
Gm74464,6519
Gm74465,2080
Gm74466,988
Gm74467,2414
Gm74468,1057
Gm74469,1335
Gm7447,763
Gm74470,3499
Gm74471,522
Gm74472,10267
Gm74473,2693
Gm74474,4177
Gm74475,1270
Gm74477,1683
Gm74478,1471
Gm74479,322
Gm74480,888
Gm74481,409
Gm74482,647
Gm74483,494
Gm74484,365
Gm74485,386
Gm74486,1776
Gm74487,838
Gm74488,314
Gm74489,4833
Gm7449,663
Gm74490,2307
Gm74491,1532
Gm74492,1232
Gm74493,1231
Gm74494,628
Gm74495,1724
Gm74496,2043
Gm74497,248
Gm74499,490
Gm7450,1153
Gm74500,1145
Gm74501,2062
Gm74502,1145
Gm74503,2329
Gm74504,763
Gm74505,536
Gm74506,875
Gm74507,1349
Gm74508,3172
Gm74509,618
Gm7451,1392
Gm74510,69
Gm74511,49543
Gm74512,1005
Gm74513,3387
Gm74514,2110
Gm74515,1729
Gm74516,543
Gm74517,5873
Gm74518,6801
Gm74519,2479
Gm7452,788
Gm74520,1671
Gm74522,2430
Gm74523,2774
Gm74524,2203
Gm74526,3943
Gm74527,283
Gm74528,1163
Gm74529,1590
Gm74530,1134
Gm74531,1099
Gm74532,572
Gm74533,415
Gm74534,2172
Gm74535,554
Gm74536,4608
Gm74537,415
Gm74538,491
Gm74539,506
Gm74540,2045
Gm74541,403
Gm74542,3046
Gm74543,288
Gm74544,3506
Gm74545,1119
Gm74546,792
Gm74547,534
Gm74548,203
Gm74549,1232
Gm74550,882
Gm74551,621
Gm74552,947
Gm74553,1527
Gm74554,443
Gm74555,1877
Gm74556,1937
Gm74557,268
Gm74558,604
Gm74559,542
Gm7456,1011
Gm74560,768
Gm74561,720
Gm74562,1026
Gm74563,282
Gm74564,1969
Gm74565,630
Gm74566,2351
Gm74567,534
Gm74568,820
Gm74569,1066
Gm7457,4676
Gm74570,551
Gm74571,274
Gm74572,691
Gm74573,401
Gm74574,1575
Gm74575,791
Gm74576,508
Gm74577,261
Gm74578,787
Gm74579,469
Gm74580,150
Gm74581,601
Gm74582,574
Gm74583,2319
Gm74584,1150
Gm74585,194
Gm74586,1072
Gm74587,3839
Gm74588,122
Gm74589,674
Gm7459,943
Gm74590,363
Gm74591,282
Gm74592,1472
Gm74593,1504
Gm74594,1222
Gm74595,8167
Gm74596,1013
Gm74597,636
Gm74598,668
Gm74599,578
Gm74600,378
Gm74601,3631
Gm74602,7814
Gm74603,2287
Gm74604,3408
Gm74605,498
Gm74606,514
Gm74607,5156
Gm74608,1337
Gm74609,383
Gm7461,827
Gm74610,419
Gm74611,513
Gm74612,720
Gm74613,1897
Gm74614,1658
Gm74615,294
Gm74616,900
Gm74617,295
Gm74618,550
Gm74619,1439
Gm74620,1307
Gm74621,486
Gm74622,221
Gm74623,382
Gm74624,232
Gm74625,865
Gm74626,650
Gm74627,1882
Gm74628,1203
Gm74629,266
Gm7463,547
Gm74630,1007
Gm74631,881
Gm74632,611
Gm74633,962
Gm74635,2970
Gm74636,597
Gm74637,993
Gm74638,2056
Gm74639,490
Gm7464,667
Gm74640,1105
Gm74641,2847
Gm74642,2066
Gm74643,731
Gm74644,1186
Gm74645,584
Gm74646,1439
Gm74647,1467
Gm74648,2457
Gm74649,1626
Gm74650,420
Gm74651,1036
Gm74652,2150
Gm74653,2046
Gm74654,3397
Gm74655,3388
Gm74656,548
Gm74657,1074
Gm74658,477
Gm74659,125
Gm7466,444
Gm74660,1479
Gm74661,482
Gm74662,649
Gm74663,1700
Gm74664,531
Gm74665,901
Gm74666,514
Gm74667,939
Gm74668,276
Gm74669,820
Gm7467,652
Gm74670,1788
Gm74671,789
Gm74672,524
Gm74673,291
Gm74674,1751
Gm74675,806
Gm74676,1098
Gm74677,379
Gm74678,1870
Gm74679,371
Gm7468,652
Gm74680,883
Gm74681,470
Gm74682,164
Gm74683,1766
Gm74684,672
Gm74685,386
Gm74686,765
Gm74687,2223
Gm74688,534
Gm74689,836
Gm74690,442
Gm74691,658
Gm74692,896
Gm74693,1211
Gm74694,4230
Gm74695,424
Gm74696,2497
Gm74697,1821
Gm74698,423
Gm74699,440
Gm7470,2095
Gm74700,415
Gm74701,431
Gm74702,635
Gm74703,379
Gm74704,317
Gm74705,1009
Gm74706,1974
Gm74707,946
Gm74708,920
Gm74709,1118
Gm74710,510
Gm74711,977
Gm74712,858
Gm74713,3835
Gm74714,2931
Gm74715,504
Gm74716,927
Gm74717,496
Gm74718,476
Gm74719,537
Gm74720,444
Gm74721,366
Gm74722,6879
Gm74723,5396
Gm74724,278
Gm74725,739
Gm74726,1075
Gm74727,465
Gm74728,2146
Gm74729,463
Gm7473,227
Gm74730,704
Gm74731,414
Gm74732,599
Gm74733,684
Gm74734,728
Gm74735,2555
Gm74736,945
Gm74737,367
Gm74738,183
Gm74739,321
Gm74740,880
Gm74741,787
Gm74742,645
Gm74743,580
Gm74744,457
Gm74745,1454
Gm74746,895
Gm74747,16687
Gm74748,412
Gm74749,1027
Gm74750,535
Gm74751,703
Gm74752,6642
Gm74753,799
Gm74754,1534
Gm74755,229
Gm74756,508
Gm74757,374
Gm74758,913
Gm74759,1005
Gm7476,661
Gm74760,456
Gm74761,544
Gm74762,3663
Gm74763,398
Gm74764,2545
Gm74766,1634
Gm74767,979
Gm74768,1595
Gm74769,1147
Gm7477,664
Gm74770,3703
Gm74771,366
Gm74772,910
Gm74773,6889
Gm74774,739
Gm74775,1642
Gm74776,394
Gm74777,1421
Gm74778,584
Gm74779,2453
Gm7478,581
Gm74780,795
Gm74781,1106
Gm74782,886
Gm74783,1320
Gm74784,1969
Gm74785,296
Gm74786,1777
Gm74787,619
Gm74788,2170
Gm74789,1448
Gm74790,514
Gm74791,754
Gm74792,1748
Gm74793,177
Gm74794,416
Gm74795,1218
Gm74796,7206
Gm74797,373
Gm74798,384
Gm74799,418
Gm7480,852
Gm74800,557
Gm74801,1705
Gm74802,769
Gm74803,2595
Gm74804,450
Gm74805,1146
Gm74806,459
Gm74807,915
Gm74808,616
Gm74809,815
Gm7481,995
Gm74810,479
Gm74811,333
Gm74812,479
Gm74813,2098
Gm74814,304
Gm74815,1385
Gm74816,389
Gm74817,756
Gm74818,771
Gm74819,876
Gm7482,505
Gm74820,283
Gm74821,1239
Gm74822,659
Gm74823,1218
Gm74824,4540
Gm74825,642
Gm74826,1948
Gm74827,1207
Gm74828,891
Gm74829,1142
Gm7483,654
Gm74830,767
Gm74831,568
Gm74832,406
Gm74833,1088
Gm74834,363
Gm74835,1099
Gm74836,1354
Gm74837,495
Gm74838,1500
Gm74839,743
Gm74840,725
Gm74841,1469
Gm74842,484
Gm74843,383
Gm74844,541
Gm74845,630
Gm74846,727
Gm74847,7251
Gm74848,936
Gm74849,2306
Gm7485,1109
Gm74850,7408
Gm74851,451
Gm74852,2834
Gm74853,330
Gm74854,768
Gm74855,476
Gm74856,349
Gm74857,1313
Gm74858,841
Gm74859,443
Gm74860,414
Gm74861,1428
Gm74862,2284
Gm74863,1127
Gm74864,1468
Gm74866,10092
Gm74867,2044
Gm74868,530
Gm74869,728
Gm74870,372
Gm74871,1575
Gm74872,1978
Gm74873,1119
Gm74874,407
Gm74875,1228
Gm74876,3395
Gm74877,454
Gm74878,447
Gm74879,716
Gm7488,684
Gm74880,488
Gm74881,344
Gm74882,4418
Gm74883,412
Gm74884,1397
Gm74885,224
Gm74886,353
Gm74887,187
Gm74888,5776
Gm74889,1227
Gm7489,1222
Gm74890,1022
Gm74891,336
Gm74892,901
Gm74893,1372
Gm74894,1042
Gm74895,468
Gm74896,755
Gm74897,537
Gm74898,1293
Gm74899,292
Gm74900,2917
Gm74901,461
Gm74902,1733
Gm74903,1173
Gm74904,498
Gm74905,893
Gm74906,1724
Gm74907,7036
Gm74908,330
Gm74909,971
Gm74910,1132
Gm74911,785
Gm74912,549
Gm74913,357
Gm74914,657
Gm74915,607
Gm74916,245
Gm74917,463
Gm74918,1425
Gm74919,3815
Gm7492,725
Gm74920,1082
Gm74921,466
Gm74922,2130
Gm74923,514
Gm74924,1131
Gm74925,441
Gm74926,2925
Gm74927,1821
Gm74928,343
Gm74929,1955
Gm7493,626
Gm74930,1208
Gm74931,1915
Gm74932,2114
Gm74933,1777
Gm74934,830
Gm74935,1177
Gm74936,1982
Gm74937,2519
Gm74938,555
Gm74939,2330
Gm7494,441
Gm74940,494
Gm74941,799
Gm74942,524
Gm74943,891
Gm74944,1115
Gm74945,470
Gm74946,1242
Gm74947,893
Gm74948,1320
Gm74949,1155
Gm7495,426
Gm74950,913
Gm74951,329
Gm74952,345
Gm74953,746
Gm74954,257
Gm74955,1253
Gm74956,448
Gm74957,1189
Gm74958,406
Gm74959,2353
Gm7496,1034
Gm74960,876
Gm74961,844
Gm74962,160
Gm74963,867
Gm74964,1126
Gm74965,678
Gm74966,409
Gm74967,2045
Gm74968,350
Gm74969,370
Gm7497,993
Gm74970,1484
Gm74971,1993
Gm74972,381
Gm74973,253
Gm74974,941
Gm74975,633
Gm74976,558
Gm74977,871
Gm74978,1462
Gm74979,266
Gm7498,1084
Gm74980,1147
Gm74981,1051
Gm74982,1107
Gm74983,730
Gm74984,421
Gm74985,2589
Gm74986,243
Gm74987,1695
Gm74988,901
Gm74989,1205
Gm7499,813
Gm74990,727
Gm74991,2231
Gm74992,605
Gm74993,2291
Gm74994,1395
Gm74995,733
Gm74996,252
Gm74997,18852
Gm74998,1317
Gm74999,689
Gm75000,349
Gm75001,434
Gm75002,1194
Gm75003,309
Gm75004,2572
Gm75005,1787
Gm75006,2734
Gm75007,525
Gm75008,5750
Gm75009,379
Gm7501,568
Gm75010,510
Gm75011,1740
Gm75012,1646
Gm75013,655
Gm75014,1255
Gm75015,450
Gm75016,1373
Gm75017,521
Gm75018,649
Gm75019,1095
Gm7502,733
Gm75020,519
Gm75021,2647
Gm75022,656
Gm75023,607
Gm75024,670
Gm75025,499
Gm75026,901
Gm75027,695
Gm75028,917
Gm75029,629
Gm7503,381
Gm75030,497
Gm75031,507
Gm75032,819
Gm75033,900
Gm75034,579
Gm75035,1854
Gm75036,346
Gm75037,1262
Gm75038,1422
Gm75039,412
Gm7504,424
Gm75040,1137
Gm75041,602
Gm75042,223
Gm75043,1535
Gm75044,502
Gm75045,2310
Gm75046,873
Gm75047,406
Gm75048,918
Gm75049,662
Gm75050,1119
Gm75051,435
Gm75052,613
Gm75053,1139
Gm75054,457
Gm75055,800
Gm75056,891
Gm75057,1387
Gm75058,394
Gm75059,460
Gm7506,815
Gm75060,453
Gm75061,858
Gm75062,685
Gm75063,302
Gm75064,755
Gm75065,977
Gm75066,493
Gm75067,901
Gm75068,500
Gm75069,327
Gm7507,1008
Gm75070,1541
Gm75071,505
Gm75072,328
Gm75073,295
Gm75074,1642
Gm75075,255
Gm75076,1075
Gm75077,685
Gm75078,1268
Gm75079,786
Gm7508,509
Gm75080,830
Gm75081,3753
Gm75082,382
Gm75083,545
Gm75084,317
Gm75085,496
Gm75086,1317
Gm75087,675
Gm75088,965
Gm75089,580
Gm75090,1524
Gm75091,757
Gm75092,687
Gm75093,1463
Gm75094,2040
Gm75095,494
Gm75096,224
Gm75097,792
Gm75098,1242
Gm75099,676
Gm75100,486
Gm75101,359
Gm75102,230
Gm75103,572
Gm75104,754
Gm75105,4168
Gm75106,478
Gm75107,746
Gm75108,803
Gm75109,630
Gm7511,450
Gm75110,2470
Gm75111,246
Gm75112,2663
Gm75113,920
Gm75114,1140
Gm75115,516
Gm75116,419
Gm75117,876
Gm75118,1903
Gm75119,337
Gm7512,1170
Gm75120,779
Gm75121,653
Gm75122,2348
Gm75123,679
Gm75124,1830
Gm75125,436
Gm75126,3687
Gm75127,3732
Gm75128,1009
Gm75129,485
Gm7513,1063
Gm75130,592
Gm75131,997
Gm75132,1597
Gm75133,324
Gm75134,2635
Gm75135,3824
Gm75136,252
Gm75137,826
Gm75138,1109
Gm75139,1199
Gm7514,934
Gm75140,294
Gm75141,1414
Gm75142,775
Gm75143,715
Gm75144,897
Gm75145,558
Gm75146,548
Gm75147,345
Gm75148,2778
Gm75149,2093
Gm75150,419
Gm75151,4940
Gm75152,472
Gm75153,430
Gm75154,516
Gm75155,577
Gm75156,393
Gm75157,425
Gm75158,800
Gm75159,335
Gm7516,706
Gm75160,297
Gm75161,582
Gm75162,980
Gm75163,371
Gm75164,287
Gm75165,569
Gm75166,2549
Gm75167,844
Gm75168,387
Gm75169,372
Gm7517,1672
Gm75170,919
Gm75171,359
Gm75172,1283
Gm75173,1280
Gm75174,302
Gm75175,500
Gm75176,516
Gm75177,1290
Gm75178,2128
Gm75179,1159
Gm75180,3720
Gm75181,626
Gm75182,1591
Gm75183,367
Gm75184,12170
Gm75185,420
Gm75186,1061
Gm75187,439
Gm75188,558
Gm75189,1051
Gm75190,221
Gm75191,648
Gm75192,3709
Gm75193,4809
Gm75194,361
Gm75195,618
Gm75196,2006
Gm75197,331
Gm75198,575
Gm75199,739
Gm75200,302
Gm75201,359
Gm75202,222
Gm75203,357
Gm75204,735
Gm75205,619
Gm75206,1183
Gm75207,638
Gm75208,621
Gm75209,1407
Gm75210,419
Gm75211,633
Gm75212,1420
Gm75213,934
Gm75214,3064
Gm75215,671
Gm75216,450
Gm75217,372
Gm75218,2065
Gm75219,670
Gm75220,951
Gm75221,297
Gm75222,654
Gm75223,958
Gm75224,547
Gm75225,870
Gm75226,495
Gm75227,457
Gm75228,487
Gm75229,1688
Gm7523,1053
Gm75230,377
Gm75231,962
Gm75232,125
Gm75233,554
Gm75234,949
Gm75235,232
Gm75236,738
Gm75237,693
Gm75238,357
Gm75239,533
Gm75240,2641
Gm75241,1308
Gm75242,443
Gm75243,757
Gm75244,1889
Gm75245,882
Gm75246,1127
Gm75247,1009
Gm75249,573
Gm7525,454
Gm75250,856
Gm75251,615
Gm75252,2546
Gm75253,548
Gm75254,273
Gm75255,617
Gm75256,761
Gm75257,1705
Gm75258,774
Gm75259,537
Gm75260,367
Gm75261,1084
Gm75262,1435
Gm75263,493
Gm75264,564
Gm75265,1293
Gm75266,2459
Gm75267,3944
Gm75268,865
Gm75269,5149
Gm7527,889
Gm75270,1454
Gm75271,867
Gm75272,2033
Gm75273,564
Gm75274,607
Gm75275,447
Gm75276,1002
Gm75277,332
Gm75278,1377
Gm75279,748
Gm75280,639
Gm75281,1301
Gm75282,673
Gm75283,2160
Gm75284,1206
Gm75285,689
Gm75286,197
Gm75287,620
Gm75288,359
Gm75289,731
Gm7529,1897
Gm75290,302
Gm75291,1339
Gm75292,707
Gm75294,684
Gm75295,472
Gm75296,1066
Gm75297,1418
Gm75299,1818
Gm7530,605
Gm75300,559
Gm75301,286
Gm75302,447
Gm75303,743
Gm75304,226
Gm75305,620
Gm75306,971
Gm75307,708
Gm75308,2464
Gm75309,857
Gm7531,727
Gm75310,470
Gm75311,1633
Gm75312,402
Gm75313,391
Gm75314,397
Gm75315,617
Gm75316,520
Gm75317,835
Gm75318,448
Gm75319,1128
Gm7532,1509
Gm75320,2069
Gm75321,922
Gm75322,1049
Gm75323,770
Gm75324,2527
Gm75325,251
Gm75326,1087
Gm75327,3503
Gm75328,1254
Gm75329,563
Gm75330,1307
Gm75331,938
Gm75332,363
Gm75333,994
Gm75334,416
Gm75335,1483
Gm75336,307
Gm75337,1186
Gm75338,1308
Gm75339,432
Gm75340,377
Gm75341,998
Gm75342,727
Gm75343,1313
Gm75344,346
Gm75345,2014
Gm75346,728
Gm75347,1361
Gm75348,563
Gm75349,1414
Gm7535,1777
Gm75350,1370
Gm75351,827
Gm75352,1692
Gm75353,1640
Gm75354,317
Gm75355,1398
Gm75356,370
Gm75357,419
Gm75358,638
Gm75359,1788
Gm7536,444
Gm75360,105
Gm75361,605
Gm75362,577
Gm75363,313
Gm75364,1332
Gm75365,469
Gm75366,460
Gm75367,338
Gm75368,2748
Gm75369,1618
Gm7537,1414
Gm75370,588
Gm75371,390
Gm75372,3537
Gm75373,663
Gm75374,1419
Gm75375,772
Gm75376,553
Gm75377,1639
Gm75378,629
Gm75379,729
Gm7538,1348
Gm75380,1274
Gm75381,1153
Gm75382,1102
Gm75383,536
Gm75384,2389
Gm75385,804
Gm75386,655
Gm75387,444
Gm75388,540
Gm75389,1001
Gm7539,630
Gm75390,480
Gm75391,826
Gm75392,729
Gm75393,826
Gm75394,688
Gm75395,1176
Gm75396,497
Gm75397,668
Gm75398,2007
Gm75399,1020
Gm7540,926
Gm75400,475
Gm75401,2301
Gm75402,480
Gm75403,1054
Gm75404,890
Gm75405,620
Gm75406,1389
Gm75407,705
Gm75408,741
Gm75409,565
Gm7541,535
Gm75410,464
Gm75411,413
Gm75412,768
Gm75413,703
Gm75414,355
Gm75415,1524
Gm75416,453
Gm75417,1045
Gm75418,636
Gm75419,259
Gm7542,777
Gm75420,1128
Gm75421,1285
Gm75422,2847
Gm75423,1204
Gm75424,428
Gm75425,406
Gm75426,293
Gm75427,1369
Gm75428,14860
Gm75429,2285
Gm7543,572
Gm75430,603
Gm75431,583
Gm75432,393
Gm75433,575
Gm75434,684
Gm75435,205
Gm75436,1772
Gm75437,916
Gm75438,1421
Gm75439,485
Gm7544,828
Gm75440,2838
Gm75441,537
Gm75442,549
Gm75443,421
Gm75444,620
Gm75445,947
Gm75446,485
Gm75447,1408
Gm75448,1319
Gm75449,647
Gm7545,1008
Gm75450,815
Gm75451,370
Gm75452,426
Gm75453,1733
Gm75454,496
Gm75455,1312
Gm75456,704
Gm75457,595
Gm75458,399
Gm75459,456
Gm7546,275
Gm75460,112
Gm75461,1210
Gm75462,525
Gm75463,508
Gm75464,712
Gm75465,480
Gm75466,2004
Gm75467,1119
Gm75468,501
Gm75469,727
Gm75470,1374
Gm75471,747
Gm75472,549
Gm75473,447
Gm75474,918
Gm75475,2519
Gm75476,964
Gm75477,1436
Gm75478,3571
Gm75479,780
Gm75480,1284
Gm75481,540
Gm75482,1469
Gm75483,408
Gm75484,1276
Gm75485,788
Gm75486,1129
Gm75487,951
Gm75488,1743
Gm75489,1476
Gm75490,1432
Gm75491,872
Gm75492,371
Gm75493,491
Gm75494,1606
Gm75495,2399
Gm75496,639
Gm75497,1695
Gm75498,351
Gm75499,452
Gm7550,638
Gm75500,494
Gm75501,1507
Gm75502,1803
Gm75503,464
Gm75504,1464
Gm75505,778
Gm75506,1434
Gm75507,2302
Gm75508,430
Gm75509,610
Gm7551,1074
Gm75510,456
Gm75511,575
Gm75512,1089
Gm75513,629
Gm75514,1387
Gm75515,673
Gm75516,411
Gm75517,1156
Gm75518,1471
Gm75519,662
Gm75520,758
Gm75521,790
Gm75522,2512
Gm75523,230
Gm75524,2553
Gm75525,441
Gm75526,1299
Gm75527,1088
Gm75528,1897
Gm75529,343
Gm7553,1426
Gm75530,980
Gm75531,332
Gm75532,612
Gm75533,1241
Gm75534,314
Gm75535,4328
Gm75536,2766
Gm75537,611
Gm75538,2042
Gm75539,1576
Gm7554,574
Gm75540,319
Gm75541,341
Gm75542,732
Gm75543,1176
Gm75544,572
Gm75545,979
Gm75546,19371
Gm75547,531
Gm75548,663
Gm75549,1039
Gm75550,1908
Gm75551,683
Gm75552,398
Gm75553,2224
Gm75554,99
Gm75555,562
Gm75556,1971
Gm75557,607
Gm75558,1715
Gm75559,620
Gm7556,1084
Gm75560,488
Gm75561,817
Gm75562,983
Gm75563,352
Gm75564,754
Gm75565,668
Gm75566,1262
Gm75567,748
Gm75568,632
Gm75569,675
Gm7557,865
Gm75570,1834
Gm75571,932
Gm75572,1340
Gm75573,1109
Gm75574,1552
Gm75575,646
Gm75576,589
Gm75577,579
Gm75578,454
Gm75579,806
Gm7558,1165
Gm75580,1156
Gm75581,1287
Gm75582,495
Gm75583,525
Gm75584,1441
Gm75585,1474
Gm75586,609
Gm75587,1144
Gm75588,297
Gm75589,374
Gm7559,730
Gm75590,1200
Gm75591,632
Gm75592,1535
Gm75593,2207
Gm75594,594
Gm75595,564
Gm75596,148
Gm75597,1878
Gm75598,279
Gm75599,1934
Gm7560,873
Gm75600,562
Gm75601,639
Gm75602,1883
Gm75603,958
Gm75604,465
Gm75605,1069
Gm75606,902
Gm75607,1500
Gm75609,904
Gm7561,886
Gm75610,539
Gm75611,3706
Gm75612,862
Gm75613,1960
Gm75614,1203
Gm75615,1481
Gm75616,1272
Gm75617,438
Gm75618,945
Gm75619,719
Gm7562,2537
Gm75620,375
Gm75621,2388
Gm75622,2777
Gm75623,765
Gm75624,813
Gm75625,2158
Gm75626,698
Gm75627,1227
Gm75628,367
Gm75629,914
Gm75630,5473
Gm75631,3162
Gm75632,5012
Gm75633,660
Gm75634,415
Gm75635,455
Gm75636,1402
Gm75637,968
Gm75638,1560
Gm75639,662
Gm75640,707
Gm75641,1215
Gm75642,356
Gm75643,1163
Gm75644,449
Gm75645,1260
Gm75646,839
Gm75647,757
Gm75648,832
Gm75649,330
Gm7565,623
Gm75650,599
Gm75651,481
Gm75652,911
Gm75653,485
Gm75654,1409
Gm75655,1371
Gm75656,1087
Gm75657,399
Gm75658,452
Gm75659,2017
Gm7566,570
Gm75660,1041
Gm75661,378
Gm75662,277
Gm75663,591
Gm75664,580
Gm75665,1207
Gm75666,954
Gm75667,540
Gm75668,640
Gm75669,1475
Gm75670,623
Gm75671,331
Gm75672,353
Gm75673,1054
Gm75674,413
Gm75675,333
Gm75676,4175
Gm75677,389
Gm75678,554
Gm75679,455
Gm7568,5110
Gm75680,215
Gm75681,4703
Gm75682,286
Gm75683,609
Gm75684,475
Gm75685,776
Gm75686,863
Gm75687,348
Gm75688,3378
Gm75689,910
Gm7569,511
Gm75690,322
Gm75691,989
Gm75692,614
Gm75693,649
Gm75694,2162
Gm75695,615
Gm75696,824
Gm75697,715
Gm75698,1068
Gm75699,370
Gm7570,698
Gm75700,576
Gm75701,1459
Gm75702,304
Gm75703,530
Gm75704,844
Gm75705,2489
Gm75706,523
Gm75707,598
Gm75708,930
Gm75709,498
Gm7571,927
Gm75710,1904
Gm75711,967
Gm75712,898
Gm75713,1055
Gm75714,562
Gm75715,1156
Gm75716,2465
Gm75717,775
Gm75718,308
Gm75719,733
Gm7572,766
Gm75720,489
Gm75721,358
Gm75722,686
Gm75723,401
Gm75724,2382
Gm75725,807
Gm75726,470
Gm75727,586
Gm75728,1041
Gm75729,352
Gm7573,503
Gm75730,520
Gm75731,482
Gm75732,1009
Gm75733,834
Gm75734,788
Gm75735,742
Gm75736,469
Gm75737,869
Gm75738,401
Gm75739,1338
Gm75740,467
Gm75741,569
Gm75742,483
Gm75743,344
Gm75744,732
Gm75745,1958
Gm75746,588
Gm75747,3661
Gm75748,1786
Gm75749,414
Gm7575,2627
Gm75750,600
Gm75751,2989
Gm75752,1454
Gm75753,623
Gm75754,2907
Gm75755,703
Gm75756,1260
Gm75757,1799
Gm75758,2508
Gm75759,301
Gm75760,581
Gm75761,2052
Gm75762,852
Gm75763,1495
Gm75764,502
Gm75765,819
Gm75766,2315
Gm75767,2333
Gm75768,578
Gm75769,2025
Gm7577,982
Gm75770,1044
Gm75771,2410
Gm75772,805
Gm75773,1541
Gm75774,1789
Gm75775,600
Gm75776,3287
Gm75777,1394
Gm75778,1842
Gm75779,3887
Gm75780,5821
Gm75781,3778
Gm75782,4113
Gm75783,762
Gm75784,2574
Gm75785,966
Gm75786,2274
Gm75787,653
Gm75788,1544
Gm75789,12437
Gm75790,2528
Gm75791,1420
Gm75792,2962
Gm75793,290
Gm75794,812
Gm75795,1340
Gm75796,1431
Gm75797,1291
Gm75798,2433
Gm75799,485
Gm7580,750
Gm75800,1325
Gm75801,427
Gm75802,1043
Gm75803,3132
Gm75804,2524
Gm75805,1842
Gm75806,8259
Gm75807,589
Gm75808,93
Gm75809,3455
Gm75810,307
Gm75811,511
Gm75812,601
Gm75813,725
Gm75815,2016
Gm75816,544
Gm75817,407
Gm75818,461
Gm75819,642
Gm7582,891
Gm75820,1547
Gm75821,346
Gm75822,494
Gm7583,1005
Gm7584,940
Gm7587,1021
Gm7588,571
Gm7589,534
Gm7591,853
Gm7592,891
Gm7593,644
Gm7594,871
Gm7595,901
Gm7596,3008
Gm7598,3123
Gm7599,796
Gm7600,785
Gm7604,968
Gm7607,677
Gm7609,2562
Gm7611,1000
Gm7612,795
Gm7614,328
Gm7616,624
Gm7618,171
Gm7619,1282
Gm7621,901
Gm7622,1200
Gm7623,556
Gm7624,435
Gm7626,353
Gm7627,999
Gm7628,2010
Gm7631,1100
Gm7633,563
Gm7634,553
Gm7638,967
Gm7639,484
Gm7642,1809
Gm7644,9639
Gm7645,788
Gm7646,1559
Gm7647,1389
Gm7648,1658
Gm7651,901
Gm7652,1151
Gm7653,508
Gm7656,1004
Gm7657,666
Gm7658,1124
Gm7662,623
Gm7663,1335
Gm7664,745
Gm7665,297
Gm7666,819
Gm7667,625
Gm7669,1603
Gm7670,641
Gm7672,872
Gm7674,990
Gm7675,686
Gm7676,319
Gm7678,943
Gm7680,1348
Gm7684,829
Gm7688,337
Gm7690,1399
Gm7691,514
Gm7692,409
Gm7693,988
Gm7694,3827
Gm7695,641
Gm7696,907
Gm7700,970
Gm7701,1479
Gm7706,978
Gm7707,1156
Gm7708,673
Gm7709,1858
Gm7712,1510
Gm7713,1007
Gm7719,975
Gm7720,463
Gm7721,546
Gm7722,741
Gm7726,231
Gm7727,671
Gm7729,801
Gm773,951
Gm7730,454
Gm7731,470
Gm7732,1527
Gm7733,919
Gm7734,1011
Gm7736,1527
Gm7739,1560
Gm7740,1527
Gm7741,989
Gm7742,1527
Gm7745,973
Gm7746,503
Gm7748,409
Gm7751,709
Gm7753,867
Gm7754,2064
Gm7758,436
Gm7760,578
Gm7761,921
Gm7762,3559
Gm7763,1006
Gm7765,974
Gm7768,597
Gm7769,933
Gm7773,315
Gm7774,533
Gm7775,853
Gm7776,720
Gm7778,368
Gm7780,406
Gm7781,788
Gm7783,781
Gm7784,989
Gm7785,892
Gm7786,436
Gm7787,688
Gm7788,943
Gm7789,1400
Gm7790,1310
Gm7791,539
Gm7798,1411
Gm7799,476
Gm7802,262
Gm7803,1015
Gm7804,854
Gm7805,448
Gm7807,578
Gm7808,387
Gm7809,742
Gm7812,874
Gm7814,440
Gm7815,832
Gm7816,1194
Gm7818,1756
Gm7820,1052
Gm7821,788
Gm7822,581
Gm7823,1623
Gm7824,532
Gm7825,416
Gm7831,547
Gm7832,880
Gm7833,990
Gm7836,432
Gm7837,412
Gm7838,1189
Gm7839,673
Gm7840,533
Gm7841,1629
Gm7842,1379
Gm7846,274
Gm7847,777
Gm7848,718
Gm7850,712
Gm7851,323
Gm7853,478
Gm7854,6831
Gm7855,687
Gm7856,1493
Gm7857,358
Gm7858,622
Gm7859,755
Gm7860,879
Gm7862,292
Gm7863,805
Gm7867,546
Gm7868,680
Gm7869,1322
Gm7870,616
Gm7871,618
Gm7874,818
Gm7876,3817
Gm7880,871
Gm7882,1762
Gm7887,537
Gm7889,958
Gm7890,601
Gm7891,843
Gm7893,225
Gm7895,1173
Gm7896,1563
Gm7897,554
Gm7898,331
Gm7899,1897
Gm7901,1597
Gm7902,947
Gm7904,465
Gm7905,1386
Gm7908,751
Gm7909,614
Gm7910,835
Gm7911,621
Gm7912,995
Gm7916,456
Gm7917,543
Gm7919,1389
Gm7920,193
Gm7924,785
Gm7925,401
Gm7926,375
Gm7927,880
Gm7928,701
Gm7929,630
Gm7930,467
Gm7931,1789
Gm7932,4863
Gm7933,2255
Gm7935,1278
Gm7936,370
Gm7939,1050
Gm7940,769
Gm7941,681
Gm7943,1034
Gm7945,684
Gm7946,958
Gm7947,1894
Gm7948,844
Gm7950,468
Gm7951,646
Gm7952,984
Gm7953,469
Gm7954,636
Gm7957,2602
Gm7958,468
Gm7959,1078
Gm7961,1436
Gm7962,2308
Gm7964,1378
Gm7965,1105
Gm7967,12598
Gm7968,2325
Gm7969,2884
Gm7970,765
Gm7972,1137
Gm7974,408
Gm7977,748
Gm7979,1025
Gm7980,812
Gm7984,538
Gm7985,981
Gm7986,551
Gm7988,2297
Gm7990,593
Gm7991,5817
Gm7993,1384
Gm7995,7073
Gm7997,980
Gm8000,592
Gm8004,617
Gm8005,820
Gm8009,436
Gm8010,873
Gm8011,1751
Gm8013,26897
Gm8016,1575
Gm8019,587
Gm8020,808
Gm8022,904
Gm8023,903
Gm8024,5744
Gm8031,626
Gm8032,574
Gm8034,132
Gm8035,687
Gm8036,1718
Gm8038,2044
Gm8039,712
Gm8041,616
Gm8043,859
Gm8046,616
Gm8047,860
Gm8048,996
Gm8049,1782
Gm805,5267
Gm8050,803
Gm8051,466
Gm8054,483
Gm8055,1008
Gm8058,587
Gm8061,350
Gm8062,444
Gm8065,605
Gm8066,485
Gm8068,330
Gm8069,154
Gm807,8420
Gm8074,252
Gm8075,5141
Gm8077,1024
Gm8079,975
Gm8080,1155
Gm8082,662
Gm8083,475
Gm8084,752
Gm8087,567
Gm8089,968
Gm8091,984
Gm8093,1892
Gm8094,1408
Gm8096,1591
Gm8097,829
Gm8098,13142
Gm8099,742
Gm8100,988
Gm8101,478
Gm8104,2613
Gm8106,523
Gm8107,2009
Gm8108,3738
Gm8109,746
Gm8110,2629
Gm8111,987
Gm8112,465
Gm8113,2721
Gm8114,484
Gm8115,736
Gm8116,1201
Gm8118,845
Gm8121,499
Gm8122,1404
Gm8125,738
Gm8126,1764
Gm8127,1427
Gm8128,493
Gm8129,213
Gm8130,570
Gm8131,1570
Gm8132,640
Gm8134,1523
Gm8137,463
Gm8138,820
Gm8139,1208
Gm8141,1723
Gm8143,1186
Gm8145,745
Gm8146,1847
Gm815,1397
Gm8151,871
Gm8152,637
Gm8153,952
Gm8155,1612
Gm8157,480
Gm8158,465
Gm8159,2277
Gm816,2456
Gm8161,481
Gm8162,665
Gm8163,1060
Gm8164,1192
Gm8165,820
Gm8167,958
Gm8168,948
Gm8170,945
Gm8171,720
Gm8172,750
Gm8173,1977
Gm8174,1001
Gm8176,1099
Gm8177,1336
Gm8178,646
Gm8180,771
Gm8181,666
Gm8182,769
Gm8183,980
Gm8184,2194
Gm8185,669
Gm8186,231
Gm8188,1690
Gm8189,1225
Gm8190,586
Gm8192,958
Gm8194,859
Gm8197,934
Gm8199,823
Gm8200,222
Gm8202,310
Gm8203,387
Gm8204,2144
Gm8206,6774
Gm8207,502
Gm8209,553
Gm8210,483
Gm8212,1658
Gm8213,441
Gm8214,351
Gm8215,990
Gm8216,601
Gm8217,465
Gm8219,242
Gm8220,1428
Gm8221,1110
Gm8222,543
Gm8224,497
Gm8225,879
Gm8226,798
Gm8227,571
Gm8228,2192
Gm8229,1438
Gm8231,783
Gm8232,820
Gm8233,552
Gm8234,1107
Gm8237,789
Gm8238,435
Gm8241,816
Gm8242,475
Gm8244,264
Gm8245,987
Gm8246,2214
Gm8247,1463
Gm8249,465
Gm8250,774
Gm8253,433
Gm8254,972
Gm8255,305
Gm8256,453
Gm8257,5165
Gm8258,1449
Gm826,2024
Gm8260,353
Gm8261,1208
Gm8264,465
Gm8265,475
Gm8266,1192
Gm8267,4106
Gm8268,458
Gm8271,789
Gm8274,463
Gm8275,424
Gm8276,1812
Gm8277,600
Gm8278,1121
Gm8279,2279
Gm8281,994
Gm8282,483
Gm8285,759
Gm8288,593
Gm8289,1182
Gm829,2771
Gm8290,477
Gm8291,1261
Gm8292,396
Gm8296,524
Gm8297,2277
Gm830,5742
Gm8302,852
Gm8303,1762
Gm8304,584
Gm8305,1195
Gm8307,1150
Gm8309,1448
Gm831,5851
Gm8310,1193
Gm8312,618
Gm8314,1858
Gm8317,471
Gm8318,872
Gm8319,641
Gm8320,1762
Gm8321,980
Gm8323,1201
Gm8324,1204
Gm8325,453
Gm8326,1953
Gm8328,419
Gm833,4265
Gm8330,1008
Gm8331,1762
Gm8334,1284
Gm8337,1938
Gm8338,363
Gm8340,1191
Gm8341,1598
Gm8343,994
Gm8344,856
Gm8345,1705
Gm8346,1769
Gm8349,1003
Gm8352,1286
Gm8353,432
Gm8354,1373
Gm8355,1941
Gm8356,882
Gm8357,1011
Gm8358,555
Gm8362,615
Gm8363,1703
Gm8365,648
Gm8366,1769
Gm8367,887
Gm8369,7174
Gm8371,552
Gm8373,454
Gm8374,619
Gm8375,797
Gm8376,643
Gm8378,4566
Gm8379,1192
Gm8383,1770
Gm8384,704
Gm8385,643
Gm8387,515
Gm8388,756
Gm8389,1895
Gm839,4534
Gm8390,607
Gm8391,726
Gm8392,835
Gm8396,823
Gm8398,364
Gm8399,1117
Gm8401,1739
Gm8402,1770
Gm8403,1298
Gm8407,427
Gm8408,1687
Gm8410,605
Gm8412,440
Gm8416,1279
Gm8417,3407
Gm8419,412
Gm8420,598
Gm8421,305
Gm8423,607
Gm8424,988
Gm8425,769
Gm8428,1784
Gm8435,792
Gm8436,1080
Gm8437,889
Gm8438,627
Gm8444,368
Gm8446,2712
Gm8447,893
Gm8449,988
Gm8451,447
Gm8454,811
Gm8456,272
Gm8458,819
Gm8459,760
Gm8460,519
Gm8463,613
Gm8468,823
Gm8472,363
Gm8473,1885
Gm8475,526
Gm8479,718
Gm8480,698
Gm8482,471
Gm8483,1284
Gm8484,1010
Gm8486,2171
Gm8488,1280
Gm8489,1152
Gm8492,987
Gm8493,489
Gm8494,1233
Gm8495,694
Gm8497,1354
Gm8498,974
Gm8501,432
Gm8502,901
Gm8503,455
Gm8504,1090
Gm8506,829
Gm8508,363
Gm8510,895
Gm8512,471
Gm8513,1003
Gm8514,1314
Gm8515,576
Gm8517,1212
Gm8518,490
Gm8520,868
Gm8521,606
Gm8522,1929
Gm8523,552
Gm8524,379
Gm8525,861
Gm8526,475
Gm8529,745
Gm8531,893
Gm8532,461
Gm8534,766
Gm8538,1524
Gm8539,501
Gm8540,732
Gm8541,3180
Gm8543,1130
Gm8545,801
Gm8546,1264
Gm8550,653
Gm8556,664
Gm8557,475
Gm8565,1014
Gm8566,465
Gm8569,647
Gm8572,553
Gm8574,924
Gm8575,521
Gm8577,986
Gm8579,4998
Gm8580,464
Gm8581,890
Gm8582,789
Gm8584,758
Gm8586,549
Gm8587,843
Gm8588,1582
Gm8594,610
Gm8595,630
Gm8596,792
Gm8597,1109
Gm8598,836
Gm8599,457
Gm8600,905
Gm8601,909
Gm8602,607
Gm8603,1515
Gm8604,965
Gm8605,1370
Gm8606,888
Gm8607,431
Gm8609,998
Gm8613,1077
Gm8614,978
Gm8615,771
Gm8616,1037
Gm8617,2222
Gm8618,432
Gm8623,436
Gm8624,432
Gm8625,1077
Gm8629,475
Gm8630,1727
Gm8633,1810
Gm8634,1367
Gm8637,1085
Gm8641,826
Gm8642,1141
Gm8643,625
Gm8644,596
Gm8648,221
Gm8649,233
Gm8652,964
Gm8655,852
Gm8659,1084
Gm8661,992
Gm8662,574
Gm8663,946
Gm8664,937
Gm8666,292
Gm8667,449
Gm8668,1447
Gm8669,945
Gm867,1576
Gm8670,1049
Gm8672,332
Gm8674,3047
Gm8675,1856
Gm8676,637
Gm8679,1036
Gm8681,618
Gm8682,498
Gm8684,1564
Gm8685,2183
Gm8686,388
Gm8688,969
Gm8689,726
Gm8692,438
Gm8696,385
Gm8697,243
Gm8700,3054
Gm8701,865
Gm8702,394
Gm8703,730
Gm8704,435
Gm8705,885
Gm8706,1491
Gm8707,980
Gm8708,906
Gm8709,1012
Gm8711,883
Gm8712,701
Gm8715,531
Gm8717,814
Gm8719,534
Gm8722,769
Gm8723,820
Gm8724,483
Gm8725,1333
Gm8728,2178
Gm8730,954
Gm8731,412
Gm8734,1312
Gm8737,642
Gm8738,329
Gm8739,181
Gm8741,384
Gm8744,3581
Gm8745,782
Gm8747,751
Gm8748,587
Gm8749,2250
Gm8750,1537
Gm8752,1694
Gm8754,520
Gm8755,700
Gm8756,929
Gm8757,372
Gm8761,955
Gm8767,1070
Gm8768,826
Gm8770,1109
Gm8774,692
Gm8775,1327
Gm8777,4630
Gm8778,1107
Gm8783,522
Gm8784,1435
Gm8785,487
Gm8790,322
Gm8793,1303
Gm8795,439
Gm8796,936
Gm8797,490
Gm8798,1661
Gm8801,1064
Gm8802,740
Gm8804,798
Gm8805,313
Gm8806,1407
Gm8807,622
Gm8809,743
Gm8810,754
Gm8812,412
Gm8813,595
Gm8814,535
Gm8815,620
Gm8816,1163
Gm8817,19333
Gm8818,1047
Gm8820,571
Gm8823,433
Gm8824,990
Gm8825,998
Gm8826,948
Gm8828,1290
Gm8832,395
Gm8834,565
Gm8835,1169
Gm8836,1348
Gm8837,1107
Gm8838,541
Gm8839,1645
Gm8840,386
Gm8843,1102
Gm8844,2614
Gm8847,631
Gm8848,1343
Gm8849,480
Gm8850,588
Gm8853,1344
Gm8855,878
Gm8856,1144
Gm8858,342
Gm8860,445
Gm8861,832
Gm8862,1346
Gm8863,926
Gm8864,1010
Gm8865,430
Gm8868,577
Gm8869,947
Gm8870,775
Gm8872,1341
Gm8873,1439
Gm8874,286
Gm8876,1122
Gm8877,655
Gm8878,1725
Gm8880,454
Gm8881,1397
Gm8883,28914
Gm8885,598
Gm8887,1297
Gm8888,313
Gm8891,832
Gm8893,1242
Gm8894,666
Gm8895,1223
Gm8896,1106
Gm8899,1332
Gm8900,373
Gm8902,1096
Gm8907,1003
Gm8908,1024
Gm8913,641
Gm8916,949
Gm8918,1087
Gm8919,1014
Gm8920,924
Gm8921,649
Gm8924,1132
Gm8925,763
Gm8927,981
Gm8929,1132
Gm8930,768
Gm8934,889
Gm8935,1959
Gm8938,1135
Gm8939,964
Gm8940,219
Gm8941,899
Gm8942,400
Gm8945,685
Gm8947,1679
Gm8948,370
Gm8950,715
Gm8952,1102
Gm8953,904
Gm8955,1008
Gm8956,825
Gm8957,1012
Gm8959,571
Gm8960,788
Gm8961,740
Gm8963,681
Gm8964,805
Gm8968,1303
Gm8969,526
Gm8971,349
Gm8973,313
Gm8974,479
Gm8976,703
Gm8978,2225
Gm8980,2197
Gm8982,1295
Gm8983,943
Gm8984,1019
Gm8986,440
Gm8988,1240
Gm8990,1549
Gm8991,1075
Gm8992,502
Gm8993,983
Gm8996,410
Gm8999,969
Gm9,817
Gm9001,399
Gm9002,499
Gm9003,482
Gm9004,1222
Gm9005,607
Gm9006,841
Gm9009,326
Gm9012,595
Gm9013,882
Gm9017,6679
Gm9022,992
Gm9023,1038
Gm9027,661
Gm9028,214
Gm9034,1005
Gm9038,604
Gm904,3644
Gm9042,1664
Gm9043,314
Gm9050,448
Gm9051,1035
Gm9052,494
Gm9054,7114
Gm9057,296
Gm9059,183
Gm9060,805
Gm9061,1006
Gm9062,727
Gm9063,582
Gm9064,566
Gm9066,637
Gm9067,1319
Gm9068,455
Gm9071,474
Gm9072,1514
Gm9075,794
Gm9077,2298
Gm9078,617
Gm9081,991
Gm9083,819
Gm9085,1072
Gm9086,613
Gm9088,508
Gm9095,881
Gm9097,880
Gm9098,533
Gm9102,465
Gm9103,405
Gm9104,483
Gm9105,1398
Gm9108,1425
Gm9109,1405
Gm9110,617
Gm9111,709
Gm9113,1018
Gm9114,997
Gm9115,1348
Gm9116,1018
Gm9118,754
Gm9119,495
Gm9120,994
Gm9121,1071
Gm9124,1092
Gm9126,416
Gm9127,985
Gm9129,1689
Gm9130,523
Gm9131,1089
Gm9132,832
Gm9133,540
Gm9134,551
Gm9135,990
Gm9136,454
Gm9139,700
Gm9141,1007
Gm9142,955
Gm9143,745
Gm9146,1006
Gm9149,1007
Gm9156,463
Gm9157,225
Gm9158,582
Gm9159,566
Gm9162,991
Gm9164,1014
Gm9165,2044
Gm9166,561
Gm9167,962
Gm9169,536
Gm9172,954
Gm9173,400
Gm9174,255
Gm9176,1120
Gm9182,639
Gm9191,1456
Gm9192,985
Gm9194,1447
Gm9195,8870
Gm9198,1279
Gm9200,1354
Gm9202,437
Gm9204,947
Gm9207,1115
Gm9208,948
Gm9210,1603
Gm9211,975
Gm9212,1119
Gm9214,1963
Gm9218,2694
Gm9220,2544
Gm9224,1054
Gm9225,836
Gm9226,3489
Gm9227,566
Gm9229,126
Gm9230,532
Gm9231,1009
Gm9234,492
Gm9236,587
Gm9237,548
Gm9238,329
Gm9239,2557
Gm9240,742
Gm9242,1074
Gm9244,2129
Gm9245,983
Gm9246,3490
Gm9247,999
Gm9249,578
Gm9251,628
Gm9252,1602
Gm9255,581
Gm9256,1420
Gm9257,232
Gm9259,575
Gm9260,1380
Gm9264,508
Gm9265,580
Gm9266,484
Gm9267,404
Gm9269,567
Gm9271,2580
Gm9273,715
Gm9274,984
Gm9275,775
Gm9276,1384
Gm9278,553
Gm9279,1606
Gm9280,517
Gm9284,574
Gm9285,697
Gm9286,508
Gm9287,914
Gm9288,599
Gm9289,606
Gm9290,620
Gm9292,710
Gm9293,306
Gm9294,789
Gm9298,911
Gm9299,1140
Gm9300,655
Gm9302,645
Gm9305,599
Gm9309,546
Gm9311,1269
Gm9314,1528
Gm9315,908
Gm9316,2125
Gm9317,862
Gm9318,438
Gm9319,532
Gm9320,473
Gm9321,778
Gm9322,958
Gm9332,730
Gm9333,1323
Gm9334,771
Gm9335,1311
Gm9341,986
Gm9343,2609
Gm9347,1607
Gm9348,984
Gm9349,356
Gm9351,522
Gm9353,604
Gm9354,468
Gm9357,805
Gm9358,927
Gm9359,1221
Gm9360,987
Gm9361,1507
Gm9364,460
Gm9367,546
Gm9368,831
Gm9369,733
Gm9370,609
Gm9372,430
Gm9373,599
Gm9375,903
Gm9376,729
Gm9377,623
Gm9378,471
Gm9379,646
Gm9381,1012
Gm9385,472
Gm9386,369
Gm9387,1320
Gm9390,692
Gm9391,389
Gm9392,554
Gm9395,445
Gm9396,567
Gm9397,605
Gm9399,639
Gm94,920
Gm9400,483
Gm9402,388
Gm9403,2181
Gm9406,675
Gm9407,390
Gm9408,1505
Gm9409,316
Gm9410,1042
Gm9411,929
Gm9415,1321
Gm9416,313
Gm9419,567
Gm9423,997
Gm9427,711
Gm9428,712
Gm9429,868
Gm9430,1527
Gm9431,1051
Gm9432,759
Gm9434,813
Gm9435,877
Gm9436,1855
Gm9439,973
Gm9440,539
Gm9442,319
Gm9443,816
Gm9445,1285
Gm9449,1011
Gm9451,604
Gm9456,1808
Gm9457,372
Gm9458,729
Gm9463,601
Gm9465,1313
Gm9466,2246
Gm9472,526
Gm9474,2057
Gm9476,716
Gm9480,616
Gm9484,1159
Gm9487,472
Gm9493,571
Gm9496,1601
Gm9497,538
Gm9498,291
Gm9499,964
Gm9501,852
Gm9502,1035
Gm9504,468
Gm9506,320
Gm9509,1347
Gm9512,497
Gm9514,1345
Gm9515,647
Gm9516,424
Gm9517,874
Gm9519,1337
Gm9520,1253
Gm9521,1516
Gm9522,926
Gm9523,1159
Gm9525,270
Gm9529,580
Gm9530,7618
Gm9531,775
Gm9534,749
Gm9535,768
Gm9536,323
Gm9540,478
Gm9541,502
Gm9544,2482
Gm9547,671
Gm9550,862
Gm9553,996
Gm9555,583
Gm9556,940
Gm9560,1201
Gm9563,1084
Gm9564,1285
Gm9568,1008
Gm9569,787
Gm9570,2372
Gm9574,845
Gm9575,1339
Gm9577,2620
Gm9578,753
Gm9583,1843
Gm9584,604
Gm9586,1048
Gm9587,454
Gm9593,469
Gm9597,602
Gm9598,776
Gm9599,481
Gm9602,2062
Gm9603,2063
Gm9604,433
Gm9611,663
Gm9613,196
Gm9614,882
Gm9616,781
Gm9618,854
Gm9619,762
Gm9621,1003
Gm9625,955
Gm9626,791
Gm9628,725
Gm9630,885
Gm9632,643
Gm9633,625
Gm9634,764
Gm9637,873
Gm9643,371
Gm9644,1183
Gm9645,792
Gm9652,163
Gm9655,1284
Gm9658,1012
Gm9661,1122
Gm9662,1206
Gm9665,542
Gm9670,540
Gm9671,547
Gm9672,425
Gm9673,781
Gm9678,1149
Gm9682,556
Gm9685,538
Gm9687,602
Gm9689,428
Gm9693,1939
Gm9694,1189
Gm9696,3708
Gm9697,997
Gm9700,1617
Gm9701,427
Gm9703,346
Gm9706,481
Gm9710,499
Gm9711,327
Gm9712,311
Gm9719,543
Gm9721,714
Gm9722,802
Gm9723,457
Gm9726,678
Gm9727,555
Gm9728,1055
Gm9729,265
Gm973,7364
Gm9732,13821
Gm9742,1396
Gm9744,3099
Gm9750,3168
Gm9752,2659
Gm9754,3004
Gm9755,1356
Gm9758,1607
Gm9761,492
Gm9762,444
Gm9765,321
Gm9767,1193
Gm9768,2861
Gm9771,1137
Gm9772,1606
Gm9775,331
Gm9776,5182
Gm9777,3269
Gm9785,593
Gm9788,906
Gm9790,288
Gm9791,447
Gm9794,423
Gm9795,693
Gm9797,294
Gm9800,336
Gm9801,9850
Gm9805,7593
Gm9806,1033
Gm9816,1414
Gm9821,3985
Gm9824,561
Gm9826,1299
Gm9828,18634
Gm9830,357
Gm9831,9027
Gm9836,216
Gm9837,731
Gm9839,1437
Gm9843,402
Gm9845,598
Gm9847,599
Gm9848,259
Gm9850,227
Gm9856,2578
Gm9857,967
Gm9860,3653
Gm9867,8716
Gm9869,1284
Gm9870,2356
Gm9871,2789
Gm9873,9849
Gm9874,1917
Gm9875,2926
Gm9877,537
Gm9884,2244
Gm9885,5440
Gm9887,2609
Gm9888,965
Gm9889,1706
Gm9890,537
Gm9891,807
Gm9892,992
Gm9894,2904
Gm9895,15272
Gm9898,7599
Gm9899,6730
Gm9902,4859
Gm9903,1747
Gm9905,1845
Gm9908,3197
Gm9910,1550
Gm9911,2802
Gm9913,2793
Gm9915,2765
Gm9916,1228
Gm9917,15991
Gm9918,2192
Gm9920,6062
Gm9921,5795
Gm9922,3603
Gm9923,1836
Gm9924,4620
Gm9925,9058
Gm9926,15133
Gm9929,6595
Gm9930,3151
Gm9931,1185
Gm9934,3789
Gm9936,7339
Gm9937,1424
Gm9939,5023
Gm9944,2731
Gm9945,932
Gm9946,4767
Gm9947,12589
Gm9951,4524
Gm9955,969
Gm9958,3158
Gm9961,560
Gm9962,3620
Gm9964,728
Gm9967,7556
Gm9968,2990
Gm9970,2876
Gm9972,1533
Gm9973,166
Gm9974,693
Gm9975,4253
Gm9978,3273
Gm9979,5285
Gm9984,5564
Gm9989,18344
Gm9991,1509
Gm9993,1096
Gm9996,913
Gmcl1,7119
Gmds,4004
Gmeb1,14167
Gmeb2,6629
Gmfb,8954
Gmfg,3504
Gmfg-ps,427
Gmip,8464
Gml,2025
Gml2,1877
Gmnc,7604
Gmnn,1971
Gmppa,5273
Gmppb,5199
Gmpr,2694
Gmpr2,6362
Gmps,8105
Gna11,5135
Gna12,4506
Gna13,6421
Gna14,3914
Gna15,3256
Gnai1,3135
Gnai2,6928
Gnai3,3262
Gnal,16287
Gnao1,17395
Gnaq,6647
Gnas,18097
Gnasas1,17651
Gnat1,6044
Gnat2,6090
Gnat3,1361
Gnaz,7495
Gnb1,9357
Gnb1-ps2,337
Gnb1-ps3,950
Gnb1l,10233
Gnb2,9069
Gnb3,3986
Gnb4,15262
Gnb5,5171
Gne,12171
Gng10,1314
Gng11,919
Gng12,10844
Gng13,934
Gng14,328
Gng2,5563
Gng2-ps1,217
Gng3,1643
Gng4,3605
Gng5,3465
Gng5-ps,205
Gng5c,618
Gng7,7610
Gng8,3190
Gngt1,4159
Gngt2,2743
Gnl1,3325
Gnl2,4884
Gnl3,9990
Gnl3l,6503
Gnmt,2136
Gnpat,5595
Gnpda1,8447
Gnpda2,10581
Gnpnat1,7258
Gnptab,9478
Gnptg,2827
Gnrh1,1133
Gnrhr,4951
Gns,14450
Golga1,13146
Golga2,11191
Golga3,15580
Golga4,19981
Golga5,4332
Golga7,8871
Golga7b,3281
Golgb1,12963
Golim4,18621
Golm1,7294
Golm2,14858
Golph3,6640
Golph3l,9560
Golt1a,2001
Golt1b,3103
Gon4l,12723
Gon7,1677
Gopc,19182
Gorab,5324
Gorasp1,4639
Gorasp2,6707
Gosr1,4337
Gosr2,4537
Got1,3836
Got1l1,2782
Got2,5508
Got2-ps1,1293
Gp1ba,5190
Gp1bb,3171
Gp2,2721
Gp5,2197
Gp6,6181
Gp9,881
Gpa33,4655
Gpaa1,7525
Gpalpp1,5389
Gpam,9602
Gpank1,3712
Gpat2,2628
Gpat3,5901
Gpat4,7868
Gpatch1,4652
Gpatch11,6957
Gpatch2,15318
Gpatch2l,11573
Gpatch3,2290
Gpatch4,5148
Gpatch8,13529
Gpbar1,1075
Gpbp1,6330
Gpbp1l1,4911
Gpc1,6285
Gpc2,10912
Gpc3,3105
Gpc4,2651
Gpc5,5992
Gpc6,8564
Gpcpd1,10492
Gpd1,3950
Gpd1l,7467
Gpd2,7866
Gper1,3029
Gpha2,918
Gphb5,1612
Gphn,5341
Gpi-ps,1432
Gpi1,9152
Gpihbp1,4016
Gpkow,4208
Gpld1,5789
Gpm6a,3215
Gpm6b,8320
Gpn1,9422
Gpn2,2628
Gpn3,4457
Gpnmb,7472
Gpr101,5410
Gpr107,14735
Gpr108,4360
Gpr119,2269
Gpr12,6587
Gpr132,2745
Gpr135,3150
Gpr137,10207
Gpr137b,10765
Gpr137b-ps,33923
Gpr137c,12731
Gpr139,4843
Gpr141,6622
Gpr141b,2764
Gpr142,1958
Gpr143,2730
Gpr146,14454
Gpr149,4481
Gpr15,1638
Gpr150,2146
Gpr151,1772
Gpr152,3936
Gpr153,7235
Gpr155,11100
Gpr156,4584
Gpr157,4900
Gpr158,9900
Gpr15lg,1378
Gpr160,7200
Gpr161,7324
Gpr162,7770
Gpr165,11281
Gpr17,5195
Gpr171,2225
Gpr173,5109
Gpr174,21960
Gpr176,3899
Gpr179,10445
Gpr18,1498
Gpr180,1875
Gpr182,3954
Gpr183,3085
Gpr19,9020
Gpr20,2144
Gpr21,3846
Gpr22,10396
Gpr25,1077
Gpr26,11571
Gpr27,2388
Gpr3,4027
Gpr31a,959
Gpr31b,1283
Gpr31c,955
Gpr33,1388
Gpr34,3917
Gpr35,14324
Gpr37,8009
Gpr37l1,2269
Gpr39,3819
Gpr4,2882
Gpr45,9597
Gpr50,4136
Gpr52,1637
Gpr55,3722
Gpr6,1786
Gpr61,6394
Gpr62,1977
Gpr63,2759
Gpr65,2069
Gpr68,11245
Gpr75,2926
Gpr82,2497
Gpr83,8032
Gpr84,1725
Gpr85,8135
Gpr87,3771
Gpr88,4078
Gpr89,9092
Gprasp1,13156
Gprasp2,10149
Gprc5a,2083
Gprc5b,7154
Gprc5c,8717
Gprc5d,1452
Gprc6a,4701
Gprin1,8389
Gprin2,10998
Gprin3,8339
Gps1,4783
Gps2,2565
Gpsm1,7983
Gpsm2,4706
Gpsm3,2175
Gpt,10273
Gpt2,6694
Gpx1,3412
Gpx2,4175
Gpx2-ps1,571
Gpx3,2372
Gpx4,2805
Gpx4-ps1,531
Gpx4-ps2,555
Gpx5,1674
Gpx6,1715
Gpx7,1620
Gpx8,1811
Gramd1a,7458
Gramd1b,21114
Gramd1c,7291
Gramd2a,7185
Gramd2b,8751
Gramd4,10931
Grap,1838
Grap2,7882
Grb10,10099
Grb14,8620
Grb2,4760
Grb7,4934
Grcc10,3276
Greb1,13157
Greb1l,12377
Grem1,4148
Grem2,3745
Grep1,4948
Grhl1,7314
Grhl2,12434
Grhl3,2789
Grhpr,2415
Gria1,11985
Gria2,21811
Gria3,18343
Gria4,9485
Grid1,6745
Grid2,22641
Grid2ip,8261
Grifin,613
Grik1,14021
Grik2,17297
Grik3,8973
Grik4,6868
Grik5,6873
Grin1,14548
Grin1os,2891
Grin2a,24875
Grin2b,30115
Grin2c,5451
Grin2d,9476
Grin3a,18449
Grin3b,5043
Grina,3431
Grip1,17504
Grip1os1,6691
Grip1os2,2021
Grip1os3,5620
Grip2,10159
Gripap1,7674
Grk1,17723
Grk2,8099
Grk3,11796
Grk4,5307
Grk5,7495
Grk6,7590
Grm1,11994
Grm2,7484
Grm3,3049
Grm4,9728
Grm5,15310
Grm6,10019
Grm7,7329
Grm8,12578
Grn,7944
Grp,2643
Grpel1,3528
Grpel2,8172
Grpr,2523
Grsf1,4900
Grtp1,5883
Grwd1,4414
Grxcr1,1071
Grxcr2,1998
Gsap,14501
Gsc,1268
Gsc2,1337
Gscdt,8766
Gsdma,2726
Gsdma2,4897
Gsdma3,1884
Gsdmc,3351
Gsdmc2,3286
Gsdmc3,3638
Gsdmc4,3117
Gsdmcl-ps,1375
Gsdmcl1,10038
Gsdmcl2,9089
Gsdmd,4222
Gsdme,15816
Gse1,13090
Gsg1,2693
Gsg1l,3923
Gsg1l2,1361
Gsk3a,3957
Gsk3b,11450
Gskip,4701
Gsn,4404
Gspt1,8429
Gspt2,4416
Gsr,2976
Gss,8058
Gssos1,716
Gssos2,1401
Gsta1,1151
Gsta13,874
Gsta2,1479
Gsta3,4751
Gsta4,1428
Gsta5,1574
Gstcd,8086
Gstk1,2274
Gstm1,2868
Gstm2,2660
Gstm2-ps1,657
Gstm3,1311
Gstm4,2884
Gstm5,2494
Gstm6,4066
Gstm7,2303
Gsto1,3499
Gsto2,4255
Gstp-ps,631
Gstp1,4526
Gstp2,1902
Gstp3,1338
Gstt1,1866
Gstt2,6240
Gstt3,5737
Gstt4,1576
Gstz1,6498
Gsx1,1773
Gsx2,2847
Gt(ROSA)26Sor,14662
Gt(pU21)107Imeg,895
Gtdc1,11234
Gtf2a1,7612
Gtf2a1l,2463
Gtf2a2,7002
Gtf2b,4655
Gtf2e1,6882
Gtf2e2,3894
Gtf2f1,1717
Gtf2f2,1467
Gtf2h1,4188
Gtf2h2,6694
Gtf2h3,7479
Gtf2h4,6365
Gtf2h5,4664
Gtf2i,19112
Gtf2ird1,13937
Gtf2ird2,7849
Gtf3a,4288
Gtf3c1,14905
Gtf3c2,11095
Gtf3c3,5391
Gtf3c4,12837
Gtf3c5,6736
Gtf3c6,4045
Gtpbp1,6403
Gtpbp10,9113
Gtpbp2,12997
Gtpbp3,6546
Gtpbp4,11190
Gtpbp4-ps1,249
Gtpbp4-ps2,256
Gtpbp4-ps3,136
Gtpbp4-ps4,258
Gtpbp4-ps5,289
Gtpbp4-ps6,292
Gtpbp4-ps7,297
Gtpbp6,6807
Gtpbp8,4774
Gtse1,3216
Gtsf1,2335
Gtsf1l,822
Gtsf2,962
Guca1a,873
Guca1b,3074
Guca2a,594
Guca2b,871
Gucd1,13249
Gucy1a1,10815
Gucy1a2,7470
Gucy1b1,5815
Gucy1b2,3353
Gucy2c,5067
Gucy2d,5320
Gucy2e,10721
Gucy2f,8122
Gucy2g,3888
Guf1,16123
Guk1,2777
Gulo,2263
Gulp1,7996
Gusb,8003
Gvin-ps1,7836
Gvin-ps2,3593
Gvin-ps3,7296
Gvin-ps4,3596
Gvin-ps5,7275
Gvin-ps6,6622
Gvin-ps7,10780
Gvin1,9091
Gvin2,9893
Gvin3,7293
Gxylt1,11235
Gxylt2,8880
Gyg1,4371
Gykl1,1861
Gypa,1848
Gypc,4813
Gys1,7062
Gys2,2971
Gzf1,5572
Gzma,1320
Gzmb,1436
Gzmc,894
Gzmd,964
Gzme,916
Gzmf,919
Gzmg,909
Gzmk,2234
Gzmm,1746
Gzmn,1501
H13,10533
H19,28461
H1f0,2055
H1f1,741
H1f10,1217
H1f11-ps,666
H1f2,1560
H1f3,7425
H1f4,1930
H1f5,743
H1f6,912
H1f7,1308
H1f8,2334
H1f9,864
H2-Aa,4711
H2-Ab1,5390
H2-D1,3623
H2-DMa,6943
H2-DMb1,2180
H2-DMb2,2881
H2-Ea,1042
H2-Eb1,3496
H2-Eb2,3392
H2-K1,10612
H2-K2,17723
H2-M1,1057
H2-M10.1,1651
H2-M10.2,1113
H2-M10.3,1593
H2-M10.4,1584
H2-M10.5,1383
H2-M10.5-ps1,939
H2-M10.6,1407
H2-M11,1006
H2-M2,2302
H2-M3,1438
H2-M5,3746
H2-M6-ps,1034
H2-M9,1554
H2-Oa,3523
H2-Ob,9281
H2-Pa,697
H2-Pb,514
H2-Q1,4687
H2-Q10,6879
H2-Q2,2262
H2-Q3,608
H2-Q4,3906
H2-Q5,1992
H2-Q6,2244
H2-Q7,7094
H2-T10,4379
H2-T11-ps,1067
H2-T13,2874
H2-T15,1344
H2-T22,5391
H2-T23,6451
H2-T24,2769
H2-T3,8561
H2-T5,2584
H2-T7,934
H2-T9,927
H2ab1,348
H2ab2,348
H2ab3,348
H2ac1,390
H2ac10,399
H2ac11,485
H2ac12,405
H2ac13,393
H2ac14-ps,352
H2ac15,393
H2ac18,586
H2ac19,528
H2ac20,520
H2ac21,444
H2ac22,393
H2ac23,480
H2ac24,482
H2ac25,2146
H2ac4,473
H2ac5-ps,334
H2ac6,2482
H2ac7,572
H2ac8,704
H2af-ps1,295
H2af-ps2,339
H2aj,2408
H2al1a,501
H2al1b,495
H2al1c,318
H2al1d,318
H2al1e,494
H2al1f,318
H2al1g,509
H2al1h,318
H2al1i,318
H2al1j,330
H2al1k,510
H2al1m,535
H2al1n,514
H2al1o,509
H2al1q-ps,222
H2al1r-ps,342
H2al2a,542
H2al2b,336
H2al2c,336
H2al3,553
H2ap,581
H2ax,1384
H2az1,3880
H2az2,1944
H2bc1,384
H2bc11,463
H2bc12,476
H2bc13,381
H2bc14,524
H2bc15,381
H2bc18,381
H2bc21,2620
H2bc22,1090
H2bc23,3269
H2bc24,3453
H2bc26,381
H2bc27,614
H2bc3,508
H2bc4,1156
H2bc6,7085
H2bc7,461
H2bc8,618
H2bc9,1679
H2bl1,481
H2bw2,1052
H3c1,534
H3c10,411
H3c11,411
H3c13,488
H3c14,3645
H3c15,1020
H3c2,620
H3c3,630
H3c4,1249
H3c6,836
H3c7,1261
H3c8,530
H3f3a,4971
H3f3a-ps1,410
H3f3a-ps2,411
H3f3aos,6865
H3f3b,5708
H3f3c,411
H3f4,766
H3f5,411
H4c1,539
H4c11,774
H4c12,312
H4c14,1630
H4c16,2863
H4c17,402
H4c18,430
H4c2,397
H4c3,820
H4c4,1138
H4c6,391
H4c8,470
H4c9,727
H60b,1213
H60c,3193
H6pd,5886
Haao,6109
Habp2,4808
Habp4,7758
Hacd1,2464
Hacd2,4079
Hacd3,2709
Hacd4,8350
Hace1,15126
Hacl1,6752
Hadh,5411
Hadha,10712
Hadhb,8793
Hadhb-ps,1428
Hagh,2643
Haghl,6754
Haglr,18382
Hal,7030
Halr1,29869
Hamp,410
Hamp2,1025
Hand1,3973
Hand2,2351
Hand2os1,40616
Hao1,2434
Hao2,2049
Hap1,5306
Hapln1,6179
Hapln2,4491
Hapln3,4877
Hapln4,4310
Hapstr1,5236
Harbi1,8541
Hars1,3356
Hars2,6556
Has1,5636
Has2,4237
Has2os,4066
Has3,9734
Haspin,2810
Hat1,3597
Haus1,8180
Haus2,4150
Haus3,6860
Haus4,3685
Haus5,5212
Haus6,7384
Haus7,1767
Haus8,6918
Havcr1,3494
Havcr2,4963
Hax1,6138
Hba-a1,1193
Hba-a2,1048
Hba-ps3,402
Hba-ps4,447
Hba-x,938
Hbb-bh0,129
Hbb-bh1,613
Hbb-bh2,558
Hbb-bh3,266
Hbb-bs,1379
Hbb-bt,703
Hbb-y,633
Hbegf,5711
Hbp1,7683
Hbq1a,604
Hbq1b,1251
Hbs1l,10299
Hc,6927
Hcar1,3285
Hcar2,1930
Hccs,5437
Hcfc1,14823
Hcfc1r1,1651
Hcfc1r1-ps1,346
Hcfc1r1-ps2,339
Hcfc2,6291
Hck,2585
Hcls1,2796
Hcn1,19160
Hcn2,3195
Hcn3,5536
Hcn4,6118
Hcrt,1095
Hcrtr1,3324
Hcrtr2,6756
Hcst,969
Hdac1,5875
Hdac1-ps,1444
Hdac10,6537
Hdac11,5170
Hdac2,5702
Hdac3,7136
Hdac4,18485
Hdac5,16064
Hdac6,9720
Hdac7,15531
Hdac8,5785
Hdac9,17354
Hdc,7503
Hddc2,5336
Hddc3,6727
Hdgf,4029
Hdgfl1,1993
Hdgfl2,9916
Hdgfl3,10484
Hdhd2,10303
Hdhd3,1517
Hdhd5,5601
Hdlbp,13604
Hdnr,96450
Hdx,17000
Heatr1,9399
Heatr3,6295
Heatr4,3038
Heatr5a,23084
Heatr5b,9583
Heatr6,8139
Heatr9,1875
Hebp1,4131
Hebp2,5314
Heca,9470
Hectd1,15625
Hectd2,14947
Hectd2os,73783
Hectd3,5351
Hectd4,17320
Hecw1,21618
Hecw2,19847
Heg1,19446
Helb,5806
Hells,8392
Helq,8105
Helt,3180
Helz,17382
Helz2,20194
Hemgn,2643
Hemgnl,1321
Hemk1,5669
Henmt1,5151
Hepacam,3794
Hepacam2,7622
Heph,9507
Hephl1,5261
Herc1,32466
Herc2,18347
Herc3,11593
Herc4,11962
Herc6,10630
Herpud1,4974
Herpud2,6736
Hes1,2871
Hes2,2970
Hes3,2325
Hes5,1623
Hes6,3781
Hes7,1809
Hesx1,1822
Hexa,1996
Hexb,2306
Hexd,7204
Hexim1,3495
Hexim2,4622
Hey1,4694
Hey2,4756
Heyl,5301
Hfe,3766
Hfm1,8780
Hgd,2900
Hgf,11242
Hgfac,5970
Hgh1,2745
Hgs,3756
Hgsnat,3901
Hhat,9882
Hhatl,3370
Hhex,6915
Hhip,9885
Hhipl1,5737
Hhipl2,3941
Hhla1,2910
Hibadh,11048
Hibch,7555
Hic1,3765
Hic2,9020
Hid1,6032
Hif1a,6951
Hif1an,6857
Hif3a,7378
Higd1a,5720
Higd1b,1076
Higd1c,830
Higd2a,648
Hikeshi,7369
Hilpda,1640
Hinfp,10429
Hint1,1216
Hint2,3134
Hint3,6479
Hip1,19085
Hip1r,8495
Hipk1,14226
Hipk2,13056
Hipk3,9301
Hipk4,4486
Hira,8485
Hirip3,6910
Hivep1,11070
Hivep2,19532
Hivep3,24717
Hjurp,13189
Hjv,2028
Hk1,12382
Hk1os,8163
Hk2,6858
Hk3,6105
Hkdc1,6083
Hlcs,17146
Hlf,11591
Hltf,8307
Hlx,2990
Hm629797,2398
Hmbox1,12112
Hmbs,6759
Hmces,4082
Hmcn1,22651
Hmcn2,18087
Hmg20a,11230
Hmg20b,6975
Hmga1,12824
Hmga1b,1746
Hmga2,7199
Hmga2-ps1,1980
Hmgb1,8068
Hmgb1-ps1,634
Hmgb1-ps11,621
Hmgb1-ps2,636
Hmgb1-ps3,636
Hmgb1-ps4,635
Hmgb1-ps5,557
Hmgb1-ps6,616
Hmgb1-ps7,648
Hmgb1-ps8,626
Hmgb1-ps9,645
Hmgb1-rs16,613
Hmgb1-rs17,972
Hmgb1-rs18,627
Hmgb1l,571
Hmgb2,3702
Hmgb3,3172
Hmgb3-ps,601
Hmgb4,746
Hmgb4os,2049
Hmgcl,2771
Hmgcll1,7407
Hmgcr,10089
Hmgcs1,6745
Hmgcs2,4233
Hmgn1,3666
Hmgn2,8481
Hmgn2-ps,1151
Hmgn2-ps1,279
Hmgn2l6,267
Hmgn3,4496
Hmgn5,1934
Hmgxb3,16645
Hmgxb4,11161
Hmmr,5950
Hmox1,2343
Hmox2,4017
Hmx1,1961
Hmx2,4648
Hmx3,1457
Hnf1a,6032
Hnf1aos1,1999
Hnf1aos2,442
Hnf1b,5337
Hnf4a,8248
Hnf4aos,3485
Hnf4g,5179
Hnmt,3357
Hnrnpa0,2678
Hnrnpa1,4025
Hnrnpa1l2-ps,964
Hnrnpa1l2-ps2,963
Hnrnpa2b1,10736
Hnrnpa3,7401
Hnrnpab,3838
Hnrnpc,12812
Hnrnpd,12617
Hnrnpdl,8265
Hnrnpf,9498
Hnrnph1,12520
Hnrnph2,10407
Hnrnph3,5022
Hnrnpk,18087
Hnrnpl,11100
Hnrnpll,14836
Hnrnpm,12506
Hnrnpr,31691
Hnrnpu,14422
Hnrnpul1,10414
Hnrnpul2,7807
Hoatz,973
Hoga1,3423
Homer1,19897
Homer2,14661
Homer3,6053
Homez,11373
Hook1,13406
Hook2,5509
Hook3,30329
Hopx,1776
Hopxos,2484
Hormad1,2258
Hormad2,3500
Hotair,3054
Hotairm1,1947
Hottip,4671
Hoxa1,4294
Hoxa10,6756
Hoxa11,4385
Hoxa11os,11116
Hoxa13,2400
Hoxa2,1775
Hoxa3,6474
Hoxa4,1594
Hoxa5,1877
Hoxa6,874
Hoxa7,5552
Hoxa9,7323
Hoxaas2,5669
Hoxaas3,3535
Hoxb1,2867
Hoxb13,2206
Hoxb2,4762
Hoxb3,6014
Hoxb3os,12805
Hoxb4,2566
Hoxb5,4681
Hoxb5os,18127
Hoxb6,3285
Hoxb7,1661
Hoxb8,3299
Hoxb9,2871
Hoxc10,1909
Hoxc11,2021
Hoxc12,1031
Hoxc13,2461
Hoxc4,4104
Hoxc5,3538
Hoxc6,3015
Hoxc8,4091
Hoxc9,3008
Hoxd1,1862
Hoxd10,1816
Hoxd11,4478
Hoxd12,2534
Hoxd13,2483
Hoxd3,10375
Hoxd3os1,10832
Hoxd4,5278
Hoxd8,4949
Hoxd9,2136
Hp,2375
Hp1bp3,14682
Hpca,5698
Hpcal1,1715
Hpcal4,7195
Hpd,2852
Hpdl,1804
Hpf1,6898
Hpgd,1683
Hpgds,7694
Hpn,6376
Hprt1,1289
Hps1,9343
Hps3,17047
Hps4,7912
Hps5,13625
Hps6,2666
Hpse,3977
Hpse2,5307
Hpx,1747
Hr,10629
Hras,8454
Hrc,2963
Hrct1,1452
Hrg,2233
Hrh1,12835
Hrh2,7008
Hrh3,8213
Hrh4,3201
Hrk,6028
Hrnr,21632
Hrob,4010
Hs1bp3,3297
Hs2st1,8857
Hs3st1,4844
Hs3st2,3427
Hs3st3a1,3939
Hs3st3b1,4911
Hs3st4,3189
Hs3st5,9776
Hs3st6,4201
Hs6st1,7010
Hs6st2,9677
Hs6st3,1708
Hsbp1,3514
Hsbp1l1,1389
Hscb,1497
Hsd11b1,6305
Hsd11b2,1840
Hsd17b1,1339
Hsd17b10,1989
Hsd17b11,3712
Hsd17b12,4075
Hsd17b13,2637
Hsd17b14,3321
Hsd17b2,2269
Hsd17b3,2315
Hsd17b4,3919
Hsd17b6,3921
Hsd17b7,5526
Hsd17b8,5233
Hsd3b1,3023
Hsd3b2,6004
Hsd3b3,8314
Hsd3b4,3020
Hsd3b5,1549
Hsd3b6,3405
Hsd3b7,7044
Hsd3b8,3020
Hsd3b9,2090
Hsdl1,5215
Hsdl2,4199
Hsf1,15800
Hsf2,12935
Hsf2bp,5220
Hsf3,5602
Hsf4,3345
Hsf5,4158
Hsfy2,1392
Hsh2d,2686
Hsp25-ps1,630
Hsp90aa1,6571
Hsp90ab1,5785
Hsp90b1,5400
Hspa12a,10782
Hspa12b,4566
Hspa13,9472
Hspa14,5255
Hspa1a,2967
Hspa1b,2803
Hspa1l,2472
Hspa2,5050
Hspa4,6141
Hspa4l,13393
Hspa5,6952
Hspa8,9237
Hspa9,5512
Hspa9-ps1,1933
Hspb1,1833
Hspb2,1325
Hspb3,781
Hspb6,4622
Hspb7,2769
Hspb8,2501
Hspb9,1378
Hspbap1,10404
Hspbp1,3072
Hspd1,2777
Hspd1-ps1,1670
Hspd1-ps2,1697
Hspd1-ps3,1722
Hspd1-ps4,1668
Hspd1-ps5,1689
Hspe1,1738
Hspe1-ps1,330
Hspe1-ps2,312
Hspe1-ps3,277
Hspe1-ps4,286
Hspe1-ps5,297
Hspe1-ps6,283
Hspe1-rs1,515
Hspg2,17151
Hsph1,11284
Htatip2,2504
Htatsf1,5818
Htd2,1926
Htr1a,4484
Htr1b,5997
Htr1d,5761
Htr1f,2579
Htr2a,5606
Htr2b,2603
Htr2c,14552
Htr3a,2983
Htr3b,2411
Htr4,5342
Htr5a,5376
Htr5b,1935
Htr6,3544
Htr7,9704
Htra1,4209
Htra2,7131
Htra3,6562
Htra4,2680
Htt,27409
Hunk,10383
Hus1,12359
Hus1b,1187
Huwe1,30554
Hvcn1,4216
Hyal1,7945
Hyal2,7784
Hyal3,2293
Hyal4,3269
Hyal5,4389
Hyal6,3452
Hycc1,12815
Hycc2,19929
Hydin,18390
Hyi,3007
Hykk,15038
Hyls1,6242
Hyou1,12058
Hypk,7417
I0C0044D17Rik,2774
I730030J21Rik,11865
I830077J02Rik,3310
I830134H01Rik,5400
Iah1,3379
Iapp,1133
Iars1,6482
Iars2,11295
Iba57,5539
Ibsp,2068
Ibtk,12281
Ica1,4287
Ica1l,8193
Icam1,4621
Icam2,3018
Icam4,1999
Icam5,2947
Ice1,13745
Ice2,10754
Icmt,10030
Icos,3515
Icosl,5713
Ict1os,1052
Id1,2094
Id2,4133
Id3,2293
Id4,3849
Ide,8520
Idh1,4520
Idh2,5166
Idh3a,6794
Idh3b,4782
Idh3g,5460
Idi1,6991
Idi1-ps1,684
Idi1-ps2,681
Idi1-ps3,652
Idi1-ps4,655
Idi1-ps5,683
Idi2,2253
Idi2l,1318
Idnk,4458
Ido1,1825
Ido2,6236
Ids,5181
Idua,8334
Ier2,1524
Ier3,1131
Ier3ip1,3701
Ier5,3276
Ier5l,2683
Iffo1,10720
Iffo2,11193
Ifi202b,1697
Ifi203,8654
Ifi203-ps,2556
Ifi204,3955
Ifi205,4887
Ifi206,3476
Ifi207,3689
Ifi208,6277
Ifi209,3771
Ifi211,1785
Ifi213,9868
Ifi214,8950
Ifi27,2557
Ifi27l2a,463
Ifi27l2b,1093
Ifi30,980
Ifi35,3007
Ifi44,7517
Ifi44l,1376
Ifi47,6581
Ifih1,11306
Ifit1,2656
Ifit1bl1,2260
Ifit1bl2,3367
Ifit2,4366
Ifit3,1745
Ifit3b,2000
Ifitm1,1305
Ifitm10,10500
Ifitm2,655
Ifitm3,678
Ifitm5,765
Ifitm6,1986
Ifitm7,3229
Ifna-ps1,555
Ifna1,570
Ifna11,573
Ifna12,797
Ifna13,819
Ifna14,570
Ifna15,573
Ifna16,1010
Ifna2,1032
Ifna4,561
Ifna5,570
Ifna6,570
Ifna7,573
Ifna9,573
Ifnab,1058
Ifnar1,10618
Ifnar2,6114
Ifnb1,750
Ifne,664
Ifng,1586
Ifngas1,9594
Ifngr1,4121
Ifngr2,6257
Ifnk,805
Ifnl2,702
Ifnl3,582
Ifnlr1,4182
Ifnz,1462
Ifrd1,8311
Ifrd2,4650
Ift122,14440
Ift140,11174
Ift172,8681
Ift20,3137
Ift22,4738
Ift25,2727
Ift27,3128
Ift43,2569
Ift46,11684
Ift52,3077
Ift56,5310
Ift57,4083
Ift70a1,3721
Ift70a2,2431
Ift70b,2737
Ift74,2782
Ift80,16677
Ift81,7712
Ift88,5494
Ift88os,2016
Iftap,7258
Igbp1,6213
Igbp1b,1456
Igdcc3,4389
Igdcc4,10332
Igf1,13144
Igf1os,11324
Igf1r,18938
Igf2,10963
Igf2bp1,10444
Igf2bp2,14060
Igf2bp3,9211
Igf2os,5736
Igf2r,9617
Igfals,8464
Igfbp1,1525
Igfbp2,2695
Igfbp3,3783
Igfbp4,6109
Igfbp5,9937
Igfbp6,1112
Igfbp7,1962
Igfbpl1,3494
Igfl3,575
Igflr1,2222
Igfn1,10026
Igha,3001
Ighd,1900
Ighd1-1,23
Ighd2-3,17
Ighd2-4,17
Ighd2-5,17
Ighd2-6,17
Ighd2-7,17
Ighd2-8,17
Ighd3-1,17
Ighd3-2,16
Ighd4-1,11
Ighd5-1,10
Ighd5-2,10
Ighd5-3,10
Ighd5-4,10
Ighd5-5,10
Ighd5-6,22
Ighd5-7,29
Ighd5-8,29
Ighd6-1,29
Ighd6-2,29
Ighe,1912
Ighg1,2907
Ighg2b,2993
Ighg2c,1641
Ighg3,2827
Ighj1,53
Ighj2,102
Ighj3,48
Ighj4,54
Ighm,2219
Ighmbp2,8465
Ighv1-1,291
Ighv1-10,355
Ighv1-11,351
Ighv1-12,814
Ighv1-13,350
Ighv1-14,402
Ighv1-15,351
Ighv1-16,294
Ighv1-17,350
Ighv1-17-1,351
Ighv1-18,351
Ighv1-19,405
Ighv1-19-1,351
Ighv1-2,378
Ighv1-20,351
Ighv1-21,351
Ighv1-21-1,351
Ighv1-22,351
Ighv1-23,351
Ighv1-24,645
Ighv1-25,345
Ighv1-26,351
Ighv1-27,340
Ighv1-28,351
Ighv1-29,342
Ighv1-3,302
Ighv1-30,349
Ighv1-31,645
Ighv1-32,351
Ighv1-33,350
Ighv1-34,388
Ighv1-35,351
Ighv1-36,351
Ighv1-37,351
Ighv1-38,349
Ighv1-39,351
Ighv1-4,351
Ighv1-40,345
Ighv1-41,329
Ighv1-42,645
Ighv1-43,645
Ighv1-44,352
Ighv1-45,352
Ighv1-46,351
Ighv1-47,691
Ighv1-48,294
Ighv1-49,645
Ighv1-5,689
Ighv1-50,390
Ighv1-51,354
Ighv1-52,351
Ighv1-53,351
Ighv1-54,377
Ighv1-55,415
Ighv1-56,645
Ighv1-57,349
Ighv1-58,351
Ighv1-59,351
Ighv1-6,293
Ighv1-60,405
Ighv1-61,351
Ighv1-62,350
Ighv1-62-1,439
Ighv1-62-2,680
Ighv1-62-3,405
Ighv1-63,351
Ighv1-64,405
Ighv1-65,349
Ighv1-66,399
Ighv1-67,645
Ighv1-68,294
Ighv1-69,351
Ighv1-7,388
Ighv1-70,351
Ighv1-71,661
Ighv1-72,396
Ighv1-73,352
Ighv1-74,351
Ighv1-75,373
Ighv1-76,662
Ighv1-77,700
Ighv1-78,670
Ighv1-79,350
Ighv1-8,293
Ighv1-80,351
Ighv1-81,351
Ighv1-82,680
Ighv1-83,351
Ighv1-84,351
Ighv1-85,351
Ighv1-86,353
Ighv1-9,351
Ighv10-1,359
Ighv10-2,298
Ighv10-3,377
Ighv10-4,299
Ighv11-1,353
Ighv11-2,461
Ighv12-1,329
Ighv12-2,362
Ighv12-3,353
Ighv13-1,294
Ighv13-2,661
Ighv14-1,351
Ighv14-2,351
Ighv14-3,399
Ighv14-4,684
Ighv15-1,276
Ighv15-2,354
Ighv16-1,652
Ighv2-1,353
Ighv2-2,352
Ighv2-3,347
Ighv2-4,350
Ighv2-5,523
Ighv2-6,350
Ighv2-6-8,692
Ighv2-7,355
Ighv2-8,262
Ighv2-9,362
Ighv2-9-1,369
Ighv3-1,350
Ighv3-2,349
Ighv3-3,646
Ighv3-4,353
Ighv3-5,652
Ighv3-6,350
Ighv3-7,348
Ighv3-8,394
Ighv4-1,414
Ighv4-2,362
Ighv5-1,353
Ighv5-10,252
Ighv5-11,371
Ighv5-12,353
Ighv5-12-4,353
Ighv5-13,290
Ighv5-15,361
Ighv5-16,730
Ighv5-17,405
Ighv5-18,326
Ighv5-19,297
Ighv5-2,353
Ighv5-21,295
Ighv5-3,322
Ighv5-4,425
Ighv5-5,329
Ighv5-6,353
Ighv5-7,244
Ighv5-8,337
Ighv5-9,418
Ighv5-9-1,413
Ighv6-1,343
Ighv6-2,295
Ighv6-3,356
Ighv6-4,654
Ighv6-5,654
Ighv6-6,357
Ighv6-7,357
Ighv7-1,363
Ighv7-2,357
Ighv7-3,361
Ighv7-4,437
Ighv8-1,291
Ighv8-10,358
Ighv8-11,358
Ighv8-12,358
Ighv8-13,602
Ighv8-14,358
Ighv8-15,294
Ighv8-16,294
Ighv8-2,359
Ighv8-3,295
Ighv8-4,645
Ighv8-5,358
Ighv8-6,655
Ighv8-7,297
Ighv8-8,358
Ighv8-9,664
Ighv9-1,645
Ighv9-2,351
Ighv9-3,351
Ighv9-4,645
Igip,2839
Igkc,532
Igkj1,38
Igkj2,82
Igkj3,74
Igkj4,38
Igkj5,80
Igkv1-108,298
Igkv1-110,401
Igkv1-115,302
Igkv1-117,404
Igkv1-122,383
Igkv1-131,362
Igkv1-132,362
Igkv1-133,374
Igkv1-135,394
Igkv1-136,297
Igkv1-35,362
Igkv1-88,362
Igkv1-99,376
Igkv10-94,347
Igkv10-95,634
Igkv10-96,359
Igkv11-106,346
Igkv11-114,346
Igkv11-118,346
Igkv11-125,353
Igkv12-38,347
Igkv12-40,347
Igkv12-41,347
Igkv12-42,327
Igkv12-44,401
Igkv12-46,377
Igkv12-47,356
Igkv12-49,278
Igkv12-66,348
Igkv12-67,354
Igkv12-89,338
Igkv12-98,347
Igkv13-54-1,303
Igkv13-55-1,308
Igkv13-56-1,209
Igkv13-57-1,305
Igkv13-57-2,336
Igkv13-61-1,296
Igkv13-62-1,317
Igkv13-64,343
Igkv13-71-1,264
Igkv13-73-1,200
Igkv13-74-1,242
Igkv13-76,347
Igkv13-78-1,200
Igkv13-80-1,255
Igkv13-82,346
Igkv13-84,347
Igkv13-85,347
Igkv13-87,286
Igkv14-100,353
Igkv14-111,368
Igkv14-118-1,334
Igkv14-118-2,339
Igkv14-126,358
Igkv14-126-1,346
Igkv14-130,353
Igkv14-134-1,331
Igkv15-101,299
Igkv15-101-1,258
Igkv15-102,287
Igkv15-103,375
Igkv15-97,339
Igkv16-104,378
Igkv17-121,709
Igkv17-127,700
Igkv17-134,348
Igkv18-36,341
Igkv19-93,363
Igkv2-105,377
Igkv2-107,313
Igkv2-109,374
Igkv2-112,670
Igkv2-113,362
Igkv2-116,362
Igkv2-137,501
Igkv2-93-1,272
Igkv2-95-1,272
Igkv2-95-2,222
Igkv20-101-2,339
Igkv3-1,359
Igkv3-10,715
Igkv3-11,385
Igkv3-12,359
Igkv3-12-1,351
Igkv3-2,378
Igkv3-3,359
Igkv3-4,360
Igkv3-5,382
Igkv3-6,342
Igkv3-7,658
Igkv3-8,339
Igkv3-9,359
Igkv4-50,352
Igkv4-51,394
Igkv4-53,659
Igkv4-54,352
Igkv4-55,379
Igkv4-56,349
Igkv4-57,352
Igkv4-57-1,373
Igkv4-58,650
Igkv4-59,368
Igkv4-60,358
Igkv4-61,666
Igkv4-62,352
Igkv4-63,638
Igkv4-65,358
Igkv4-68,394
Igkv4-69,348
Igkv4-70,379
Igkv4-71,352
Igkv4-72,402
Igkv4-73,358
Igkv4-74,394
Igkv4-75,359
Igkv4-77,352
Igkv4-78,358
Igkv4-79,358
Igkv4-80,348
Igkv4-81,648
Igkv4-83,334
Igkv4-86,378
Igkv4-90,352
Igkv4-91,358
Igkv4-92,351
Igkv5-37,359
Igkv5-39,634
Igkv5-40-1,359
Igkv5-43,379
Igkv5-45,385
Igkv5-48,360
Igkv6-13,646
Igkv6-14,347
Igkv6-15,347
Igkv6-17,377
Igkv6-20,375
Igkv6-23,369
Igkv6-25,380
Igkv6-29,375
Igkv6-32,366
Igkv7-33,365
Igkv8-16,379
Igkv8-18,395
Igkv8-19,675
Igkv8-21,382
Igkv8-22,367
Igkv8-24,365
Igkv8-26,371
Igkv8-27,660
Igkv8-28,675
Igkv8-30,368
Igkv8-31,372
Igkv8-34,365
Igkv9-119,353
Igkv9-120,353
Igkv9-123,377
Igkv9-124,640
Igkv9-128,353
Igkv9-129,353
Iglc1,454
Iglc2,1064
Iglc3,452
Iglc4,314
Iglj1,38
Iglj2,38
Iglj3,38
Iglj3p,38
Iglj4,42
Igll1,2741
Iglon5,2988
Iglv1,391
Iglv2,714
Iglv3,381
Igsf1,6323
Igsf10,12792
Igsf11,5148
Igsf21,1979
Igsf23,3227
Igsf3,9691
Igsf5,3684
Igsf6,2175
Igsf8,7123
Igsf9,10518
Igsf9b,18911
Igtp,5121
Ihh,3853
Iho1,2890
Iigp1,11504
Iigp1c,2645
Ik,6200
Ikbip,7341
Ikbkb,24415
Ikbke,11842
Ikbkg,22427
Ikzf1,22187
Ikzf2,17291
Ikzf3,9510
Ikzf4,12254
Ikzf5,9672
Il10,1310
Il10ra,8271
Il10rb,5283
Il11,2649
Il11ra1,6312
Il11ra2,1995
Il11ra3,6184
Il12a,4268
Il12b,2810
Il12rb1,5205
Il12rb2,4513
Il13,1205
Il13ra1,3712
Il13ra2,2581
Il15,4608
Il15ra,12214
Il16,10143
Il17a,1171
Il17b,1374
Il17c,719
Il17d,1274
Il17f,2976
Il17ra,11650
Il17rb,8381
Il17rc,3395
Il17rd,14129
Il17re,11190
Il18,1608
Il18bp,4773
Il18r1,6173
Il18rap,7450
Il19,2946
Il1a,1974
Il1b,2352
Il1bos,10172
Il1f10,538
Il1r1,9815
Il1r2,2344
Il1rap,15070
Il1rapl1,10143
Il1rapl2,6171
Il1rl1,11062
Il1rl2,8402
Il1rn,8102
Il2,1144
Il20,1423
Il20ra,2564
Il20rb,8703
Il21,5744
Il21r,5088
Il22,1110
Il22b,1808
Il22ra1,2569
Il22ra2,2498
Il23a,2937
Il23r,2488
Il24,2211
Il25,1064
Il27,1021
Il27ra,5304
Il2ra,5927
Il2rb,5147
Il2rg,3633
Il3,629
Il31,2311
Il31ra,8334
Il33,5256
Il34,3465
Il36a,976
Il36b,1217
Il36g,1648
Il36rn,9241
Il3ra,4504
Il4,1419
Il4i1,6367
Il4ra,9158
Il5,1537
Il5ra,6028
Il6,4086
Il6ra,10957
Il6st,17535
Il7,10313
Il7r,5238
Il9,536
Il9r,9084
Ildr1,8822
Ildr2,9036
Ilf2,10063
Ilf3,18634
Ilk,8103
Ilkap,8375
Ilrun,12240
Ilvbl,10404
Immp1l,955
Immp2l,2582
Immt,18076
Imp3,924
Imp4,10208
Impa1,7791
Impa2,5733
Impact,6567
Impdh1,7459
Impdh2,5199
Impdh2-ps,1545
Impg1,4303
Impg2,10550
Ina,3240
Inafm1,1605
Inafm2,3053
Inava,5798
Inca1,2438
Incenp,7382
Inf2,5222
Ing1,8210
Ing2,3601
Ing3,9425
Ing4,11362
Ing5,8870
Inha,1475
Inhba,7417
Inhbb,4255
Inhbc,1859
Inhbe,5319
Inhca,5063
Inip,7744
Inka1,1588
Inka2,6569
Inmt,1996
Ino80,7174
Ino80b,2356
Ino80c,3581
Ino80d,20393
Ino80dos,24049
Ino80e,13351
Inpp1,7787
Inpp4a,15825
Inpp4b,19993
Inpp5a,7385
Inpp5b,7201
Inpp5d,12416
Inpp5e,11912
Inpp5f,14389
Inpp5j,9746
Inpp5k,9767
Inppl1,11184
Ins1,1062
Ins2,3275
Insc,5103
Insig1,3454
Insig2,7565
Insl3,623
Insl5,1133
Insl6,708
Insm1,3100
Insm2,2660
Insr,15215
Insrr,6425
Insyn1,4835
Insyn2a,8146
Insyn2b,5435
Ints1,12197
Ints10,12040
Ints11,4986
Ints12,8908
Ints13,11875
Ints14,4577
Ints15,7448
Ints2,14389
Ints3,9045
Ints4,9010
Ints5,3274
Ints6,19024
Ints6l,14725
Ints7,11003
Ints8,8780
Ints9,7801
Intu,8156
Invs,12634
Ip6k1,9923
Ip6k2,10281
Ip6k3,2342
Ipcef1,10668
Ipmk,10438
Ipo11,9397
Ipo13,5178
Ipo4,8610
Ipo5,7056
Ipo7,13872
Ipo8,27363
Ipo9,13045
Ipp,2995
Ippk,7845
Iqank1,3906
Iqca1,6327
Iqca1l,4275
Iqcb1,7646
Iqcc,4168
Iqcd,2367
Iqce,16915
Iqcf1,1729
Iqcf3,1669
Iqcf4,756
Iqcf5,551
Iqcf6,1612
Iqcg,7273
Iqch,8224
Iqcj,1579
Iqck,9016
Iqcm,2710
Iqcn,4584
Iqgap1,17679
Iqgap2,8291
Iqgap3,14088
Iqschfp,2369
Iqsec1,22021
Iqsec2,8997
Iqsec3,14979
Iqub,3651
Irag1,14718
Irag2,6513
Irak1,13097
Irak1bp1,3186
Irak2,7849
Irak3,7016
Irak4,5415
Ireb2,10020
Irf1,5762
Irf2,11324
Irf2bp1,2734
Irf2bp2,5080
Irf2bpl,4098
Irf3,8384
Irf4,5266
Irf5,3550
Irf6,8007
Irf7,10234
Irf8,8869
Irf9,9263
Irgc,3433
Irgm1,8173
Irgm2,10457
Irgq,6083
Irs1,9144
Irs2,6323
Irs3,3618
Irs4,6294
Irx1,3691
Irx2,5075
Irx3,4839
Irx3os,6006
Irx4,2764
Irx5,4594
Irx6,4932
Isca1,16865
Isca2,6406
Iscu,4010
Isg15,703
Isg20,3784
Isg20l2,2893
Isl1,5390
Isl2,4007
Islr,5101
Islr2,18773
Ism1,5178
Ism2,3300
Isoc1,4115
Isoc2a,2244
Isoc2b,2625
Ist1,12653
Isx,2667
Isy1,7905
Isyna1,4891
Itch,13057
Itfg1,12783
Itfg2,11057
Itga1,20969
Itga10,7180
Itga11,5364
Itga2,7153
Itga2b,8117
Itga3,6749
Itga4,15604
Itga5,5778
Itga6,12769
Itga7,11031
Itga8,9753
Itga9,8468
Itgad,5197
Itgae,4689
Itgal,9037
Itgam,7207
Itgav,13801
Itgax,5305
Itgb1,5655
Itgb1bp1,5575
Itgb1bp2,2089
Itgb2,4661
Itgb2l,6002
Itgb3,8635
Itgb3bp,6633
Itgb4,9326
Itgb5,5204
Itgb6,8959
Itgb7,3672
Itgb8,13623
Itgbl1,6368
Itih1,3728
Itih2,3525
Itih3,5024
Itih4,5073
Itih5,7900
Itih6,3929
Itk,6160
Itln1,1442
Itm2a,1744
Itm2b,3477
Itm2c,3831
Itpa,2914
Itpa-ps1,597
Itpa-ps2,589
Itpa-ps3,395
Itpk1,3651
Itpka,1818
Itpkb,10828
Itpkc,7384
Itpr1,20911
Itpr2,16539
Itpr3,9340
Itpr3os,8138
Itprid1,4049
Itprid2,6588
Itprip,4111
Itpripl1,7075
Itpripl2,6865
Itsn1,36296
Itsn2,18331
Ivd,6765
Ivl,1922
Ivns1abp,9036
Iws1,14983
Iyd,1954
Izumo1,3483
Izumo1r,3113
Izumo2,1206
Izumo3,1687
Izumo4,7474
Jade1,18998
Jade2,19385
Jade3,6535
Jag1,6814
Jag2,9211
Jagn1,4762
Jak1,9165
Jak2,6039
Jak3,7837
Jakmip1,13095
Jakmip2,13251
Jakmip3,6999
Jam2,6816
Jam3,3896
Jaml,4646
Jarid2,16683
Jazf1,2536
Jcad,8557
Jchain,3653
Jdp2,2308
Jhy,4685
Jkamp,3725
Jkampl,1087
Jmjd1c,28349
Jmjd4,12189
Jmjd6,8858
Jmjd7,3206
Jmjd8,7370
Jmy,10294
Josd1,3440
Josd1-ps,609
Josd2,9482
Jph1,5423
Jph2,4957
Jph3,5716
Jph4,10391
Jpt1,3137
Jpt2,5683
Jpx,56044
Jrk,5853
Jrkl,3223
Jsrp1,2733
Jtb,3003
Jun,3189
Junb,2301
Jund,1667
Junos,34806
Jup,9346
K230015D01Rik,1820
Kalrn,35461
Kank1,7202
Kank2,6289
Kank3,6432
Kank4,5072
Kank4os,2536
Kansl1,10996
Kansl1l,10106
Kansl2,6922
Kansl2-ps,1461
Kansl3,8888
Kantr,6305
Kap,1108
Kars1,5074
Kars1-ps1,1767
Kash5,2560
Kat14,8454
Kat2a,4567
Kat2b,5771
Kat2b-ps,2490
Kat5,7713
Kat6a,9545
Kat6b,34768
Kat6b-ps1,3433
Kat6b-ps2,1600
Kat7,7526
Kat8,3369
Katna1,3632
Katnal1,12271
Katnal2,6955
Katnb1,8124
Katnbl1,4463
Katnip,19204
Kazald1,2273
Kazn,19276
Kbtbd11,13509
Kbtbd12,14756
Kbtbd13,2969
Kbtbd2,7727
Kbtbd3,4299
Kbtbd4,3951
Kbtbd6,5966
Kbtbd7,4526
Kbtbd8,5399
Kbtbd8os,3581
Kcmf1,7903
Kcna1,7926
Kcna10,2270
Kcna2,17726
Kcna3,1902
Kcna4,5162
Kcna5,2862
Kcna6,17207
Kcna7,2182
Kcnab1,14600
Kcnab2,20903
Kcnab3,3074
Kcnab3os,2362
Kcnb1,18181
Kcnb2,18808
Kcnc1,11447
Kcnc2,13708
Kcnc3,8416
Kcnc4,3838
Kcnd1,6038
Kcnd2,5152
Kcnd3,11970
Kcnd3os,12802
Kcne1,3776
Kcne2,1767
Kcne3,5727
Kcne4,4470
Kcne5,1543
Kcnf1,4789
Kcng1,6931
Kcng2,3708
Kcng3,4256
Kcng4,3806
Kcnh1,7904
Kcnh2,6339
Kcnh3,7712
Kcnh4,5111
Kcnh5,4058
Kcnh6,4903
Kcnh7,18239
Kcnh8,5353
Kcnip1,10799
Kcnip2,5856
Kcnip3,4700
Kcnip4,8239
Kcnj1,7339
Kcnj10,5407
Kcnj11,5459
Kcnj12,4750
Kcnj13,1531
Kcnj14,3280
Kcnj15,22982
Kcnj16,8242
Kcnj2,5444
Kcnj3,10745
Kcnj4,2152
Kcnj5,8984
Kcnj6,11533
Kcnj8,4369
Kcnj9,6634
Kcnk1,3148
Kcnk10,10533
Kcnk12,1972
Kcnk13,6213
Kcnk15,3120
Kcnk16,2595
Kcnk18,3470
Kcnk2,8664
Kcnk3,4318
Kcnk4,7682
Kcnk5,3710
Kcnk6,4493
Kcnk7,2136
Kcnk9,12300
Kcnma1,22223
Kcnmb1,4191
Kcnmb2,6605
Kcnmb3,1715
Kcnmb4,3893
Kcnmb4os1,1996
Kcnmb4os2,4933
Kcnn1,8598
Kcnn2,11535
Kcnn3,11198
Kcnn4,7249
Kcnq1,4540
Kcnq1ot1,105982
Kcnq2,37767
Kcnq3,15078
Kcnq4,4024
Kcnq5,14283
Kcnrg,3587
Kcns1,2712
Kcns2,10362
Kcns3,7199
Kcnt1,19244
Kcnt2,8558
Kcnu1,4461
Kcnv1,5774
Kcnv2,5108
Kcp,9827
Kctd1,9157
Kctd10,7470
Kctd11,5867
Kctd12,6596
Kctd12b,5102
Kctd13,2974
Kctd14,9796
Kctd15,7887
Kctd16,11377
Kctd17,5877
Kctd18,21414
Kctd19,3399
Kctd2,5756
Kctd20,20726
Kctd21,2966
Kctd3,11519
Kctd4,3998
Kctd5,3950
Kctd6,4632
Kctd7,5429
Kctd8,4719
Kctd9,7636
Kdelr1,4239
Kdelr2,1829
Kdelr3,1411
Kdf1,6480
Kdm1a,7824
Kdm1b,9527
Kdm2a,24307
Kdm2b,18787
Kdm3a,13072
Kdm3b,16593
Kdm4a,9175
Kdm4b,8591
Kdm4c,6287
Kdm4d,4812
Kdm4dl,1187
Kdm5a,18119
Kdm5b,19413
Kdm5c,12296
Kdm5d,19833
Kdm6a,12034
Kdm6b,7270
Kdm6bos,900
Kdm7a,11253
Kdm8,2645
Kdr,9641
Kdsr,8593
Keap1,9267
Keg1,7397
Kel,3663
Kera,2280
Khdc1a,1987
Khdc1b,2236
Khdc1c,1946
Khdc3,4141
Khdc4,11883
Khdrbs1,8069
Khdrbs2,11263
Khdrbs3,6048
Khk,3396
Khnyn,11742
Khsrp,6346
Kics2,6782
Kidins220,14219
Kif11,7946
Kif12,5255
Kif13a,11506
Kif13b,15356
Kif14,12810
Kif15,16693
Kif16b,11398
Kif16bos,7063
Kif17,5872
Kif18a,11881
Kif18b,3708
Kif19a,5624
Kif19b,2955
Kif1a,12177
Kif1b,25082
Kif1c,12473
Kif20a,6954
Kif20b,9071
Kif21a,11059
Kif21b,13910
Kif22,7004
Kif22-ps,1984
Kif23,10831
Kif24,10470
Kif26a,7196
Kif26b,15639
Kif27,7224
Kif28,4342
Kif2a,8602
Kif2b,2244
Kif2c,6222
Kif3a,4849
Kif3b,5635
Kif3c,13520
Kif4,5722
Kif4-ps,4254
Kif5a,7921
Kif5b,10198
Kif5c,7999
Kif6,7105
Kif7,6317
Kif9,4792
Kifap3,4012
Kifbp,10753
Kifc1,6698
Kifc2,6478
Kifc3,7780
Kifc5b,6120
Kifc5c-ps,1530
Kin,2624
Kir3dl1,1730
Kir3dl2,1971
Kirrel1,13226
Kirrel2,7090
Kirrel3,11344
Kirrel3os,3799
Kis2,5823
Kiss1,496
Kiss1r,7544
Kit,12958
Kitl,8544
Kiz,2911
Kl,10435
Klb,7064
Klc1,10129
Klc2,7744
Klc3,4245
Klc4,2820
Klf1,2062
Klf10,6451
Klf11,5050
Klf12,9436
Klf13,8416
Klf14,3056
Klf15,6571
Klf16,2674
Klf17,2400
Klf18,1767
Klf2,1847
Klf3,13789
Klf4,4410
Klf5,5330
Klf6,5438
Klf7,8824
Klf8,8518
Klf9,5604
Klhdc1,3646
Klhdc10,13173
Klhdc2,8097
Klhdc3,3782
Klhdc4,6779
Klhdc7a,7807
Klhdc7b,5769
Klhdc8a,4269
Klhdc8b,18092
Klhdc9,1558
Klhl1,6645
Klhl10,2949
Klhl11,2393
Klhl12,13970
Klhl13,7762
Klhl14,7642
Klhl15,14996
Klhl17,7572
Klhl18,11260
Klhl2,11353
Klhl20,17407
Klhl21,3986
Klhl22,7736
Klhl23,6109
Klhl24,12251
Klhl25,9957
Klhl26,13684
Klhl28,8663
Klhl29,7451
Klhl3,7322
Klhl30,3089
Klhl31,6494
Klhl32,12866
Klhl33,10188
Klhl34,1935
Klhl35,3049
Klhl36,3861
Klhl38,2212
Klhl4,5205
Klhl40,3738
Klhl41,2529
Klhl42,7808
Klhl5,11556
Klhl6,4338
Klhl7,7560
Klhl8,6343
Klhl9,4174
Klk1,1431
Klk10,1373
Klk11,2618
Klk12,1488
Klk13,2545
Klk14,1271
Klk15,1253
Klk1b1,867
Klk1b10-ps,783
Klk1b11,863
Klk1b12-ps,751
Klk1b14-ps,777
Klk1b15-ps,715
Klk1b16,1387
Klk1b18-ps,167
Klk1b19-ps,696
Klk1b2-ps,786
Klk1b21,871
Klk1b22,855
Klk1b23-ps,345
Klk1b24,878
Klk1b26,1386
Klk1b27,889
Klk1b28-ps,217
Klk1b3,889
Klk1b4,839
Klk1b5,1391
Klk1b7-ps,619
Klk1b8,859
Klk1b9,870
Klk2-ps,7683
Klk4,1249
Klk5,1555
Klk6,2251
Klk7,1895
Klk8,2071
Klk9,1476
Klkb1,5249
Klra1,2043
Klra10,823
Klra11-ps,810
Klra13-ps,1206
Klra14-ps,802
Klra17,1645
Klra2,1938
Klra3,1539
Klra4,1245
Klra5,1659
Klra6,1116
Klra7,2098
Klra8,1178
Klra9,1574
Klrb1,1594
Klrb1-ps1,701
Klrb1a,3350
Klrb1b,4226
Klrb1c,4872
Klrb1f,3045
Klrc1,2636
Klrc2,7381
Klrc3,1132
Klrd1,2663
Klre1,4249
Klrg1,1414
Klrg2,5352
Klrh1,2134
Klri1,838
Klri2,3913
Klrk1,9121
Kmo,7315
Kmt2a,20241
Kmt2b,12490
Kmt2c,25718
Kmt2d,23977
Kmt2e,12694
Kmt5a,9869
Kmt5b,30311
Kmt5c,7791
Kncn,2908
Kndc1,11971
Kng1,4588
Kng2,4993
Knl1,14510
Knop1,14995
Knstrn,7548
Kntc1,9137
Kplce,1078
Kpna1,11828
Kpna2,3965
Kpna2-ps,1569
Kpna2rt,1988
Kpna3,4662
Kpna4,11292
Kpna6,8015
Kpna7,4027
Kpnb1,7010
Kprp,2729
Kptn,5614
Kras,8261
Krba1,25035
Krbox5,1633
Krcc1,3723
Kremen1,7760
Kremen2,2123
Kri1,7028
Krit1,28993
Krr1,9140
Krt1,6017
Krt10,2651
Krt12,1852
Krt13,1971
Krt14,1758
Krt15,2101
Krt16,1565
Krt17,1551
Krt18,1437
Krt19,2334
Krt2,2613
Krt20,1927
Krt222,5101
Krt23,1565
Krt24,1847
Krt25,1989
Krt26,5573
Krt27,1550
Krt28,1624
Krt31,1581
Krt32,2201
Krt33a,2162
Krt33b,1581
Krt34,1609
Krt35,3876
Krt36,1671
Krt39,2333
Krt4,2133
Krt40,1320
Krt42,2207
Krt5,2197
Krt6a,4078
Krt6b,2235
Krt7,8328
Krt71,2186
Krt72,2412
Krt73,2168
Krt74,2374
Krt75,3266
Krt76,2312
Krt77,3349
Krt78,3437
Krt79,5298
Krt8,1958
Krt8-ps,945
Krt80,10348
Krt81,2514
Krt82,2110
Krt83,2427
Krt84,2730
Krt85,2359
Krt86,1963
Krt87,2278
Krt88,902
Krt9,2580
Krt90,2534
Krtap1-3,879
Krtap1-4,593
Krtap1-5,1041
Krtap10-10,1306
Krtap10-21,693
Krtap10-22,693
Krtap10-23,693
Krtap10-24,908
Krtap10-25,711
Krtap10-26,693
Krtap10-27,1531
Krtap10-28,693
Krtap10-29,678
Krtap10-30,834
Krtap10-31,930
Krtap10-32,843
Krtap10-33,801
Krtap10-34,747
Krtap10-35,501
Krtap10-4,981
Krtap11-1,1008
Krtap12-1,656
Krtap12-20,363
Krtap12-21,363
Krtap12-22,553
Krtap12-23,350
Krtap12-24,315
Krtap13,892
Krtap13-1,750
Krtap13-20,946
Krtap13-21,1028
Krtap13-22,794
Krtap13-23,833
Krtap13-24,781
Krtap14,856
Krtap15-1,1232
Krtap16-1,1888
Krtap16-3,601
Krtap17-1,761
Krtap19-1,495
Krtap19-2,643
Krtap19-3,526
Krtap19-4,304
Krtap19-5,490
Krtap19-9a,166
Krtap19-9b,462
Krtap2-20,817
Krtap2-21,396
Krtap2-22,663
Krtap2-4,828
Krtap20-1,964
Krtap20-2,534
Krtap20-20,465
Krtap20-21,397
Krtap20-22,159
Krtap20-24,465
Krtap21-1,651
Krtap22-2,365
Krtap24-1,1575
Krtap26-1,973
Krtap27-1,646
Krtap28-10,957
Krtap28-13,992
Krtap29-1,1029
Krtap3-1,604
Krtap3-2,1031
Krtap3-3,736
Krtap31-1,973
Krtap31-2,935
Krtap31-3,921
Krtap4-1,1015
Krtap4-13,815
Krtap4-16,954
Krtap4-2,974
Krtap4-20,890
Krtap4-21,869
Krtap4-22,1200
Krtap4-23,1079
Krtap4-24,638
Krtap4-25,1012
Krtap4-26,691
Krtap4-27,1265
Krtap4-6,918
Krtap4-7,984
Krtap4-8,983
Krtap4-9,1059
Krtap5-1,742
Krtap5-2,1471
Krtap5-20,600
Krtap5-21,732
Krtap5-22,660
Krtap5-23,699
Krtap5-24,735
Krtap5-25,1267
Krtap5-26,660
Krtap5-3,1652
Krtap5-4,1046
Krtap5-5,1177
Krtap6-1,594
Krtap6-2,786
Krtap6-3,563
Krtap6-5,595
Krtap6-6,591
Krtap6-7,550
Krtap7-1,621
Krtap8-1,574
Krtap9-1,1044
Krtap9-20,1096
Krtap9-21,1145
Krtap9-22,1043
Krtap9-3,759
Krtap9-5,1077
Krtcap2,2178
Krtcap3,5780
Krtdap,1577
Ksr1,10979
Ksr2,15264
Kti12,1629
Ktn1,18063
Kxd1,4018
Ky,6025
Kyat1,5554
Kyat3,11251
Kynu,7491
L1cam,12176
L1td1,6584
L2hgdh,3977
L3hypdh,3328
L3mbtl1,5096
L3mbtl2,12967
L3mbtl3,12875
L3mbtl4,8409
LINC03051,7115
LOC102637012,2562
LOC665443,796
LOC667541,278
LTO1,10406
Lacc1,4590
Lactb,3224
Lactb2,4894
Lactbl1,2954
Lad1,3947
Lag3,2163
Lage3,3504
Lair1,12518
Lalba,771
Lama1,10050
Lama2,18652
Lama3,10745
Lama4,14753
Lama5,12355
Lamb1,12508
Lamb2,7472
Lamb3,8068
Lamc1,10212
Lamc2,8857
Lamc3,6803
Lamp1,2847
Lamp2,9957
Lamp3,3356
Lamp5,5224
Lamr1-ps1,874
Lamtor1,3365
Lamtor2,2297
Lamtor3,7110
Lamtor3l,561
Lamtor4,1739
Lamtor5,1444
Lancl1,7684
Lancl2,4594
Lancl3,3991
Lao1,3147
Lap3,4062
Laptm4a,1839
Laptm4b,3875
Laptm5,5525
Large1,9392
Large2,14704
Larp1,11012
Larp1b,14928
Larp4,17956
Larp4b,19131
Larp6,2440
Larp7,3791
Larp7-ps,764
Lars1,7759
Lars2,15008
Las1l,12106
Lasp1,8614
Lat,5140
Lat2,6219
Lats1,8863
Lats2,9897
Lax1,2753
Layn,3383
Lbh,3302
Lbhd1,3852
Lbhd2,670
Lbp,5426
Lbr,7777
Lbx1,2484
Lbx2,1348
Lca5,8879
Lca5l,9505
Lcat,1342
Lce1a1,705
Lce1a2,715
Lce1b,647
Lce1c,724
Lce1d,678
Lce1e,711
Lce1f,728
Lce1g,925
Lce1h,706
Lce1i,731
Lce1j,1123
Lce1k,663
Lce1l,670
Lce1m,1125
Lce3a,549
Lce3b,562
Lce3c,567
Lce3d,491
Lce3e,607
Lce3f,611
Lce6a,1280
Lck,4700
Lclat1,6598
Lcmt1,4747
Lcmt2,5103
Lcn10,1106
Lcn11,652
Lcn12,1033
Lcn15,502
Lcn2,4867
Lcn3,684
Lcn4,774
Lcn5,1193
Lcn6,2304
Lcn8,651
Lcn9,839
Lcor,19111
Lcorl,35281
Lcp1,13161
Lcp2,5274
Lct,6659
Lctl,3834
Ldaf1,3204
Ldah,10687
Ldb1,9973
Ldb2,6230
Ldb3,10929
Ldc1,2649
Ldha,6710
Ldha-ps,995
Ldha-ps2,1057
Ldha-ps3,949
Ldhal6b,1445
Ldhb,2412
Ldhb-ps,1002
Ldhc,2097
Ldhd,8843
Ldlr,17296
Ldlrad1,1093
Ldlrad2,2796
Ldlrad3,6300
Ldlrad4,5371
Ldlrap1,7843
Ldoc1,1459
Leap2,531
Leat1,6909
Lect2,1417
Lef1,9246
Lef1os1,6902
Lefty1,2203
Lefty2,2895
Lekr1,8993
Lelp1,857
Lemd1,5794
Lemd2,6753
Lemd3,6514
Lenep,1806
Leng1,2222
Leng8,13187
Leng9,2460
Leo1,5602
Lep,3504
Lepr,7696
Leprot,2049
Leprotl1,2879
Letm1,11541
Letm2,12053
Letmd1,9206
Lexis1,6115
Lfng,2988
Lgals1,1176
Lgals1-ps1,368
Lgals1-ps2,519
Lgals12,6398
Lgals2,592
Lgals3,3273
Lgals3bp,4324
Lgals4,3896
Lgals7,1105
Lgals8,9464
Lgals9,3269
Lgalsl,4709
Lgalsl2,2248
Lgi1,20971
Lgi2,7079
Lgi3,6499
Lgi4,5082
Lgmn,3210
Lgr4,6085
Lgr5,13274
Lgr6,8710
Lgsn,1966
Lhb,5749
Lhcgr,11239
Lhfpl1,2227
Lhfpl2,13822
Lhfpl3,5467
Lhfpl4,6176
Lhfpl5,3828
Lhfpl6,7297
Lhfpl7,1827
Lhpp,4439
Lhx1,5524
Lhx1os,22145
Lhx2,6679
Lhx3,4722
Lhx4,5912
Lhx5,2689
Lhx5as1,13292
Lhx6,8513
Lhx8,3949
Lhx9,11999
Lias,6475
Liat1,921
Lichi,7933
Lif,4441
Lifr,14121
Lig1,5051
Lig3,12930
Lig4,8133
Lilra5,2109
Lilra6,4929
Lilrb4a,19999
Lilrb4b,21715
Lim2,884
Lima1,8737
Limch1,22117
Limd1,8543
Limd2,4987
Lime1,4519
Limk1,11082
Limk1-ps1,1404
Limk1-ps2,1697
Limk2,7405
Lims1,6412
Lims2,4796
Lin28a,4491
Lin28b,9137
Lin37,2847
Lin52,3637
Lin54,10979
Lin7a,4687
Lin7b,2752
Lin7c,4783
Lin9,9936
Lincmd1,5797
Lincred1,44389
Lincred2,2311
Lingo1,10374
Lingo2,14865
Lingo3,3710
Lingo4,3645
Lins1,16154
Lipa,8898
Lipc,2876
Lipe,9665
Lipf,1411
Lipg,5319
Liph,8015
Lipi,2790
Lipk,4480
Lipm,5080
Lipn,2211
Lipo1,2243
Lipo2,4413
Lipo3,9221
Lipo4,2314
Lipo5,1906
Lipt1,3846
Lipt2,2304
Litaf,5831
Litafd,995
Lix1,3434
Lix1l,3839
Lkaaear1,1138
Llcfc1,741
Llgl1,6323
Llgl2,7065
Llph,3434
Llph-ps1,390
Llph-ps2,393
Lman1,12380
Lman1l,1685
Lman2,9078
Lman2l,9516
Lmbr1,16680
Lmbr1l,6564
Lmbrd1,9685
Lmbrd2,10136
Lmcd1,1730
Lmf1,15641
Lmf2,10239
Lmln,7868
Lmna,9783
Lmnb1,3205
Lmnb2,6049
Lmntd1,8591
Lmntd2,2582
Lmo1,2286
Lmo2,6727
Lmo3,9996
Lmo4,6638
Lmo7,21493
Lmod1,3948
Lmod2,1976
Lmod3,2215
Lmtk2,8114
Lmtk3,9706
Lmx1a,3494
Lmx1b,6131
Lncbate1,5088
Lncbate10,2946
Lncbate3,3626
Lncbate6,5583
Lncenc1,15547
Lncob1,2332
Lncpint,33826
Lncppara,30513
Lncucc1,454
Lnp1,671
Lnpep,16592
Lnpk,15816
Lnx1,6565
Lnx2,5248
Lockd,21287
Lonp1,5213
Lonp2,6263
Lonrf1,3930
Lonrf2,11894
Lonrf3,4372
Loricrin,1779
Lox,8593
Loxhd1,10296
Loxl1,3297
Loxl2,6064
Loxl3,5534
Loxl4,5361
Lpar1,5148
Lpar2,11962
Lpar3,2464
Lpar4,4238
Lpar5,1515
Lpar6,5400
Lpcat1,7083
Lpcat2,4806
Lpcat2b,2782
Lpcat3,6128
Lpcat4,3922
Lpgat1,10408
Lpin1,16111
Lpin2,16737
Lpin3,5367
Lpl,11615
Lpo,3315
Lpp,25398
Lppos,7347
Lpxn,1790
Lrat,5351
Lratd1,4535
Lratd2,5975
Lrba,21698
Lrch1,10425
Lrch2,12784
Lrch3,9847
Lrch4,6247
Lrcol1,2199
Lrfn1,7593
Lrfn2,3202
Lrfn3,2886
Lrfn4,6112
Lrfn5,13370
Lrg1,1408
Lrguk,15308
Lrif1,18008
Lrig1,9099
Lrig2,21716
Lrig3,12548
Lrit1,4325
Lrit2,3540
Lrit3,4017
Lrmda,3141
Lrp1,20915
Lrp10,5871
Lrp11,6192
Lrp12,7812
Lrp1b,30198
Lrp2,17424
Lrp2bp,8194
Lrp3,7092
Lrp4,13586
Lrp5,11940
Lrp6,15602
Lrp8,23982
Lrp8os1,2840
Lrp8os2,4512
Lrp8os3,4358
Lrpap1,5549
Lrpprc,10767
Lrr1,2446
Lrrc1,12226
Lrrc10,1428
Lrrc10b,2103
Lrrc14,17348
Lrrc14b,2755
Lrrc15,5310
Lrrc17,3765
Lrrc18,5590
Lrrc19,2925
Lrrc2,4266
Lrrc20,3216
Lrrc23,2874
Lrrc24,2829
Lrrc25,2355
Lrrc26,1190
Lrrc27,5515
Lrrc28,12516
Lrrc3,4296
Lrrc30,1760
Lrrc31,7109
Lrrc32,8658
Lrrc34,1891
Lrrc36,4020
Lrrc37,12840
Lrrc37a,9931
Lrrc38,2324
Lrrc39,5513
Lrrc3b,4505
Lrrc3c,902
Lrrc4,4498
Lrrc40,7532
Lrrc41,4739
Lrrc42,3506
Lrrc43,2805
Lrrc45,5324
Lrrc46,1336
Lrrc47,7442
Lrrc49,10545
Lrrc4b,3681
Lrrc4c,10072
Lrrc51,4389
Lrrc52,1143
Lrrc55,8015
Lrrc55os,7065
Lrrc56,9448
Lrrc57,3862
Lrrc58,8604
Lrrc59,3474
Lrrc61,7028
Lrrc63,2517
Lrrc66,3573
Lrrc69,1775
Lrrc7,23285
Lrrc70,4568
Lrrc71,7477
Lrrc72,2445
Lrrc73,5416
Lrrc74a,3183
Lrrc74b,4320
Lrrc75a,2829
Lrrc75aos1,2717
Lrrc75aos2,3000
Lrrc75b,5238
Lrrc77,906
Lrrc78,1964
Lrrc8a,6330
Lrrc8b,6789
Lrrc8c,8574
Lrrc8d,20481
Lrrc8dos,586
Lrrc8e,4190
Lrrc9,10291
Lrrcc1,10121
Lrrd1,3612
Lrrfip1,12409
Lrrfip2,11062
Lrriq1,9281
Lrriq3,5501
Lrriq4,2940
Lrrk1,13739
Lrrk2,13472
Lrrn1,3700
Lrrn2,4086
Lrrn3,3865
Lrrn4,3715
Lrrn4cl,5003
Lrrtm1,8793
Lrrtm2,10050
Lrrtm3,7335
Lrrtm4,17490
Lrsam1,8574
Lrtm1,10833
Lrtm2,4702
Lrwd1,11880
Lsamp,12353
Lsg1,9035
Lsm1,4093
Lsm10,2103
Lsm11,7881
Lsm12,3197
Lsm14a,9013
Lsm14b,4472
Lsm2,6481
Lsm3,4099
Lsm4,2225
Lsm5,1664
Lsm6,6487
Lsm7,4921
Lsm8,5208
Lsmem1,3233
Lsmem2,1764
Lsp1,8900
Lsr,4204
Lss,18461
Lst1,415
Lta,1383
Lta4h,7695
Ltb,3482
Ltb4r1,1394
Ltb4r2,5142
Ltbp1,16605
Ltbp2,13615
Ltbp3,13631
Ltbp4,9051
Ltbr,2772
Ltc4s,2741
Ltf,5555
Ltk,7467
Ltn1,7982
Ltv1,2434
Luc7l,12345
Luc7l2,27571
Luc7l3,12686
Lum,2448
Lurap1,6201
Lurap1l,3066
Luzp1,20648
Luzp2,6116
Luzp4,2115
Lvrn,6180
Lxn,2388
Ly6a,3452
Ly6a2,5917
Ly6c1,3293
Ly6c2,4361
Ly6d,744
Ly6e,8138
Ly6e-ps1,367
Ly6f,1480
Ly6g,1277
Ly6g2,2177
Ly6g5b,2222
Ly6g5c,509
Ly6g6c,2172
Ly6g6d,2405
Ly6g6e,2659
Ly6g6f,1141
Ly6g6g,3053
Ly6h,6274
Ly6i,1659
Ly6k,906
Ly6l,430
Ly6m,4996
Ly75,7325
Ly86,3818
Ly9,5203
Ly96,1584
Lyar,5143
Lyg1,1450
Lyg2,2564
Lyl1,4483
Lyn,6655
Lynx1,4982
Lypd1,10242
Lypd10,1372
Lypd11,1620
Lypd2,887
Lypd3,1649
Lypd4,1765
Lypd5,2239
Lypd6,10271
Lypd6b,2794
Lypd8,1745
Lypd8l,2030
Lypd9,549
Lypla1,9224
Lypla2,3355
Lyplal1,1946
Lyrm1,11442
Lyrm2,1774
Lyrm4,2086
Lyrm7,7677
Lyrm7os,4796
Lyrm9,8600
Lyset,3367
Lysmd1,2394
Lysmd2,2461
Lysmd3,7293
Lysmd4,15351
Lyst,21133
Lyve1,3386
Lyz1,1263
Lyz2,1316
Lyz3,2022
Lyzl1,932
Lyzl4,2272
Lyzl4os,3476
Lyzl6,1711
Lzic,3380
Lztfl1,15853
Lztr1,10438
Lzts1,8296
Lzts2,8445
Lzts3,7173
M1ap,2888
M5C1000I18Rik,6990
M6pr,5077
M6pr-ps,830
Maats1os,1664
Mab21l1,2492
Mab21l2,4937
Mab21l3,5180
Mab21l4,2886
Macc1,11699
Macf1,37516
Macir,44332
Maco1,9809
Macrod1,1228
Macrod2,16883
Macrod2os1,3131
Macrod2os2,3953
Macroh2a1,8746
Macroh2a2,2175
Macroh2a3,1112
Mad1l1,4709
Mad2l1,10414
Mad2l1bp,1272
Mad2l2,4219
Madcam1,1786
Madd,15160
Maea,3854
Mael,2294
Maf,9583
Maf1,8396
Mafa,2739
Mafb,3363
Maff,4513
Mafg,7819
Mafk,6407
Mag,6513
Magea1,1108
Magea10,1821
Magea13,1785
Magea14,2615
Magea2,4108
Magea3,963
Magea4,948
Magea5,2834
Magea6,1212
Magea7-ps,960
Magea8,1646
Magea9,1844
Magea9-ps,899
Mageb1,2136
Mageb10-ps,1407
Mageb11,993
Mageb16,1946
Mageb16-ps1,1127
Mageb16-ps2,1093
Mageb17-ps,919
Mageb18,3734
Mageb2,2694
Mageb3,2341
Mageb4,4722
Mageb5,1357
Mageb5b,1360
Mageb6-ps,1032
Mageb6b1,1035
Mageb6b2,1035
Mageb7-ps,1041
Mageb8-ps,1033
Magec2,2025
Maged1,7463
Maged2,6342
Magee1,3550
Magee2,2316
Magef1,9526
Mageh1,1410
Magel2,4631
Magi1,15437
Magi2,21329
Magi3,12166
Magix,3476
Magoh,1092
Magohb,2840
Magt1,8690
Maip1,8414
Majin,2456
Mak,13599
Mak16,3907
Mal,3138
Mal2,2950
Malat1,30686
Mall,2006
Malrd1,6738
Malsu1,4615
Malt1,27363
Mamdc2,4774
Mamdc4,6225
Maml1,5607
Maml2,10134
Maml3,10624
Mamld1,6824
Mamstr,10238
Man1a,12103
Man1a2,9709
Man1b1,6568
Man1c1,6765
Man2a1,7803
Man2a2,14915
Man2b1,12223
Man2b2,4159
Man2c1,12563
Man2c1os,6327
Manba,9512
Manbal,1107
Manea,6408
Maneal,2727
Manf,4982
Mannr,14661
Mansc1,2376
Mansc4,1667
Maoa,4167
Maob,3169
Map10,3542
Map1a,14065
Map1b,19668
Map1lc3a,2531
Map1lc3b,10574
Map1s,13307
Map2,32723
Map2k1,4065
Map2k2,8125
Map2k3,5067
Map2k3os,7599
Map2k4,5737
Map2k5,4051
Map2k6,3693
Map2k7,9228
Map3k1,8277
Map3k10,7993
Map3k11,6567
Map3k12,13064
Map3k13,13117
Map3k14,8382
Map3k15,4348
Map3k19,6333
Map3k2,15011
Map3k20,10946
Map3k21,5693
Map3k3,4668
Map3k4,11536
Map3k5,7300
Map3k6,5742
Map3k7,7937
Map3k7cl,1652
Map3k8,7534
Map3k9,7446
Map4,27983
Map4k1,3999
Map4k2,18442
Map4k3,12359
Map4k4,13007
Map4k5,12650
Map6,17551
Map6d1,3280
Map7,12299
Map7d1,5085
Map7d2,5764
Map7d3,3704
Map9,7623
Mapk1,10584
Mapk10,24724
Mapk11,5046
Mapk12,6276
Mapk13,6725
Mapk14,10442
Mapk15,3985
Mapk1ip1,4735
Mapk1ip1l,12881
Mapk3,3878
Mapk4,7472
Mapk6,10612
Mapk7,14000
Mapk8,16078
Mapk8ip1,6067
Mapk8ip2,5940
Mapk8ip3,23102
Mapk9,14851
Mapkap1,8157
Mapkapk2,3041
Mapkapk3,8699
Mapkapk5,5362
Mapkbp1,8708
Mapre1,8117
Mapre2,15737
Mapre3,5992
Mapt,10767
Marchf1,23183
Marchf10,4727
Marchf11,3926
Marchf2,10393
Marchf3,6608
Marchf4,4553
Marchf5,4221
Marchf6,9680
Marchf7,14651
Marchf8,17007
Marchf9,3037
Marcks,4048
Marcksl1,1605
Marcksl1-ps4,291
Marcksl1-ps5,526
Marco,2013
Marcol,815
Marf1,10961
Mark1,4647
Mark1-ps1,717
Mark1-ps2,14046
Mark2,15683
Mark3,15304
Mark4,9015
Mark4-ps,384
Mars1,4686
Mars2,11294
Marveld1,6821
Marveld2,4938
Marveld3,4203
Mas1,5541
Maskbp3,2235
Masp1,10289
Masp2,3986
Mast1,10203
Mast2,13293
Mast3,8512
Mast4,48173
Mastl,6169
Mat1a,4061
Mat2a,9109
Mat2b,7024
Matcap1,7410
Matcap2,6353
Matk,8842
Matn1,2001
Matn2,8508
Matn3,3014
Matn4,5542
Matr3,17020
Matr3-ps2,1996
Mau2,14061
Mavs,5666
Max,6064
Maz,6484
Mb,3321
Mb21d2,4531
Mbd1,9107
Mbd2,4341
Mbd3,4211
Mbd3l1,2322
Mbd3l2,4191
Mbd4,9781
Mbd5,30685
Mbd6,6904
Mbip,2533
Mbl1,2256
Mbl2,1089
Mblac1,1308
Mblac2,4633
Mbnl1,45016
Mbnl2,19271
Mbnl3,11780
Mboat1,4358
Mboat2,13947
Mboat4,1836
Mboat7,18251
Mbp,17427
Mbtd1,19071
Mbtps1,12406
Mbtps2,15269
Mc1r,3638
Mc2r,1631
Mc3r,2623
Mc4r,2803
Mc5r,3996
Mcam,5569
Mcat,4207
Mcc,16128
Mccc1,13304
Mccc1os,12330
Mccc2,4052
Mcee,1791
Mcemp1,1494
Mcf2,5404
Mcf2l,26518
Mcfd2,5166
Mchr1,2189
Mcidas,2377
Mcl1,4028
Mcm10,10749
Mcm2,8950
Mcm3,6704
Mcm3ap,8240
Mcm4,4016
Mcm5,5461
Mcm6,5816
Mcm7,6781
Mcm8,4465
Mcm9,14670
Mcmbp,6686
Mcmdc2,7454
Mcoln1,10310
Mcoln2,4960
Mcoln3,4166
Mcph1,10322
Mcpt-ps1,691
Mcpt1,1014
Mcpt2,1061
Mcpt4,1108
Mcpt8,1393
Mcpt9,2000
Mcrip1,1498
Mcrip2,2548
Mcrs1,6304
Mctp1,11356
Mctp2,13582
Mcts1,2077
Mcts2,912
Mcu,8041
Mcub,1947
Mcur1,7626
Mdc1,8174
Mdfi,5628
Mdfic,13285
Mdfic2,3756
Mdga1,20217
Mdga2,24801
Mdh1,4502
Mdh1b,1719
Mdh2,5163
Mdk,1830
Mdk-ps1,321
Mdm1,6655
Mdm2,9798
Mdm4,24367
Mdm4-ps,6514
Mdn1,26133
Mdp1,3833
Mdrl,2826
Me1,5587
Me2,7996
Me3,15611
Mea1,4286
Meaf6,7016
Meak7,4572
Mecom,22327
Mecomos,6782
Mecp2,18451
Mecr,4940
Med1,15086
Med10,6936
Med11,2086
Med12,10760
Med12l,19016
Med13,11473
Med13l,19945
Med14,10237
Med15,18258
Med16,6289
Med17,5424
Med18,2301
Med19,2837
Med20,10272
Med21,4289
Med22,4985
Med23,9510
Med24,8867
Med25,11101
Med26,2997
Med27,4573
Med28,6860
Med29,1281
Med30,1430
Med31,1920
Med4,4590
Med6,2839
Med7,7159
Med8,5719
Med9,1920
Med9os,6645
Medag,6466
Mef2a,24652
Mef2b,1994
Mef2c,42007
Mef2d,9027
Mefv,5091
Meg3,43702
Megf10,7878
Megf11,16118
Megf6,10437
Megf8,13000
Megf9,8927
Mei1,5938
Mei4,5483
Meig1,2252
Meikin,1867
Meiob,2650
Meioc,6120
Meiosin,5506
Meis1,22454
Meis2,18345
Meis3,5228
Melk,3270
Meltf,4133
Memo1,10206
Men1,12228
Meox1,2228
Meox2,2360
Mep1a,4509
Mep1b,2793
Mepce,4344
Mepe,1682
Mertk,6106
Mesd,6820
Mesp1,1275
Mesp2,1944
Mest,7078
Met,11569
Metap1,8810
Metap1d,7015
Metap2,15995
Methig1,2154
Metrn,6752
Metrnl,2262
Mettl1,4569
Mettl13,15404
Mettl14,13602
Mettl15,3951
Mettl16,15299
Mettl17,9278
Mettl18,1602
Mettl2,4045
Mettl21a,5047
Mettl21c,4952
Mettl21e,4649
Mettl22,6654
Mettl23,5639
Mettl24,1529
Mettl25,3649
Mettl25b,16263
Mettl26,3828
Mettl27,6712
Mettl3,9926
Mettl4,9809
Mettl4-ps1,3759
Mettl5,3479
Mettl5os,1997
Mettl6,10591
Mettl8,7367
Mettl9,5285
Mex3a,5778
Mex3b,3355
Mex3c,3738
Mex3d,4624
Mexis,21061
Mfap1a,4198
Mfap1b,3362
Mfap2,1657
Mfap3,10689
Mfap3l,13728
Mfap4,2632
Mfap5,5016
Mff,15436
Mfge8,8002
Mfhas1,9088
Mfn1,7971
Mfn2,7500
Mfng,3149
Mfrp,8344
Mfsd1,3082
Mfsd10,10410
Mfsd11,13871
Mfsd12,4611
Mfsd13a,3253
Mfsd13b,3242
Mfsd14a,8489
Mfsd14b,8365
Mfsd2a,2689
Mfsd2b,9247
Mfsd3,3400
Mfsd4a,12686
Mfsd4b1,4339
Mfsd4b2,5678
Mfsd4b3-ps,3235
Mfsd4b4,5206
Mfsd4b5,8974
Mfsd5,1754
Mfsd6,13631
Mfsd6l,2060
Mfsd8,11268
Mfsd9,8336
Mga,27641
Mgam,13032
Mgam2-ps,8400
Mgarp,2925
Mgat1,14561
Mgat2,2614
Mgat3,4665
Mgat4a,15603
Mgat4b,3797
Mgat4c,15130
Mgat4d,2401
Mgat4e,4470
Mgat4f,1768
Mgat5,13218
Mgat5b,6436
Mgl2,3956
Mgll,7919
Mgme1,4631
Mgmt,2894
Mgp,1332
Mgrn1,8564
Mgst1,4857
Mgst2,5256
Mgst3,1097
Mhrt,21830
Mia,1889
Mia2,17808
Mia3,7521
Miat,27663
Mib1,15163
Mib2,8736
Mical1,10096
Mical2,19780
Mical3,31849
Micall1,15734
Micall2,4722
Micos10,3410
Micos13,2382
Micu1,12716
Micu2,3731
Micu3,6304
Mid1,12661
Mid1-ps1,1248
Mid1ip1,4312
Mid2,11105
Mideas,11490
Midn,7907
Mief1,18041
Mief2,3442
Mien1,747
Mier1,22055
Mier2,6815
Mier3,13625
Mif,1144
Mif-ps1,339
Mif-ps10,342
Mif-ps11,347
Mif-ps3,345
Mif-ps4,348
Mif-ps6,348
Mif-ps7,327
Mif-ps8,357
Mif-ps9,348
Mif4gd,4765
Miga1,16437
Miga2,11250
Miip,6335
Mill1,2489
Mill2,6327
Milr1,5126
Minar1,9818
Minar2,7295
Mindy1,12416
Mindy2,11196
Mindy3,12069
Mindy4,4925
Mindy4b-ps,3547
Mink1,11232
Minpp1,3509
Minpp1-ps,946
Mios,7990
Miox,2787
Mip,2144
Mipep,7495
Mipep-ps,291
Mipepos,15742
Mipol1,11106
Mir100,80
Mir100hg,141966
Mir101a,83
Mir101b,97
Mir101c,75
Mir103-1,86
Mir103-2,86
Mir105,80
Mir106a,65
Mir106b,82
Mir107,87
Mir10a,110
Mir10b,68
Mir1187,122
Mir1188,120
Mir1190,96
Mir1191,120
Mir1191b,58
Mir1192,121
Mir1193,121
Mir1195,98
Mir1197,120
Mir1198,121
Mir1199,119
Mir122,66
Mir1224,85
Mir1231,81
Mir124-2hg,36364
Mir1247,82
Mir1249,98
Mir124a-1,85
Mir124a-1hg,12133
Mir124a-2,109
Mir124a-3,68
Mir1251,84
Mir1258,60
Mir125a,68
Mir125b-1,77
Mir125b-2,71
Mir1264,86
Mir126a,73
Mir126b,58
Mir127,70
Mir128-1,70
Mir128-2,76
Mir129-1,73
Mir129-2,90
Mir1291,117
Mir1298,98
Mir129b,65
Mir1306,79
Mir130a,64
Mir130b,82
Mir130c,82
Mir132,66
Mir133a-1,68
Mir133a-1hg,4532
Mir133a-2,104
Mir133b,119
Mir133c,80
Mir134,71
Mir135a-1,90
Mir135a-2,100
Mir135b,97
Mir136,62
Mir137,73
Mir138-1,99
Mir138-2,71
Mir139,68
Mir140,70
Mir141,72
Mir142,64
Mir142b,115
Mir142hg,4215
Mir143,63
Mir144,66
Mir145a,70
Mir145b,75
Mir146,65
Mir146b,109
Mir147,79
Mir148a,99
Mir148b,97
Mir149,66
Mir150,65
Mir151,68
Mir152,73
Mir153,69
Mir154,66
Mir155,65
Mir155hg,1433
Mir15a,84
Mir15b,64
Mir16-1,93
Mir16-2,95
Mir1668,107
Mir17,84
Mir17hg,9873
Mir18,96
Mir181a-1,87
Mir181a-1hg,30331
Mir181a-2,76
Mir181b-1,80
Mir181b-2,89
Mir181c,89
Mir181d,72
Mir182,75
Mir183,70
Mir1839,73
Mir184,69
Mir1843a,65
Mir1843b,66
Mir185,65
Mir186,71
Mir187,61
Mir188,68
Mir1892,80
Mir1893,83
Mir1894,81
Mir1895,79
Mir1896,81
Mir1897,79
Mir1898,83
Mir1899,96
Mir18b,83
Mir1900,78
Mir1901,78
Mir1902,80
Mir1903,80
Mir1904,80
Mir1905,82
Mir1906-1,80
Mir1906-2,80
Mir1907,90
Mir190a,67
Mir190b,80
Mir191,74
Mir1911,138
Mir1912,87
Mir192,89
Mir1927,109
Mir1928,67
Mir1929,93
Mir1930,84
Mir1931,119
Mir1932,90
Mir1933,88
Mir1934,83
Mir1936,93
Mir1938,100
Mir193a,66
Mir193b,79
Mir194-1,67
Mir194-2,86
Mir1941,83
Mir1942,63
Mir1943,73
Mir1945,78
Mir1946a,134
Mir1946b,133
Mir1947,85
Mir1948,85
Mir1949,70
Mir1950,74
Mir1951,89
Mir1952,79
Mir1953,89
Mir1954,86
Mir1955,98
Mir1956,65
Mir1957a,66
Mir1957b,123
Mir1958,97
Mir195a,94
Mir195b,97
Mir1960,78
Mir1961,112
Mir1962,121
Mir1963,59
Mir1964,83
Mir1966,108
Mir1967,82
Mir1968,68
Mir1969,94
Mir196a-1,102
Mir196a-2,85
Mir196b,85
Mir1970,104
Mir1971,106
Mir1981,82
Mir1982,74
Mir1983,132
Mir199a-1,70
Mir199a-2,110
Mir199b,110
Mir19a,82
Mir19b-1,87
Mir19b-2,84
Mir1a-1,77
Mir1a-1hg,2319
Mir1a-2,72
Mir1b,122
Mir200a,90
Mir200b,70
Mir200c,69
Mir201,66
Mir202,72
Mir203,76
Mir204,68
Mir205,68
Mir205hg,3961
Mir206,73
Mir207,79
Mir208a,83
Mir208b,77
Mir20a,107
Mir20b,80
Mir210,110
Mir211,106
Mir212,91
Mir2136,75
Mir2137,66
Mir2139,95
Mir214,110
Mir215,112
Mir216a,72
Mir216b,86
Mir216c,69
Mir217,108
Mir218-1,110
Mir218-2,110
Mir219a-1,110
Mir219a-2,97
Mir219b,65
Mir219c,60
Mir21a,92
Mir21b,108
Mir21c,78
Mir22,95
Mir221,95
Mir222,79
Mir223,110
Mir223hg,14991
Mir224,82
Mir22hg,2201
Mir23a,75
Mir23b,74
Mir24-1,68
Mir24-2,107
Mir25,84
Mir26a-1,90
Mir26a-2,84
Mir26b,85
Mir27a,87
Mir27b,73
Mir2861,82
Mir28a,86
Mir28b,80
Mir28c,75
Mir290a,83
Mir290b,58
Mir291a,82
Mir291b,79
Mir292,82
Mir292b,62
Mir293,80
Mir294,84
Mir295,69
Mir296,79
Mir297-1,76
Mir297a-2,90
Mir297a-3,102
Mir297a-4,98
Mir297b,109
Mir297c,98
Mir298,82
Mir299a,63
Mir299b,49
Mir29a,88
Mir29b-1,71
Mir29b-2,81
Mir29c,88
Mir300,79
Mir301,86
Mir301b,97
Mir302a,69
Mir302b,74
Mir302c,68
Mir302d,66
Mir3057,91
Mir3058,91
Mir3059,81
Mir3060,83
Mir3061,91
Mir3062,105
Mir3063,92
Mir3064,67
Mir3065,87
Mir3066,83
Mir3067,84
Mir3068,79
Mir3069,65
Mir3070a,89
Mir3070b,89
Mir3071,80
Mir3072,83
Mir3073a,85
Mir3073b,60
Mir3074-1,85
Mir3074-2,83
Mir3075,85
Mir3076,60
Mir3077,64
Mir3078,87
Mir3079,90
Mir3080,79
Mir3081,84
Mir3082,64
Mir3083,64
Mir3084-1,69
Mir3084-2,69
Mir3085,89
Mir3086,87
Mir3087,56
Mir3088,74
Mir3089,84
Mir3090,87
Mir3091,76
Mir3092,96
Mir3093,87
Mir3094,64
Mir3095,87
Mir3097,67
Mir3098,87
Mir3099,84
Mir30a,71
Mir30b,96
Mir30c-1,89
Mir30c-2,84
Mir30d,82
Mir30e,92
Mir30f,92
Mir31,106
Mir3100,65
Mir3101,88
Mir3102,104
Mir3103,67
Mir3104,63
Mir3105,85
Mir3106,82
Mir3107,90
Mir3108,79
Mir3109,88
Mir3110,80
Mir3112,82
Mir3113,76
Mir3154,79
Mir32,70
Mir320,82
Mir322,95
Mir323,86
Mir324,89
Mir325,98
Mir326,95
Mir327,69
Mir328,97
Mir329,97
Mir33,69
Mir330,98
Mir331,96
Mir335,98
Mir337,97
Mir338,98
Mir339,96
Mir340,98
Mir341,96
Mir342,99
Mir343,75
Mir344,95
Mir344-2,80
Mir344b,63
Mir344c,92
Mir344d-1,69
Mir344d-2,80
Mir344d-3,80
Mir344e,66
Mir344f,68
Mir344g,71
Mir344h-1,60
Mir344h-2,60
Mir344i,88
Mir345,96
Mir346,98
Mir3470a,77
Mir3470b,126
Mir3471-1,131
Mir3471-2,102
Mir3472,71
Mir3473a,78
Mir3473b,55
Mir3473c,81
Mir3473d,81
Mir3473e,110
Mir3473f,136
Mir3473g,136
Mir3474,58
Mir3475,65
Mir34a,102
Mir34b,84
Mir34c,77
Mir350,99
Mir351,99
Mir3535,147
Mir3544,61
Mir3547,88
Mir3552,105
Mir3569,58
Mir3572,86
Mir361,70
Mir3618,88
Mir362,65
Mir3620,61
Mir363,75
Mir365-1,87
Mir365-2,112
Mir367,75
Mir369,79
Mir370,79
Mir374b,95
Mir374c,49
Mir375,64
Mir376a,68
Mir376b,82
Mir376c,86
Mir377,68
Mir378a,66
Mir378b,92
Mir378c,99
Mir378d,110
Mir379,66
Mir380,61
Mir381,75
Mir382,76
Mir383,70
Mir384,88
Mir3960,73
Mir3961,59
Mir3962,64
Mir3963,71
Mir3964,74
Mir3965,69
Mir3966,85
Mir3967,68
Mir3968,100
Mir3969,92
Mir3970,90
Mir3971,83
Mir409,79
Mir410,81
Mir411,82
Mir412,80
Mir421,76
Mir423,109
Mir425,85
Mir429,83
Mir431,91
Mir432,75
Mir433,124
Mir434,94
Mir448,112
Mir449a,91
Mir449b,80
Mir449c,109
Mir450-1,91
Mir450-2,69
Mir450b,82
Mir451a,72
Mir451b,72
Mir452,85
Mir453,82
Mir455,82
Mir463,75
Mir465,74
Mir465b-1,79
Mir465b-2,79
Mir465c-1,81
Mir465c-2,81
Mir465d,58
Mir466,73
Mir466b-1,82
Mir466b-2,82
Mir466b-3,81
Mir466b-4,90
Mir466b-5,88
Mir466b-6,90
Mir466b-7,88
Mir466b-8,86
Mir466c-1,84
Mir466c-2,90
Mir466c-3,90
Mir466d,96
Mir466e,84
Mir466f-1,94
Mir466f-2,94
Mir466f-3,94
Mir466f-4,121
Mir466g,80
Mir466h,81
Mir466i,121
Mir466j,122
Mir466k,122
Mir466l,121
Mir466m,84
Mir466n,94
Mir466o,84
Mir466p,89
Mir466q,76
Mir467a-1,73
Mir467a-10,83
Mir467a-2,83
Mir467a-3,83
Mir467a-4,83
Mir467a-5,83
Mir467a-6,83
Mir467a-7,83
Mir467a-8,83
Mir467a-9,83
Mir467b,73
Mir467c,97
Mir467d,85
Mir467e,87
Mir467f,120
Mir467g,120
Mir467h,121
Mir468,78
Mir470,75
Mir471,67
Mir483,73
Mir484,67
Mir485,73
Mir486,128
Mir487b,82
Mir488,109
Mir489,107
Mir490,84
Mir491,86
Mir493,83
Mir494,85
Mir495,63
Mir496a,79
Mir496b,113
Mir497,84
Mir497b,125
Mir499,79
Mir500,92
Mir501,109
Mir503,71
Mir503hg,27833
Mir504,79
Mir5046,59
Mir505,90
Mir509,75
Mir5098,82
Mir5099,74
Mir5100,64
Mir5101,83
Mir5103,79
Mir5104,94
Mir5106,73
Mir5107,88
Mir5108,85
Mir511,79
Mir5110,87
Mir5112,60
Mir5113,82
Mir5114,61
Mir5116,63
Mir5118,67
Mir5119,57
Mir5120,78
Mir5121,74
Mir5122,89
Mir5123,83
Mir5124a,72
Mir5124b,85
Mir5125,79
Mir5126,77
Mir5127,71
Mir5128,84
Mir5129,78
Mir5130,84
Mir5131,93
Mir5132,71
Mir5133,77
Mir5134,78
Mir5135,79
Mir5136,76
Mir532,96
Mir539,74
Mir540,67
Mir541,90
Mir542,85
Mir543,76
Mir544,78
Mir546,121
Mir547,78
Mir551b,98
Mir5615-1,60
Mir5615-2,60
Mir5616,60
Mir5617,57
Mir5618,51
Mir5619,61
Mir5620,56
Mir5621,63
Mir5622,60
Mir5623,70
Mir5624,61
Mir5625,80
Mir5626,60
Mir5627,61
Mir568,83
Mir5709,89
Mir5710,69
Mir574,78
Mir582,81
Mir592,96
Mir598,79
Mir599,88
Mir615,92
Mir6236,123
Mir6237,91
Mir6238,129
Mir6239,105
Mir6240,117
Mir6241,103
Mir6244,117
Mir6335,98
Mir6336,130
Mir6337,105
Mir6338,109
Mir6339,117
Mir6340,119
Mir6341,121
Mir6342,125
Mir6343,84
Mir6344,104
Mir6345,128
Mir6346,81
Mir6347,101
Mir6348,120
Mir6349,97
Mir6350,105
Mir6351,99
Mir6352,116
Mir6353,113
Mir6354,116
Mir6355,106
Mir6356,102
Mir6357,104
Mir6358,101
Mir6359,81
Mir6360,126
Mir6361,101
Mir6362,107
Mir6363,114
Mir6364,86
Mir6365,101
Mir6366,82
Mir6367,102
Mir6368,93
Mir6369,106
Mir6370,120
Mir6371,111
Mir6372,109
Mir6373,102
Mir6374,107
Mir6375,95
Mir6376,131
Mir6377,114
Mir6378,107
Mir6379,115
Mir6380,81
Mir6381,87
Mir6382,110
Mir6383,116
Mir6384,61
Mir6385,105
Mir6386,104
Mir6387,108
Mir6388,75
Mir6389,102
Mir6390,129
Mir6391,104
Mir6392,108
Mir6393,94
Mir6394,99
Mir6395,91
Mir6396,111
Mir6397,93
Mir6398,102
Mir6399,84
Mir6400,92
Mir6401,109
Mir6402,80
Mir6403,129
Mir6404,94
Mir6405,124
Mir6406,120
Mir6407,101
Mir6408,91
Mir6409,92
Mir6410,104
Mir6411,108
Mir6412,97
Mir6413,108
Mir6414,82
Mir6415,100
Mir6416,117
Mir6417,116
Mir6418,115
Mir6419,113
Mir6420,102
Mir6481,110
Mir6516,110
Mir652,98
Mir653,85
Mir6537,110
Mir6538,110
Mir6539,110
Mir654,84
Mir6540,108
Mir6541,110
Mir6546,62
Mir664,69
Mir665,94
Mir666,99
Mir667,92
Mir668,66
Mir669a-1,97
Mir669a-10,87
Mir669a-11,87
Mir669a-12,87
Mir669a-2,97
Mir669a-3,109
Mir669a-4,87
Mir669a-5,87
Mir669a-6,87
Mir669a-7,87
Mir669a-8,87
Mir669a-9,87
Mir669b,97
Mir669c,109
Mir669d,121
Mir669d-2,86
Mir669e,119
Mir669f,121
Mir669g,123
Mir669h,125
Mir669i,127
Mir669j,121
Mir669k,127
Mir669l,98
Mir669m-1,98
Mir669m-2,98
Mir669n,54
Mir669o,96
Mir669p-1,87
Mir669p-2,87
Mir670,100
Mir670hg,41605
Mir671,98
Mir6715,57
Mir672,100
Mir673,91
Mir674,100
Mir675,84
Mir676,89
Mir6769b,60
Mir677,78
Mir678,84
Mir679,74
Mir680-1,109
Mir680-2,110
Mir680-3,87
Mir681,110
Mir682,96
Mir683-1,109
Mir683-2,109
Mir684-1,86
Mir684-2,86
Mir686,109
Mir687,89
Mir688,75
Mir6896,73
Mir6897,62
Mir6898,77
Mir6899,64
Mir690,109
Mir6900,60
Mir6901,62
Mir6902,64
Mir6903,88
Mir6904,67
Mir6905,70
Mir6906,58
Mir6907,71
Mir6908,63
Mir6909,62
Mir691,78
Mir6910,66
Mir6911,69
Mir6912,70
Mir6913,66
Mir6914,69
Mir6915,69
Mir6916,63
Mir6917,61
Mir6918,58
Mir6919,62
Mir692-1,109
Mir692-2,109
Mir692-3,109
Mir6920,71
Mir6921,80
Mir6922,66
Mir6923,72
Mir6924,63
Mir6925,70
Mir6926,68
Mir6927,71
Mir6928,70
Mir6929,67
Mir693,89
Mir6930,68
Mir6931,74
Mir6932,58
Mir6933,81
Mir6934,62
Mir6935,64
Mir6936,54
Mir6937,65
Mir6938,63
Mir6939,75
Mir694,70
Mir6940,70
Mir6941,59
Mir6942,61
Mir6943,66
Mir6944,96
Mir6945,68
Mir6946,69
Mir6947,65
Mir6948,62
Mir6949,68
Mir695,109
Mir6950,73
Mir6951,75
Mir6952,61
Mir6953,68
Mir6954,60
Mir6955,74
Mir6956,62
Mir6957,64
Mir6958,73
Mir6959,75
Mir6960,61
Mir6961,67
Mir6962,63
Mir6963,71
Mir6964,59
Mir6965,64
Mir6966,72
Mir6967-1,58
Mir6967-2,58
Mir6968,68
Mir6969,61
Mir697,109
Mir6970,67
Mir6971,63
Mir6972,64
Mir6973a,78
Mir6973b,80
Mir6974,83
Mir6975,61
Mir6976,63
Mir6977,64
Mir6978,57
Mir6979,56
Mir698,109
Mir6980,59
Mir6981,115
Mir6982,68
Mir6983,64
Mir6984,64
Mir6985,61
Mir6986,58
Mir6987,73
Mir6988,59
Mir6989,65
Mir6990,91
Mir6991,70
Mir6992,109
Mir6993,65
Mir6994,73
Mir6995,71
Mir6996,61
Mir6997,71
Mir6998,64
Mir6999,61
Mir7-1,108
Mir7-2,97
Mir700,79
Mir7000,63
Mir7001,79
Mir7002,55
Mir7003,66
Mir7004,64
Mir7005,69
Mir7006,69
Mir7007,70
Mir7008,63
Mir7009,64
Mir701,109
Mir7010,63
Mir7011,73
Mir7012,64
Mir7013,72
Mir7014,63
Mir7015,64
Mir7016,72
Mir7017,62
Mir7018,85
Mir7019,69
Mir702,109
Mir7020,70
Mir7021,63
Mir7022,61
Mir7023,64
Mir7024,62
Mir7025,74
Mir7026,67
Mir7027,72
Mir7028,64
Mir7029,61
Mir703,109
Mir7030,60
Mir7031,65
Mir7032,79
Mir7033,81
Mir7034,84
Mir7035,82
Mir7036,65
Mir7036b,63
Mir7037,65
Mir7038,71
Mir7039,85
Mir704,77
Mir7040,63
Mir7041,52
Mir7042,58
Mir7043,70
Mir7044,72
Mir7045,63
Mir7046,66
Mir7047,64
Mir7048,58
Mir7049,60
Mir705,82
Mir7050,60
Mir7051,73
Mir7052,65
Mir7053,73
Mir7054,62
Mir7055,59
Mir7056,59
Mir7057,58
Mir7058,75
Mir7059,59
Mir706,84
Mir7060,137
Mir7061,68
Mir7062,66
Mir7063,91
Mir7064,89
Mir7065,61
Mir7066,63
Mir7067,63
Mir7068,74
Mir7069,62
Mir707,73
Mir7070,86
Mir7071,69
Mir7072,60
Mir7073,64
Mir7074,63
Mir7075,82
Mir7076,74
Mir7077,57
Mir7078,64
Mir7079,69
Mir708,109
Mir7080,67
Mir7081,75
Mir7082,92
Mir7083,60
Mir7084,70
Mir7085,66
Mir7086,65
Mir7087,70
Mir7088,86
Mir7089,68
Mir709,88
Mir7090,62
Mir7091,79
Mir7092,68
Mir7093,101
Mir7094-1,60
Mir7094-2,60
Mir710,110
Mir711,82
Mir7115,64
Mir7116,70
Mir7117,65
Mir7118,61
Mir7119,59
Mir713,108
Mir717,109
Mir718,88
Mir719,110
Mir721,88
Mir7210,54
Mir7211,63
Mir7212,61
Mir7213,57
Mir7214,61
Mir7215,51
Mir7216,76
Mir7217,62
Mir7218,59
Mir7219,54
Mir7220,60
Mir7221,72
Mir7222,75
Mir7223,69
Mir7224,60
Mir7225,54
Mir7226,60
Mir7227,59
Mir7228,39
Mir7229,53
Mir7230,56
Mir7231,61
Mir7232,74
Mir7233,60
Mir7234,52
Mir7235,56
Mir7236,60
Mir7237,63
Mir7238,43
Mir7239,57
Mir7240,58
Mir7241,64
Mir7242,79
Mir7243,52
Mir741,71
Mir742,65
Mir743,62
Mir743b,77
Mir744,100
Mir7578,82
Mir758,81
Mir759,98
Mir760,119
Mir761,76
Mir762,76
Mir763,120
Mir764,108
Mir7646,54
Mir7647,59
Mir7648,53
Mir7649,56
Mir7650,59
Mir7651,64
Mir7652,56
Mir7653,61
Mir7654,70
Mir7655,58
Mir7656,62
Mir7657,57
Mir7658,57
Mir7659,58
Mir7660,63
Mir7661,61
Mir7662,61
Mir7663,61
Mir7664,63
Mir7665,63
Mir7666,55
Mir7667,63
Mir7668,59
Mir7669,58
Mir767,107
Mir7670,69
Mir7671,58
Mir7672,62
Mir7673,64
Mir7674,63
Mir7675,58
Mir7676-1,62
Mir7676-2,62
Mir7677,67
Mir7678,71
Mir7679,63
Mir7680,54
Mir7681,72
Mir7682,58
Mir7683,61
Mir7684,60
Mir7685,62
Mir7686,57
Mir7687,59
Mir7688,56
Mir7689,59
Mir770,94
Mir7b,111
Mir7j,122
Mir7k,110
Mir802,97
Mir804,95
Mir8090,136
Mir8091,139
Mir8092,87
Mir8093,137
Mir8094,117
Mir8095,129
Mir8096,127
Mir8097,119
Mir8098,137
Mir8099-1,127
Mir8099-2,127
Mir8100,121
Mir8101,111
Mir8102,139
Mir8103,107
Mir8104,101
Mir8105,89
Mir8106,139
Mir8107,117
Mir8108,109
Mir8109,117
Mir8110,97
Mir8111,137
Mir8112,131
Mir8113,129
Mir8114,111
Mir8115,119
Mir8116,97
Mir8117,107
Mir8118,129
Mir8119,129
Mir8120,139
Mir871,77
Mir872,81
Mir873a,77
Mir873b,77
Mir874,76
Mir875,78
Mir876,81
Mir877,85
Mir878,78
Mir879,76
Mir880,78
Mir881,78
Mir882,77
Mir883a,76
Mir883b,78
Mir9-1,89
Mir9-2,72
Mir9-2hg,107776
Mir9-3,90
Mir9-3hg,33636
Mir92-1,80
Mir92-2,91
Mir92b,83
Mir93,88
Mir935,91
Mir96,106
Mir9768,130
Mir9769,77
Mir98,108
Mir99a,65
Mir99ahg,144204
Mir99b,70
Mir9b-1,108
Mirc35hg,9247
Mirg,18828
Mirlet7a-1,94
Mirlet7a-2,96
Mirlet7b,85
Mirlet7c-1,94
Mirlet7c-2,95
Mirlet7d,103
Mirlet7e,93
Mirlet7f-1,89
Mirlet7f-2,83
Mirlet7g,88
Mirlet7i,85
Mirt1,47928
Mirt2,3904
Mis12,5420
Mis18a,4310
Mis18bp1,10507
Misfa,1187
Misfadt,4643
Misp,5497
Misp3,2656
Mitd1,4005
Mitf,10143
Mix23,2683
Mixl1,2294
Mki67,10347
Mkks,3864
Mkln1,31918
Mkln1os,20697
Mknk1,6632
Mknk2,6282
Mkrn1,6988
Mkrn1-ps1,1390
Mkrn2,7451
Mkrn2os,3266
Mkrn3,2547
Mks1,5829
Mkx,4844
Mlana,1437
Mlc1,3000
Mlec,6225
Mlf1,2522
Mlf2,7556
Mlh1,7874
Mlh3,10489
Mlip,13392
Mlkl,3429
Mllt1,5324
Mllt10,10584
Mllt11,3812
Mllt3,15303
Mllt6,9093
Mlnr-ps,991
Mlph,5998
Mlst8,13529
Mlx,3204
Mlxip,14431
Mlxipl,8913
Mlycd,4911
Mm2pr,4171
Mmaa,6805
Mmab,4152
Mmachc,2584
Mmadhc,3440
Mmd,3911
Mmd2,5415
Mme,14581
Mmel1,4672
Mmgt1,4234
Mmgt2,6522
Mmp10,1722
Mmp11,4335
Mmp12,9954
Mmp13,2673
Mmp14,8075
Mmp15,5561
Mmp16,11687
Mmp17,6885
Mmp19,4889
Mmp1a,2012
Mmp1b,1449
Mmp2,4681
Mmp20,3287
Mmp21,3724
Mmp23,3555
Mmp24,4953
Mmp24os1,1615
Mmp25,10589
Mmp27,3285
Mmp28,5992
Mmp3,1801
Mmp7,1484
Mmp8,2425
Mmp9,3944
Mmrn1,7342
Mmrn2,4131
Mms19,15870
Mms22l,9778
Mmut,3984
Mn1,7417
Mnat1,5823
Mnd1,875
Mnd1-ps,3178
Mndal,5006
Mns1,5967
Mnt,5723
Mnx1,2245
Moap1,1431
Mob1a,10811
Mob1b,17828
Mob2,10083
Mob3a,4057
Mob3b,6820
Mob3c,3906
Mob4,10123
Mobp,8067
Mocos,3415
Mocs1,6568
Mocs2,15831
Mocs3,1973
Mog,1806
Mogat1,2852
Mogat2,1955
Mogs,3464
Mok,4461
Mon1a,4234
Mon1b,7155
Mon2,18710
Morc1,6816
Morc2a,9824
Morc2b,8605
Morc3,7718
Morc4,12674
Morf4l1,12566
Morf4l1-ps1,969
Morf4l2,8612
Morn1,5790
Morn2,1002
Morn3,2961
Morn4,3767
Morn5,714
Morrbid,78525
Mos,1449
Mosmo,12449
Mospd1,3954
Mospd2,10744
Mospd3,2871
Mospd4,576
Mov10,7976
Mov10l1,4979
Moxd1,3521
Moxd2,1860
Mpc1,3575
Mpc1-ps,330
Mpc2,8918
Mpdu1,5379
Mpdz,15324
Mpeg1,8669
Mpg,5352
Mphosph10,4862
Mphosph6,3415
Mphosph8,4939
Mphosph9,15453
Mpi,4104
Mpig6b,2548
Mpl,5384
Mplkip,7570
Mplkipl1,1624
Mpnd,4181
Mpo,4815
Mpp1,7489
Mpp2,7457
Mpp3,10491
Mpp4,10822
Mpp7,27933
Mppe1,5575
Mpped1,9081
Mpped2,4117
Mprip,22150
Mpst,4840
Mptx1,799
Mptx2,794
Mpv17,7947
Mpv17l,11753
Mpv17l2,2113
Mpz,4664
Mpzl1,6484
Mpzl2,8452
Mpzl3,11227
Mr1,10771
Mrap,2093
Mrap2,2312
Mras,6582
Mrc1,7443
Mrc2,7730
Mre11a,7349
Mreg,2284
Mrfap1,1648
Mrgbp,8343
Mrgpra1,1088
Mrgpra14,913
Mrgpra18-ps,907
Mrgpra2a,1240
Mrgpra2b,2499
Mrgpra3,1295
Mrgpra4,1259
Mrgpra6,1090
Mrgpra9,2139
Mrgprb1,5092
Mrgprb11-ps,994
Mrgprb12-ps,949
Mrgprb13,985
Mrgprb2,2077
Mrgprb3,1009
Mrgprb4,1219
Mrgprb5,1037
Mrgprb7-ps,964
Mrgprb8,1123
Mrgprb9-ps,892
Mrgprc1-ps,952
Mrgprc2-ps,1516
Mrgprc3-ps,955
Mrgprc4-ps,964
Mrgprc7-ps,952
Mrgprd,3144
Mrgpre,3761
Mrgprf,3907
Mrgprg,2492
Mrgprh,1944
Mrgprx1,1180
Mrgprx2,6540
Mrgprx3-ps,918
Mri1,5078
Mrip-ps,940
Mrln,1811
Mrm1,3199
Mrm2,1443
Mrm3,3145
Mrnip,2165
Mro,6379
Mroh1,21020
Mroh2a,9655
Mroh2b,6135
Mroh3,3969
Mroh4,5043
Mroh5,9861
Mroh6,2216
Mroh7,6731
Mroh8,5325
Mroh9,2956
Mrpl1,4452
Mrpl10,2117
Mrpl11,4691
Mrpl12,1859
Mrpl13,8402
Mrpl14,1595
Mrpl15,12658
Mrpl16,4143
Mrpl17,9967
Mrpl18,2231
Mrpl19,5897
Mrpl2,2722
Mrpl20,3043
Mrpl21,3020
Mrpl22,1285
Mrpl23,6401
Mrpl23-ps1,580
Mrpl24,3778
Mrpl27,1745
Mrpl27-ps,447
Mrpl28,3191
Mrpl3,9557
Mrpl30,4557
Mrpl32,7384
Mrpl33,10219
Mrpl34,607
Mrpl35,4425
Mrpl36,2320
Mrpl37,5995
Mrpl38,4123
Mrpl39,2817
Mrpl4,4661
Mrpl40,2574
Mrpl41,1177
Mrpl42,4471
Mrpl43,1913
Mrpl44,2309
Mrpl45,2746
Mrpl46,1541
Mrpl47,5068
Mrpl48,11671
Mrpl48-ps,636
Mrpl49,3366
Mrpl50,2114
Mrpl51,4751
Mrpl52,2448
Mrpl53,1405
Mrpl54,1134
Mrpl55,2799
Mrpl57,3396
Mrpl58,8122
Mrpl9,3133
Mrps10,11986
Mrps11,3782
Mrps12,2440
Mrps14,4204
Mrps15,2050
Mrps16,3112
Mrps17,13836
Mrps18a,5377
Mrps18b,3521
Mrps18c,2159
Mrps2,5153
Mrps21,1592
Mrps22,4493
Mrps23,2239
Mrps24,3037
Mrps25,7274
Mrps26,5086
Mrps27,2281
Mrps28,783
Mrps30,7122
Mrps31,3552
Mrps33,2724
Mrps34,3658
Mrps35,9666
Mrps36,2636
Mrps36-ps1,306
Mrps36-ps2,309
Mrps36-ps3,305
Mrps5,8605
Mrps6,1533
Mrps7,2366
Mrps9,7884
Mrrf,5423
Mrs2,8075
Mrtfa,9893
Mrtfb,12305
Mrto4,3874
Mrto4-ps1,721
Mrto4-ps2,549
Ms4a1,8386
Ms4a10,1346
Ms4a12,1808
Ms4a13,2146
Ms4a14,4065
Ms4a15,2369
Ms4a18,1453
Ms4a19,932
Ms4a2,4485
Ms4a20,7134
Ms4a3,2718
Ms4a4a,836
Ms4a4b,10234
Ms4a4c,2308
Ms4a4d,1513
Ms4a5,2503
Ms4a6b,8215
Ms4a6c,2317
Ms4a6d,2322
Ms4a7,5559
Ms4a8a,1918
Msantd1,4321
Msantd2,8538
Msantd3,3979
Msantd4,7431
Msantd5,1951
Msantd5f1,1322
Msantd5f10,1738
Msantd5f2,1322
Msantd5f3,1325
Msantd5f4,1322
Msantd5f5,1322
Msantd5f6,1323
Msantd5f7,1739
Msantd5f8,1738
Msantd5f9,1726
Msantd5l,1484
Msantd7,6540
Msc,4439
Msgn1,613
Msh2,7063
Msh3,18120
Msh4,8406
Msh5,8939
Msh6,4938
Msi1,7155
Msi2,12053
Msl1,9575
Msl2,7501
Msl3,3932
Msl3l2,2678
Msln,5144
Mslnl,2626
Msmb,890
Msmo1,9863
Msmp,743
Msn,7032
Msr1,6931
Msra,5854
Msrb1,1833
Msrb2,1660
Msrb3,4997
Mss51,1826
Mst1,3417
Mst1r,7792
Mstn,5166
Msto1,8960
Msx1,3815
Msx2,4022
Msx3,4426
Mt1,2267
Mt2,833
Mt3,1302
Mt4,398
Mta1,6027
Mta2,5208
Mta3,6622
Mtag2,848
Mtap,3356
Mtarc1,2666
Mtarc2,8698
Mtbp,6746
Mtch1,10670
Mtch2,12469
Mtcl1,14001
Mtcl2,8988
Mtcl3,5522
Mtcp1,6154
Mtdh,20360
Mterf1a,5579
Mterf1b,1368
Mterf2,2791
Mterf3,7599
Mterf4,6946
Mtf1,14919
Mtf2,16565
Mtfmt,4983
Mtfp1,1821
Mtfr1,6661
Mtfr1l,9504
Mtfr2,2703
Mtg1,5064
Mtg2,9163
Mthfd1,5389
Mthfd1l,5640
Mthfd2,4960
Mthfd2l,7222
Mthfr,13111
Mthfr-ps1,601
Mthfs,10586
Mthfsd,17613
Mthfsl,6566
Mtif2,6463
Mtif3,7771
Mtln,800
Mtm1,21718
Mtmr1,9126
Mtmr10,8954
Mtmr11,6503
Mtmr12,15781
Mtmr14,6672
Mtmr2,7839
Mtmr3,24236
Mtmr4,7524
Mtmr6,5090
Mtmr7,6151
Mtmr9,3885
Mtnap1,3796
Mtnr1a,3522
Mtnr1b,2930
Mto1,5255
Mtor,11528
Mtpap,9581
Mtpn,4255
Mtr,9816
Mtres1,4451
Mtrex,7963
Mtrf1,2563
Mtrf1l,3595
Mtrfr,3314
Mtrnr2l7,449
Mtrr,8481
Mtss1,17677
Mtss2,8062
Mttp,6598
Mturn,6328
Mtus1,16927
Mtus2,17839
Mtx1,8613
Mtx2,4310
Mtx3,8167
Muc1,2690
Muc12,6614
Muc13,4238
Muc15,6090
Muc16,26672
Muc17,14706
Muc19,22800
Muc2,13916
Muc20,4027
Muc21,5756
Muc3a,1953
Muc4,13320
Muc5ac,12978
Muc5b,14964
Muc6,15593
Mucl1,758
Mucl2,1423
Mucl3,2611
Mug-ps1,4386
Mug1,6680
Mug2,4579
Mug4-ps,3578
Mul1,7974
Mup-ps1,544
Mup-ps10,556
Mup-ps11,545
Mup-ps12,549
Mup-ps13,545
Mup-ps14,532
Mup-ps15,539
Mup-ps16,596
Mup-ps17,218
Mup-ps18,531
Mup-ps19,519
Mup-ps2,533
Mup-ps20,389
Mup-ps21,448
Mup-ps22,243
Mup-ps23,630
Mup-ps24,286
Mup-ps26,202
Mup-ps28,289
Mup-ps29,202
Mup-ps3,545
Mup-ps4,539
Mup-ps5,99
Mup-ps6,545
Mup-ps7,545
Mup-ps8,545
Mup-ps9,545
Mup1,2180
Mup10,1511
Mup11,2138
Mup12,926
Mup13,1488
Mup14,2034
Mup15,925
Mup16,1227
Mup17,927
Mup18,930
Mup19,1328
Mup2,1617
Mup20,928
Mup21,677
Mup22,861
Mup3,1181
Mup4,922
Mup5,925
Mup6,1220
Mup7,1711
Mup8,1490
Mup9,2842
Mus81,7581
Musk,5145
Mustn1,1236
Mutyh,4786
Mvb12a,4812
Mvb12b,9306
Mvd,1962
Mvk,4712
Mvp,8006
Mx1,6060
Mx2,4115
Mxd1,7934
Mxd3,4206
Mxd4,10068
Mxd4os1,514
Mxi1,13333
Mxra7,3087
Mxra8,5972
Mxra8os,687
Myadm,11662
Myadml2,3482
Myadml2os,3492
Myb,11310
Mybbp1a,8567
Mybl1,6505
Mybl2,5578
Mybpc1,5595
Mybpc2,3818
Mybpc3,4687
Mybph,2936
Mybphl,1276
Myc,8315
Mycbp,3557
Mycbp2,22414
Mycbpap,5017
Mycl,5997
Mycn,5877
Mycs,2368
Myct1,2845
Myd88,4621
Mydgf,2455
Myef2,10795
Myef2l,1830
Myf5,2083
Myf6,1263
Myg1,5863
Myh1,7197
Myh10,16786
Myh11,8793
Myh13,6730
Myh14,10873
Myh15,6340
Myh2,7583
Myh3,6031
Myh4,6465
Myh6,8435
Myh7,10627
Myh7b,6987
Myh8,12707
Myh9,14514
Myhas,10213
Myl1,3326
Myl10,2157
Myl12a,5976
Myl12b,3886
Myl2,3054
Myl3,2700
Myl4,5565
Myl6,8201
Myl6b,2269
Myl7,590
Myl9,2107
Mylf-ps,421
Mylip,3858
Mylk,13314
Mylk2,2951
Mylk3,6227
Mylk4,13020
Mylpf,1758
Mymk,2211
Mymx,2299
Mynn,11562
Myo10,15198
Myo15a,13394
Myo15b,12157
Myo16,11368
Myo18a,26377
Myo18b,11480
Myo19,10268
Myo1a,4220
Myo1b,16651
Myo1c,9041
Myo1d,6886
Myo1e,6576
Myo1f,6723
Myo1g,9187
Myo1h,7595
Myo3a,8611
Myo3b,9547
Myo5a,20555
Myo5b,12948
Myo5c,13374
Myo6,19765
Myo7a,12312
Myo7b,6874
Myo9a,14102
Myo9b,11396
Myoc,2074
Myocd,12298
Myocos,1364
Myod1,1861
Myof,16650
Myog,1495
Myom1,12799
Myom2,9362
Myom3,6395
Myorg,4898
Myot,2631
Myoz1,2556
Myoz2,4357
Myoz3,3436
Mypn,6779
Mypop,5256
Mypopos,4491
Myrf,11582
Myrfl,3164
Myrip,6569
Mysm1,15938
Myt1,13575
Myt1l,17616
Myzap,9105
Mzb1,1821
Mzf1,17448
Mzt1,4415
Mzt2,3179
N4bp1,13321
N4bp2,16247
N4bp2l1,7612
N4bp2l2,22220
N4bp2os,5227
N4bp3,3230
N6amt1,7028
Naa10,8115
Naa11,3424
Naa12,7191
Naa15,20693
Naa16,18282
Naa20,5241
Naa25,10161
Naa30,14329
Naa35,12419
Naa38,1629
Naa40,15505
Naa50,13221
Naa60,7749
Naa80,5825
Naaa,6338
Naalad2,7157
Naaladl1,2491
Naaladl2,11823
Nab1,5845
Nab2,4486
Nabp1,20040
Nabp2,4425
Naca,6995
Nacad,5653
Nacc1,7062
Nacc2,9901
Nadk,6655
Nadk2,8398
Nadsyn1,5126
Nae1,13378
Naf1,3339
Naga,4870
Nagk,8244
Naglu,3806
Nagpa,3820
Nags,4398
Naif1,4650
Naip1,10665
Naip2,5387
Naip3,4208
Naip3-ps1,1571
Naip5,5204
Naip6,7460
Nalcn,16015
Nalf1,10093
Nalf2,3909
Nampt,5309
Nanog,2405
Nanog-ps1,250
Nanog-ps2,529
Nanos1,3928
Nanos2,1563
Nanos3,1856
Nanp,1774
Nans,5159
Nap1l1,6329
Nap1l2,2465
Nap1l3,2837
Nap1l4,6032
Nap1l5,2474
Napa,5197
Napb,7567
Napepld,6606
Napg,13059
Naprt,3311
Napsa,3987
Narf,5220
Nars1,10438
Nars2,8965
Nasp,9263
Nasp-ps1,691
Nat1,2555
Nat10,10750
Nat14,4372
Nat2,2859
Nat3,1395
Nat8,1123
Nat8b-ps,699
Nat8f1,3089
Nat8f2,3301
Nat8f3,4748
Nat8f4,4003
Nat8f5,986
Nat8f6,2496
Nat8f7,2508
Nat8l,6734
Nat9,4406
Natd1,4415
Nav1,25069
Nav2,38046
Nav3,20254
Naxd,6726
Naxe,908
Nbas,10636
Nbdy,3805
Nbea,37439
Nbeal1,31507
Nbeal2,13568
Nbl1,2602
Nbn,2925
Nbr1,10952
Ncald,15909
Ncam1,13549
Ncam2,11721
Ncan,7195
Ncapd2,8914
Ncapd3,10352
Ncapg,11585
Ncapg2,11651
Ncaph,5783
Ncaph2,7598
Ncbp1,3710
Ncbp2,3155
Ncbp2as2,1445
Ncbp3,17902
Nccrp1,1531
Ncdn,4509
Nceh1,5644
Ncf1,6736
Ncf2,10645
Ncf2-rs,3148
Ncf4,3002
Nck1,6122
Nck2,6396
Nckap1,6899
Nckap1l,11085
Nckap5,18548
Nckap5l,5240
Nckap5los,1712
Nckipsd,6012
Ncl,12123
Ncln,7575
Ncmap,5095
Ncoa1,11893
Ncoa2,21392
Ncoa3,10100
Ncoa4,12940
Ncoa4-ps,1878
Ncoa5,10211
Ncoa6,14740
Ncoa7,24153
Ncor1,20938
Ncor2,17940
Ncr1,1590
Ncr3-ps,525
Ncs1,4766
Ncstn,4846
Nctc1,7904
Ndc1,8410
Ndc80,7960
Nde1,7284
Ndel1,5096
Ndfip1,10040
Ndfip2,20495
Ndn,3694
Ndnf,10628
Ndor1,13859
Ndp,1939
Ndrg1,8461
Ndrg2,5654
Ndrg3,9793
Ndrg4,10675
Ndst1,17335
Ndst2,10296
Ndst3,18854
Ndst4,16670
Ndufa1,419
Ndufa10,4877
Ndufa11,2023
Ndufa11b,424
Ndufa12,3065
Ndufa12-ps,402
Ndufa13,1251
Ndufa2,572
Ndufa3,2066
Ndufa4,2680
Ndufa4l2,1950
Ndufa5,1353
Ndufa6,3370
Ndufa7,3611
Ndufa8,861
Ndufa9,2626
Ndufab1,8580
Ndufab1-ps,468
Ndufaf1,2965
Ndufaf2,3486
Ndufaf3,3174
Ndufaf4,6559
Ndufaf5,2152
Ndufaf6,2776
Ndufaf7,6325
Ndufaf8,1609
Ndufb1,2561
Ndufb10,2990
Ndufb11,908
Ndufb11b,1024
Ndufb2,7116
Ndufb3,763
Ndufb4,2369
Ndufb4b,482
Ndufb4c,390
Ndufb5,6465
Ndufb6,1094
Ndufb7,4864
Ndufb8,4954
Ndufb9,1162
Ndufc1,2013
Ndufc2,1153
Ndufs1,11134
Ndufs2,2969
Ndufs3,3499
Ndufs4,3883
Ndufs5,1284
Ndufs5-ps,319
Ndufs6,1963
Ndufs6b,348
Ndufs7,2892
Ndufs8,2250
Ndufv1,6767
Ndufv2,2614
Ndufv3,4833
Neat1,43152
Neb,29008
Nebl,22688
Necab1,6611
Necab2,2134
Necab3,3635
Necap1,4156
Necap2,5340
Nectin1,7328
Nectin2,4162
Nectin3,15532
Nectin4,7705
Nedd1,4741
Nedd4,19493
Nedd4l,32877
Nedd8,2377
Nedd9,9542
Nefh,3994
Nefl,3380
Nefm,5782
Negr1,11903
Neil1,2677
Neil2,6036
Neil3,6596
Nek1,14477
Nek10,12803
Nek11,5353
Nek2,5454
Nek3,3092
Nek4,14067
Nek5,3699
Nek6,13726
Nek7,14033
Nek8,9287
Nek9,5386
Nelfa,4334
Nelfb,6312
Nelfcd,4710
Nelfe,4053
Nell1,8415
Nell1os,5179
Nell2,4978
Nemf,15167
Nemp1,9658
Nemp2,12352
Nenf,742
Neo1,11864
Nepn,2597
Nepro,7618
Nes,13196
Net1,7811
Neto1,8997
Neto2,16580
Neu1,6123
Neu2,6987
Neu3,3611
Neu4,5741
Neudnr,1922
Neurl1a,10651
Neurl1b,6607
Neurl2,1014
Neurl3,3804
Neurl4,9875
Neurod1,2729
Neurod2,3142
Neurod4,3345
Neurod6,2150
Neurog1,1686
Neurog2,2227
Neurog3,3352
Nexmif,27270
Nexn,7567
Nf1,20044
Nf2,9460
Nfam1,15625
Nfasc,18187
Nfat5,39806
Nfatc1,9170
Nfatc2,18031
Nfatc2ip,3823
Nfatc3,12947
Nfatc4,10432
Nfe2,9192
Nfe2l1,15007
Nfe2l2,3922
Nfe2l3,3722
Nfia,19647
Nfib,29084
Nfic,9686
Nfil3,2026
Nfilz,837
Nfix,8363
Nfkb1,16227
Nfkb2,6418
Nfkbia,1979
Nfkbib,2971
Nfkbid,3454
Nfkbie,6813
Nfkbil1,2109
Nfkbiz,7354
Nfrkb,14985
Nfs1,4618
Nfu1,6241
Nfx1,10328
Nfxl1,12387
Nfya,15348
Nfyb,8337
Nfyc,4639
Nfyc-ps,1008
Ngb,2895
Ngdn,2136
Ngef,4174
Ngf,3252
Ngfr,3446
Ngly1,10974
Ngp,1222
Ngrn,2029
Nhej1,1586
Nherf1,1925
Nherf2,5567
Nherf4,2626
Nhlh1,2464
Nhlh2,10351
Nhlrc1,2294
Nhlrc2,8925
Nhlrc3,15058
Nhlrc4,2616
Nhp2,1761
Nhs,9968
Nhsl1,18321
Nhsl2,20704
Nhsl3,5973
Niban1,9998
Niban2,5208
Niban3,6347
Nicn1,3625
Nicol1,1674
Nid1,7903
Nid2,6617
Nif3l1,10929
Nifk,2329
Nim1k,9410
Nin,20731
Ninj1,2136
Ninj2,1259
Ninl,7398
Nip7,3962
Nipa1,3183
Nipa2,10417
Nipal1,4909
Nipal2,9567
Nipal3,9895
Nipal4,3444
Nipbl,9423
Nipsnap1,3739
Nipsnap2,4581
Nipsnap3a,2675
Nipsnap3b,2387
Nisch,23330
Nit1,9486
Nit2,4539
Nkain1,2186
Nkain2,5674
Nkain3,7248
Nkain4,1680
Nkap,4430
Nkapd1,9679
Nkapl,1463
Nkd1,7395
Nkd2,7654
Nkg7,1600
Nkiras1,7334
Nkiras2,5932
Nkpd1,5087
Nkrf,7015
Nktr,28199
Nkx1-1,1209
Nkx1-2,3264
Nkx2-1,3228
Nkx2-2,3891
Nkx2-2os,11538
Nkx2-3,2112
Nkx2-4,1725
Nkx2-5,2882
Nkx2-6,1134
Nkx2-9,1264
Nkx3-1,3195
Nkx3-2,1718
Nkx6-1,3138
Nkx6-2,3033
Nkx6-3,2238
Nle1,5153
Nlgn1,19459
Nlgn2,7239
Nlgn3,10967
Nlgn4l,9824
Nlk,7332
Nlk-ps1,1230
Nln,11911
Nlrc3,14174
Nlrc4,7687
Nlrc5,11438
Nlrp10,4504
Nlrp12,9589
Nlrp14,3854
Nlrp1a,5023
Nlrp1b,7778
Nlrp1c-ps,4889
Nlrp2,4047
Nlrp3,5149
Nlrp4a,5178
Nlrp4b,7087
Nlrp4c,4950
Nlrp4d,2946
Nlrp4e,3830
Nlrp4f,7397
Nlrp4g,5652
Nlrp5,6474
Nlrp5-ps,7946
Nlrp6,7177
Nlrp9a,4676
Nlrp9b,5244
Nlrp9c,6690
Nlrx1,8392
Nmb,1988
Nmbr,4746
Nmd3,11209
Nme-ps1,459
Nme1,3679
Nme1nme2,991
Nme2,1531
Nme3,2129
Nme4,4361
Nme5,1811
Nme6,6380
Nme7,8188
Nme8,3224
Nme9,2060
Nmi,3524
Nmnat1,4819
Nmnat2,9967
Nmnat3,7616
Nmral1,5991
Nmrk1,6194
Nmrk2,1854
Nms,1175
Nmt1,5548
Nmt2,7974
Nmu,828
Nmur1,3274
Nmur2,3302
Nnat,7180
Nnmt,3037
Nnt,8354
Noa1,5705
Nob1,5903
Nobox,3320
Noc2l,6223
Noc3l,3977
Noc4l,3883
Noct,13391
Nod1,6025
Nod2,8672
Nodal,2095
Nog,1695
Nol10,3021
Nol11,6838
Nol12,5414
Nol3,3176
Nol4,12331
Nol4l,14075
Nol6,5901
Nol7,4879
Nol8,13480
Nol9,8839
Nolc1,9909
Nom1,9460
Nomo1,6955
Nono,6216
Nop10,1109
Nop14,3058
Nop16,2760
Nop2,3041
Nop53,4412
Nop56,15263
Nop58,14624
Nop9,3933
Nopchap1,123179
Norad,10449
Nos1,14873
Nos1ap,10699
Nos2,4568
Nos3,4549
Nosip,4632
Nostrin,1997
Notch1,15828
Notch2,11205
Notch3,8821
Notch4,12193
Noto,2210
Notum,3553
Notumos,3877
Nova1,9593
Nova2,8372
Nox1,3901
Nox3,1792
Nox4,10649
Noxa1,2047
Noxo1,6570
Noxred1,2068
Npas1,4615
Npas2,4939
Npas3,10116
Npas4,5344
Npat,6500
Npb,1211
Npbwr1,3692
Npc1,18091
Npc1l1,4467
Npc2,6569
Npcd,1453
Npdc1,7900
Npepl1,4428
Npepps,12655
Npff,1441
Npffr1,3479
Npffr2,1643
Nphp1,3952
Nphp3,10354
Nphp4,7715
Nphs1,7482
Nphs1os,1339
Nphs2,3743
Npl,3025
Nploc4,5607
Npm1,4024
Npm2,1036
Npm3,1478
Npm3-ps1,528
Npn2,310
Npnt,9115
Nppa,865
Nppb,781
Nppc,1042
Npr1,6222
Npr2,7324
Npr3,14591
Nprl2,3663
Nprl3,12814
Nps,2296
Npsr1,5451
Nptn,10076
Nptx1,5217
Nptx2,2536
Nptxr,5825
Npvf,812
Npw,638
Npy,566
Npy1r,4928
Npy2r,9585
Npy4r,3627
Npy5r,5776
Npy6r,2567
Nqo1,1553
Nqo2,4790
Nr0b1,1808
Nr0b2,1132
Nr1d1,3502
Nr1d2,6869
Nr1h2,9741
Nr1h2-ps,478
Nr1h3,5182
Nr1h4,3162
Nr1h5,3500
Nr1i2,2553
Nr1i3,8619
Nr2c1,5360
Nr2c2,17575
Nr2c2ap,3243
Nr2e1,4126
Nr2e3,9679
Nr2f1,7132
Nr2f2,11620
Nr2f6,6228
Nr3c1,17118
Nr3c2,13958
Nr4a1,3790
Nr4a2,6363
Nr4a3,11028
Nr5a1,6083
Nr5a1os,926
Nr5a2,8846
Nr6a1,16974
Nr6a1os,3066
Nradd,2667
Nrap,7058
Nrarp,2582
Nras,8694
Nras-ps2,178
Nrbf2,2270
Nrbp1,7959
Nrbp2,9180
Nrcam,23537
Nrdc,9614
Nrde2,4744
Nrep,6588
Nrf1,18162
Nrg1,38159
Nrg2,4880
Nrg3,10614
Nrg3os,4930
Nrg4,9140
Nrgn,1882
Nrip1,19929
Nrip2,6837
Nrip3,7642
Nrk,15705
Nrl,10899
Nrm,1924
Nrn1,5511
Nrn1l,1220
Nron,6953
Nrp1,11452
Nrp2,13894
Nrros,10513
Nrsn1,5003
Nrsn2,1455
Nrtn,1023
Nrxn1,46350
Nrxn2,23232
Nrxn3,24755
Nsa2,5073
Nsa2-ps1,780
Nsa2-ps2,773
Nscme3l,1021
Nsd1,24373
Nsd2,31974
Nsd3,21424
Nsdhl,3013
Nsf,10394
Nsfl1c,7008
Nsg1,5651
Nsg2,4336
Nsl1,5794
Nsmaf,11625
Nsmce1,1422
Nsmce2,3783
Nsmce3,5946
Nsmce4a,6267
Nsmf,11691
Nsrp1,3763
Nsun2,8033
Nsun3,7270
Nsun4,8256
Nsun5,8543
Nsun6,7071
Nsun7,6948
Nt5c,2815
Nt5c1a,1220
Nt5c1b,8037
Nt5c2,18868
Nt5c3,5673
Nt5c3b,5559
Nt5dc1,4973
Nt5dc2,3845
Nt5dc3,6222
Nt5e,9758
Nt5el,2157
Nt5m,3630
Ntan1,4555
Ntaq1,5336
Ntf3,2001
Ntf5,2828
Nthl1,3614
Ntm,11342
Ntmt1,5287
Ntmt2,2299
Ntn1,7035
Ntn3,10365
Ntn4,4228
Ntn5,3608
Ntng1,16585
Ntng2,6310
Ntpcr,4358
Ntrk1,2588
Ntrk2,25188
Ntrk3,39018
Nts,1248
Ntsr1,6203
Ntsr2,6936
Nuak1,5783
Nuak2,6473
Nub1,6193
Nubp1,5002
Nubp2,7891
Nubpl,5429
Nucb1,10648
Nucb2,2963
Nucks1,8917
Nudc,1780
Nudc-ps1,551
Nudcd1,15778
Nudcd2,3882
Nudcd3,10908
Nudt1,2495
Nudt10,1775
Nudt11,3036
Nudt12,6947
Nudt12os,10147
Nudt13,12975
Nudt14,3545
Nudt15,4345
Nudt16,6142
Nudt16l1,5512
Nudt16l2,1565
Nudt17,4093
Nudt18,8909
Nudt19,3769
Nudt2,845
Nudt21,6476
Nudt22,1501
Nudt3,7448
Nudt4,3210
Nudt5,6974
Nudt6,4722
Nudt7,8166
Nudt8,1791
Nudt9,3168
Nuf2,7670
Nufip1,3974
Nufip2,6895
Nuggc,3110
Numa1,13575
Numb,10037
Numbl,12898
Nup107,4868
Nup133,7755
Nup153,9969
Nup155,14424
Nup160,10288
Nup188,7591
Nup205,10477
Nup210,13852
Nup210l,6619
Nup214,13674
Nup35,4672
Nup37,4842
Nup42,5227
Nup43,3575
Nup50,5458
Nup50l,1747
Nup54,4517
Nup58,3602
Nup62,8893
Nup62cl,2730
Nup85,4915
Nup88,16241
Nup93,5351
Nup98,15399
Nupr1,5098
Nupr2,3549
Nus1,5021
Nusap1,6081
Nutf2,2767
Nutf2-ps1,901
Nutf2-ps2,379
Nutm1,3731
Nutm2,2548
Nvl,15035
Nwd1,18629
Nwd2,14653
Nwd2os,5040
Nxf1,7718
Nxf2,3090
Nxf3,3225
Nxf7,3045
Nxn,3607
Nxnl1,2730
Nxnl2,4071
Nxpe1-ps,1706
Nxpe2,6177
Nxpe3,6436
Nxpe4,12146
Nxpe5,8649
Nxph1,7566
Nxph2,2579
Nxph3,2099
Nxph4,1675
Nxt1,1326
Nxt2,3509
Nyap1,7106
Nyap2,16413
Nynrin,7981
Nyx,5183
Oacyl,5938
Oaf,3355
Oard1,2578
Oas1a,1885
Oas1b,2395
Oas1c,3211
Oas1d,2021
Oas1e,2590
Oas1f,1841
Oas1g,3351
Oas1h,2148
Oas2,8206
Oas3,8391
Oasl1,5598
Oasl2,10722
Oat,2487
Oat-rs1,1311
Oaz1,5071
Oaz1-ps,685
Oaz2,4644
Oaz2-ps,537
Oaz3,5639
Obi1,5247
Obox1,3607
Obox2,2510
Obox3,7014
Obox3-ps1,995
Obox3-ps2,1004
Obox3-ps3,1004
Obox3-ps4,1005
Obox3-ps5,1003
Obox3-ps6,1005
Obox3-ps7,410
Obox3-ps8,960
Obox4-ps1,700
Obox4-ps10,504
Obox4-ps11,724
Obox4-ps12,1362
Obox4-ps13,1137
Obox4-ps14,1127
Obox4-ps15,1140
Obox4-ps16,1137
Obox4-ps17,1137
Obox4-ps18,1137
Obox4-ps19,1140
Obox4-ps2,442
Obox4-ps20,1140
Obox4-ps21,1140
Obox4-ps22,1137
Obox4-ps23,1137
Obox4-ps24,540
Obox4-ps25,210
Obox4-ps26,724
Obox4-ps27,1362
Obox4-ps28,1362
Obox4-ps29,1134
Obox4-ps3,520
Obox4-ps30,948
Obox4-ps31,1137
Obox4-ps32,537
Obox4-ps33,1139
Obox4-ps34,520
Obox4-ps35,680
Obox4-ps36,723
Obox4-ps37,276
Obox4-ps38,724
Obox4-ps39,628
Obox4-ps4,397
Obox4-ps5,397
Obox4-ps6,724
Obox4-ps7,505
Obox4-ps8,714
Obox4-ps9,1136
Obox5,2453
Obox6,1344
Obox6-ps1,1042
Obox7,1881
Obox8,1876
Obp1a,757
Obp1b,797
Obp2a,744
Obp2b,732
Obscn,35728
Obsl1,14919
Oc90,2564
Oca2,5815
Ocel1,9389
Ociad1,8928
Ociad2,5804
Ocln,7560
Ocm,1058
Ocrl,13920
Ocstamp,3657
Odad1,9444
Odad2,5057
Odad3,3037
Odad4,7620
Odam,1501
Odaph,3590
Odc1,6901
Odf1,1105
Odf2,16347
Odf2l,18103
Odf4,2734
Odr4,8119
Ofcc1,3792
Ofd1,4453
Oga,12227
Ogdh,8173
Ogdhl,4682
Ogfod1,7291
Ogfod2,6435
Ogfod3,1308
Ogfr,2889
Ogfrl1,9271
Ogg1,5874
Ogn,2566
Ogt,12834
Oip5,2551
Oip5os1,54079
Oit3,2978
Ola1,5143
Olah,3340
Olfm1,5332
Olfm2,5016
Olfm3,8096
Olfm4,3998
Olfm5,2709
Olfml1,2095
Olfml2a,5579
Olfml2b,3095
Olfml3,9913
Olfr1007-ps1,138
Olfr1041-ps1,271
Olfr1060-ps1,943
Olfr1108-ps1,121
Olfr1139-ps1,168
Olfr1169-ps1,233
Olfr1172-ps1,192
Olfr1235-ps1,314
Olfr1266-ps1,180
Olfr1304-ps1,189
Olfr1319-ps1,274
Olfr1345-ps1,244
Olfr1401-ps1,211
Olfr1421-ps1,208
Olfr1435-ps1,249
Olfr1481-ps1,134
Olfr1482-ps1,178
Olfr1485-ps1,370
Olfr1488-ps1,136
Olfr1566-ps1,454
Olfr184-ps1,516
Olfr278-ps1,238
Olfr363-ps,254
Olfr375-ps1,249
Olfr439-ps1,307
Olfr442-ps1,316
Olfr468-ps1,593
Olfr511-ps1,217
Olfr515-ps1,189
Olfr719-ps,252
Olfr737-ps1,283
Olfr778-ps1,207
Olfr852-ps1,226
Olfr865-ps1,85
Olfr880-ps1,229
Olfr908,932
Olfr928-ps1,237
Olfr932-ps1,375
Olig1,2162
Olig2,2530
Olig3,2072
Olr1,4171
Olrf445-ps1,314
Oma1,2255
Omd,2851
Omg,2228
Omp,2144
Omt2a,2487
Omt2b,2991
Onecut1,5168
Onecut2,16234
Onecut3,4776
Ooep,2138
Oog1,4829
Oog2,6260
Oog3,1865
Oog4,2902
Oosp1,1590
Oosp2,1026
Oosp3,1161
Opa1,10079
Opa3,5486
Opalin,4576
Opcml,17824
Ophn1,17436
Oplah,8291
Opn1mw,2923
Opn1sw,4314
Opn3,1913
Opn4,3922
Opn5,1906
Oprd1,4021
Oprk1,13999
Oprl1,14494
Oprm1,14590
Optc,5264
Optn,5595
Or10a2,8270
Or10a3,3996
Or10a3b,2482
Or10a3m,1056
Or10a3n,1905
Or10a4,4614
Or10a48,933
Or10a49,3194
Or10a5,7304
Or10aa1,5374
Or10aa3,5472
Or10aa4-ps1,544
Or10ab4,6377
Or10ab5,4739
Or10ac1,5008
Or10ad1,5744
Or10ad1b,5831
Or10ad1c,2657
Or10ag2,6708
Or10ag52,2930
Or10ag53,7241
Or10ag54,10579
Or10ag55,984
Or10ag56,5972
Or10ag57,6116
Or10ag58,3379
Or10ag59,5603
Or10ag60,5291
Or10ah1-ps1,8756
Or10ak10-ps1,960
Or10ak11,3950
Or10ak12,1148
Or10ak13,951
Or10ak14,4142
Or10ak16,11762
Or10ak7,5982
Or10ak8,942
Or10ak9,7323
Or10al2,3025
Or10al3,1807
Or10al4,2618
Or10al5,2651
Or10al6,6448
Or10al7,6268
Or10am5,11250
Or10aq1-ps1,549
Or10b1,1064
Or10c1,10046
Or10d1,11010
Or10d1b,3836
Or10d1c,3582
Or10d3,5127
Or10d4,3139
Or10d4b,3497
Or10d4c,4323
Or10d5,3781
Or10d5b,943
Or10d5j,9927
Or10e1-ps1,456
Or10f1-ps1,252
Or10g1,2948
Or10g1b,2425
Or10g3,3024
Or10g3b,3815
Or10g6,17027
Or10g7,2726
Or10g9,4442
Or10g9b,3983
Or10h1,8094
Or10h1b,10134
Or10h28,12312
Or10h5,11855
Or10i1-ps1,752
Or10j2,5379
Or10j27,4490
Or10j28-ps1,797
Or10j3,7975
Or10j3b,4880
Or10j5,3740
Or10j7,4479
Or10k2,7864
Or10l1-ps1,804
Or10m1-ps1,782
Or10n1,3792
Or10n7,914
Or10n8-ps1,442
Or10o1-ps1,585
Or10p1,4487
Or10p21,2523
Or10p22,2672
Or10q1,5510
Or10q12,3267
Or10q1b,4357
Or10q3,7165
Or10s1,5576
Or10u3,2946
Or10u4,4893
Or10v1,6422
Or10v5,6769
Or10v9,5118
Or10w1,8229
Or10w3,1828
Or10x1,7104
Or10x4,1010
Or10z1,3773
Or11a2-ps1,911
Or11a3-ps1,910
Or11a4,3427
Or11a5-ps1,700
Or11a6-ps1,748
Or11g1,3050
Or11g2,3826
Or11g24,4511
Or11g25,4342
Or11g26,3530
Or11g27,3139
Or11g7,5039
Or11h23,4556
Or11h4,2346
Or11h4b,2701
Or11h6,4808
Or11h7,1932
Or11i1,4742
Or11j4,5588
Or11l3,3300
Or11m3,6698
Or11n2,4819
Or11q2,4674
Or12a1-ps1,634
Or12d12,4059
Or12d13,4021
Or12d14-ps1,5638
Or12d15,7234
Or12d16-ps1,3120
Or12d17,6971
Or12d2,3810
Or12e1,2400
Or12e10,1923
Or12e11-ps1,943
Or12e12-ps1,913
Or12e13,4040
Or12e14,3311
Or12e15-ps1,328
Or12e16-ps1,691
Or12e7,2772
Or12e8,5422
Or12e9,2941
Or12j2,4395
Or12j3,3038
Or12j4,10320
Or12j5,12112
Or12k5,6021
Or12k6-ps1,926
Or12k7,2770
Or12k8,3817
Or12m1-ps1,612
Or13a1,5810
Or13a17,7192
Or13a18,9842
Or13a19,10787
Or13a20,2348
Or13a21,8928
Or13a22,22629
Or13a23,2941
Or13a24,2853
Or13a25,12784
Or13a26,3322
Or13a27,9347
Or13a28,3877
Or13ae2,4754
Or13c10-ps1,595
Or13c25,4221
Or13c3,9970
Or13c7,4652
Or13c7b,3634
Or13c7c,8383
Or13c7d,960
Or13c7e,963
Or13c9,952
Or13d1,4474
Or13d31-ps1,302
Or13e8,2568
Or13f5,4485
Or13g1,4220
Or13j1,3976
Or13l2,5014
Or13m2,936
Or13n4,2738
Or13o1-ps1,728
Or13p10,3639
Or13p3,9838
Or13p4,4271
Or13p5,3507
Or13p8,6649
Or13p9-ps1,914
Or13s1-ps1,4870
Or13w1-ps1,928
Or13x1-ps1,870
Or14a256,1008
Or14a257,4603
Or14a258,1002
Or14a259,4971
Or14a260,10025
Or14c39,3211
Or14c40,3863
Or14c41,6943
Or14c42,1102
Or14c43,5472
Or14c44,1937
Or14c45,2861
Or14c46,2482
Or14c47-ps1,1141
Or14j1,4953
Or14j10,5443
Or14j2,1671
Or14j3,2457
Or14j4,2599
Or14j5,3177
Or14j6,4828
Or14j7,4694
Or14j8,1029
Or14j9,10252
Or14m1-ps1,929
Or14n1,2395
Or14o1-ps1,743
Or14p1,2234
Or14q1-ps1,928
Or14r1-ps1,413
Or14s1-ps1,841
Or1a1,4879
Or1a1b,4126
Or1a5-ps1,936
Or1a6-ps1,941
Or1a7-ps1,866
Or1aa2,6831
Or1ab2,11318
Or1ad1,3601
Or1ad5-ps1,955
Or1ad6,5272
Or1ad7-ps1,1001
Or1ad8,3743
Or1af1,6263
Or1ak2,948
Or1ao1-ps1,303
Or1b1,6223
Or1d2,2725
Or1e1,3451
Or1e16,4357
Or1e17,3505
Or1e18,1136
Or1e19,1508
Or1e1b,1237
Or1e1c,4296
Or1e1d,1675
Or1e1f,8450
Or1e20,934
Or1e21,2799
Or1e22,4749
Or1e23,939
Or1e24-ps1,935
Or1e25,3515
Or1e26,2610
Or1e27,1513
Or1e28,2129
Or1e29,3981
Or1e30,5398
Or1e31,2080
Or1e32,7256
Or1e33,4987
Or1e34,6636
Or1e35,5214
Or1e36-ps1,938
Or1f12,4356
Or1f19,8075
Or1f20-ps1,934
Or1f21-ps1,940
Or1i2,3348
Or1j1,2960
Or1j10,12425
Or1j11,5797
Or1j12,939
Or1j13,7576
Or1j14,4872
Or1j15,8605
Or1j16,936
Or1j17,5034
Or1j18,4328
Or1j19,8198
Or1j20,4285
Or1j21,7016
Or1j22-ps1,456
Or1j23-ps1,556
Or1j4,3076
Or1j8,939
Or1j9-ps1,940
Or1l4,6327
Or1l4b,4769
Or1l8,4543
Or1m1,8989
Or1n1,4394
Or1n1b,6724
Or1n2,18668
Or1o1,13550
Or1o11,1038
Or1o2,6560
Or1o3,1039
Or1o4,3988
Or1p1,5143
Or1p1b,972
Or1p1c,4271
Or1p4,971
Or1q1,6459
Or1r1,6618
Or1s2,3461
Or1u1-ps1,892
Or1v1-ps1,609
Or1x2,6178
Or1x6,942
Or2a12,5718
Or2a14,5220
Or2a20,3355
Or2a25,4118
Or2a5,4036
Or2a51,3433
Or2a52,3970
Or2a53-ps1,917
Or2a54,3335
Or2a55-ps1,915
Or2a56,2522
Or2a57,2662
Or2a7,4731
Or2aa1,2806
Or2ab1,8437
Or2ac1-ps1,284
Or2ad1,2453
Or2ag1,6523
Or2ag12,4967
Or2ag13,3953
Or2ag14-ps1,948
Or2ag15,2237
Or2ag16,8851
Or2ag17,8398
Or2ag18,2456
Or2ag19,2880
Or2ag1b,7189
Or2ag2,11805
Or2ag20,6893
Or2ag2b,8197
Or2ah1,4122
Or2aj4,3838
Or2aj5,2425
Or2aj6,2351
Or2ak4,3730
Or2ak5,9130
Or2ak6,5681
Or2ak7,3957
Or2ar1-ps1,348
Or2at1,5498
Or2at4,2281
Or2au1-ps1,927
Or2av10-ps1,940
Or2av9,3999
Or2b11,5755
Or2b2,8944
Or2b28,1055
Or2b2b,4934
Or2b4,9912
Or2b6,4207
Or2b7,4940
Or2bd2,3651
Or2c1,13314
Or2d2,6245
Or2d2b,4827
Or2d3,4099
Or2d36,6719
Or2d3b,3695
Or2d3c,5078
Or2d4,1312
Or2f1,4036
Or2f1b,3736
Or2f2,5184
Or2g1,3831
Or2g25,4727
Or2g7,7054
Or2h1,8580
Or2h15,4181
Or2h1b,4744
Or2h2,9538
Or2h2b,3553
Or2h2c,5127
Or2i1,4220
Or2j3,3456
Or2j6,10178
Or2k2,4994
Or2l13,6536
Or2l13b,3144
Or2l5,14510
Or2m12,3887
Or2m13,2902
Or2n1,2609
Or2n1b,4863
Or2n1c,3996
Or2n1d,5379
Or2n1e,2875
Or2n2-ps1,836
Or2o1,3963
Or2p2,13078
Or2q1,2832
Or2q2-ps1,369
Or2r11,2741
Or2r2,1052
Or2r3,9718
Or2t1,4386
Or2t26,3938
Or2t29,6255
Or2t35,4172
Or2t43,3068
Or2t44,3778
Or2t45,3456
Or2t46,2714
Or2t47,4987
Or2t48,3970
Or2t49,1932
Or2t50-ps1,392
Or2t6,5934
Or2v1,7355
Or2v2,6422
Or2w1,5050
Or2w1b,4542
Or2w2,6865
Or2w25,2658
Or2w3,10511
Or2w3b,4396
Or2w4,3045
Or2w6,3746
Or2y1,8497
Or2y10,3436
Or2y11,5890
Or2y12,6294
Or2y13,5108
Or2y14,5471
Or2y15,5776
Or2y16,3970
Or2y17,3811
Or2y1b,3718
Or2y1c,6138
Or2y1d,4899
Or2y1e,4173
Or2y1f,10632
Or2y1g,6436
Or2y3,3858
Or2y6,936
Or2y7,934
Or2y8,936
Or2y9-ps1,936
Or2z2,3470
Or2z8,4558
Or2z9,5153
Or3a1,6138
Or3a10,3533
Or3a15-ps1,955
Or3a1b,3175
Or3a1c,4578
Or3a1d,4014
Or3a4,2799
Or4a15,6158
Or4a2,2601
Or4a27,3844
Or4a39,6824
Or4a47,13055
Or4a66,9346
Or4a67,6007
Or4a68,5677
Or4a69,5664
Or4a70,3860
Or4a71,5521
Or4a72,3672
Or4a73,6558
Or4a74,8981
Or4a75,1078
Or4a76,4004
Or4a77,9986
Or4a78,4214
Or4a79,4951
Or4a80,15674
Or4a81,3670
Or4ac1-ps1,334
Or4ad2-ps1,928
Or4ae1-ps1,683
Or4b1,11104
Or4b12,13363
Or4b13,4548
Or4b1b,3369
Or4b1c,4698
Or4b1d,6615
Or4c1,4903
Or4c10,8488
Or4c100,3432
Or4c101,2374
Or4c102,2904
Or4c103,3512
Or4c104,4039
Or4c105,5748
Or4c106,7865
Or4c107,4572
Or4c108,2914
Or4c109,3120
Or4c10b,3772
Or4c11,4227
Or4c110,3626
Or4c111,5281
Or4c112,9125
Or4c113,5085
Or4c114,10578
Or4c115,6450
Or4c116,7278
Or4c117,6592
Or4c118,2333
Or4c119,7871
Or4c11b,4245
Or4c11c,7073
Or4c12,5255
Or4c120,9775
Or4c121,20276
Or4c122,6462
Or4c123,918
Or4c124,4000
Or4c125,8140
Or4c126,4692
Or4c127,8287
Or4c12b,3186
Or4c15,6017
Or4c15b,4956
Or4c29,11504
Or4c3,5238
Or4c31,17075
Or4c35,12196
Or4c3d,4483
Or4c52,10159
Or4c58,6661
Or4c99,3344
Or4d1,4960
Or4d10,3117
Or4d10b,2656
Or4d10c,10783
Or4d11,6503
Or4d2,3249
Or4d29-ps1,743
Or4d2b,8555
Or4d5,6268
Or4d6,4440
Or4e1,6396
Or4e2,6106
Or4e5,5546
Or4f14,2832
Or4f14b,16521
Or4f14c,2789
Or4f14d,5129
Or4f15,12175
Or4f17,4736
Or4f4-ps1,5403
Or4f47,6058
Or4f4b,3672
Or4f52,5099
Or4f53,10353
Or4f54,14976
Or4f56,3667
Or4f57,3056
Or4f58,8799
Or4f59,9284
Or4f6,5906
Or4f60,3590
Or4f61,3915
Or4f62,9773
Or4f7,3915
Or4f7d-ps1,945
Or4g16,7373
Or4g17,2838
Or4g7,2265
Or4i1-ps1,509
Or4k1,21957
Or4k15,3651
Or4k15b,2629
Or4k15c,4052
Or4k2,8147
Or4k35,6906
Or4k36,13708
Or4k37,5823
Or4k38,918
Or4k39,903
Or4k40,8056
Or4k41,918
Or4k42,4606
Or4k43-ps1,939
Or4k44,2925
Or4k45,7728
Or4k46-ps1,939
Or4k47,7937
Or4k48,2502
Or4k49,1783
Or4k5,5363
Or4k50,2235
Or4k51,5759
Or4k52,3677
Or4k6,17349
Or4k77,2857
Or4l1,2084
Or4l15,2158
Or4m1,7685
Or4n4,4906
Or4n4b,4663
Or4n5,2667
Or4p18,2233
Or4p19,3209
Or4p20,5991
Or4p21,4557
Or4p22,4100
Or4p23,4393
Or4p4,14783
Or4p4b,932
Or4p7,13479
Or4p8,4119
Or4q3,4925
Or4s2,10610
Or4s2b,7526
Or4x11,6631
Or4x12,930
Or4x13,4430
Or4x15,3058
Or4x18,3833
Or4x5,2501
Or4x6,4945
Or4z4,7023
Or51a10,4715
Or51a24,3677
Or51a25,2582
Or51a3-ps1,939
Or51a39,3329
Or51a41-ps1,943
Or51a42,6133
Or51a43,4643
Or51a44-ps1,556
Or51a5,12169
Or51a6,4511
Or51a7,4059
Or51a8,2468
Or51aa2,3620
Or51aa5,3273
Or51ab3,8979
Or51ac3,2652
Or51af1,4550
Or51ag1,3971
Or51ah3,4411
Or51ai2,6876
Or51b17,5001
Or51b4,4016
Or51b6,6389
Or51b6b,5055
Or51d1,3737
Or51e1,3041
Or51e2,10241
Or51f1,3106
Or51f1d,960
Or51f1e,1030
Or51f2,942
Or51f23,951
Or51f23b,5418
Or51f23c,951
Or51f4-ps1,944
Or51f5,3569
Or51g1,4607
Or51g2,4433
Or51h1,948
Or51h5,2235
Or51h7,933
Or51i1,4009
Or51i2,5418
Or51k1,7590
Or51k2,4854
Or51k3-ps1,935
Or51k4-ps1,471
Or51k7,955
Or51l1,948
Or51l14,3656
Or51l4,4283
Or51m1,960
Or51p1,5519
Or51q1,9531
Or51q1b-ps1,962
Or51q1c,2124
Or51r1,5995
Or51s1,11121
Or51t4,2080
Or51u1-ps1,873
Or51v14,11467
Or51v15-ps1,938
Or51v16-ps1,318
Or51v8,5731
Or52a20,5686
Or52a24,2504
Or52a33,7187
Or52a5,5041
Or52a5b,2829
Or52ab2,3675
Or52ab4,3233
Or52ab7,2986
Or52ab8-ps1,948
Or52ac1,4243
Or52ad1,4475
Or52ae6-ps1,822
Or52ae7,1482
Or52ae9,3759
Or52b1,5147
Or52b2,3296
Or52b3,2842
Or52b4,936
Or52b4i,4287
Or52b4j-ps1,326
Or52b6,2321
Or52c1-ps1,898
Or52d1,7605
Or52d13,6621
Or52d3,5961
Or52e15,2429
Or52e18,4668
Or52e19,4331
Or52e19b,1960
Or52e2,1920
Or52e3,3896
Or52e4,4166
Or52e5,3311
Or52e51-ps1,954
Or52e53-ps1,946
Or52e54-ps1,411
Or52e7,6398
Or52e8,4211
Or52e8b,8441
Or52f1-ps1,960
Or52h1,3880
Or52h2,2321
Or52h7,11062
Or52h9,3849
Or52i2,4848
Or52j3,13352
Or52k2,5160
Or52l1,4481
Or52m1,3613
Or52m2,4953
Or52n1,966
Or52n2,2906
Or52n20,5811
Or52n21-ps1,396
Or52n2b,3676
Or52n2c,4570
Or52n3,4451
Or52n4,5450
Or52n4b,1938
Or52n5,3290
Or52p1,5082
Or52p2,6519
Or52r1,5686
Or52r1b,7704
Or52r1c,4116
Or52r6-ps1,857
Or52s1,1935
Or52s19,7647
Or52s1b,6377
Or52s6,3932
Or52u1,5374
Or52w1,1126
Or52x1,3857
Or52z1,3851
Or52z12,4086
Or52z13,4261
Or52z14,2494
Or52z15,966
Or55b10,7438
Or55b3,2586
Or55b4,3270
Or56a3,11041
Or56a3b,9991
Or56a4,7275
Or56a41,936
Or56a42,934
Or56a5,4801
Or56b1,3357
Or56b1b,958
Or56b2,8275
Or56b2j,959
Or56b2l-ps1,375
Or56b34,966
Or56b35,6895
Or56b6,938
Or5a1,9772
Or5a21,4761
Or5a3,5236
Or5aa1-ps1,334
Or5aa2-ps1,367
Or5aa3-ps1,391
Or5ac15,4741
Or5ac16,3254
Or5ac17,3659
Or5ac18,874
Or5ac19,4633
Or5ac20,3273
Or5ac21,2445
Or5ac22,6289
Or5ac23,2640
Or5ac24,2127
Or5ac25,3104
Or5ad1-ps1,881
Or5ae1,10901
Or5ae2,4516
Or5af1,4703
Or5af2,3686
Or5ag1-ps1,930
Or5ai1-ps1,912
Or5aj1-ps1,908
Or5ak20,3185
Or5ak21-ps1,904
Or5ak22,5271
Or5ak23,945
Or5ak24,4309
Or5ak25,2819
Or5ak4,3909
Or5al1,9215
Or5al5,5126
Or5al6,942
Or5al7,3022
Or5an1,4380
Or5an10,948
Or5an11,5085
Or5an1b,4928
Or5an1c,939
Or5an6,22088
Or5an8-ps1,917
Or5an9,6079
Or5ap2,3719
Or5ap2b,1042
Or5aq1,4098
Or5aq1b,5497
Or5aq6,3422
Or5aq7,5109
Or5ar1,3964
Or5as1,2616
Or5au1,4567
Or5av1-ps1,398
Or5b100,925
Or5b101,924
Or5b102,9321
Or5b103-ps1,771
Or5b104,5699
Or5b105,2820
Or5b106,16998
Or5b107,4874
Or5b108,4348
Or5b109,3248
Or5b110,923
Or5b111,2485
Or5b112,2914
Or5b113,4598
Or5b114,1208
Or5b115-ps1,949
Or5b116,8482
Or5b117,2322
Or5b118,2958
Or5b119,945
Or5b12,9125
Or5b120,4040
Or5b121,5923
Or5b122,8340
Or5b123,7602
Or5b124,12251
Or5b125-ps1,518
Or5b12b,1001
Or5b21,3001
Or5b24,2561
Or5b3,5036
Or5b94,7981
Or5b95,7307
Or5b96,3854
Or5b97,4156
Or5b98,4091
Or5b99,2631
Or5bb10,2998
Or5bb12,5709
Or5bc4-ps1,958
Or5be3,3951
Or5bh3,9602
Or5bs2,4944
Or5bw2,2742
Or5c1,2185
Or5d14,5745
Or5d16,3103
Or5d18,3990
Or5d20,950
Or5d3,3742
Or5d35,4774
Or5d36,2654
Or5d37,1112
Or5d38,3632
Or5d39,5376
Or5d40,3261
Or5d41,4306
Or5d42-ps1,837
Or5d43,7631
Or5d44,1790
Or5d45,5552
Or5d46,3772
Or5d47,957
Or5e1,2959
Or5g23,3002
Or5g24,945
Or5g25,3252
Or5g26,1079
Or5g27,1068
Or5g28-ps1,939
Or5g29,2411
Or5g30-ps1,949
Or5g9,6664
Or5h17,2600
Or5h18,3406
Or5h19,2300
Or5h20-ps1,5631
Or5h21-ps1,804
Or5h22,16881
Or5h23,4787
Or5h24,1161
Or5h25,4444
Or5h26,2641
Or5h27,1320
Or5i1,3159
Or5j1,6081
Or5j3,2729
Or5k1,3942
Or5k14,3331
Or5k15,5158
Or5k16,3091
Or5k17,6672
Or5k1b,2867
Or5k3,3072
Or5k8,2370
Or5l13,4427
Or5l14,4621
Or5m10,5676
Or5m10b,948
Or5m11,3474
Or5m11b,4804
Or5m11d-ps1,875
Or5m12,984
Or5m13,3578
Or5m13b,2584
Or5m3,2387
Or5m3b,10210
Or5m5,4522
Or5m8,2957
Or5m9,4882
Or5m9b,3203
Or5n1-ps1,863
Or5o1,8218
Or5p1,5013
Or5p4,6186
Or5p5,4550
Or5p50,5704
Or5p51,5524
Or5p52,6475
Or5p53,3252
Or5p54,933
Or5p55,3472
Or5p56,3863
Or5p57,1876
Or5p58,3584
Or5p59,3756
Or5p5c-ps1,936
Or5p6,3422
Or5p60,5774
Or5p61,954
Or5p62,945
Or5p63,4730
Or5p64,5625
Or5p65-ps1,967
Or5p66,2220
Or5p67,945
Or5p68,945
Or5p69,1949
Or5p70,3900
Or5p71-ps1,915
Or5p72,3341
Or5p73,2260
Or5p74-ps1,933
Or5p75,946
Or5p76,4341
Or5p77-ps1,976
Or5p78,4236
Or5p79,951
Or5p80,1635
Or5p81,4073
Or5q1-ps1,824
Or5t15,927
Or5t16,4168
Or5t17,2869
Or5t18,2935
Or5t19-ps1,633
Or5t5,3209
Or5t7,2086
Or5t9,2840
Or5u1-ps1,899
Or5v1,1751
Or5v1b,3684
Or5w1,3408
Or5w10,936
Or5w11,4168
Or5w12,3581
Or5w13,1067
Or5w14,4006
Or5w15,2547
Or5w16,3498
Or5w17,936
Or5w18,2973
Or5w19,7134
Or5w1b,1935
Or5w20,3101
Or5w21-ps1,913
Or5w22,1258
Or5w8,3793
Or5w9-ps1,892
Or5x1-ps1,382
Or5x2-ps1,220
Or6a2,8311
Or6aa1,9956
Or6ab1-ps1,763
Or6ac1-ps1,415
Or6ae1,4766
Or6b1,3811
Or6b13,6102
Or6b2,5777
Or6b2b,4154
Or6b3,7176
Or6b6,7500
Or6b9,11901
Or6c1,6672
Or6c1b,3763
Or6c2,3441
Or6c200-ps1,2854
Or6c201,4457
Or6c202,3052
Or6c203,3959
Or6c204,936
Or6c205,4537
Or6c206,4438
Or6c207,6343
Or6c208,4079
Or6c209,2630
Or6c210,4771
Or6c211,5535
Or6c212,4990
Or6c213,7774
Or6c214,3204
Or6c215,7460
Or6c216,3939
Or6c217,3832
Or6c218-ps1,944
Or6c219,3381
Or6c220-ps1,285
Or6c221-ps1,441
Or6c2b,8915
Or6c3,5683
Or6c33,9718
Or6c35,2240
Or6c38,5868
Or6c3b,3312
Or6c5,2368
Or6c5b,2014
Or6c5c,5897
Or6c6,2889
Or6c63-ps1,2909
Or6c65,5462
Or6c66,4526
Or6c66b,3049
Or6c68,3935
Or6c69,7470
Or6c69b,6050
Or6c69c,3605
Or6c6b,929
Or6c6c,11826
Or6c7,4933
Or6c70,4837
Or6c74,2926
Or6c75,3871
Or6c76,4360
Or6c76b,3343
Or6c8,6579
Or6c88,4007
Or6c8b,3524
Or6d12,2792
Or6d13,5004
Or6d14,6094
Or6d15,4112
Or6e1,6747
Or6f1,9458
Or6f2,9359
Or6g1-ps1,905
Or6h1-ps1,466
Or6i1-ps1,950
Or6k14,4814
Or6k2,4852
Or6k3,891
Or6k4,2590
Or6k6,6128
Or6k8,1050
Or6n1,3453
Or6n2,8127
Or6o1-ps1,895
Or6p1,5481
Or6s1,6921
Or6x1,7777
Or6y1,4264
Or6z1,5934
Or6z3,7827
Or6z5,5576
Or6z6,3982
Or6z7,4024
Or7a35,3449
Or7a36,4932
Or7a37,3007
Or7a38,5097
Or7a39,3317
Or7a40,3109
Or7a41,2727
Or7a42,8111
Or7b1-ps1,835
Or7c19,2101
Or7c70,3986
Or7c74,1994
Or7d10,15058
Or7d11,9747
Or7d12-ps1,948
Or7d13-ps1,928
Or7d9,2992
Or7e165,2690
Or7e166,5316
Or7e167-ps1,930
Or7e168,10740
Or7e169,3360
Or7e170,3639
Or7e171,929
Or7e172-ps1,930
Or7e173,1077
Or7e174,7028
Or7e175,1783
Or7e176,1897
Or7e177,16980
Or7e178,3962
Or7f1-ps1,977
Or7g12,939
Or7g16,2628
Or7g17,3556
Or7g18,4053
Or7g19,5374
Or7g20,3626
Or7g21,6035
Or7g22,4798
Or7g23,7759
Or7g24-ps1,917
Or7g25,8760
Or7g26,2616
Or7g27,4648
Or7g28,5284
Or7g29,3324
Or7g30,7079
Or7g31,1895
Or7g32,8062
Or7g33,4806
Or7g34,1887
Or7g35,2789
Or7h8,1147
Or7n1-ps1,930
Or7r1,3637
Or7s1-ps1,913
Or7s1a-ps1,890
Or8a1,1128
Or8a1b,6089
Or8aa1-ps1,632
Or8ab1-ps1,878
Or8ab1a-ps1,766
Or8ab2-ps1,892
Or8ac1-ps1,662
Or8ad1-ps1,867
Or8ae1-ps1,577
Or8b1,4711
Or8b101,3875
Or8b12,3565
Or8b12b,3043
Or8b12c,9347
Or8b12i,5027
Or8b1b,6130
Or8b1c,5366
Or8b1d,933
Or8b3,6522
Or8b35,5185
Or8b36,930
Or8b37,4115
Or8b38,930
Or8b39,7826
Or8b3b,8288
Or8b4,13028
Or8b40,6618
Or8b41,6420
Or8b42,3890
Or8b43,3169
Or8b44,4078
Or8b46,1996
Or8b47,4516
Or8b48,5726
Or8b49,2441
Or8b50,5899
Or8b51,5998
Or8b52,930
Or8b53,5711
Or8b54,9313
Or8b55,5160
Or8b56,6173
Or8b57,7246
Or8b8,13487
Or8b9,3697
Or8c1-ps1,450
Or8c10,4965
Or8c11,5881
Or8c12-ps1,694
Or8c13,951
Or8c14,932
Or8c15,4540
Or8c16,4183
Or8c17,2509
Or8c18,5810
Or8c19,935
Or8c20,5264
Or8c8,4391
Or8c9,8909
Or8d1,931
Or8d1b,5478
Or8d2,4358
Or8d22-ps1,780
Or8d23,2414
Or8d2b,1051
Or8d4,2995
Or8d6,4641
Or8e1-ps1,595
Or8g17,3780
Or8g18,5059
Or8g19,2201
Or8g2,4049
Or8g20,4672
Or8g21,2620
Or8g22,937
Or8g23,3195
Or8g24,1190
Or8g25-ps1,935
Or8g26,12682
Or8g27,3460
Or8g28,2827
Or8g29,4419
Or8g2b,2951
Or8g30,5130
Or8g31,949
Or8g32,2892
Or8g33,1056
Or8g34,4244
Or8g35,2629
Or8g36,2662
Or8g37,4305
Or8g38-ps1,341
Or8g4,2143
Or8g50,2806
Or8g51,3095
Or8g52,4361
Or8g53,5657
Or8g54,2533
Or8g55,2718
Or8h10,3906
Or8h11-ps1,937
Or8h6,5036
Or8h7,4723
Or8h8,3833
Or8h9,5898
Or8i2,3815
Or8j3,6832
Or8j3b,4197
Or8j3c,8257
Or8k1,3721
Or8k16,942
Or8k17,3944
Or8k18,2424
Or8k1d-ps1,947
Or8k20,3829
Or8k21,942
Or8k22,2349
Or8k23,3292
Or8k24,2661
Or8k25,942
Or8k26-ps1,942
Or8k27,7292
Or8k28,942
Or8k29-ps1,965
Or8k3,3410
Or8k30,942
Or8k31,1212
Or8k32,5094
Or8k33,1582
Or8k34-ps1,945
Or8k35,1620
Or8k36,943
Or8k37,961
Or8k38,6452
Or8k39,1118
Or8k3b,4803
Or8k40,3082
Or8k41,2796
Or8k42-ps1,859
Or8k53,2401
Or8m1-ps1,805
Or8n1-ps1,908
Or8o1-ps1,466
Or8p1-ps1,708
Or8s10,2833
Or8s16,6290
Or8s2,3494
Or8s5,1884
Or8s8,5593
Or8u10,3191
Or8u3,4530
Or8u37-ps1,966
Or8u8,3711
Or8u9,8701
Or8w1,4187
Or8y1-ps1,586
Or8y2-ps1,600
Or8z1-ps1,388
Or8z2-ps1,470
Or9a2,4979
Or9a4,4431
Or9a7,10062
Or9b1-ps1,717
Or9b2-ps1,488
Or9c1-ps1,664
Or9d1-ps1,865
Or9e1,5563
Or9g10,1270
Or9g19,5843
Or9g20,6337
Or9g21-ps,580
Or9g3,4087
Or9g4,3101
Or9g4b,5865
Or9g8,3365
Or9i1,951
Or9i13-ps1,991
Or9i14,2886
Or9i15-ps1,803
Or9i16,2599
Or9i1b,5006
Or9i2,5420
Or9k2,7351
Or9k2b,5335
Or9k7,17369
Or9m1,4034
Or9m1b,7002
Or9m2,942
Or9q1,7619
Or9q2,2617
Or9r3,2379
Or9r7,4830
Or9s13,5279
Or9s14,14329
Or9s15,4250
Or9s18,5119
Or9s23,2806
Or9s27,4629
Orai1,2940
Orai2,10271
Orai3,2507
Orc1,4407
Orc2,4697
Orc3,7877
Orc4,10172
Orc5,7565
Orc6,4756
Orly,7192
Orm1,775
Orm2,775
Orm3,773
Ormdl1,4892
Ormdl2,3558
Ormdl3,2184
Os9,3945
Osbp,4488
Osbp2,8118
Osbpl10,6498
Osbpl11,6859
Osbpl1a,16597
Osbpl2,4784
Osbpl3,14745
Osbpl5,6016
Osbpl6,16297
Osbpl7,7107
Osbpl8,11285
Osbpl9,11602
Oscar,2295
Oscp1,6406
Oser1,5305
Osgep,7276
Osgepl1,9068
Osgin1,5865
Osgin2,8802
Osm,2551
Osmr,14352
Osr1,2584
Osr2,6111
Ost4,1720
Ostc,3491
Ostf1,6602
Ostm1,8405
Ostn,1423
Otc,4388
Otoa,9826
Otof,10542
Otog,12109
Otogl,8763
Otol1,2161
Otop1,5863
Otop2,3278
Otop3,4062
Otor,949
Otos,3574
Otp,3344
Ott,2212
Otub1,3947
Otub2,8763
Otud1,2832
Otud3,1668
Otud4,13868
Otud5,15053
Otud6a,873
Otud6b,7437
Otud7a,5566
Otud7b,10009
Otulin,2139
Otulinl,6157
Otx1,8407
Otx2,10560
Otx2os1,23393
Ovca2,3415
Ovch2,1953
Ovgp1,4015
Ovol1,3700
Ovol2,2480
Ovol3,731
Oxa1l,5801
Oxct1,4732
Oxct1as,17861
Oxct2a,1760
Oxct2b,1735
Oxgr1,3732
Oxld1,1185
Oxnad1,9963
Oxr1,13055
Oxsm,7563
Oxsr1,6471
Oxt,537
Oxtr,8425
P2rx1,4107
P2rx2,6640
P2rx3,4205
P2rx4,9493
P2rx5,2544
P2rx6,5044
P2rx7,10672
P2ry1,7898
P2ry10,5786
P2ry10b,7788
P2ry12,8851
P2ry13,2528
P2ry14,16957
P2ry2,11115
P2ry4,4434
P2ry6,3253
P3h1,11234
P3h2,4249
P3h3,7561
P3h4,2403
P3r3urf,385
P4ha1,6537
P4ha2,8500
P4ha3,4955
P4hb,3776
P4htm,5872
Pa2g4,4568
Pabir1,855
Pabir2,10539
Pabir3,1051
Pabpc1,8964
Pabpc1l,3456
Pabpc1l2a,2607
Pabpc1l2b,690
Pabpc2,2586
Pabpc4,8805
Pabpc4l,6442
Pabpc5,4677
Pabpc6,3223
Pabpn1,6431
Pabpn1l,1858
Pacc1,2246
Pacrg,1709
Pacs1,8904
Pacs2,11883
Pacsin1,12999
Pacsin2,9813
Pacsin3,7550
Padi1,3754
Padi2,5161
Padi3,4894
Padi4,5835
Padi6,2754
Paf1,6472
Pafah1b1,24057
Pafah1b1-ps1,1046
Pafah1b1-ps2,1223
Pafah1b2,10036
Pafah1b3,3591
Pafah2,5301
Pag1,13874
Pagr1a,2244
Pagr1b,693
Pah,3588
Paics,6020
Paip1,5477
Paip2,7478
Paip2b,7219
Pak1,5457
Pak1ip1,6454
Pak2,6827
Pak3,17142
Pak4,5025
Pak5,8732
Pak6,8473
Pakap,27442
Palb2,11218
Pald1,4914
Palld,11844
Palm,7198
Palm3,4757
Palmd,9061
Pals1,13184
Pals2,9049
Pam,17102
Pam16,2784
Pam16l,1019
Pamr1,6758
Pan2,13680
Pan3,26153
Panct2,14761
Pank1,11939
Pank2,9966
Pank3,7376
Pank4,6510
Pantr1,20821
Pantr2,9747
Panx1,6957
Panx2,6060
Panx3,4069
Paox,6146
Papln,6817
Papola,14144
Papolb,4239
Papolg,6105
Pappa,11027
Pappa2,11217
Papss1,4302
Papss2,5766
Paqr3,9112
Paqr4,2775
Paqr5,6861
Paqr6,3275
Paqr7,8281
Paqr8,12321
Paqr9,8367
Pard3,24630
Pard3b,14827
Pard3bos1,3869
Pard3bos2,770
Pard3bos3,862
Pard6a,6151
Pard6b,3399
Pard6g,3147
Parg,10661
Park7,4015
Parl,6623
Parm1,5068
Parn,6474
Parp1,7369
Parp10,7264
Parp11,12853
Parp12,4240
Parp14,11399
Parp16,7257
Parp2,5749
Parp3,7396
Parp4,7222
Parp6,11310
Parp8,10511
Parp9,6169
Parpbp,4203
Pars2,6383
Particl,1560
Parva,12181
Parvaos,2709
Parvb,4774
Parvg,5532
Pasd1,2994
Pask,12016
Pate1,2064
Pate10,351
Pate11,306
Pate12,519
Pate13,2401
Pate14,3045
Pate2,5943
Pate3,1329
Pate4,1072
Pate5,1135
Pate6,1334
Pate7,643
Pate8,330
Pate9,2348
Patj,15763
Patl1,5098
Patl2,2434
Patz1,11765
Paupar,3482
Pawr,2327
Pax1,4999
Pax1dt,1522
Pax2,12459
Pax3,8623
Pax4,2412
Pax5,9818
Pax6,22635
Pax6os1,7471
Pax7,6397
Pax8,7585
Pax9,9794
Paxbp1,7661
Paxip1,11647
Paxx,7744
Pbdc1,6774
Pbk,2057
Pbld1,5068
Pbld2,3208
Pbp2,1279
Pbrm1,15525
Pbsn,1237
Pbx1,17668
Pbx2,5342
Pbx3,8917
Pbx4,4172
Pbxip1,5386
Pcare,5015
Pcbd1,1069
Pcbd2,770
Pcbp1,1830
Pcbp2,12319
Pcbp3,5243
Pcbp4,9651
Pcca,7861
Pccb,3902
Pcdh1,12811
Pcdh10,26444
Pcdh11x,22001
Pcdh12,11769
Pcdh15,44554
Pcdh17,13311
Pcdh18,12764
Pcdh19,25383
Pcdh20,8603
Pcdh7,23844
Pcdh8,12598
Pcdh9,22848
Pcdha1,10025
Pcdha10,5359
Pcdha11,17574
Pcdha12,5335
Pcdha2,9858
Pcdha3,5332
Pcdha4,12238
Pcdha4b,2856
Pcdha5,5206
Pcdha6,13941
Pcdha7,5337
Pcdha8,5338
Pcdha9,5341
Pcdhac1,5419
Pcdhac2,5888
Pcdhb1,2588
Pcdhb10,2851
Pcdhb11,4419
Pcdhb12,3034
Pcdhb13,3710
Pcdhb14,8695
Pcdhb15,2801
Pcdhb16,5225
Pcdhb17,4660
Pcdhb18,5041
Pcdhb19,7138
Pcdhb2,3324
Pcdhb20,3559
Pcdhb21,4705
Pcdhb22,8875
Pcdhb3,3787
Pcdhb4,3718
Pcdhb5,3535
Pcdhb6,4410
Pcdhb7,3501
Pcdhb8,3796
Pcdhb9,3055
Pcdhga1,7939
Pcdhga10,4732
Pcdhga11,4756
Pcdhga12,9432
Pcdhga2,4689
Pcdhga3,4720
Pcdhga4,5524
Pcdhga5,4664
Pcdhga6,4733
Pcdhga7,7774
Pcdhga8,4730
Pcdhga9,7761
Pcdhgb1,8359
Pcdhgb2,7417
Pcdhgb4,8347
Pcdhgb5,9239
Pcdhgb6,4684
Pcdhgb7,4713
Pcdhgb8,4615
Pcdhgc3,9536
Pcdhgc4,8277
Pcdhgc5,11170
Pced1a,16238
Pced1b,4426
Pced1c-ps,751
Pcf11,9788
Pcgf1,2880
Pcgf2,5262
Pcgf3,10046
Pcgf5,14845
Pcgf6,7792
Pcid2,3720
Pcif1,7451
Pck1,5611
Pck2,17048
Pclaf,5322
Pclo,34983
Pcm1,8574
Pcmt1,7851
Pcmtd1,17490
Pcmtd2,10482
Pcna,3510
Pcna-ps1,738
Pcna-ps2,781
Pcnp,5664
Pcnt,14286
Pcnx1,20944
Pcnx2,12151
Pcnx3,13438
Pcnx4,4300
Pcolce,6812
Pcolce2,4685
Pcp2,4104
Pcp4,1595
Pcp4l1,1577
Pcsk1,6211
Pcsk1n,2193
Pcsk2,8409
Pcsk2os1,11620
Pcsk2os2,4469
Pcsk4,5875
Pcsk5,15399
Pcsk6,8739
Pcsk7,9762
Pcsk9,3521
Pctp,2723
Pcx,6465
Pcyox1,6804
Pcyox1l,3051
Pcyt1a,13013
Pcyt1b,5592
Pcyt2,7990
Pdap1,6442
Pdc,5923
Pdcd1,1933
Pdcd10,4039
Pdcd11,11687
Pdcd1lg2,2666
Pdcd2,3774
Pdcd2l,2280
Pdcd4,5293
Pdcd5,4060
Pdcd5-ps,381
Pdcd6,4641
Pdcd6ip,8905
Pdcd7,3250
Pdcl,6294
Pdcl2,1786
Pdcl3,5127
Pde10a,25817
Pde11a,6661
Pde12,7725
Pde1a,9200
Pde1b,7552
Pde1c,29567
Pde2a,11529
Pde3a,13535
Pde3b,10121
Pde4a,13185
Pde4b,16675
Pde4c,12294
Pde4d,17348
Pde4dip,21637
Pde5a,14606
Pde6a,4688
Pde6b,6726
Pde6c,3512
Pde6d,3718
Pde6g,3840
Pde6h,8651
Pde7a,12903
Pde7b,15558
Pde8a,4312
Pde8b,12154
Pde9a,7804
Pdf,2079
Pdgfa,5221
Pdgfb,5304
Pdgfc,7394
Pdgfd,6482
Pdgfra,14968
Pdgfrb,9870
Pdgfrl,3617
Pdha1,4074
Pdha2,2352
Pdhb,7388
Pdhx,4282
Pdia2,2770
Pdia3,3950
Pdia4,2746
Pdia5,3321
Pdia6,4528
Pdik1l,11052
Pdilt,2314
Pdk1,11297
Pdk2,3906
Pdk3,3037
Pdk4,3983
Pdlim1,6507
Pdlim2,7542
Pdlim3,6630
Pdlim4,3274
Pdlim5,12255
Pdlim7,8517
Pdp1,7139
Pdp2,5692
Pdpk1,16128
Pdpn,2173
Pdpr,6234
Pdrg1,4095
Pds5a,30311
Pds5b,18310
Pdss1,5812
Pdss2,8608
Pdx1,2158
Pdxdc1,11999
Pdxk,5529
Pdxk-ps,10927
Pdxp,2001
Pdyn,3193
Pdzd11,3874
Pdzd2,20414
Pdzd4,3970
Pdzd7,6588
Pdzd8,5982
Pdzd9,4385
Pdzk1,6195
Pdzk1ip1,4023
Pdzph1,4829
Pdzrn3,8812
Pdzrn4,6467
Pea15a,4822
Pea15b-ps,387
Peak1,15252
Peak1os,1264
Pear1,13547
Pebp1,2812
Pebp4,1079
Pecam1,8969
Pecr,2259
Peds1,5182
Pef1,2892
Peg10,6840
Peg12,2640
Peg13,4725
Peg3,16560
Peli1,7683
Peli2,13958
Peli3,8113
Pelo,1600
Pelp1,3826
Pemt,3066
Penk,2170
Pepd,4597
Per1,8265
Per2,5909
Per3,12708
Percc1,906
Perm1,3901
Perp,1952
Pes1,3401
Pet100,2756
Pet117,693
Pex1,14005
Pex10,5789
Pex11a,5091
Pex11b,6169
Pex11g,3920
Pex12,7554
Pex13,5324
Pex13-ps,1157
Pex14,6927
Pex16,2479
Pex19,6041
Pex2,7635
Pex26,13172
Pex3,6575
Pex39,762
Pex5,7899
Pex5l,13789
Pex6,5064
Pex7,13152
Pf4,1359
Pfas,14173
Pfdn1,1509
Pfdn2,2757
Pfdn4,3536
Pfdn5,3285
Pfdn6,2827
Pfkfb1,5109
Pfkfb2,15350
Pfkfb3,18890
Pfkfb4,8636
Pfkl,7856
Pfkm,4640
Pfkp,15906
Pfn1,4190
Pfn2,5550
Pfn3,545
Pfn4,7261
Pfn5,700
Pfpl,3918
Pga5,1932
Pgam1,2804
Pgam1-ps1,749
Pgam1-ps2,765
Pgam2,840
Pgam5,4438
Pgap1,17190
Pgap2,12063
Pgap3,4531
Pgap4,3991
Pgap6,8842
Pgbd1,10839
Pgbd5,6855
Pgc,1518
Pgcka1,4029
Pgd,7321
Pgf,4762
Pgghg,7551
Pggt1b,15646
Pgk1,3051
Pgk1-ps1,465
Pgk1-ps3,1201
Pgk1-rs7,1255
Pgk2,1626
Pgls,5451
Pglyrp1,2564
Pglyrp2,5906
Pglyrp3,1107
Pglyrp4,4120
Pgm1,2921
Pgm2,3575
Pgm2l1,13032
Pgm3,5719
Pgm5,4480
Pgp,5055
Pgpep1,7037
Pgpep1l,1190
Pgr,12576
Pgr15l,5379
Pgrmc1,1857
Pgrmc2,3603
Pgs1,6208
Phactr1,16077
Phactr2,12683
Phactr3,8657
Phactr4,8068
Phaf1,6980
Phax,2579
Phb1,3389
Phb2,4850
Phc1,10124
Phc2,10152
Phc3,21103
Pheta1,5038
Pheta2,6379
Phex,6939
Phf1,10485
Phf10,5737
Phf11,603
Phf11a,1354
Phf11b,1184
Phf11c,3459
Phf11d,6217
Phf12,8181
Phf13,3205
Phf14,18903
Phf19,8332
Phf2,5494
Phf20,14225
Phf20-ps,2886
Phf20l1,28478
Phf21a,16376
Phf21b,8312
Phf23,7296
Phf24,10139
Phf2os1,5421
Phf3,24104
Phf5a,2797
Phf6,9572
Phf7,9078
Phf8,13550
Phf8l,6610
Phgdh,2868
Phgdh-ps1,754
Phgr1,992
Phip,38262
Phka1,6399
Phka2,8170
Phkb,12498
Phkg1,7399
Phkg2,9118
Phlda1,2311
Phlda2,1496
Phlda3,2004
Phldb1,13615
Phldb2,11799
Phldb3,4048
Phlpp1,7013
Phlpp2,13779
Phospho1,2984
Phospho2,7734
Phox2a,2223
Phox2b,4190
Phpt1,1593
Phrf1,14364
Phtf1,11640
Phtf1os,4109
Phtf2,9647
Phxr2,1159
Phxr4,2767
Phyh,2212
Phyhd1,5602
Phyhip,3011
Phyhipl,13441
Phykpl,12373
Pi15,6923
Pi16,11681
Pi4k2a,11739
Pi4k2b,4742
Pi4ka,12910
Pi4kb,7355
Pianp,5283
Pias1,10099
Pias2,5076
Pias3,9403
Pias4,4822
Pibf1,11507
Picalm,26626
Pick1,13024
Pid1,10815
Pidd1,12310
Pierce1,1331
Pierce2,3785
Piezo1,13519
Piezo2,24010
Pif1,12583
Piga,14195
Pigb,16510
Pigbos1,3135
Pigc,10865
Pigf,988
Pigg,6009
Pigh,5592
Pigk,11956
Pigl,2456
Pigm,7554
Pign,21349
Pigo,6695
Pigp,3337
Pigq,15780
Pigr,4485
Pigs,2501
Pigt,5947
Pigu,10939
Pigv,4718
Pigw,4403
Pigx,5836
Pigyl,1371
Pigz,3121
Pih1d1,3604
Pih1d2,4947
Pik3ap1,5808
Pik3c2a,16138
Pik3c2b,10809
Pik3c2g,16065
Pik3c3,5358
Pik3ca,13502
Pik3cb,8741
Pik3cd,12588
Pik3cg,16252
Pik3ip1,8843
Pik3r1,13292
Pik3r2,5936
Pik3r3,6781
Pik3r4,15908
Pik3r5,7013
Pik3r6,4507
Pikfyve,22418
Pilra,4956
Pilrb1,3113
Pilrb2,3252
Pim1,7659
Pim2,3366
Pim3,2949
Pimreg,3637
Pin1,3843
Pin1rt1,1172
Pin4,825
Pin4-ps,395
Pinc,3400
Pink1,4216
Pinlyp,843
Pinx1,2993
Pip,3069
Pip4k2a,3803
Pip4k2b,5329
Pip4k2c,5915
Pip4p1,9959
Pip4p2,2339
Pip5k1a,11122
Pip5k1b,4501
Pip5k1bos,3618
Pip5k1c,11094
Pip5kl1,3748
Pipox,3039
Pir,6175
Pira1,3462
Pira12,2128
Pira13,2831
Pira2,3600
Pira2-ps1,1881
Pira2-ps2,2037
Pirb,7675
Pirt,4200
Pisd,14427
Pisd-ps1,1235
Pisd-ps2,1175
Pisrt1,515
Pithd1,3783
Pitpna,4959
Pitpnb,3851
Pitpnc1,6922
Pitpnm1,11111
Pitpnm2,20571
Pitpnm2os1,2581
Pitpnm2os2,4509
Pitpnm3,11000
Pitrm1,6493
Pitx1,3095
Pitx2,12373
Pitx3,1994
Piwil1,4983
Piwil2,5644
Piwil4,6903
Pja1,11859
Pja2,12088
Pjvk,1968
Pkd1,22309
Pkd1l1,8601
Pkd1l2,9134
Pkd1l3,7982
Pkd2,11328
Pkd2l1,4662
Pkd2l2,6098
Pkdcc,3685
Pkdrej,7065
Pkhd1,14545
Pkhd1l1,21256
Pkia,4207
Pkib,18380
Pkig,6845
Pklr,4745
Pkm,7377
Pkmyt1,6739
Pkn1,12928
Pkn2,16223
Pkn3,6361
Pknox1,12432
Pknox2,14797
Pkp1,6990
Pkp2,6110
Pkp3,6667
Pkp4,11321
Pla1a,2187
Pla2g10,2845
Pla2g10os,2338
Pla2g12a,5168
Pla2g12b,1729
Pla2g15,5287
Pla2g1b,1415
Pla2g2a,941
Pla2g2c,4685
Pla2g2d,3121
Pla2g2e,1126
Pla2g2f,2465
Pla2g3,6825
Pla2g4a,7603
Pla2g4b,8712
Pla2g4c,5622
Pla2g4c-ps,1364
Pla2g4d,3688
Pla2g4e,8173
Pla2g4f,4319
Pla2g5,6168
Pla2g6,8251
Pla2g7,3829
Pla2r1,11326
Plaa,8398
Plaat1,3977
Plaat3,8462
Plaat5,2491
Plac1,3005
Plac8,2459
Plac8l1,1218
Plac9,2092
Plag1,9540
Plagl1,16158
Plagl2,10683
Plat,6799
Platr1,3698
Platr10,7906
Platr11,21327
Platr12,17070
Platr13,375
Platr14,15603
Platr15,768
Platr16,9092
Platr19,1545
Platr20,28844
Platr21,11662
Platr22,23786
Platr23,2615
Platr25,11281
Platr26,16746
Platr27,4381
Platr28,3668
Platr29,4286
Platr3,2288
Platr30,3189
Platr31,1466
Platr32,394
Platr4,84593
Platr5,2880
Platr6,7659
Platr7,14142
Platr8,2186
Platr9,2409
Plau,2655
Plaur,5197
Plb1,13652
Plbd1,3703
Plbd2,8791
Plcb1,16394
Plcb2,10449
Plcb3,10688
Plcb4,11669
Plcd1,3626
Plcd3,4572
Plcd4,8943
Plce1,21770
Plcg1,11730
Plcg2,4298
Plch1,24301
Plch2,21403
Plcl1,6796
Plcl2,8414
Plcxd1,7036
Plcxd2,7140
Plcxd3,6063
Plcz1,3394
Pld1,17899
Pld2,7820
Pld3,4595
Pld4,4580
Pld5,14709
Pld6,2701
Pldi,4787
Plec,37433
Plek,7187
Plek2,1583
Plekha1,14820
Plekha2,8224
Plekha3,3170
Plekha4,8716
Plekha5,12439
Plekha6,21321
Plekha7,18796
Plekha8,7255
Plekhb1,9359
Plekhb2,8472
Plekhd1,4850
Plekhd1os,4811
Plekhf1,5263
Plekhf2,3645
Plekhg1,15941
Plekhg2,12383
Plekhg3,19588
Plekhg4,8651
Plekhg5,8682
Plekhg6,3299
Plekhh1,10162
Plekhh2,8463
Plekhh3,6151
Plekhj1,5712
Plekhm1,6426
Plekhm2,6256
Plekhm3,14187
Plekhn1,7616
Plekho1,3848
Plekho2,12482
Plekhs1,6778
Plet1,2167
Plet1os,10406
Plg,3909
Plgrkt,6413
Plin1,6362
Plin2,5239
Plin3,3842
Plin4,9714
Plin5,3137
Plk-ps1,1787
Plk1,3240
Plk2,7371
Plk3,3828
Plk4,11826
Plk5,3527
Pllp,3078
Pln,7763
Plod1,8068
Plod2,7409
Plod3,7048
Plp1,8196
Plp2,2878
Plp2rt,1030
Plpbp,20628
Plpp1,2354
Plpp2,3302
Plpp3,3159
Plpp4,2801
Plpp5,9925
Plpp6,2859
Plpp7,4020
Plppr1,8009
Plppr2,4968
Plppr3,8381
Plppr4,11079
Plppr5,5719
Plrg1,3931
Pls1,4124
Pls3,6930
Plscr1,3598
Plscr1l1,2504
Plscr2,4254
Plscr3,4725
Plscr4,4349
Plscr5,1191
Pltp,3993
Plut,3507
Plvap,1987
Plxdc1,6822
Plxdc2,9160
Plxna1,9979
Plxna2,20175
Plxna3,12295
Plxna4,14304
Plxna4os1,2742
Plxna4os2,2044
Plxna4os3,1659
Plxnb1,11111
Plxnb2,10348
Plxnb3,9008
Plxnc1,8882
Plxnd1,8218
Pm20d1,8334
Pm20d2,2492
Pmaip1,6117
Pmch,749
Pmel,2629
Pmepa1,6225
Pmepa1os,3761
Pmf1,5672
Pmfbp1,3593
Pmis2,1224
Pml,15624
Pmm1,4957
Pmm2,6449
Pmp2,1408
Pmp22,4503
Pmpca,5317
Pmpcb,6417
Pms1,9410
Pms2,11931
Pmvk,3133
Pnck,2938
Pnisr,18205
Pnkd,12918
Pnkp,8482
Pnldc1,3878
Pnlip,2409
Pnliprp1,3335
Pnliprp2,1572
Pnma1,2359
Pnma2,9859
Pnma3,3405
Pnma5,6352
Pnma6e,2298
Pnma8a,4090
Pnma8b,4147
Pnma8c,5067
Pnmt,1399
Pnn,6969
Pno1,1929
Pnoc,3395
Pnp,4355
Pnp2,1705
Pnpla1,5391
Pnpla1os,4514
Pnpla2,6988
Pnpla3,1616
Pnpla5,2611
Pnpla6,13953
Pnpla7,10807
Pnpla8,19872
Pnpo,3485
Pnpt1,4432
Pnrc1,3095
Pnrc2,2515
Poc1a,5330
Poc1b,7339
Poc5,7526
Podn,8243
Podnl1,4985
Podxl,5723
Podxl2,8925
Pof1b,3886
Pofut1,18635
Pofut2,11040
Pogk,17288
Poglut1,7045
Poglut2,5963
Poglut3,3827
Pogz,18174
Pola1,10000
Pola2,12710
Polb,4116
Pold1,7413
Pold2,2698
Pold3,7534
Pold4,1987
Poldip2,5088
Poldip3,9297
Pole,13716
Pole2,3521
Pole3,2422
Pole4,3711
Polg,18202
Polg2,6250
Polh,7263
Poli,10286
Polk,7288
Poll,2324
Polm,6841
Poln,6631
Polq,13832
Polr1a,15696
Polr1b,6668
Polr1c,3501
Polr1d,6016
Polr1e,5767
Polr1f,5565
Polr1g,2728
Polr1h,1958
Polr1has,2849
Polr2a,9265
Polr2b,5535
Polr2c,6787
Polr2d,1540
Polr2d-ps1,416
Polr2e,4808
Polr2f,3875
Polr2g,1759
Polr2h,2483
Polr2i,3063
Polr2j,1580
Polr2k,927
Polr2k-ps,175
Polr2l,1650
Polr2m,4469
Polr3a,7665
Polr3b,5964
Polr3c,5863
Polr3d,4846
Polr3e,6534
Polr3f,9663
Polr3g,6842
Polr3gl,2656
Polr3h,7917
Polr3k,3422
Polrmt,9303
Pom121,5580
Pom121l12,1039
Pom121l2,4903
Pomc,3141
Pomgnt1,9033
Pomgnt2,8952
Pomk,3613
Pomp,6289
Pomt1,9400
Pomt2,9886
Pon1,3315
Pon2,7827
Pon3,4126
Pop1,5786
Pop4,4465
Pop5,3829
Pop7,1869
Popdc1,4862
Popdc2,4594
Popdc3,3287
Por,5066
Porcn,5152
Postn,12088
Pot1a,10087
Pot1b,5905
Potefam1,10883
Potefam2,254
Potefam3a,2522
Potefam3b,2522
Potefam3c,2512
Potefam3d,2507
Potefam3e,2514
Potefam3f,2088
Pou1f1,4842
Pou2af1,3897
Pou2af2,1809
Pou2af3,1545
Pou2f1,21949
Pou2f2,10502
Pou2f3,4060
Pou2f3-rs1,1046
Pou3f1,3849
Pou3f2,5587
Pou3f3,14739
Pou3f4,2928
Pou4f1,5244
Pou4f2,3204
Pou4f3,4535
Pou5f1,2682
Pou5f1-rs11,943
Pou5f1-rs13,463
Pou5f1-rs3,774
Pou5f1-rs4,1043
Pou5f1-rs5,380
Pou5f1-rs6,316
Pou5f1-rs8,1064
Pou5f2,1394
Pou6f1,12536
Pou6f2,8981
Pp2d1,2476
Ppa1,3432
Ppa2,10932
Ppan,8130
Ppara,6054
Ppard,11263
Pparg,4146
Ppargc1a,8415
Ppargc1b,4375
Ppat,8018
Ppbp,1083
Ppcdc,10904
Ppcs,2308
Ppdpf,3598
Ppef1,3202
Ppef2,3831
Ppfia1,19116
Ppfia2,14421
Ppfia3,13477
Ppfia4,14852
Ppfibp1,15484
Ppfibp2,12183
Pphln1,8302
Pphln1-ps1,2536
Ppia,6199
Ppib,3754
Ppic,1403
Ppid,6100
Ppie,2179
Ppif,6819
Ppifos,2106
Ppig,9940
Ppih,2333
Ppihl,1409
Ppil1,7017
Ppil2,8993
Ppil3,6066
Ppil4,7236
Ppil6,1735
Ppip5k1,19350
Ppip5k2,15452
Ppl,7161
Ppm1a,15836
Ppm1b,6808
Ppm1d,3312
Ppm1e,6891
Ppm1f,5008
Ppm1g,7095
Ppm1h,12384
Ppm1j,2131
Ppm1k,6319
Ppm1l,11196
Ppm1m,3623
Ppm1n,3514
Ppme1,4605
Ppnr,3525
Ppox,8354
Ppp1ca,4881
Ppp1cb,12585
Ppp1cc,7414
Ppp1ccb,14700
Ppp1r10,9032
Ppp1r11,2558
Ppp1r12a,9940
Ppp1r12b,20891
Ppp1r12c,8712
Ppp1r13b,5815
Ppp1r13l,4327
Ppp1r14a,1591
Ppp1r14b,3506
Ppp1r14bl,1781
Ppp1r14c,3043
Ppp1r14d,1460
Ppp1r15a,5531
Ppp1r15b,6161
Ppp1r16a,8730
Ppp1r16b,9182
Ppp1r17,1757
Ppp1r18,11746
Ppp1r18os,3263
Ppp1r1a,1762
Ppp1r1b,5405
Ppp1r1c,8185
Ppp1r2,4755
Ppp1r2-ps1,1320
Ppp1r2-ps2,635
Ppp1r2-ps3,618
Ppp1r2-ps4,633
Ppp1r2-ps5,2690
Ppp1r2-ps6,822
Ppp1r2-ps7,609
Ppp1r21,5768
Ppp1r26,11983
Ppp1r27,771
Ppp1r35,1586
Ppp1r36,4412
Ppp1r36dn,10863
Ppp1r37,4807
Ppp1r3a,6965
Ppp1r3b,14720
Ppp1r3c,2725
Ppp1r3d,3267
Ppp1r3e,5478
Ppp1r3f,9174
Ppp1r3g,3090
Ppp1r42,2137
Ppp1r7,10885
Ppp1r8,3896
Ppp1r9a,25876
Ppp1r9b,5363
Ppp2ca,7668
Ppp2cb,1469
Ppp2r1a,5552
Ppp2r1b,9587
Ppp2r2a,7623
Ppp2r2b,6170
Ppp2r2c,4791
Ppp2r2cos,1996
Ppp2r2d,8469
Ppp2r3a,17449
Ppp2r3c,6384
Ppp2r3d,12607
Ppp2r5a,10551
Ppp2r5b,4338
Ppp2r5c,10239
Ppp2r5d,5183
Ppp2r5e,8039
Ppp3ca,11465
Ppp3cb,14224
Ppp3cc,3732
Ppp3r1,3590
Ppp3r2,3026
Ppp4c,8116
Ppp4r1,9895
Ppp4r1l-ps,52615
Ppp4r2,9621
Ppp4r3a,20093
Ppp4r3b,7358
Ppp4r3c-ps,2445
Ppp4r3c1,2617
Ppp4r3c2,3093
Ppp4r4,4968
Ppp5c,5791
Ppp6c,6502
Ppp6r1,7116
Ppp6r2,13111
Ppp6r3,14592
Pprc1,8814
Ppt1,5736
Ppt2,5838
Pptc7,6244
Ppwd1,6847
Ppy,659
Pqbp1,2638
Pradc1,4982
Praf2,1339
Prag1,12137
Pram1,3066
Prame62,1225
Pramel1,2794
Pramel11,1981
Pramel12,5399
Pramel13,3148
Pramel13os,2358
Pramel14,1847
Pramel15,1461
Pramel16,1693
Pramel17,1976
Pramel18,1555
Pramel19,1552
Pramel20,2095
Pramel21,2484
Pramel22,1827
Pramel23,1807
Pramel24,2106
Pramel25,2987
Pramel26,2687
Pramel27,2941
Pramel28,2067
Pramel29,2961
Pramel30,1841
Pramel31,2094
Pramel32,3431
Pramel33,2886
Pramel34,5812
Pramel35,3616
Pramel36,1848
Pramel37,1597
Pramel38,2141
Pramel39-ps,2753
Pramel3a,3698
Pramel3b,6184
Pramel3c,3963
Pramel3d,3698
Pramel3e,3698
Pramel4,7005
Pramel40,1581
Pramel41,1528
Pramel42,3031
Pramel43,1848
Pramel44,1526
Pramel45,1838
Pramel46,1848
Pramel47,2504
Pramel48,4026
Pramel49,1848
Pramel5,3060
Pramel50,1897
Pramel51,6687
Pramel52-ps,4950
Pramel53,1737
Pramel54,1737
Pramel55,2118
Pramel56,3037
Pramel57,4350
Pramel58,1428
Pramel59,1428
Pramel6,3585
Pramel60,2525
Pramel61,1651
Pramel7,3810
Pramex1,2267
Pramex2,1383
Prap1,620
Prb1a,1621
Prb1b,1298
Prb1c,1240
Prb3-ps,1111
Prc1,15348
Prcc,2099
Prcd,2507
Prcp,7390
Prdm1,8579
Prdm10,11882
Prdm11,14539
Prdm12,2471
Prdm13,8608
Prdm14,2564
Prdm15,21389
Prdm16,15336
Prdm16os,3542
Prdm2,7812
Prdm4,9873
Prdm5,11257
Prdm6,4691
Prdm8,7419
Prdm9,5795
Prdx1,4089
Prdx1-ps,588
Prdx2,5276
Prdx2-ps1,597
Prdx2-ps2,594
Prdx3,1478
Prdx4,2461
Prdx5,4002
Prdx6,9135
Prdx6-ps2,694
Prdx6b,2885
Preb,13043
Prelid1,3622
Prelid2,1602
Prelid3a,4308
Prelid3b,3169
Prelp,4438
Prep,10933
Prepl,7143
Prex1,13157
Prex2,20594
Prf1,4442
Prg2,838
Prg3,1102
Prg4,5456
Prh1,993
Prickle1,4529
Prickle2,15979
Prickle3,7330
Prickle4,2608
Prim1,5321
Prim2,6100
Prima1,1676
Primpol,9272
Prkaa1,7965
Prkaa2,7969
Prkab1,6912
Prkab2,15234
Prkaca,2791
Prkaca-ps1,919
Prkacb,15375
Prkag1,2836
Prkag2,8823
Prkag2os1,2009
Prkag2os2,1432
Prkag3,4373
Prkar1a,4558
Prkar1b,7770
Prkar2a,7487
Prkar2b,6536
Prkca,10862
Prkcb,10222
Prkcd,10219
Prkce,10365
Prkcg,4511
Prkch,10271
Prkci,5765
Prkcq,9139
Prkcsh,5212
Prkcz,8905
Prkcz2,1756
Prkd1,3653
Prkd2,7113
Prkd3,15502
Prkdc,13535
Prkg1,14533
Prkg2,7520
Prkn,13184
Prkra,2107
Prkrip1,4900
Prkx,6352
Prl,2689
Prl2a1,884
Prl2b1,1190
Prl2c1,1066
Prl2c2,2030
Prl2c3,2389
Prl2c5,1717
Prl3a1,2133
Prl3b1,1311
Prl3c1,1569
Prl3d1,1356
Prl3d2,1240
Prl3d3,1243
Prl4a1,876
Prl5a1,1061
Prl6a1,1159
Prl7a1,2343
Prl7a2,1277
Prl7b1,925
Prl7c1,1016
Prl7d1,4440
Prl8a1,2131
Prl8a2,1878
Prl8a6,2041
Prl8a8,2124
Prl8a9,942
Prlh,276
Prlhr,1573
Prlr,22661
Prm1,721
Prm2,1295
Prm3,410
Prmt1,6309
Prmt2,6371
Prmt3,7525
Prmt5,5504
Prmt6,8560
Prmt7,7316
Prmt8,2724
Prmt9,8097
Prn,5254
Prnd,6489
Prnp,2405
Prob1,8419
Proc,4202
Proca1,5076
Procr,3771
Prodh,10735
Prodh2,4665
Prok1,6800
Prok2,3871
Prokr1,8282
Prokr2,11677
Prol1,1163
Prom1,11504
Prom2,7742
Prop1,2103
Prorp,8779
Prorsd1,3044
Pros1,4582
Proscos,3067
Proser1,8286
Proser2,11615
Proser3,5818
Prox1,10152
Prox1os,41098
Prox2,6285
Prox2os,4912
Proz,7220
Prp2,1074
Prpf18,7863
Prpf19,9878
Prpf3,8451
Prpf31,8849
Prpf38a,6450
Prpf38b,14844
Prpf39,15699
Prpf4,6016
Prpf40a,14262
Prpf40b,9536
Prpf4b,14132
Prpf6,4810
Prpf8,8534
Prph,4377
Prph2,4049
Prps1,2177
Prps1l1,1676
Prps1l3,1720
Prps2,4114
Prpsap1,6637
Prpsap2,2866
Prr11,3824
Prr12,8043
Prr13,3848
Prr14,8512
Prr14l,13315
Prr15,3585
Prr15l,7482
Prr16,5439
Prr18,7120
Prr19,1240
Prr22,3309
Prr23a1,883
Prr23a2,881
Prr23a3,1817
Prr23a4,1504
Prr27,1337
Prr29,3568
Prr3,5704
Prr30,3915
Prr32,1110
Prr33,3889
Prr35,2539
Prr36,5740
Prr5,2992
Prr5l,7918
Prr7,1359
Prr9,1183
Prrc1,16495
Prrc2a,9257
Prrc2b,17491
Prrc2c,27961
Prrg1,14827
Prrg2,5723
Prrg3,9446
Prrg4,3410
Prrt1,2806
Prrt1b,1091
Prrt2,7713
Prrt3,10958
Prrt4,3411
Prrx1,15969
Prrx2,3314
Prss1,805
Prss12,2602
Prss16,6579
Prss1l,798
Prss2,815
Prss21,2695
Prss22,1324
Prss23,8197
Prss23os,5687
Prss27,1253
Prss28,1457
Prss29,1959
Prss3,822
Prss30,5212
Prss32,3277
Prss33,2551
Prss34,2704
Prss35,3444
Prss36,4792
Prss37,1224
Prss38,1243
Prss39,1658
Prss3b,2142
Prss3l,876
Prss40,3078
Prss41,3561
Prss42,1584
Prss43,2327
Prss44,4775
Prss45,1701
Prss46,2041
Prss47,2578
Prss48,949
Prss50,1861
Prss51,2330
Prss52,1064
Prss53,2432
Prss54,4938
Prss55,1942
Prss56,2180
Prss57,6168
Prss58,979
Prss59,2866
Prss8,2521
Prtg,9665
Prtn3,2824
Prune1,3821
Prune2,23605
Prx,22781
Prxl2a,4350
Prxl2b,1419
Prxl2c,7728
Psap,3851
Psapl1,2548
Psat1,6958
Psca,860
Psd,12990
Psd2,12220
Psd3,30669
Psd4,17369
Psen1,6515
Psen2,7305
Psenen,2878
Psenen-ps,306
Psg-ps1,2227
Psg16,6860
Psg17,2100
Psg18,4672
Psg19,4858
Psg20,1871
Psg21,4777
Psg22,2409
Psg23,2179
Psg25,3109
Psg26,2086
Psg27,1942
Psg28,1949
Psg29,5445
Psip1,7281
Pskh1,3255
Psma1,3684
Psma2,3927
Psma3,6255
Psma4,3509
Psma5,1539
Psma5-ps,952
Psma6,1906
Psma7,4413
Psma8,4775
Psmb1,6178
Psmb10,4048
Psmb11,4818
Psmb2,1634
Psmb3,2560
Psmb4,2659
Psmb5,1521
Psmb5-ps,798
Psmb6,3107
Psmb6-ps,713
Psmb6-ps2,705
Psmb7,3560
Psmb7-ps2,820
Psmb8,5327
Psmb9,6989
Psmc1,2458
Psmc2,5482
Psmc3,4873
Psmc3ip,3047
Psmc4,3841
Psmc5,1604
Psmc6,5337
Psmd1,8502
Psmd10,1693
Psmd11,10333
Psmd12,3124
Psmd13,6754
Psmd14,3876
Psmd2,6610
Psmd3,7723
Psmd4,6767
Psmd5,9235
Psmd6,4564
Psmd7,2441
Psmd8,5280
Psmd9,7984
Psme1,6549
Psme2,3518
Psme2b,837
Psme3,3698
Psme3ip1,7499
Psme4,9159
Psmf1,10339
Psmg1,1789
Psmg2,2060
Psmg3,3780
Psmg4,743
Psors1c2,843
Pspc1,6270
Psph,6425
Pspn,474
Psrc1,8549
Pstk,11158
Pstpip1,5764
Pstpip2,2340
Ptafr,3637
Ptar1,16534
Ptbp1,12195
Ptbp2,13843
Ptbp3,18877
Ptcd1,3360
Ptcd2,1704
Ptcd3,10317
Ptch1,25815
Ptch2,8111
Ptchd1,5263
Ptchd1as,1418
Ptchd3,3602
Ptchd4,5996
Ptcra,1283
Ptdss1,6881
Ptdss2,8063
Pten,12959
Pter,8283
Ptf1a,1508
Ptf1aos,916
Ptgdr,3187
Ptgdr2,2644
Ptgds,2650
Ptger1,9052
Ptger2,6335
Ptger3,7696
Ptger4,7588
Ptges,5256
Ptges2,5793
Ptges3,3509
Ptges3-ps,480
Ptges3l,2407
Ptgfr,8438
Ptgfrn,10967
Ptgir,6030
Ptgis,3134
Ptgr1,2296
Ptgr2,8264
Ptgr3,5219
Ptgs1,5933
Ptgs2,4694
Ptgs2os,9674
Ptgs2os2,7813
Pth,710
Pth1r,4697
Pth2,984
Pth2r,2617
Pthlh,2341
Ptk2,15059
Ptk2b,11671
Ptk6,3689
Ptk7,5769
Ptma,2945
Ptma-ps1,309
Ptma-ps2,306
Ptms,3002
Ptn,3881
Ptov1,8792
Ptp4a1,13688
Ptp4a2,8556
Ptp4a3,12172
Ptpa,14120
Ptpdc1,8106
Ptpmt1,5229
Ptpn1,6072
Ptpn11,15711
Ptpn12,6146
Ptpn13,14238
Ptpn14,18515
Ptpn18,7544
Ptpn2,4048
Ptpn20,4106
Ptpn21,11529
Ptpn22,8593
Ptpn23,6992
Ptpn3,7737
Ptpn4,14893
Ptpn5,10632
Ptpn6,5006
Ptpn7,9664
Ptpn9,5891
Ptpra,13486
Ptprb,14235
Ptprc,26950
Ptprcap,2009
Ptprd,32593
Ptpre,11764
Ptprf,13724
Ptprg,14259
Ptprh,5104
Ptprj,8882
Ptprjos1,8855
Ptprk,16372
Ptprm,10190
Ptprn,4990
Ptprn2,9655
Ptpro,10031
Ptprq,7870
Ptprr,8598
Ptprs,22192
Ptprt,18521
Ptprtos,630
Ptpru,8648
Ptprv,9319
Ptprz1,20478
Ptrh1,1938
Ptrh2,3132
Ptrhd1,3840
Pts,11605
Pttg1,4741
Pttg1ip,6237
Pttg1ip2,1419
Ptx3,3084
Ptx4,4155
Pudp,2482
Puf60,6085
Pum1,9526
Pum2,18592
Pum3,13728
Pura,5957
Purb,8319
Purg,2859
Pus1,3205
Pus10,5664
Pus3,5765
Pus7,12018
Pus7l,3752
Pusl1,3983
Pvalb,1687
Pvr,7227
Pvrig,1080
Pvrig-ps,204
Pvt1,81916
Pwp1,3648
Pwp2,3872
Pwwp2a,8118
Pwwp2b,9705
Pwwp3a,19199
Pwwp3b,10450
Pwwp4-ps,2403
Pwwp4a,2864
Pwwp4b,2862
Pwwp4c,2861
Pwwp4d,2857
Pxdc1,5621
Pxdn,18156
Pxk,6225
Pxmp2,2135
Pxmp4,3286
Pxn,15762
Pxt1,2025
Pxylp1,12074
Pycard,4236
Pycr1,4702
Pycr2,5785
Pycr3,1339
Pygb,5603
Pygl,7974
Pygm,4567
Pygo1,7916
Pygo2,5390
Pym1,3269
Pyroxd1,8220
Pyroxd2,5901
Pyurf,3573
Pyy,1262
Pzp,6896
Qars1,16786
Qdpr,4607
Qki,24392
Qng1,3051
Qpct,3623
Qpctl,4845
Qprt,3010
Qrfp,2927
Qrfpr,3904
Qrfprl,3850
Qrich1,13919
Qrich2,8303
Qrsl1,5046
Qser1,9288
Qsox1,13490
Qsox2,5605
Qtrt1,4487
Qtrt2,7324
R3hcc1,4002
R3hcc1l,9083
R3hdm1,38741
R3hdm2,14170
R3hdm4,7066
R3hdml,1094
R74862,8962
Rab10,3513
Rab10os,70949
Rab11a,5409
Rab11b,9189
Rab11b-ps2,654
Rab11bos1,5547
Rab11fip1,14093
Rab11fip2,9468
Rab11fip3,14463
Rab11fip4,7609
Rab11fip4os1,2547
Rab11fip4os2,3378
Rab11fip5,9635
Rab12,3687
Rab13,2874
Rab14,19264
Rab15,5968
Rab17,3999
Rab18,8383
Rab19,1575
Rab1a,7538
Rab1b,3226
Rab20,1392
Rab21,5445
Rab22a,14026
Rab23,20640
Rab24,5341
Rab25,2673
Rab26,4971
Rab26os,1190
Rab27a,7659
Rab27b,12528
Rab28,5849
Rab29,2832
Rab2a,2133
Rab2b,9982
Rab30,12301
Rab31,3948
Rab32,2933
Rab33a,1158
Rab33b,4822
Rab34,5393
Rab35,3485
Rab36,12348
Rab37,5641
Rab38,2156
Rab39,2971
Rab39b,3401
Rab3a,4235
Rab3b,5299
Rab3c,14287
Rab3d,8548
Rab3gap1,13563
Rab3gap2,13652
Rab3il1,11726
Rab3ip,4339
Rab40b,2760
Rab40c,6688
Rab42,761
Rab43,8243
Rab44,7055
Rab4a,2337
Rab4b,4411
Rab5a,5592
Rab5a-ps,653
Rab5b,4396
Rab5c,3814
Rab5if,4237
Rab6a,4535
Rab6b,5563
Rab7,7113
Rab7-ps1,622
Rab7b,6412
Rab8a,5016
Rab8b,4733
Rab9,2659
Rab9b,3980
Rab9b-ps1,606
Rabac1,2906
Rabep1,11149
Rabep2,7735
Rabepk,5767
Rabgap1,15808
Rabgap1l,25982
Rabgef1,8050
Rabggta,6771
Rabggtb,5983
Rabif,2861
Rabl2,6044
Rabl3,8308
Rabl6,10029
Rac1,6397
Rac2,3633
Rac3,1628
Racgap1,11721
Rack1,8080
Rad1,10851
Rad17,9771
Rad18,9500
Rad21,4232
Rad21l,1764
Rad23a,4669
Rad23b,6810
Rad50,6667
Rad51,10529
Rad51ap1,7597
Rad51ap2,3175
Rad51b,4246
Rad51c,6099
Rad51d,6697
Rad52,10814
Rad54b,6796
Rad54l,9745
Rad54l2,12774
Rad9a,5280
Rad9b,5589
Radil,7831
Radx,4892
Rae1,3442
Raet1d,1441
Raet1e,2676
Raf1,9744
Rag1,6608
Rag2,5281
Rai1,17366
Rai14,9263
Rai2,4369
Rala,2988
Ralb,5258
Ralbp1,7476
Ralgapa1,17619
Ralgapa2,23951
Ralgapb,17482
Ralgds,11551
Ralgps1,13895
Ralgps2,21666
Raly,6424
Ralyl,6534
Ramac,2993
Ramacl,3560
Ramp1,3216
Ramp2,5618
Ramp3,2433
Ran,2862
Ranbp1,2469
Ranbp10,6622
Ranbp17,9368
Ranbp2,12516
Ranbp2-ps1,403
Ranbp2-ps10,385
Ranbp2-ps11,387
Ranbp2-ps12,386
Ranbp2-ps2,370
Ranbp2-ps3,388
Ranbp2-ps4,385
Ranbp2-ps5,379
Ranbp2-ps6,381
Ranbp2-ps7,384
Ranbp2-ps8,345
Ranbp2-ps9,382
Ranbp3,9687
Ranbp3l,7480
Ranbp6,5492
Ranbp9,7790
Rangap1,7905
Rangrf,3181
Rap1a,3702
Rap1a-ps2,559
Rap1b,3080
Rap1gap,10013
Rap1gap2,19697
Rap1gapos,1230
Rap1gds1,13629
Rap2a,4191
Rap2b,6793
Rap2c,3545
Rapgef1,15320
Rapgef2,18600
Rapgef3,13376
Rapgef3os1,483
Rapgef3os2,920
Rapgef4,9472
Rapgef4os1,1578
Rapgef4os2,2116
Rapgef4os3,3485
Rapgef5,14435
Rapgef6,18292
Rapgefl1,7848
Raph1,22212
Rapsn,2927
Rara,5694
Rarb,8682
Rarg,6011
Rarres1,1325
Rarres2,3609
Rars1,3959
Rars2,3678
Rasa1,9655
Rasa2,17443
Rasa3,7603
Rasa4,10663
Rasal1,4677
Rasal2,14868
Rasal3,10375
Rasd1,1611
Rasd2,3829
Rasef,5913
Rasgef1a,5018
Rasgef1b,15607
Rasgef1c,5125
Rasgrf1,12388
Rasgrf2,8327
Rasgrp1,6173
Rasgrp2,18613
Rasgrp3,6381
Rasgrp4,10008
Rasip1,3202
Rasl10a,1678
Rasl10b,9242
Rasl11a,2481
Rasl11b,3728
Rasl12,8824
Rasl2-9,1013
Rassf1,8822
Rassf10,3496
Rassf2,16180
Rassf3,3907
Rassf4,10282
Rassf5,4351
Rassf6,5649
Rassf7,6758
Rassf8,7523
Rassf9,9047
Raver1,3470
Raver2,6924
Rax,10720
Raxos1,3467
Rb1,6796
Rb1cc1,22528
Rbak,7622
Rbakdn,7255
Rbbp4,9742
Rbbp5,8757
Rbbp6,19307
Rbbp7,4343
Rbbp8,16306
Rbbp8nl,2319
Rbbp9,2662
Rbck1,6389
Rbfa,1786
Rbfaos,5989
Rbfox1,14174
Rbfox2,14430
Rbfox3,8859
Rbis,2486
Rbks,1516
Rbl1,7050
Rbl2,13007
Rbm10,5364
Rbm11,6219
Rbm12,8697
Rbm12b1,7129
Rbm12b2,6424
Rbm14,7043
Rbm15,10310
Rbm15b,7193
Rbm17,3703
Rbm18,7588
Rbm19,10149
Rbm20,9039
Rbm22,6648
Rbm24,4668
Rbm25,21515
Rbm26,9761
Rbm27,13416
Rbm28,7041
Rbm3,10901
Rbm3-ps,465
Rbm31y,1955
Rbm33,17270
Rbm34,5870
Rbm38,9630
Rbm39,15919
Rbm3os,2903
Rbm4,7788
Rbm41,12250
Rbm42,2954
Rbm43,5379
Rbm44,7567
Rbm45,1898
Rbm46,3141
Rbm46os,16186
Rbm47,17568
Rbm48,3885
Rbm4b,18844
Rbm5,23875
Rbm6,18665
Rbm6-ps1,2870
Rbm6-ps2,1534
Rbm7,8239
Rbm8a,6431
Rbm8a2,1338
Rbms1,7305
Rbms2,5285
Rbms3,18842
Rbmx,7710
Rbmx2,2179
Rbmx2-ps,930
Rbmxl1,3317
Rbmxl2,1472
Rbmy,2451
Rbmyf1,1561
Rbmyf2,2979
Rbmyf3,2341
Rbmyf4,576
Rbmyf5,2002
Rbmyf6,2002
Rbmyf7,2319
Rbmyf8,2877
Rbmyf9,2002
Rbp1,2652
Rbp2,1815
Rbp3,5295
Rbp4,2100
Rbp7,1101
Rbpj,20512
Rbpj-ps1,1006
Rbpj-ps3,1441
Rbpjl,7326
Rbpms,12789
Rbpms2,4946
Rbsn,10491
Rbx1,6247
Rbx1-ps,327
Rc3h1,12420
Rc3h2,29954
Rcan1,8378
Rcan2,10551
Rcan3,5898
Rcbtb1,8963
Rcbtb2,18245
Rcc1,5769
Rcc1l,3246
Rcc2,4577
Rccd1,15773
Rce1,6174
Rchy1,5043
Rcl1,2586
Rcn1,4488
Rcn2,7089
Rcn3,4049
Rcor1,7286
Rcor2,4719
Rcor3,23492
Rcsd1,13427
Rcvrn,1040
Rd3,9434
Rd3l,5623
Rdh1,3930
Rdh10,5546
Rdh11,4309
Rdh12,4561
Rdh13,8600
Rdh14,1480
Rdh16,8442
Rdh16f1,2766
Rdh16f2,1265
Rdh18-ps,1325
Rdh19,1889
Rdh5,4704
Rdh7,1802
Rdh8,1405
Rdh9,4423
Rdm1,2661
Rdur,1433
Rdx,7732
Rec114,2177
Rec8,3940
Reck,6490
Recql,10874
Recql4,7078
Recql5,9178
Recql5os1,396
Redic1,2560
Redrum,23309
Reep1,7325
Reep2,1926
Reep3,10621
Reep4,4355
Reep5,3489
Reep6,4972
Reg1,1218
Reg2,1005
Reg3a,825
Reg3b,1686
Reg3d,997
Reg3g,2576
Reg4,1021
Rel,7466
Rela,5637
Relb,5200
Relch,16449
Rell1,6664
Rell2,12692
Reln,26866
Relt,4464
Rem1,3446
Rem2,3383
Ren1,1807
Renbp,6017
Reno1,38058
Rep15,1662
Repin1,9105
Reps1,8290
Reps2,8962
Rer1,2345
Rere,13698
Rerg,5470
Rergl,958
Resf1,23521
Resp18,1714
Rest,7222
Ret,6984
Retn,1721
Retnla,676
Retnlb,696
Retnlg,593
Retreg1,8658
Retreg2,8778
Retreg3,6884
Retsat,4307
Rev1,9333
Rev3l,17437
Rex1bd,3912
Rex2,4566
Rexo1,11443
Rexo2,6151
Rexo4,6336
Rexo5,7709
Rfc1,9057
Rfc2,7616
Rfc3,6440
Rfc4,2383
Rfc5,8155
Rfesd,5669
Rffl,9461
Rfk,3478
Rflna,3810
Rflnb,3512
Rfng,4347
Rfpl4,3986
Rfpl4b,1054
Rft1,5210
Rftn1,6119
Rftn2,6570
Rfwd3,7260
Rfx1,7788
Rfx2,9334
Rfx3,20761
Rfx4,7616
Rfx5,19739
Rfx6,5735
Rfx7,19969
Rfx8,2206
Rfxank,7388
Rfxap,2819
Rgcc,918
Rgl1,10306
Rgl2,8895
Rgl3,7526
Rgma,6470
Rgmb,10493
Rgn,1607
Rgp1,7981
Rgr,9511
Rgs1,18084
Rgs10,2435
Rgs11,9309
Rgs12,16860
Rgs13,2687
Rgs14,6014
Rgs16,2339
Rgs17,9615
Rgs18,2031
Rgs19,6463
Rgs2,4691
Rgs20,5645
Rgs21,5226
Rgs22,6010
Rgs3,14673
Rgs4,5808
Rgs5,4646
Rgs6,15643
Rgs7,7961
Rgs7bp,7077
Rgs8,19145
Rgs9,7397
Rgs9bp,6590
Rgsl1,6241
Rhag,3183
Rhbdd1,6973
Rhbdd2,14217
Rhbdd3,5083
Rhbdf1,10204
Rhbdf2,7220
Rhbdl1,2897
Rhbdl2,3658
Rhbdl3,5315
Rhbg,1937
Rhcg,3001
Rhd,1750
Rheb,8616
Rhebl1,4729
Rhno1,8997
Rho,8872
Rhoa,8362
Rhoay-ps1,581
Rhoay-ps2,581
Rhoay-ps3,576
Rhob,2349
Rhobtb1,10660
Rhobtb2,12480
Rhobtb3,7271
Rhoc,2992
Rhod,3703
Rhof,6603
Rhog,1783
Rhoh,12471
Rhoj,8591
Rhoq,5124
Rhot1,16931
Rhot2,10609
Rhou,3865
Rhov,1703
Rhox1,883
Rhox10,763
Rhox11,811
Rhox11-ps1,387
Rhox11-ps2,1169
Rhox11-ps3,233
Rhox12,1723
Rhox13,876
Rhox2-ps,322
Rhox2a,1072
Rhox2b,799
Rhox2c,2050
Rhox2d,685
Rhox2e,1076
Rhox2f,1287
Rhox2g,1284
Rhox2h,1274
Rhox3a,1758
Rhox3a2,1712
Rhox3b-ps,868
Rhox3c,1759
Rhox3d-ps,825
Rhox3e,1526
Rhox3f,1430
Rhox3g,991
Rhox3h,1294
Rhox4a,2794
Rhox4a2,901
Rhox4b,2718
Rhox4c,2754
Rhox4d,2744
Rhox4e,2803
Rhox4f,2795
Rhox4g,2820
Rhox5,1840
Rhox6,1010
Rhox7-ps1,806
Rhox7-ps2,322
Rhox7a,1346
Rhox7b,1091
Rhox8,1204
Rhox9,3304
Rhpn1,8594
Rhpn2,6843
Rian,78989
Ribc1,1713
Ribc2,2150
Ric1,15739
Ric3,10580
Ric8a,17227
Ric8b,8169
Rictor,17572
Rida,4817
Rif1,19378
Rigi,10919
Riiad1,924
Rilp,2226
Rilpl1,3286
Rilpl2,4456
Rimbp2,14635
Rimbp3,5380
Rimkla,4428
Rimklb,9154
Rimoc1,5449
Rims1,10325
Rims2,14583
Rims3,8901
Rims4,4962
Rin1,7995
Rin2,12523
Rin3,7773
Ring1,4957
Rinl,7061
Rint1,12709
Riok1,15531
Riok2,4173
Riok3,18440
Riox1,2344
Riox2,7197
Ripk1,10572
Ripk2,4387
Ripk3,5129
Ripk4,3591
Ripor1,4108
Ripor2,16665
Ripor3,6417
Ripply1,811
Ripply2,1078
Ripply3,1531
Rit1,8024
Rit2,6516
Rita1,3924
Rlbp1,5053
Rlf,15008
Rlig1,9439
Rlim,9191
Rln1,4128
Rln3,634
Rmc1,9405
Rmdn1,2084
Rmdn2,6548
Rmdn3,4705
Rmi1,14662
Rmi2,4818
Rmnd1,8443
Rmnd5a,13698
Rmnd5b,3405
Rmrp,552
Rmst,21461
Rn18s-rs5,1849
Rn5s,119
Rn5s-ps1,109
Rn7s1,300
Rn7s2,300
Rn7s6,291
Rn7sk,331
Rnase1,992
Rnase10,3150
Rnase11,713
Rnase12,1218
Rnase13,1412
Rnase2a,690
Rnase2b,759
Rnase4,2978
Rnase6,4364
Rnase9,1189
Rnaseh1,4207
Rnaseh2a,6736
Rnaseh2b,6769
Rnaseh2c,3533
Rnasek,1431
Rnasel,9626
Rnaset2a,3771
Rnaset2b,5806
Rncr4,2234
Rnd1,3562
Rnd2,2341
Rnd3,6144
Rnf10,12218
Rnf103,9710
Rnf11,6187
Rnf111,14199
Rnf112,5951
Rnf113a1,1223
Rnf113a2,1383
Rnf114,6677
Rnf115,4554
Rnf121,6606
Rnf122,11399
Rnf123,10152
Rnf125,2303
Rnf126,2805
Rnf128,4958
Rnf13,15522
Rnf130,9136
Rnf133,2641
Rnf135,2173
Rnf138,15224
Rnf138rt1,1191
Rnf139,6092
Rnf14,13985
Rnf141,14849
Rnf144a,12388
Rnf144b,6993
Rnf145,9123
Rnf146,12931
Rnf148,1239
Rnf149,3462
Rnf150,18964
Rnf151,1804
Rnf152,16898
Rnf157,11951
Rnf166,2527
Rnf167,8809
Rnf168,7971
Rnf169,7643
Rnf17,6930
Rnf170,10883
Rnf170-ps,859
Rnf180,7674
Rnf181,10485
Rnf182,4001
Rnf183,3327
Rnf185,3244
Rnf186,2503
Rnf187,1949
Rnf19a,7315
Rnf19b,4736
Rnf2,7409
Rnf20,10877
Rnf207,13022
Rnf208,2470
Rnf212,2927
Rnf212b,3513
Rnf213,18353
Rnf214,13083
Rnf215,3078
Rnf216,11340
Rnf217,11013
Rnf220,13030
Rnf222,3463
Rnf223,2908
Rnf224,3728
Rnf225,3239
Rnf227,3496
Rnf24,19339
Rnf25,4027
Rnf26,10948
Rnf26rt,2353
Rnf31,10637
Rnf32,10637
Rnf34,4891
Rnf38,15294
Rnf39,2537
Rnf4,15863
Rnf40,9270
Rnf41,7931
Rnf43,11058
Rnf44,17244
Rnf5,2700
Rnf6,10791
Rnf7,1843
Rnf7l,425
Rnf8,17535
Rnft1,4949
Rnft2,10198
Rngtt,8351
Rnh1,2952
Rnls,1597
Rnmt,12628
Rnpc3,11004
Rnpep,9139
Rnpepl1,17317
Rnps1,10024
Rnps1-ps,843
Rnu11,134
Rnu12,151
Rnu1a1,164
Rnu1b1,165
Rnu1b2,165
Rnu1b6,166
Rnu2-10,191
Rnu4atac,125
Rnu5g,116
Rnu6,107
Rnu6-ps1,107
Rnu6-ps2,107
Rnu7,62
Rnu7-ps1,64
Rnu7-ps3,60
Rny1,223
Rny3,102
Ro60,11819
Robo1,20135
Robo2,29425
Robo3,10319
Robo4,9689
Rock1,20394
Rock2,14621
Rogdi,4290
Rom1,1517
Romo1,1536
Ropn1,1733
Ropn1l,957
Ror1,5762
Ror2,6672
Rora,14875
Rorb,15153
Rorc,5485
Ros1,9331
Rp1,12398
Rp1l1,8414
Rp2,6238
Rp31-ps19,353
Rp9,4521
Rpa1,7183
Rpa2,4119
Rpa3,1352
Rpain,4767
Rpap1,11556
Rpap2,6101
Rpap3,3708
Rpap3-ps1,454
Rpap3-ps2,2161
Rpe,3977
Rpe65,2182
Rpf1,5183
Rpf2,3116
Rpgr,10182
Rpgrip1,21455
Rpgrip1l,17946
Rph3a,5630
Rph3al,4264
Rpia,6112
Rpl10,5156
Rpl10-ps1,645
Rpl10-ps2,645
Rpl10-ps3,768
Rpl10-ps4,286
Rpl10-ps5,642
Rpl10-ps6,642
Rpl10a,7153
Rpl10a-ps1,654
Rpl10a-ps2,642
Rpl10a-ps3,646
Rpl10a-ps4,631
Rpl10l,1023
Rpl11,4544
Rpl12,7188
Rpl12-ps1,498
Rpl12-ps2,321
Rpl13,4265
Rpl13-ps1,668
Rpl13-ps2,614
Rpl13-ps3,624
Rpl13-ps4,628
Rpl13-ps5,630
Rpl13-ps6,636
Rpl13a,5533
Rpl13a-ps1,612
Rpl14,3066
Rpl14-ps1,653
Rpl15,4028
Rpl15-ps1,564
Rpl15-ps2,613
Rpl15-ps3,615
Rpl15-ps4,606
Rpl15-ps5,605
Rpl15-ps6,612
Rpl17,1581
Rpl17-ps1,552
Rpl17-ps10,555
Rpl17-ps11,729
Rpl17-ps2,532
Rpl17-ps3,556
Rpl17-ps4,555
Rpl17-ps5,555
Rpl17-ps6,532
Rpl17-ps7,541
Rpl17-ps8,621
Rpl17-ps9,555
Rpl18,5916
Rpl18-ps1,525
Rpl18-ps2,567
Rpl18a,3151
Rpl18a-ps1,523
Rpl18a-ps2,174
Rpl18a-ps3,171
Rpl18a-ps4,536
Rpl19,1163
Rpl19-ps1,591
Rpl19-ps10,330
Rpl19-ps11,591
Rpl19-ps12,591
Rpl19-ps2,590
Rpl19-ps3,589
Rpl19-ps4,625
Rpl19-ps5,589
Rpl19-ps6,586
Rpl19-ps7,592
Rpl19-ps9,588
Rpl21,4486
Rpl21-ps1,480
Rpl21-ps10,480
Rpl21-ps11,480
Rpl21-ps12,480
Rpl21-ps13,483
Rpl21-ps14,483
Rpl21-ps15,483
Rpl21-ps2,481
Rpl21-ps3,483
Rpl21-ps4,438
Rpl21-ps5,480
Rpl21-ps6,468
Rpl21-ps7,515
Rpl21-ps8,483
Rpl21-ps9,482
Rpl22,6352
Rpl22-ps1,386
Rpl22l1,4468
Rpl23,2932
Rpl23a,1404
Rpl23a-ps1,465
Rpl23a-ps10,462
Rpl23a-ps11,463
Rpl23a-ps12,468
Rpl23a-ps13,441
Rpl23a-ps14,424
Rpl23a-ps2,474
Rpl23a-ps3,468
Rpl23a-ps4,455
Rpl23a-ps5,466
Rpl23a-ps6,468
Rpl23a-ps7,460
Rpl23a-ps8,463
Rpl23a-ps9,463
Rpl24,1325
Rpl26,2477
Rpl26-ps1,426
Rpl26-ps2,435
Rpl26-ps3,435
Rpl26-ps4,438
Rpl26-ps5,439
Rpl26-ps6,434
Rpl27,1988
Rpl27-ps1,408
Rpl27-ps2,399
Rpl27-ps3,411
Rpl27a,4411
Rpl27a-ps1,448
Rpl27a-ps2,450
Rpl27a-ps4,447
Rpl27rt,1656
Rpl28,2615
Rpl28-ps1,414
Rpl28-ps2,554
Rpl28-ps3,393
Rpl28-ps4,377
Rpl29,3390
Rpl29-ps1,508
Rpl29-ps2,478
Rpl29-ps5,463
Rpl3,5220
Rpl3-ps1,1210
Rpl3-ps2,1214
Rpl30,4664
Rpl30-ps1,348
Rpl30-ps10,347
Rpl30-ps11,345
Rpl30-ps2,291
Rpl30-ps3,348
Rpl30-ps5,361
Rpl30-ps6,348
Rpl30-ps8,345
Rpl30-ps9,345
Rpl31,2464
Rpl31-ps1,378
Rpl31-ps10,378
Rpl31-ps11,377
Rpl31-ps12,375
Rpl31-ps13,378
Rpl31-ps14,378
Rpl31-ps15,375
Rpl31-ps16,376
Rpl31-ps17,378
Rpl31-ps18,377
Rpl31-ps2,343
Rpl31-ps20,378
Rpl31-ps21,374
Rpl31-ps22,337
Rpl31-ps23,388
Rpl31-ps24,379
Rpl31-ps25,379
Rpl31-ps3,348
Rpl31-ps4,390
Rpl31-ps5,375
Rpl31-ps6,378
Rpl31-ps7,379
Rpl31-ps8,378
Rpl31-ps9,378
Rpl32,1241
Rpl32-ps,408
Rpl32l,399
Rpl34,4424
Rpl34-ps1,354
Rpl34-ps2,354
Rpl35,1701
Rpl35-ps1,372
Rpl35a,4973
Rpl35a-ps2,333
Rpl35a-ps3,333
Rpl35a-ps4,333
Rpl35a-ps5,333
Rpl35a-ps6,333
Rpl35a-ps7,333
Rpl35rt,445
Rpl36,383
Rpl36-ps1,303
Rpl36-ps10,216
Rpl36-ps12,390
Rpl36-ps2,311
Rpl36-ps3,315
Rpl36-ps4,299
Rpl36-ps7,315
Rpl36-ps8,315
Rpl36-ps9,277
Rpl36a,2934
Rpl36a-ps1,449
Rpl36a-ps2,321
Rpl36a-ps3,321
Rpl36a-ps4,296
Rpl36al,2559
Rpl37,3261
Rpl37-ps1,267
Rpl37a,1906
Rpl37a-ps2,266
Rpl37rt,1834
Rpl38,716
Rpl38-ps1,215
Rpl38-ps2,213
Rpl39,1612
Rpl39-ps,151
Rpl39l,1278
Rpl3l,1699
Rpl4,2613
Rpl41,3269
Rpl48-ps1,556
Rpl5,5272
Rpl5-ps1,894
Rpl5-ps2,891
Rpl6,5457
Rpl6l,871
Rpl7,4954
Rpl7-ps7,799
Rpl7-ps8,810
Rpl7-ps9,797
Rpl7a,3185
Rpl7a-ps1,793
Rpl7a-ps10,798
Rpl7a-ps11,801
Rpl7a-ps12,794
Rpl7a-ps13,563
Rpl7a-ps14,790
Rpl7a-ps2,774
Rpl7a-ps3,796
Rpl7a-ps4,792
Rpl7a-ps5,792
Rpl7a-ps6,812
Rpl7a-ps7,776
Rpl7a-ps8,801
Rpl7a-ps9,777
Rpl7l1,4015
Rpl7l1-ps1,725
Rpl8,1734
Rpl9,10922
Rpl9-ps1,576
Rpl9-ps2,577
Rpl9-ps3,576
Rpl9-ps4,579
Rpl9-ps5,571
Rpl9-ps6,714
Rpl9-ps7,579
Rpl9-ps8,562
Rpl9-ps9,573
Rplp0,2807
Rplp0-ps1,933
Rplp1,499
Rplp1-ps1,345
Rplp1rt,743
Rplp2,2821
Rplp2-ps1,348
Rpn1,5822
Rpn2,6447
Rpp14,2401
Rpp21,2270
Rpp25,1423
Rpp25l,856
Rpp30,4846
Rpp38,1042
Rpp40,7798
Rpph1,319
Rprd1a,7573
Rprd1b,8856
Rprd2,13194
Rprl1,565
Rprl2,290
Rprl3,290
Rprm,1460
Rprml,1010
Rps10,3532
Rps10-ps1,495
Rps10-ps2,496
Rps10-ps3,500
Rps10-ps4,492
Rps11,1517
Rps11-ps1,475
Rps11-ps2,456
Rps11-ps3,486
Rps11-ps4,474
Rps11-ps5,472
Rps12,4803
Rps12-ps1,401
Rps12-ps10,399
Rps12-ps11,399
Rps12-ps12,399
Rps12-ps13,399
Rps12-ps14,399
Rps12-ps15,399
Rps12-ps16,399
Rps12-ps17,399
Rps12-ps18,399
Rps12-ps19,400
Rps12-ps2,399
Rps12-ps20,402
Rps12-ps21,402
Rps12-ps22,402
Rps12-ps23,402
Rps12-ps24,381
Rps12-ps26,333
Rps12-ps3,396
Rps12-ps4,397
Rps12-ps5,389
Rps12-ps6,399
Rps12-ps7,385
Rps12-ps9,399
Rps12l1,399
Rps13,8365
Rps13-ps1,538
Rps13-ps2,453
Rps13-ps4,456
Rps13-ps5,456
Rps13-ps6,428
Rps13-ps7,368
Rps13-ps8,401
Rps14,3609
Rps15,837
Rps15-ps2,438
Rps15-ps3,443
Rps15a,11869
Rps15a-ps1,393
Rps15a-ps2,393
Rps15a-ps3,395
Rps15a-ps4,392
Rps15a-ps5,393
Rps15a-ps6,393
Rps15a-ps7,392
Rps15a-ps8,387
Rps16,1805
Rps16-ps2,441
Rps16-ps3,441
Rps17,2275
Rps17-ps1,384
Rps18,4337
Rps18-ps1,459
Rps18-ps2,398
Rps18-ps3,456
Rps18-ps4,3279
Rps18-ps5,607
Rps18-ps6,561
Rps18-ps7,455
Rps19,5858
Rps19-ps1,438
Rps19-ps10,435
Rps19-ps11,433
Rps19-ps12,412
Rps19-ps13,441
Rps19-ps14,269
Rps19-ps2,438
Rps19-ps3,426
Rps19-ps4,438
Rps19-ps5,403
Rps19-ps6,438
Rps19-ps7,438
Rps19-ps8,422
Rps19-ps9,414
Rps19bp1,1497
Rps2,4819
Rps2-ps10,879
Rps2-ps11,868
Rps2-ps12,785
Rps2-ps13,882
Rps2-ps2,881
Rps2-ps3,832
Rps2-ps4,633
Rps2-ps5,849
Rps2-ps6,855
Rps2-ps7,880
Rps2-ps8,882
Rps2-ps9,823
Rps20,4726
Rps21,1469
Rps23,1764
Rps23-ps1,425
Rps23-ps2,432
Rps23rg1,4420
Rps24,11063
Rps24-ps2,395
Rps24-ps3,402
Rps25,4420
Rps25-ps1,378
Rps26,2049
Rps26-ps1,351
Rps27,2890
Rps27-ps1,246
Rps27a,2764
Rps27a-ps1,463
Rps27a-ps2,467
Rps27a-ps3,471
Rps27l,1901
Rps27rt,374
Rps28,3649
Rps29,851
Rps29-ps,172
Rps3,6504
Rps3a1,977
Rps3a2,792
Rps3a3,795
Rps4l,1334
Rps4l-ps,768
Rps4x,2159
Rps4x-ps,793
Rps5,2718
Rps6,2451
Rps6-ps1,747
Rps6-ps2,747
Rps6-ps3,750
Rps6-ps4,750
Rps6ka1,6644
Rps6ka2,15239
Rps6ka3,11078
Rps6ka4,4799
Rps6ka5,17319
Rps6ka6,8338
Rps6kb1,10828
Rps6kb2,7933
Rps6kc1,12877
Rps6kl1,7027
Rps7,2923
Rps7-ps1,391
Rps7-ps2,1347
Rps7-ps3,582
Rps8,3687
Rps8-ps1,624
Rps8-ps2,624
Rps8-ps3,650
Rps8-ps4,612
Rps8-ps5,627
Rps9,6200
Rpsa,4528
Rpsa-ps1,886
Rpsa-ps10,885
Rpsa-ps11,889
Rpsa-ps12,892
Rpsa-ps2,880
Rpsa-ps3,876
Rpsa-ps4,888
Rpsa-ps5,885
Rpsa-ps6,587
Rpsa-ps7,885
Rpsa-ps8,858
Rpsa-ps9,885
Rptn,4146
Rptor,20417
Rptoros,3659
Rpusd1,4566
Rpusd2,2706
Rpusd3,4421
Rpusd4,3527
Rrad,2012
Rraga,1618
Rragb,2904
Rragc,5685
Rragd,6083
Rras,1296
Rras2,5509
Rrbp1,9451
Rreb1,31705
Rrh,7969
Rrm1,12574
Rrm2,3719
Rrm2b,10089
Rrn3,4551
Rrp1,5277
Rrp12,4340
Rrp15,4214
Rrp1b,14154
Rrp36,4210
Rrp7a,6623
Rrp8,5749
Rrp9,4347
Rrs1,2048
Rs1,6951
Rsad1,5427
Rsad2,7664
Rsbn1,13200
Rsbn1l,14538
Rsf1,22420
Rsf1os1,2874
Rsf1os2,11322
Rskr,7534
Rsl1,4165
Rsl1d1,3397
Rsl24d1,2818
Rslcan18,8230
Rsph1,1704
Rsph10b,3798
Rsph14,3587
Rsph3a,5198
Rsph3b,4202
Rsph4a,3650
Rsph6a,3665
Rsph9,1892
Rspo1,2280
Rspo2,8568
Rspo3,3764
Rspo4,2371
Rspo4os,1281
Rspry1,16469
Rsrc1,18268
Rsrc2,19500
Rsrp1,6944
Rsu1,11904
Rtbdn,4369
Rtca,2705
Rtcb,2833
Rtel1,12345
Rtf1,6516
Rtf2,2878
Rtkn,6129
Rtkn2,13429
Rtl1,6358
Rtl10,1907
Rtl3,2948
Rtl4,5393
Rtl5,9435
Rtl6,4426
Rtl8a,1195
Rtl8b,1232
Rtl8c,401
Rtl9,4333
Rtn1,6559
Rtn2,5080
Rtn3,7443
Rtn4,10189
Rtn4ip1,4619
Rtn4r,1938
Rtn4rl1,3525
Rtn4rl2,2634
Rtp1,3120
Rtp2,3338
Rtp3,4591
Rtp4,4320
Rtraf,2062
Rtraf-ps,730
Rttn,14078
Rubcn,15158
Rubcnl,5519
Rubie,4250
Rufy1,3301
Rufy2,12196
Rufy3,16097
Rufy4,2579
Rundc1,3223
Rundc3a,5398
Rundc3b,4147
Runx1,18422
Runx1t1,14804
Runx2,17752
Runx2os1,1416
Runx2os2,895
Runx2os3,1684
Runx3,6726
Rusc1,7493
Rusc2,21015
Rusf1,9227
Ruvbl1,1969
Ruvbl2,4099
Rwdd1,2173
Rwdd2a,3085
Rwdd2b,4282
Rwdd3,8758
Rwdd4a,6931
Rxfp1,11867
Rxfp2,8338
Rxfp3,4275
Rxfp4,1245
Rxra,7415
Rxrb,10323
Rxrg,4075
Rxylt1,7389
Rybp,5595
Rybp-ps,681
Ryk,7325
Ryk-ps1,235
Ryr1,23237
Ryr2,31664
Ryr3,24448
S100a1,1254
S100a10,1621
S100a11,511
S100a11-ps,306
S100a13,1721
S100a14,3111
S100a16,5377
S100a2,5376
S100a3,3974
S100a4,834
S100a5,583
S100a6,1930
S100a7a,1417
S100a7l2,489
S100a8,984
S100a9,728
S100b,1484
S100g,480
S100pbp,15470
S100z,399
S1pr1,3046
S1pr2,8779
S1pr3,4463
S1pr4,2386
S1pr5,2500
S2bpcox16,4346
SLC9C2,3794
Saa-ps,320
Saa1,3055
Saa2,3559
Saa3,3056
Saa4,2094
Saal1,10651
Sac3d1,1442
Sacm1l,6346
Sacs,24516
Sae1,3074
Safb,12274
Safb2,13334
Sag,10827
Sall1,5265
Sall2,9920
Sall3,15206
Sall4,8143
Samd1,2706
Samd10,4713
Samd11,7238
Samd12,10043
Samd13,3949
Samd14,4649
Samd15,4130
Samd3,5466
Samd4,14683
Samd4b,5561
Samd5,7911
Samd7,6743
Samd8,8428
Samd9l,5759
Samhd1,11576
Samm50,8250
Samsn1,5993
Samt1,1013
Samt1b,834
Samt1c,984
Samt1d,984
Samt2,923
Samt2b,919
Samt3,1048
Samt4,963
Samtor,8292
Sanbr,9069
Sap130,11264
Sap18,7401
Sap18b,789
Sap25,4055
Sap30,1178
Sap30bp,5574
Sap30bpos,2352
Sap30l,1151
Sapcd1,1916
Sapcd2,8544
Sar1a,5077
Sar1b,1383
Saraf,5480
Sardh,7193
Sardhos,265
Sarm1,10952
Sarnp,2257
Sars1,6489
Sars2,4179
Sart1,6916
Sart3,8350
Sash1,9654
Sash3,2677
Sass6,8679
Sat1,4895
Sat2,1989
Satb1,33133
Satb2,14722
Satl1,3593
Sav1,6885
Saxo1,2689
Saxo1os,2439
Saxo2,7149
Saxo4,1967
Saxo5,3177
Saysd1,2696
Sbds,3074
Sbf1,11808
Sbf2,19875
Sbk1,5952
Sbk2,4362
Sbk3,4595
Sbno1,29850
Sbno2,15314
Sbp,4175
Sbpl,1642
Sbsn,5786
Sbspon,2748
Sc5d,6182
Scaf1,6488
Scaf11,13576
Scaf4,10874
Scaf8,6663
Scai,14462
Scamp1,6085
Scamp2,4139
Scamp3,4868
Scamp4,3856
Scamp5,5253
Scand1,803
Scap,8910
Scaper,7017
Scara3,3597
Scara5,8053
Scarb1,12284
Scarb2,6731
Scarf1,4362
Scarf2,8745
Scarletltr,3781
Scarna10,325
Scarna13,275
Scarna17,79
Scarna2,414
Scarna3a,140
Scarna3b,263
Scarna6,265
Scarna8,131
Scarna9,70
Scart1,6169
Scart2,8875
Sccpdh,9194
Scd1,5472
Scd2,7207
Scd3,3911
Scd4,4036
Scel,2551
Scfd1,15903
Scfd2,13746
Scg2,4832
Scg3,5415
Scg5,1801
Scgb1a1,476
Scgb1b1-ps,268
Scgb1b10,417
Scgb1b11,418
Scgb1b12,417
Scgb1b13-ps,273
Scgb1b14-ps,275
Scgb1b15,417
Scgb1b16-ps,275
Scgb1b17,417
Scgb1b18,402
Scgb1b19,418
Scgb1b2,424
Scgb1b20,421
Scgb1b21,268
Scgb1b22-ps,280
Scgb1b23-ps,252
Scgb1b24,279
Scgb1b25-ps,415
Scgb1b26-ps,291
Scgb1b27,1255
Scgb1b28-ps,290
Scgb1b29,282
Scgb1b3,419
Scgb1b30,491
Scgb1b34-ps,331
Scgb1b4-ps,271
Scgb1b5-ps,280
Scgb1b6-ps,199
Scgb1b7,419
Scgb1b8-ps,249
Scgb1b9-ps,266
Scgb1c1,455
Scgb2a2,1107
Scgb2b1,338
Scgb2b10,318
Scgb2b11,523
Scgb2b12,511
Scgb2b13-ps,328
Scgb2b14-ps,336
Scgb2b15,830
Scgb2b16-ps,333
Scgb2b17,991
Scgb2b18,523
Scgb2b19,520
Scgb2b2,621
Scgb2b20,523
Scgb2b21,520
Scgb2b22-ps,340
Scgb2b23-ps,330
Scgb2b24,523
Scgb2b25-ps,307
Scgb2b26,579
Scgb2b27,2592
Scgb2b28-ps,337
Scgb2b29-ps,331
Scgb2b3,339
Scgb2b30,336
Scgb2b31-ps,328
Scgb2b32-ps,337
Scgb2b33,334
Scgb2b4-ps,340
Scgb2b5-ps,270
Scgb2b6,330
Scgb2b7,1166
Scgb2b8-ps,327
Scgb2b9-ps,334
Scgb3a1,598
Scgb3a2,1655
Scgn,1896
Schip1,6575
Scimp,1499
Scin,4128
Sclt1,9855
Scly,6052
Scmh1,10708
Scml1,551
Scml2,10331
Scml4,14550
Scn10a,11830
Scn11a,7446
Scn1a,24080
Scn1b,2890
Scn2a,16676
Scn2b,4656
Scn3a,14114
Scn3b,11745
Scn4a,7041
Scn4b,4982
Scn5a,14969
Scn7a,7338
Scn8a,30728
Scn9a,16980
Scnm1,4218
Scnn1a,11082
Scnn1b,3934
Scnn1g,2991
Sco1,6940
Sco2,2395
Scoc,7796
Scp2,5875
Scp2-ps1,499
Scp2-ps2,478
Scp2d1,760
Scpep1,2097
Scpep1os,2210
Scpppq1,802
Scrg1,700
Scrib,9364
Scrn1,9978
Scrn2,3420
Scrn3,6251
Scrt1,4380
Scrt2,3395
Sct,1739
Sctr,2727
Scube1,15167
Scube2,6231
Scube3,13481
Scx,3042
Scyl1,8003
Scyl2,13976
Scyl3,13515
Sdad1,7954
Sdc1,4828
Sdc2,3527
Sdc3,6973
Sdc4,2885
Sdcbp,8738
Sdcbp2,1399
Sdccag8,4450
Sde2,4137
Sdf2,2621
Sdf2l1,1108
Sdf4,7984
Sdha,5905
Sdhaf1,2490
Sdhaf2,13024
Sdhaf3,5289
Sdhaf4,1109
Sdhb,2608
Sdhc,3842
Sdhd,1231
Sdk1,12813
Sdk2,17732
Sdr16c5,2031
Sdr16c6,3254
Sdr39u1,7680
Sdr42e1,6023
Sdr42e2,1272
Sdr9c7,6684
Sds,2250
Sdsl,1949
Sebox,2490
Sec1,2470
Sec11a,6588
Sec11c,9410
Sec13,3756
Sec14l1,8987
Sec14l2,4858
Sec14l3,3725
Sec14l4,4392
Sec14l5,6057
Sec16a,13464
Sec16b,6955
Sec22a,6320
Sec22b,6114
Sec22c,9502
Sec23a,5829
Sec23b,7543
Sec23ip,9741
Sec24a,14277
Sec24b,8939
Sec24c,10576
Sec24d,8954
Sec31a,11211
Sec31b,4520
Sec61a1,10348
Sec61a2,7692
Sec61b,1685
Sec61bl,310
Sec61g,4057
Sec61g-ps1,267
Sec61g-ps2,228
Sec61g-ps3,203
Sec62,5055
Sec63,13590
Secisbp2,5904
Secisbp2l,8617
Sectm1a,2909
Sectm1b,4836
Seh1l,4418
Sel1l,15716
Sel1l2,3091
Sel1l3,11289
Sele,2942
Selenbp1,3308
Selenbp2,3507
Selenof,7502
Selenoh,3234
Selenoi,16933
Selenok,2553
Selenok-ps1,785
Selenok-ps4,277
Selenok-ps5,278
Selenok-ps6,283
Selenok-ps7,283
Selenok-ps8,280
Selenom,3121
Selenon,4045
Selenoo,4171
Selenop,5119
Selenos,3372
Selenot,3700
Selenot-ps,593
Selenov,1513
Selenow,736
Sell,7496
Selp,6118
Selplg,5729
Sem1,3722
Sema3a,17279
Sema3b,10707
Sema3c,11124
Sema3d,12909
Sema3e,11665
Sema3f,8547
Sema3g,4540
Sema4a,9335
Sema4b,8292
Sema4c,7570
Sema4d,12182
Sema4f,5978
Sema4g,16982
Sema5a,24165
Sema5b,10078
Sema6a,17171
Sema6b,5119
Sema6c,13576
Sema6d,19269
Sema7a,3579
Semg1,3174
Semp2l1,3609
Semp2l2a,3157
Semp2l2b,1773
Senp1,19066
Senp2,12350
Senp3,6312
Senp5,10556
Senp6,13599
Senp7,20712
Senp8,9745
Sephs1,8074
Sephs2,2177
Sepsecs,10413
Septin1,4809
Septin10,3298
Septin11,11506
Septin12,4252
Septin14,1966
Septin2,9621
Septin3,15803
Septin4,12306
Septin5,7739
Septin6,10527
Septin7,16551
Septin8,11082
Septin9,15737
Serac1,5619
Serbp1,27869
Serf1,1985
Serf2,9582
Sergef,4822
Serhl,12877
Serinc1,6417
Serinc2,2668
Serinc3,4142
Serinc4,7732
Serinc5,7333
Serp1,4611
Serp2,2559
Serpina10,4002
Serpina11,3247
Serpina12,3690
Serpina16,2417
Serpina1a,2465
Serpina1b,2804
Serpina1c,1361
Serpina1d,1394
Serpina1e,1816
Serpina1f,4030
Serpina3a,3343
Serpina3b,2070
Serpina3c,2213
Serpina3d-ps,1272
Serpina3e-ps,1228
Serpina3f,3205
Serpina3g,3879
Serpina3h,12809
Serpina3i,2901
Serpina3j,2155
Serpina3k,2057
Serpina3l-ps,1264
Serpina3m,2243
Serpina3n,2064
Serpina4-ps1,1273
Serpina5,2162
Serpina6,1961
Serpina7,2950
Serpina9,4352
Serpinb1-ps1,586
Serpinb10,3466
Serpinb11,2425
Serpinb12,2684
Serpinb13,2187
Serpinb1a,2731
Serpinb1b,2040
Serpinb1c,2352
Serpinb2,3717
Serpinb3a,2634
Serpinb3b,2501
Serpinb3c,1659
Serpinb3d,1216
Serpinb5,4811
Serpinb6a,8733
Serpinb6b,3898
Serpinb6c,1972
Serpinb6d,1974
Serpinb6e,1847
Serpinb7,2030
Serpinb8,7730
Serpinb9,6136
Serpinb9b,3544
Serpinb9c,2811
Serpinb9d,1250
Serpinb9e,1923
Serpinb9f,1912
Serpinb9g,1927
Serpinb9h,1862
Serpinc1,10752
Serpind1,3823
Serpine1,4279
Serpine2,8806
Serpine3,1402
Serpinf1,3982
Serpinf2,3917
Serping1,2832
Serpinh1,7436
Serpini1,8074
Serpini2,1411
Sertad1,1599
Sertad2,8043
Sertad3,1329
Sertad4,6774
Sertad4b,12756
Sertm1,5982
Sertm2,4707
Sesn1,4056
Sesn2,3475
Sesn3,17124
Sestd1,11297
Set,5452
Setbp1,9953
Setd1a,8025
Setd1b,16493
Setd2,20277
Setd3,9819
Setd4,10670
Setd5,29383
Setd6,3408
Setd7,11433
Setd9-ps,670
Setdb1,8582
Setdb2,6100
Setmar,1943
Setx,11975
Sez6,9728
Sez6l,16001
Sez6l2,7096
Sf1,13173
Sf3a1,6743
Sf3a2,2997
Sf3a3,3207
Sf3b1,16744
Sf3b2,8719
Sf3b3,12220
Sf3b4,2352
Sf3b5,3841
Sf3b6,3945
Sfi1,14513
Sfmbt1,10425
Sfmbt2,14545
Sfn,1613
Sfpq,5939
Sfr1,2322
Sfrp1,4372
Sfrp2,2823
Sfrp4,6938
Sfrp5,1900
Sfswap,16059
Sft2d1,5009
Sft2d1rt,1742
Sft2d2,9345
Sft2d3,2727
Sfta2,1681
Sfta3,35233
Sftpa1,3312
Sftpb,3055
Sftpc,1331
Sftpd,2768
Sfxn1,10226
Sfxn2,9050
Sfxn3,7603
Sfxn4,3826
Sfxn5,10830
Sgca,2644
Sgcb,4249
Sgcd,8518
Sgce,13411
Sgcg,4272
Sgcz,3927
Sgf29,3750
Sgip1,18268
Sgk1,10234
Sgk2,4800
Sgk3,23858
Sgms1,18890
Sgms1os1,12132
Sgms2,7441
Sgo1,4254
Sgo2a,8122
Sgo2b,4240
Sgpl1,9959
Sgpp1,6523
Sgpp2,4002
Sgsh,12989
Sgsm1,10785
Sgsm2,9536
Sgsm3,7593
Sgta,4694
Sgtb,3520
Sh2b1,9613
Sh2b2,7377
Sh2b3,12259
Sh2d1a,7583
Sh2d1b1,2544
Sh2d1b2,2874
Sh2d2a,7569
Sh2d3c,6145
Sh2d4a,3326
Sh2d4b,4477
Sh2d5,4734
Sh2d6,4103
Sh2d7,3820
Sh3bgr,2929
Sh3bgrl,3460
Sh3bgrl2,10879
Sh3bgrl3,1629
Sh3bp1,4325
Sh3bp2,7372
Sh3bp4,5257
Sh3bp5,3668
Sh3bp5l,11517
Sh3d19,17829
Sh3d21,4164
Sh3d2c-ps1,904
Sh3gl1,5801
Sh3gl2,7261
Sh3gl3,6021
Sh3glb1,11584
Sh3glb2,8713
Sh3kbp1,21288
Sh3pxd2a,15917
Sh3pxd2b,9999
Sh3rf1,8066
Sh3rf2,9572
Sh3rf3,8941
Sh3tc1,8022
Sh3tc2,6951
Sh3yl1,4290
Shank1,13490
Shank2,17886
Shank3,13334
Sharpin,10166
Shb,3650
Shbg,1837
Shc1,10297
Shc2,7798
Shc3,7217
Shc4,9967
Shcbp1,8626
Shcbp1l,4372
Shd,5166
She,7222
Shf,5752
Shfl,5707
Shh,2847
Shisa2,3715
Shisa3,5470
Shisa4,3850
Shisa5,9034
Shisa6,8744
Shisa7,14197
Shisa8,3130
Shisa9,10015
Shisal1,16525
Shisal2a,593
Shisal2b,2102
Shkbp1,7670
Shld1,2778
Shld2,8923
Shld3,1609
Shmt1,5711
Shmt2,5868
Shoc1,6045
Shoc2,10711
Shox2,7541
Shpk,4771
Shprh,21262
Shq1,9096
Shroom1,10385
Shroom2,13701
Shroom3,22647
Shroom4,9619
Shtn1,8647
Siae,14147
Siah1-ps1,847
Siah1-ps2,845
Siah1a,1968
Siah1b,2469
Siah2,3267
Siah3,4472
Sidt1,7902
Sidt2,9362
Sigirr,5347
Siglec1,7671
Siglec15,1156
Siglece,2142
Siglecf,6370
Siglecg,11932
Siglech,8069
Siglecl1,2043
Siglecl2,9158
Sigmar1,4953
Sik1,6092
Sik2,13867
Sik3,13135
Sike1,13668
Sil1,4939
Silc1,70198
Sim1,9042
Sim2,6307
Simc1,7300
Sin3a,7730
Sin3b,8981
Sinhcaf,8009
Sipa1,8845
Sipa1l1,16896
Sipa1l2,13863
Sipa1l3,24236
Sirpa,9981
Sirpb1a,3450
Sirpb1b,4050
Sirpb1c,6657
Sirpd,618
Sirt1,10535
Sirt2,8285
Sirt3,8508
Sirt4,4621
Sirt5,9562
Sirt6,4241
Sirt7,11612
Sis,8256
Sit1,1983
Siva1,3386
Six1,5063
Six2,2119
Six3,8937
Six3os1,37107
Six4,13219
Six5,3007
Six6,4009
Ska1,3582
Ska2,4217
Ska2l-ps,360
Ska3,3867
Skap1,9593
Skap2,13132
Ski,6390
Skic2,9691
Skic3,16024
Skic8,5724
Skida1,6024
Skil,20819
Skint1,3705
Skint10,4018
Skint11,1609
Skint2,2425
Skint3,3843
Skint4,7980
Skint5,4935
Skint6,3935
Skint7,4755
Skint8,6233
Skint9,1372
Skiv2l-ps1,658
Skor1,4676
Skor2,3141
Skp1,2872
Skp2,11094
Sla,12609
Sla2,5033
Slain1,5285
Slain1os,3101
Slain2,13110
Slamf1,6378
Slamf6,12109
Slamf7,5630
Slamf8,3130
Slamf9,1313
Slbp,8552
Slc10a1,4375
Slc10a2,4152
Slc10a3,3884
Slc10a4,2193
Slc10a4-ps,3628
Slc10a5,3923
Slc10a6,2124
Slc10a7,15019
Slc11a1,7673
Slc11a2,7235
Slc12a1,7316
Slc12a2,11000
Slc12a3,13544
Slc12a4,5380
Slc12a5,12401
Slc12a6,15115
Slc12a7,18054
Slc12a8,6851
Slc12a9,5416
Slc13a1,8834
Slc13a2,2412
Slc13a2os,5239
Slc13a3,7641
Slc13a4,5696
Slc13a5,8081
Slc14a1,5005
Slc14a2,6999
Slc15a1,5034
Slc15a2,10583
Slc15a3,7279
Slc15a4,9184
Slc15a5,4506
Slc16a1,4426
Slc16a10,9063
Slc16a11,8856
Slc16a12,4411
Slc16a13,3694
Slc16a14,3583
Slc16a2,4536
Slc16a3,8750
Slc16a4,4621
Slc16a5,7544
Slc16a6,5969
Slc16a7,13961
Slc16a8,3503
Slc16a9,4220
Slc17a1,2707
Slc17a2,10711
Slc17a3,10544
Slc17a4,9304
Slc17a5,5961
Slc17a6,6585
Slc17a7,8541
Slc17a8,5367
Slc17a9,4210
Slc18a1,6629
Slc18a2,7222
Slc18a3,2413
Slc18b1,4127
Slc19a1,7709
Slc19a2,7246
Slc19a3,4783
Slc1a1,10615
Slc1a2,15045
Slc1a3,11717
Slc1a4,6961
Slc1a5,6902
Slc1a6,2326
Slc1a7,5168
Slc20a1,9989
Slc20a2,7385
Slc22a1,2883
Slc22a12,2868
Slc22a13,2001
Slc22a13b,2849
Slc22a14,2855
Slc22a15,19077
Slc22a16,3027
Slc22a17,14534
Slc22a18,2303
Slc22a19,6238
Slc22a2,2985
Slc22a20,1897
Slc22a21,5180
Slc22a22,3257
Slc22a23,7664
Slc22a26,3958
Slc22a27,2191
Slc22a28,2004
Slc22a29,4183
Slc22a3,6548
Slc22a30,4975
Slc22a4,3053
Slc22a5,4169
Slc22a6,3983
Slc22a7,2459
Slc22a8,5750
Slc23a1,4191
Slc23a2,9076
Slc23a3,2474
Slc23a4,4558
Slc24a1,5213
Slc24a2,24768
Slc24a3,5325
Slc24a4,5952
Slc24a5,2659
Slc25a1,3775
Slc25a10,5133
Slc25a11,3511
Slc25a12,8635
Slc25a13,5407
Slc25a14,3413
Slc25a15,7327
Slc25a16,5677
Slc25a17,3910
Slc25a18,1911
Slc25a19,8436
Slc25a2,2144
Slc25a20,5248
Slc25a21,5587
Slc25a22,17030
Slc25a23,7381
Slc25a24,3700
Slc25a25,14502
Slc25a26,6327
Slc25a27,4168
Slc25a28,5831
Slc25a29,3128
Slc25a3,8402
Slc25a30,5086
Slc25a31,2128
Slc25a32,8093
Slc25a33,1887
Slc25a34,2670
Slc25a35,5708
Slc25a36,15262
Slc25a37,12217
Slc25a38,3802
Slc25a39,6298
Slc25a4,2713
Slc25a40,14407
Slc25a41,1664
Slc25a42,6545
Slc25a43,2223
Slc25a44,6959
Slc25a45,6686
Slc25a46,5799
Slc25a47,4876
Slc25a48,3374
Slc25a5,2994
Slc25a5-ps,826
Slc25a51,7918
Slc25a53,18249
Slc25a54,2255
Slc26a1,9198
Slc26a10,7994
Slc26a11,4799
Slc26a2,15749
Slc26a3,8190
Slc26a4,3109
Slc26a5,4154
Slc26a6,11050
Slc26a7,6156
Slc26a8,7089
Slc26a9,6029
Slc27a1,11589
Slc27a2,4256
Slc27a3,5636
Slc27a4,4614
Slc27a5,3880
Slc27a6,2485
Slc28a1,2978
Slc28a2,7611
Slc28a2b,5262
Slc28a3,8547
Slc29a1,10148
Slc29a2,6131
Slc29a3,10431
Slc29a4,2883
Slc2a1,5494
Slc2a10,3922
Slc2a12,4565
Slc2a13,8987
Slc2a2,7128
Slc2a3,10924
Slc2a4,6311
Slc2a4rg-ps,7452
Slc2a5,3990
Slc2a6,4984
Slc2a7,2184
Slc2a8,5598
Slc2a9,12458
Slc30a1,5921
Slc30a10,9860
Slc30a2,7098
Slc30a3,3580
Slc30a4,8028
Slc30a5,9387
Slc30a6,6476
Slc30a7,12700
Slc30a8,1971
Slc30a9,19324
Slc31a1,7799
Slc31a2,2917
Slc32a1,2797
Slc33a1,6067
Slc34a1,7759
Slc34a2,5215
Slc34a3,3397
Slc35a1,3322
Slc35a2,12696
Slc35a3,12475
Slc35a4,5572
Slc35a5,11333
Slc35b1,3465
Slc35b2,6861
Slc35b3,9405
Slc35b4,12345
Slc35c1,6413
Slc35c2,6485
Slc35d1,12276
Slc35d2,5156
Slc35d3,2630
Slc35e1,4768
Slc35e2,9743
Slc35e3,3996
Slc35e4,6122
Slc35f1,4941
Slc35f2,2871
Slc35f3,6169
Slc35f4,8791
Slc35f5,3391
Slc35f6,12115
Slc35g1,5084
Slc35g2,2092
Slc35g3,1847
Slc36a1,7340
Slc36a1os,3212
Slc36a2,3354
Slc36a3,2947
Slc36a3os,1605
Slc36a4,7888
Slc37a1,15688
Slc37a2,9364
Slc37a3,11820
Slc37a4,6343
Slc38a1,19655
Slc38a10,12911
Slc38a11,6962
Slc38a2,10009
Slc38a3,11511
Slc38a4,7399
Slc38a5,2811
Slc38a6,11478
Slc38a7,6631
Slc38a8,4574
Slc38a9,18684
Slc39a1,2364
Slc39a1-ps,969
Slc39a10,7875
Slc39a11,4199
Slc39a12,3949
Slc39a13,6823
Slc39a14,14637
Slc39a2,4711
Slc39a3,11209
Slc39a4,4361
Slc39a5,3440
Slc39a6,5007
Slc39a7,6460
Slc39a8,13770
Slc39a9,17006
Slc3a1,2271
Slc3a2,6641
Slc40a1,10761
Slc41a1,5338
Slc41a2,6735
Slc41a3,2911
Slc43a1,8857
Slc43a2,18130
Slc43a3,6282
Slc44a1,7927
Slc44a2,16453
Slc44a3,5101
Slc44a4,4130
Slc44a5,10829
Slc45a1,4814
Slc45a2,2983
Slc45a3,6788
Slc45a4,13735
Slc46a1,4320
Slc46a2,2833
Slc46a3,4433
Slc47a1,4763
Slc47a2,2586
Slc48a1,4263
Slc49a3,8419
Slc49a4,6300
Slc4a1,5308
Slc4a10,7742
Slc4a11,7158
Slc4a1ap,9734
Slc4a2,11891
Slc4a3,14222
Slc4a4,13763
Slc4a5,7676
Slc4a7,19990
Slc4a8,14593
Slc4a9,11240
Slc50a1,3645
Slc51a,3920
Slc51b,709
Slc52a2,7958
Slc52a3,6816
Slc5a1,4104
Slc5a10,3478
Slc5a11,4023
Slc5a12,7491
Slc5a2,6000
Slc5a3,11434
Slc5a4a,2055
Slc5a4b,3202
Slc5a5,2928
Slc5a6,5931
Slc5a7,9573
Slc5a8,5331
Slc5a9,10520
Slc66a1,5556
Slc66a2,12715
Slc66a3,8723
Slc6a1,10245
Slc6a11,5149
Slc6a12,4406
Slc6a13,3343
Slc6a14,3434
Slc6a15,10870
Slc6a16,4590
Slc6a17,18890
Slc6a18,9967
Slc6a19,8384
Slc6a19os,1732
Slc6a2,6596
Slc6a20a,5520
Slc6a20b,11865
Slc6a21,7249
Slc6a3,3456
Slc6a4,5802
Slc6a5,8278
Slc6a6,10815
Slc6a7,3838
Slc6a8,10203
Slc6a9,9773
Slc7a1,12484
Slc7a10,3234
Slc7a11,15696
Slc7a12,2446
Slc7a13,2141
Slc7a14,10707
Slc7a15,3980
Slc7a2,18560
Slc7a3,6064
Slc7a4,11496
Slc7a5,4309
Slc7a6,7840
Slc7a6os,6792
Slc7a7,5486
Slc7a8,5882
Slc7a9,3707
Slc8a1,25070
Slc8a2,7045
Slc8a3,8415
Slc8b1,6780
Slc9a1,6911
Slc9a2,7918
Slc9a3,6303
Slc9a4,6361
Slc9a5,6659
Slc9a6,11638
Slc9a7,5400
Slc9a8,13991
Slc9a9,6036
Slc9b1,6378
Slc9b2,6712
Slc9c1,4369
Slco1a1,7607
Slco1a4,7179
Slco1a5,4060
Slco1a6,4280
Slco1a7,2449
Slco1a8,2670
Slco1b2,5964
Slco1c1,8547
Slco2a1,15233
Slco2b1,9010
Slco3a1,10582
Slco4a1,6908
Slco4c1,4908
Slco5a1,26538
Slco6b1,6180
Slco6c1,3429
Slco6d1,4316
Slf1,6854
Slf2,11603
Slfn1,1864
Slfn10,4529
Slfn14,3706
Slfn2,1664
Slfn3,4476
Slfn4,8018
Slfn5,7577
Slfn5os,9083
Slfn8,7313
Slfn9,7901
Slfnl1,1762
Slfnlnc,18031
Slirp,3974
Slit1,7716
Slit2,35968
Slit3,6391
Slitrk1,5359
Slitrk2,10761
Slitrk3,8179
Slitrk4,12638
Slitrk5,5668
Slitrk6,4240
Slk,10237
Slmap,20045
Slmapos2,21661
Sln,1318
Slpi,1653
Sltm,14625
Slu7,4762
Slurp1,3306
Slurp2,545
Slx,925
Slx1b,6553
Slx4,16149
Slx4ip,10959
Slx9,3275
Slxl1,730
Sly,1713
Smad1,7323
Smad2,10481
Smad3,5730
Smad4,5712
Smad5,14068
Smad6,3526
Smad7,5974
Smad9,5368
Smagp,4019
Smap1,5217
Smap2,3242
Smarca1,8951
Smarca2,24755
Smarca4,9075
Smarca5,9358
Smarca5-ps,3123
Smarcad1,17813
Smarcal1,7451
Smarcb1,13461
Smarcc1,9132
Smarcc2,7981
Smarcd1,5363
Smarcd2,6569
Smarcd3,7206
Smarce1,7634
Smarce1-ps1,1077
Smbd1,679
Smc1a,7012
Smc1b,4130
Smc2,6004
Smc2os,4115
Smc3,6017
Smc4,8202
Smc5,7975
Smc6,17034
Smchd1,21794
Smco1,1410
Smco2,2099
Smco3,4916
Smco4,1892
Smcp,913
Smcr8,10935
Smdt1,2677
Smg1,28348
Smg5,9464
Smg6,9273
Smg7,10966
Smg8,4235
Smg9,5071
Smgc,7413
Smim1,18600
Smim10l1,5188
Smim10l2a,2393
Smim10l3,5397
Smim11,1189
Smim12,1022
Smim13,4483
Smim14,19684
Smim15,5225
Smim17,3869
Smim18,587
Smim19,2573
Smim20,4594
Smim22,1552
Smim23,831
Smim24,1836
Smim26,471
Smim27,1339
Smim29,4448
Smim3,7012
Smim30,6627
Smim31,1507
Smim32,1457
Smim33,4134
Smim34,3894
Smim35,2686
Smim36,2831
Smim38,2040
Smim39,171
Smim40,807
Smim40-ps,246
Smim41,1947
Smim43,7708
Smim45,3078
Smim46,349
Smim5,2350
Smim7,3777
Smim8,2933
Smim9,1208
Smkr-ps,198
Smlr1,4560
Smn1,4074
Smndc1,5579
Smo,6281
Smoc1,5746
Smoc2,9365
Smok2a,1787
Smok2b,3890
Smok3a,5050
Smok3b,2907
Smok3c,3845
Smok4a,4568
Smox,8892
Smpd1,5311
Smpd2,11388
Smpd3,5703
Smpd4,16952
Smpd5,3521
Smpdl3a,2730
Smpdl3b,2006
Smpx,3776
Smr2,1352
Smr2l,685
Smr3a,1035
Sms,7598
Sms-ps,1101
Smt3h1-ps,280
Smt3h2-ps,285
Smt3h2-ps2,288
Smt3h2-ps4,288
Smtn,6568
Smtnl1,1761
Smtnl2,5846
Smu1,3700
Smug1,12008
Smurf1,10521
Smurf2,7743
Smyd1,8153
Smyd2,3795
Smyd3,14891
Smyd4,5586
Smyd5,8357
Snai1,1621
Snai2,2021
Snai3,1628
Snap23,5319
Snap25,7380
Snap29,3447
Snap47,4131
Snap91,13805
Snapc1,9350
Snapc2,3419
Snapc3,10642
Snapc4,11462
Snapc5,1228
Snapin,7405
Snca,3654
Sncaip,8803
Sncb,2777
Sncg,852
Snd1,10915
Sned1,11243
Snf8,4139
Snhg1,22692
Snhg10,3371
Snhg11,12459
Snhg12,27160
Snhg14,34723
Snhg15,20259
Snhg16,20497
Snhg17,63422
Snhg18,15084
Snhg20,15823
Snhg3,1834
Snhg4,10167
Snhg5,26891
Snhg6,27747
Snhg7,21737
Snhg7os,17318
Snhg8,4394
Snhg9,1159
Snip1,2977
Snn,3719
Snora15,131
Snora16a,273
Snora17,132
Snora19,132
Snora20,128
Snora21,137
Snora23,184
Snora24,130
Snora26,121
Snora28,127
Snora2b,137
Snora3,132
Snora30,130
Snora31,130
Snora33,129
Snora34,138
Snora35,128
Snora36b,132
Snora41,132
Snora43,266
Snora44,129
Snora47,138
Snora52,137
Snora57,148
Snora5c,136
Snora61,130
Snora62,149
Snora64,134
Snora65,130
Snora68,131
Snora69,131
Snora70,137
Snora73a,205
Snora73b,205
Snora74a,196
Snora75,133
Snora78,128
Snora7a,140
Snora81,178
Snora9,133
Snorc,852
Snord100,74
Snord104,70
Snord107,70
Snord11,84
Snord110,68
Snord111,89
Snord116l1,94
Snord116l10,94
Snord116l11,94
Snord116l12,94
Snord116l13,94
Snord116l14,94
Snord116l15,94
Snord116l16,94
Snord116l17,94
Snord116l2,94
Snord116l3,94
Snord116l4,94
Snord116l5,94
Snord116l6,94
Snord116l7,94
Snord116l8,94
Snord116l9,94
Snord118,135
Snord12,90
Snord123,71
Snord13,104
Snord138,60
Snord14a,87
Snord14c,86
Snord14d,86
Snord14e,90
Snord15a,148
Snord15b,145
Snord16a,99
Snord17,238
Snord19,76
Snord1a,74
Snord1b,75
Snord1c,76
Snord2,69
Snord21,94
Snord22,126
Snord23,109
Snord32a,83
Snord33,84
Snord34,70
Snord35a,90
Snord35b,87
Snord37,64
Snord38a,71
Snord3a,427
Snord3b-ps1,431
Snord3b-ps2,214
Snord3b1,431
Snord3b2,431
Snord3b3,431
Snord3b4,431
Snord42a,65
Snord42b,69
Snord43,108
Snord45b,71
Snord45c,80
Snord47,77
Snord49a,72
Snord49b,72
Snord4a,71
Snord50a,72
Snord50b,72
Snord52,66
Snord53,78
Snord55,79
Snord57,72
Snord58b,66
Snord59a,74
Snord60,78
Snord61,71
Snord64,67
Snord65,72
Snord66,75
Snord67,111
Snord68,86
Snord69,80
Snord7,97
Snord70,87
Snord71,85
Snord72,81
Snord73a,68
Snord73b,71
Snord78,66
Snord8,110
Snord80,158
Snord82,70
Snord83b,94
Snord85,73
Snord87,87
Snord88a,90
Snord88c,90
Snord89,110
Snord90,111
Snord91a,93
Snord92,85
Snord93,71
Snord94,137
Snord95,68
Snord96a,81
Snord98,65
Snord99,74
Snph,17052
Snrk,8995
Snrnp200,9441
Snrnp25,2247
Snrnp27,2315
Snrnp35,2745
Snrnp40,4483
Snrnp48,13038
Snrnp70,16381
Snrp1c-ps1,474
Snrp1c-ps2,365
Snrpa,4395
Snrpa1,4881
Snrpb,2292
Snrpb2,3298
Snrpc,8325
Snrpd1,2830
Snrpd2,2654
Snrpd3,3996
Snrpe,2535
Snrpert,279
Snrpf,861
Snrpg,2214
Snrpn,2935
Snta1,3994
Sntb1,6527
Sntb2,13197
Sntg1,18341
Sntg2,6032
Sntn,1240
Snu13,4500
Snupn,1391
Snurf,216
Snw1,7794
Snx1,5477
Snx10,12250
Snx11,6344
Snx12,4515
Snx13,9854
Snx14,8465
Snx15,3578
Snx16,4356
Snx17,6884
Snx18,8265
Snx19,9892
Snx2,3683
Snx20,6694
Snx21,11861
Snx22,3085
Snx24,3392
Snx25,6685
Snx27,11538
Snx29,8294
Snx3,2865
Snx30,9993
Snx31,4180
Snx32,6931
Snx33,4571
Snx4,5740
Snx5,5496
Snx6,4222
Snx7,7420
Snx8,7506
Snx9,3868
Soat1,13138
Soat2,2645
Sobp,6075
Socs1,5587
Socs2,13691
Socs3,3288
Socs4,7415
Socs5,7584
Socs6,18760
Socs7,8379
Sod1,4313
Sod2,12873
Sod3,3738
Sohlh1,1289
Sohlh2,2364
Son,25177
Sorbs1,19194
Sorbs2,48764
Sorbs2os,2474
Sorbs3,4151
Sorcs1,9935
Sorcs2,10392
Sorcs3,8312
Sord,2352
Sorl1,11809
Sort1,16550
Sos1,10995
Sos2,13242
Sost,2066
Sostdc1,1781
Sowaha,3702
Sowahb,3900
Sowahc,4482
Sowahd,1574
Sox1,4832
Sox10,6294
Sox11,8311
Sox12,4453
Sox13,5828
Sox14,3339
Sox15,861
Sox17,11477
Sox18,1620
Sox1ot,30090
Sox2,2057
Sox21,3799
Sox21os1,5887
Sox2ot,68259
Sox3,2065
Sox30,2997
Sox4,4795
Sox5,19655
Sox5it,5015
Sox5os1,4679
Sox5os2,801
Sox5os3,4286
Sox5os4,1070
Sox5os5,207
Sox6,25851
Sox6os,1380
Sox7,3299
Sox8,9600
Sox9,4135
Sp1,11575
Sp100,9951
Sp110,9225
Sp110-ps1,5227
Sp110-ps2,1062
Sp140,4755
Sp140l1,1873
Sp140l2,5343
Sp2,6078
Sp3,9513
Sp3os,5379
Sp4,6855
Sp5,2100
Sp6,7167
Sp7,6087
Sp8,5204
Sp9,5170
Spa17,1346
Spaar,5285
Spaca1,2327
Spaca3,1274
Spaca4,707
Spaca5,640
Spaca6,10176
Spaca7,1532
Spaca7b,2338
Spaca9,1229
Spag1,13897
Spag11a,436
Spag11b,2082
Spag16,7367
Spag17,9461
Spag17os,4955
Spag4,8754
Spag5,8229
Spag6,4044
Spag6l,5828
Spag7,2575
Spag8,1862
Spag9,17310
Spam1,4671
Spanxn4,424
Sparc,5229
Sparcl1,3534
Spart,14189
Spast,8234
Spata1,5726
Spata13,17189
Spata16,2284
Spata17,4753
Spata18,2806
Spata19,2424
Spata2,6843
Spata20,3658
Spata21,2864
Spata22,1274
Spata24,2813
Spata25,1262
Spata2l,7109
Spata3,6312
Spata31,4046
Spata31d1a,11394
Spata31d1b,4287
Spata31d1c,3390
Spata31d1d,3827
Spata31d1e,4392
Spata31e1,4331
Spata31e2,4318
Spata31e3,3152
Spata31e4,3152
Spata31e5,2887
Spata31f1a,4146
Spata31f1b,3927
Spata31f1c,4128
Spata31f1d,4130
Spata31f1e,3297
Spata31f3,3248
Spata31g1,6327
Spata31h-ps1,10655
Spata31h1,18274
Spata31h2,2313
Spata32,1112
Spata33,11901
Spata4,1057
Spata45,563
Spata46,771
Spata6,10232
Spata6l,3973
Spata7,13236
Spata9,2140
Spatc1,2472
Spatc1l,2240
Spats1,5397
Spats2,5132
Spats2l,11930
Spc24,3939
Spc25,5257
Spcs1,4668
Spcs2,8170
Spcs2-ps,682
Spcs3,3466
Spdef,5283
Spdl1,4144
Spdya,3832
Spdye4a,3457
Spdye4b,3611
Spdye4c,1580
Specc1,25767
Specc1l,18190
Speer1a,1438
Speer1b,1413
Speer1c,2136
Speer1d,858
Speer1e,1789
Speer1f,1496
Speer1g,1125
Speer1h,1506
Speer1i,1364
Speer1j,1181
Speer1k,1707
Speer1m,1629
Speer1n,1482
Speer2,1534
Speer3,1192
Speer4a1,2980
Speer4a2,2967
Speer4a3,2421
Speer4b,3292
Speer4c1,1479
Speer4c2,1169
Speer4cos,1811
Speer4d,1723
Speer4e1,1603
Speer4e2,1215
Speer4f1,1256
Speer4f2,1278
Speer5-ps1,10783
Speer6-ps1,6791
Speer9-ps1,6192
Spef1,4757
Spef1l,3250
Spef2,10892
Speg,19485
Spehd,20270
Spem1,1041
Spem2,1640
Spem3,3908
Spen,15581
Spesp1,3042
Spg11,9703
Spg21,4238
Spg7,8483
Sphk1,15279
Sphk2,7617
Sphkap,15599
Sphkos,766
Spi1,4332
Spib,3286
Spic,5031
Spice1,7543
Spidr,7275
Spin1,8031
Spin2-ps1,965
Spin2-ps10,1014
Spin2-ps2,711
Spin2-ps3,762
Spin2-ps4,711
Spin2-ps6,818
Spin2-ps7,1123
Spin2-ps8,711
Spin2-ps9,1115
Spin2c,2270
Spin2d,1015
Spin2e,1984
Spin2f,1981
Spin2g,1016
Spin2h,1726
Spin2i,1039
Spin2j,778
Spin3-ps,770
Spin4,4173
Spindoc,4798
Spink1,729
Spink10,10314
Spink11,2637
Spink12,1256
Spink13,1351
Spink14,4652
Spink2,1315
Spink4,620
Spink5,4785
Spink6,1327
Spink7,647
Spink8,1383
Spinkl,778
Spint1,5157
Spint2,5623
Spint3,557
Spint4,751
Spint5,443
Spire1,16268
Spire2,2510
Spmap1,624
Spmap2,2371
Spmap2l,2612
Spmip1,682
Spmip10,2049
Spmip11,558
Spmip2,2510
Spmip3,768
Spmip4,2378
Spmip5,1388
Spmip6,2946
Spmip7,2110
Spmip8,2766
Spmip9,814
Spn,6501
Spn-ps,1108
Spns1,8141
Spns2,7326
Spns2os,579
Spns3,6447
Spo11,6599
Spocd1,3319
Spock1,11797
Spock2,8514
Spock3,11468
Spon1,10924
Spon2,6323
Spop,3684
Spopfm1,1098
Spopfm2,4452
Spopfm3,1593
Spopl,12350
Spout1,8255
Spp1,5372
Spp2,1360
Sppl2a,9142
Sppl2b,10372
Sppl2c,4442
Sppl3,8840
Spr,5851
Spr-ps1,605
Spred1,7062
Spred2,7136
Spred3,7479
Spring1,5649
Sprn,3906
Sprr1a,806
Sprr1b,830
Sprr2a1,3003
Sprr2a2,3589
Sprr2a3,3562
Sprr2b,784
Sprr2c-ps,301
Sprr2d,681
Sprr2e,647
Sprr2f,609
Sprr2g,651
Sprr2h,1049
Sprr2i,617
Sprr2j-ps,678
Sprr2k,637
Sprr3,1222
Sprr4,231
Sprr5,677
Sprtn,5164
Spry1,3328
Spry2,2087
Spry4,4755
Spryd3,3551
Spryd4,1583
Spryd7,5177
Spsb1,8163
Spsb2,3575
Spsb3,6694
Spsb4,7855
Spta1,10315
Sptan1,18049
Sptb,13115
Sptbn1,21614
Sptbn2,8970
Sptbn4,9917
Sptbn5,11654
Sptlc1,3685
Sptlc2,11033
Sptlc3,3558
Sptssa,2766
Sptssb,2472
Spty2d1,6949
Spx,2037
Spz1,1537
Sqle,8554
Sqor,5566
Sqstm1,7013
Sra1,4574
Srarp,905
Srbd1,5062
Src,10218
Srcap,22020
Srcin1,12970
Srd5a1,3854
Srd5a2,1605
Srd5a3,8047
Srebf1,9203
Srebf2,11713
Srek1,13735
Srek1ip1,7877
Srf,4070
Srfbp1,5159
Srgap1,10154
Srgap2,14852
Srgap3,15730
Srgn,3890
Sri,7259
Srl,9038
Srm,1941
Srms,2562
Sros1,2547
Srp14,2367
Srp19,6137
Srp54a,6508
Srp54b,5223
Srp54c,4614
Srp68,3006
Srp72,8044
Srp9,7016
Srpk1,16680
Srpk2,17589
Srpk3,4226
Srpra,3713
Srprb,6119
Srpx,4085
Srpx2,3782
Srr,14923
Srrd,2821
Srrm1,12392
Srrm2,19815
Srrm3,6971
Srrm3os,1271
Srrm4,17170
Srrm4os,5658
Srrt,10880
Srsf1,11385
Srsf10,10408
Srsf11,17540
Srsf12,3626
Srsf19,2644
Srsf2,5879
Srsf3,15144
Srsf3-ps,1311
Srsf4,4602
Srsf5,10708
Srsf6,7346
Srsf7,8697
Srsf9,2392
Srsx,27304
Srsy,6532
Srxn1,3633
Sry,1188
Ss18,18797
Ss18l1,4343
Ss18l2,7505
Ssb,3905
Ssbp1,10432
Ssbp2,9735
Ssbp3,12017
Ssbp4,6411
Ssc4d,6873
Ssc5d,5045
Ssh1,14431
Ssh2,21680
Ssh3,13040
Ssmem1,2782
Ssna1,2500
Sspn,4996
Sspnos,2172
Sspo,17035
Ssr1,11662
Ssr2,3272
Ssr3,4945
Ssr4,7413
Ssrp1,6100
Sst,721
Sstr1,1752
Sstr2,4721
Sstr3,4723
Sstr4,1424
Sstr5,7610
Ssty1,2040
Ssty2,1900
Ssu2,3663
Ssu72,3617
Ssx2ip,8367
Ssxa1,640
Ssxb1,875
Ssxb10,879
Ssxb13,602
Ssxb14,507
Ssxb15,540
Ssxb16,1165
Ssxb2,927
Ssxb3,980
Ssxb5,602
Ssxb6,518
Ssxb8,672
Ssxb9,879
St13,11576
St14,9653
St18,13226
St3gal1,8814
St3gal2,6223
St3gal3,5085
St3gal4,3693
St3gal5,3230
St3gal6,10133
St6gal1,8789
St6gal2,9685
St6galnac1,2392
St6galnac2,9994
St6galnac3,9958
St6galnac4,10645
St6galnac5,6052
St6galnac6,8781
St7,14242
St7l,17375
St8sia1,11396
St8sia2,5797
St8sia3,15092
St8sia3os,26137
St8sia4,21741
St8sia5,7524
St8sia6,7801
Stab1,16034
Stab2,10161
Stac,3289
Stac2,3202
Stac3,3751
Stag1,20877
Stag2,11243
Stag3,8025
Stam,11357
Stam2,6849
Stambp,14319
Stambp-ps1,1016
Stambp-ps2,1208
Stambpl1,6840
Stamos,9014
Stap1,8921
Stap2,4171
Star,4281
Stard10,6038
Stard13,12607
Stard3,5346
Stard3nl,7729
Stard4,6789
Stard5,6177
Stard6,3610
Stard7,7862
Stard8,6121
Stard9,30605
Stat1,15380
Stat2,8053
Stat3,15739
Stat4,4717
Stat5a,9981
Stat5b,5863
Stat6,5778
Stau1,11620
Stau2,23360
Stbd1,4277
Stc1,4197
Stc2,9399
Steap1,1778
Steap2,33994
Steap3,10230
Steap4,3155
Steep1,11609
Stfa1,927
Stfa2,471
Stfa2l1,419
Stfa3,412
Stil,6704
Stim1,16529
Stim2,8085
Stimate,6328
Sting1,6883
Stip1,2108
Stk-ps1,1074
Stk-ps2,10289
Stk10,5472
Stk11,7880
Stk11ip,9004
Stk16,11044
Stk17b,5511
Stk19,5489
Stk19-ps1,517
Stk24,5712
Stk25,7427
Stk26,6220
Stk3,8564
Stk31,4061
Stk32a,8697
Stk32b,3458
Stk32c,2302
Stk33,3158
Stk35,7396
Stk35os1,3799
Stk36,10577
Stk38,20377
Stk38l,5957
Stk39,7818
Stk4,6340
Stk40,7250
Stkld1,2344
Stmn1,2939
Stmn1-rs1,462
Stmn2,6340
Stmn3,1136
Stmn4,3868
Stmnd1,1363
Stmp1,4335
Stn1,6300
Stom,3677
Stoml1,5106
Stoml2,5979
Stoml3,2329
Ston1,10475
Ston2,13442
Stox1,4064
Stox2,21849
Stpg1,3420
Stpg2,3297
Stpg3,5079
Stpg4,2184
Stra6,8775
Stra6l,11638
Stra8,2518
Strada,7196
Stradb,9448
Strap,3349
Strbp,20888
Strc,8677
Strip1,8159
Strip2,13166
Strit1,243
Strn,10108
Strn3,7851
Strn4,13321
Sts,1125
Stt3a,10716
Stt3b,4221
Stub1,6817
Stum,10368
Stx11,8946
Stx12,3373
Stx16,4534
Stx17,7826
Stx18,7063
Stx19,2812
Stx1a,4569
Stx1b,4956
Stx2,7967
Stx3,7002
Stx4a,4464
Stx5a,15818
Stx6,12763
Stx7,6337
Stx8,8411
Stxbp1,9539
Stxbp2,7595
Stxbp3,6731
Stxbp3-ps,758
Stxbp4,12880
Stxbp5,21319
Stxbp5l,10151
Stxbp6,9211
Styk1,6711
Styx,23298
Styx-ps,4226
Styxl1,4370
Styxl2,7518
Sub1,4469
Sucla2,5609
Suclg1,5646
Suclg2,5898
Sucnr1,1937
Suco,9609
Suds3,14617
Sufu,9609
Sugct,4979
Sugp1,6769
Sugp2,21705
Sugt1,8580
Sulf1,16151
Sulf2,8357
Sult1a1,2331
Sult1b1,5009
Sult1c1,1556
Sult1c2,1846
Sult1c2-ps1,164
Sult1c2-ps2,276
Sult1d1,2569
Sult1e1,1242
Sult2a-ps1,341
Sult2a-ps2,405
Sult2a-ps3,428
Sult2a-ps4,386
Sult2a1,1020
Sult2a2,741
Sult2a3,1018
Sult2a4,1339
Sult2a5,1046
Sult2a6,1148
Sult2a7,1830
Sult2a8,5139
Sult2b1,6906
Sult3a1,1583
Sult3a2,1072
Sult4a1,3129
Sult5a1,5731
Sult6b1,2803
Sult6b2,3041
Sumf1,4359
Sumf2,3941
Sumo1,2652
Sumo2,2455
Sumo3,7548
Sun1,12983
Sun2,10960
Sun3,1299
Sun5,1292
Suox,2497
Supt16,5221
Supt20,9078
Supt3,4795
Supt4a,1486
Supt4b,351
Supt5,7521
Supt6,7914
Supt7l,11040
Supv3l1,5265
Surf1,3782
Surf2,7635
Surf4,3707
Surf6,6412
Susd1,6068
Susd2,6173
Susd3,4041
Susd4,4670
Susd5,4083
Susd6,8786
Suv39h1,9724
Suv39h2,8361
Suz12,8088
Sv2a,5194
Sv2b,13860
Sv2c,10990
Sva,925
Sval1,615
Sval2,1690
Sval3,550
Svbp,1295
Svep1,19600
Svet1,3940
Svil,16132
Svip,3889
Svop,5718
Svopl,8245
Svs3a,2386
Svs3b,1249
Svs4,731
Svs5,1008
Svs6,535
Swap70,8977
Swi5,6352
Swsap1,1838
Swt1,14814
Syap1,2600
Sybu,11369
Syce1,1606
Syce1l,1694
Syce2,2975
Syce3,553
Sycn,556
Sycp1,4320
Sycp1-ps1,2768
Sycp2,6527
Sycp2l,3036
Sycp3,2081
Syde1,3288
Syde2,8617
Syf2,2718
Syk,13650
Sympk,12414
Syn1,4862
Syn2,9371
Syn3,13343
Syna,2026
Synb,4055
Sync,3222
Syncrip,25651
Syndig1,4217
Syndig1l,4581
Syne1,45391
Syne2,31913
Syne3,8315
Syne4,8225
Syngap1,10718
Syngr1,5432
Syngr2,4031
Syngr3,2071
Syngr4,1574
Synj1,16099
Synj2,18588
Synj2bp,10329
Synm,17946
Synpo,32416
Synpo2,19244
Synpo2l,11402
Synpr,13096
Synrg,15116
Syp,6311
Sypl1,11048
Sypl2,4859
Sys1,8248
Syt1,15865
Syt10,1845
Syt11,10469
Syt12,6455
Syt13,3761
Syt14,14857
Syt15,5756
Syt16,12918
Syt17,8910
Syt2,9850
Syt3,4572
Syt4,3892
Syt5,2591
Syt6,11178
Syt7,9126
Syt8,5300
Syt9,7068
Sytl1,3443
Sytl2,24300
Sytl3,7376
Sytl4,5780
Sytl5,2301
Syvn1,12628
Szrd1,3739
Szt2,13815
T,2964
T2,3951
Taar1,1114
Taar2,1020
Taar3,1032
Taar4,1044
Taar5,1014
Taar6,1038
Taar7a,1077
Taar7b,1077
Taar7c-ps,1055
Taar7d,1077
Taar7e,1077
Taar7f,1077
Taar8a,1035
Taar8b,1035
Taar8c,1035
Taar9,1047
Tab1,3753
Tab2,8222
Tab3,7560
Tac1,4584
Tac2,1931
Tac4,1251
Tacc1,17243
Tacc2,23150
Tacc3,6403
Taco1,1383
Taco1os,2178
Tacr1,12058
Tacr2,2258
Tacr3,3762
Tacstd2,1735
Tada1,4911
Tada2a,4078
Tada2b,5112
Tada3,7618
Taf1,9140
Taf10,5566
Taf11,10459
Taf12,4271
Taf13,4803
Taf15,3745
Taf1a,2384
Taf1b,2891
Taf1c,6119
Taf1d,17278
Taf2,8911
Taf3,12280
Taf4,4954
Taf4b,5267
Taf5,3260
Taf5l,4354
Taf6,6633
Taf6l,9868
Taf7,3302
Taf7l,2496
Taf7l2,2604
Taf8,6750
Taf9,5309
Taf9-ps,768
Taf9b,3385
Tafa1,6502
Tafa2,10908
Tafa3,4671
Tafa4,5956
Tafa5,4974
Tafazzin,14829
Tagap,3090
Tagap1,2312
Tagln,2513
Tagln2,3000
Tagln3,1240
Tal1,10113
Tal2,2971
Taldo1,2931
Tamalin,2033
Tamm41,6723
Tanc1,22267
Tanc2,24141
Tango2,14146
Tango6,7352
Tank,9584
Taok1,12643
Taok2,10417
Taok3,15782
Tap1,11741
Tap2,5360
Tapbp,6878
Tapbpl,2352
Tapt1,8336
Tarbp1,6383
Tarbp2,10275
Tardbp,31817
Tarm1,2570
Tars1,7738
Tars2,10390
Tars3,7046
Tas1r1,2863
Tas1r2,4936
Tas1r3,3523
Tas2r102,1044
Tas2r103,939
Tas2r104,909
Tas2r105,964
Tas2r106,927
Tas2r107,1032
Tas2r108,1013
Tas2r109,951
Tas2r110,1002
Tas2r111-ps2,901
Tas2r113,930
Tas2r114,930
Tas2r115,1033
Tas2r116,918
Tas2r117,1158
Tas2r118,900
Tas2r119,1006
Tas2r120,892
Tas2r121,918
Tas2r122,930
Tas2r123,1002
Tas2r124,930
Tas2r125,937
Tas2r126,930
Tas2r129,965
Tas2r130,1090
Tas2r131,1036
Tas2r134,898
Tas2r135,1093
Tas2r136,984
Tas2r137,1073
Tas2r138,996
Tas2r139,960
Tas2r140,1000
Tas2r141-ps4,946
Tas2r142-ps5,929
Tas2r143,882
Tas2r144,960
Tas2r145-ps3,992
Tas2r146-ps1,934
Tasl,3754
Tasor,17302
Tasor2,17887
Tasp1,3867
Tat,2554
Tatdn1,8512
Tatdn2,5531
Tatdn3,5445
Tax1bp1,11107
Tax1bp3,5377
Tbata,4573
Tbc1d1,10582
Tbc1d10a,4733
Tbc1d10b,6918
Tbc1d10c,8926
Tbc1d12,6547
Tbc1d13,6153
Tbc1d14,21360
Tbc1d15,5067
Tbc1d16,8132
Tbc1d17,13350
Tbc1d19,5776
Tbc1d2,5425
Tbc1d20,5387
Tbc1d21,1628
Tbc1d22a,3788
Tbc1d22b,8711
Tbc1d22bos,2859
Tbc1d23,12628
Tbc1d24,40066
Tbc1d25,6964
Tbc1d2b,9701
Tbc1d30,8411
Tbc1d31,8705
Tbc1d32,10850
Tbc1d4,15960
Tbc1d5,20680
Tbc1d7,6166
Tbc1d8,7053
Tbc1d8b,5377
Tbc1d9,7887
Tbc1d9b,8988
Tbca,1398
Tbcb,2168
Tbcc,1164
Tbccd1,10706
Tbcd,8862
Tbce,7236
Tbcel,14737
Tbck,13168
Tbk1,5875
Tbkbp1,8753
Tbl1x,7624
Tbl1xr1,21679
Tbl2,9280
Tbl3,7409
Tbp,17001
Tbpl1,4583
Tbpl2,1689
Tbr1,6863
Tbrg1,6147
Tbrg4,6569
Tbx1,7677
Tbx10,1778
Tbx15,3850
Tbx18,4795
Tbx19,4031
Tbx2,3626
Tbx20,12848
Tbx21,2488
Tbx22,10521
Tbx3,13867
Tbx3os1,29029
Tbx3os2,12195
Tbx4,5569
Tbx5,5006
Tbx6,2280
Tbxa2r,1919
Tbxas1,10728
Tc2n,7245
Tcaf1,12211
Tcaf2,4961
Tcaf3,4487
Tcaim,6798
Tcam1,5384
Tcap,948
Tcea1,4567
Tcea1-ps1,904
Tcea2,5096
Tcea3,1761
Tceal1,2803
Tceal3,5836
Tceal5,1623
Tceal6,1114
Tceal7,1353
Tceal8,4205
Tceal9,1103
Tceanc,5395
Tceanc2,9318
Tcerg1,12271
Tcerg1l,4550
Tcf12,31173
Tcf15,980
Tcf19,4152
Tcf20,10553
Tcf21,3055
Tcf23,4116
Tcf24,6832
Tcf25,10582
Tcf3,9441
Tcf4,51340
Tcf7,3746
Tcf7l1,5114
Tcf7l2,24692
Tcfl5,4396
Tchh,5823
Tchhl1,2066
Tchp,9316
Tcim,1805
Tcirg1,7432
Tcl1,5100
Tcl1b1,1539
Tcl1b2,2559
Tcl1b3,1045
Tcl1b4,2325
Tcl1b5,1055
Tcn2,2553
Tcof1,7040
Tcp1,9505
Tcp1-ps1,1466
Tcp10a,5934
Tcp10b,5381
Tcp10c,3326
Tcp11,6376
Tcp11l1,10009
Tcp11l2,4110
Tcp11x2,1776
Tcstv-ps6,504
Tcstv1a,2155
Tcstv1b,894
Tcstv2a,2055
Tcstv2b,1890
Tcstv2c,1937
Tcstv3,1289
Tcstv4,2099
Tcstv5a,1447
Tcstv6a,1121
Tcstv6b,1286
Tcstv7a,1475
Tcstv7b,886
Tcta,3304
Tcte1,4940
Tcte2,6691
Tctn1,9828
Tctn2,9882
Tctn3,4491
Tdg,9845
Tdg-ps,2968
Tdg-ps2,1194
Tdgf1-ps1,513
Tdgf1-ps2,505
Tdh,3446
Tdo2,4992
Tdp1,10542
Tdp2,6474
Tdpoz1,2322
Tdpoz2,1145
Tdpoz3,1098
Tdpoz4,1113
Tdpoz5,1023
Tdpoz6,1107
Tdpoz7,1023
Tdpoz8,3996
Tdpoz9,4558
Tdpoz9-ps1,2325
Tdrd1,5794
Tdrd12,5325
Tdrd3,7242
Tdrd5,8533
Tdrd6,19453
Tdrd7,4722
Tdrd9,6168
Tdrkh,11378
Tdrp,6268
Tead1,27236
Tead2,9017
Tead3,11596
Tead4,4890
Tec,6662
Tecpr1,18248
Tecpr2,16780
Tecr,5856
Tecrl,2599
Tecta,9495
Tectb,6438
Tedc1,8553
Tedc2,5254
Teddm1a,1317
Teddm1b,2527
Teddm2,6626
Teddm3,1346
Tef,13332
Tefm,2411
Tek,7558
Tekt1,1865
Tekt2,2939
Tekt3,1748
Tekt4,7915
Tekt5,2558
Tekt5l,1402
Tektip1,3294
Tektl1,1714
Telo2,13881
Ten1,3542
Tenm1,20474
Tenm2,14456
Tenm3,13518
Tenm4,28546
Tent2,6097
Tent2-ps1,1402
Tent2-ps2,484
Tent4a,10267
Tent4b,14955
Tent5a,5785
Tent5b,2287
Tent5c,6521
Tent5d,3601
Tep1,11305
Tepsin,4817
Terb1,5941
Terb2,2338
Terc,820
Terf1,5965
Terf2,9371
Terf2ip,5699
Tert,10132
Tes,8706
Tes3-ps,3272
Tesc,3137
Tescl,855
Teshl,26596
Tesk1,6934
Tesk2,6558
Tesl1,2729
Tesl2,1233
Tesmin,5693
Tespa1,6679
Tet1,29930
Tet2,29974
Tet3,19079
Tex10,6494
Tex101,2251
Tex11,3939
Tex12,1734
Tex13a,1317
Tex13b,3408
Tex13c1,2074
Tex13c3,876
Tex13d,1834
Tex14,5968
Tex15,12973
Tex16,6369
Tex19.1,2151
Tex19.2,2046
Tex2,8170
Tex21,3201
Tex22,2783
Tex24,3304
Tex26,3028
Tex261,5728
Tex264,5303
Tex28,1473
Tex29,2248
Tex30,5172
Tex35,2285
Tex36,958
Tex38,802
Tex44,1724
Tex46,683
Tex47,5741
Tex48,700
Tex50,1694
Tex51,993
Tex52,1875
Tex53,1005
Tex54,843
Tex55,2466
Tex56,1431
Tex9,15688
Tfam,5313
Tfap2a,11162
Tfap2b,9971
Tfap2c,8064
Tfap2d,2018
Tfap2e,2085
Tfap4,2690
Tfb1m,4002
Tfb2m,4061
Tfcp2,11588
Tfcp2l1,9595
Tfdp1,6688
Tfdp2,21834
Tfe3,20656
Tfeb,9219
Tfec,6965
Tff1,975
Tff2,584
Tff3,493
Tfg,3219
Tfip11,4715
Tfpi,11764
Tfpi2,1858
Tfpt,3436
Tfr2,8831
Tfrc,9778
Tg,9246
Tgds,3977
Tgfa,7295
Tgfb1,5709
Tgfb1i1,9905
Tgfb2,9087
Tgfb3,3383
Tgfbi,5623
Tgfbr1,9129
Tgfbr2,10138
Tgfbr3,7810
Tgfbr3l,5175
Tgfbrap1,18210
Tgif1,12163
Tgif1-ps,736
Tgif2,6780
Tgif2-ps1,713
Tgif2-ps2,711
Tgif2lx1,1030
Tgif2lx2,1030
Tgm1,4566
Tgm2,5131
Tgm3,4135
Tgm4,5772
Tgm5,3435
Tgm6,3402
Tgm7,2501
Tgoln1,5013
Tgs1,6462
Tgtp1,3811
Tgtp2,3180
Th,3983
Tha1,3727
Thada,13462
Thap1,3957
Thap11,1819
Thap12,5215
Thap2,9178
Thap3,2264
Thap4,9342
Thap6,29469
Thap7,7188
Thbd,3723
Thbs1,6507
Thbs2,7915
Thbs3,8895
Thbs4,3626
Them4,4632
Them5,2177
Them6,1784
Them7,2001
Themis,17124
Themis2,3079
Themis3,2544
Thg1l,3777
Thnsl1,7767
Thnsl2,3355
Thoc1,15349
Thoc2,16954
Thoc2l,21821
Thoc3,3324
Thoc5,3551
Thoc6,3787
Thoc7,10343
Thop1,6272
Thpo,4996
Thra,5825
Thrap3,15233
Thrb,11633
Thrsp,2677
Thsd1,8749
Thsd4,17533
Thsd7a,15601
Thsd7b,14751
Thtpa,2830
Thumpd1,3433
Thumpd2,2372
Thumpd3,9093
Thy1,4905
Thyn1,4843
Tia1,37056
Tiaf2,1897
Tial1,16077
Tiam1,19078
Tiam2,16595
Ticam1,2992
Ticam2,5895
Ticrr,16336
Tie1,6047
Tifa,5164
Tifab,6067
Tigar,4195
Tigd2,3007
Tigd3,4270
Tigd4,3459
Tigd5,4801
Tigit,919
Timd2,4902
Timd4,2173
Timd5,1065
Timd6,2020
Timd7-ps,2632
Timeless,11191
Timm10,1139
Timm10b,8146
Timm13,2535
Timm17a,8188
Timm17b,4865
Timm21,10014
Timm22,4050
Timm23,4283
Timm29,3170
Timm29-ps1,705
Timm44,6531
Timm50,3625
Timm8a1,1421
Timm8a2,913
Timm8b,518
Timm9,9161
Timmdc1,2085
Timp1,1384
Timp2,5059
Timp3,9033
Timp4,6228
Tinag,2375
Tinagl1,6668
Tincr,3211
Tinf2,12691
Tiparp,5282
Tipin,2765
Tiprl,6928
Tirap,8108
Tjap1,10962
Tjp1,10648
Tjp2,8900
Tjp3,5030
Tk1,7385
Tk2,7081
Tkfc,6563
Tkt,9603
Tktl1,2726
Tktl2,7506
Tlcd1,8784
Tlcd2,2962
Tlcd3a,8675
Tlcd3b,6632
Tlcd4,10104
Tlcd5,7191
Tldc2,924
Tle1,13599
Tle2,13964
Tle3,25145
Tle4,5760
Tle5,7870
Tle6,6182
Tle7,1951
Tlk1,7475
Tlk2,12072
Tll1,9840
Tll2,5366
Tln1,11394
Tln2,21657
Tlnrd1,4433
Tlr1,6158
Tlr11,6200
Tlr12,3597
Tlr13,4397
Tlr2,3014
Tlr3,11835
Tlr4,6759
Tlr5,8308
Tlr6,6726
Tlr7,11508
Tlr8,7810
Tlr9,3478
Tlx1,2669
Tlx1os,7830
Tlx2,2750
Tlx3,1533
Tm2d1,1634
Tm2d2,3528
Tm2d3,4216
Tm4sf1,6003
Tm4sf19,1257
Tm4sf20,1818
Tm4sf4,1496
Tm4sf5,1429
Tm6sf1,10309
Tm6sf2,3272
Tm7sf2,10220
Tm7sf3,3921
Tm9sf1,12580
Tm9sf2,3748
Tm9sf3,9743
Tm9sf4,9096
Tm9sf5,2156
Tma16,10770
Tma7,1773
Tma7-ps,195
Tmbim1,17207
Tmbim4,4382
Tmbim6,6346
Tmbim7,3369
Tmc1,7661
Tmc2,3468
Tmc3,10658
Tmc4,6821
Tmc4-ps,258
Tmc5,6123
Tmc6,5666
Tmc7,6418
Tmc8,5198
Tmcc1,28874
Tmcc2,10145
Tmcc3,14262
Tmcc3os,3461
Tmco1,5799
Tmco2,719
Tmco3,11934
Tmco4,5284
Tmco5,1544
Tmco5b,1237
Tmco6,5089
Tmdd1,1056
Tmed1,4988
Tmed10,7203
Tmed10-ps,660
Tmed11,763
Tmed2,4609
Tmed2b,604
Tmed3,2925
Tmed4,2885
Tmed5,11254
Tmed6,871
Tmed7,10520
Tmed8,7409
Tmed9,5972
Tmeff1,3624
Tmeff2,7164
Tmem100,1767
Tmem101,2546
Tmem102,1933
Tmem104,7369
Tmem106a,4424
Tmem106b,7825
Tmem106c,5303
Tmem107,4152
Tmem108,12130
Tmem109,5244
Tmem11,2508
Tmem114,1407
Tmem115,2194
Tmem116,5112
Tmem117,5076
Tmem119,2578
Tmem120a,2898
Tmem120b,4561
Tmem121,1574
Tmem121b,4869
Tmem123,5786
Tmem125,3875
Tmem126a,3490
Tmem126b,5157
Tmem127,5797
Tmem128,4548
Tmem129,6044
Tmem130,2903
Tmem131,13263
Tmem131l,17291
Tmem132a,7575
Tmem132b,9610
Tmem132c,8288
Tmem132cos,4684
Tmem132d,7629
Tmem132e,8311
Tmem134,6892
Tmem135,9050
Tmem138,4254
Tmem139,3742
Tmem140,7292
Tmem141,2742
Tmem143,14024
Tmem144,4844
Tmem145,4650
Tmem147,2936
Tmem147os,4432
Tmem14a,2153
Tmem14c,914
Tmem150a,2480
Tmem150b,3907
Tmem150c,8345
Tmem150cos,4810
Tmem151a,5315
Tmem151b,4839
Tmem154,5225
Tmem156,4657
Tmem158,1712
Tmem160,1514
Tmem161a,10791
Tmem161b,11517
Tmem163,6980
Tmem164,7561
Tmem165,3705
Tmem167,11166
Tmem167-ps1,214
Tmem167-ps2,214
Tmem167-ps3,178
Tmem167b,2948
Tmem168,7191
Tmem169,3216
Tmem17,1568
Tmem170,3878
Tmem170b,7770
Tmem171,1987
Tmem174,2252
Tmem175,9054
Tmem176a,5780
Tmem176b,4973
Tmem177,3341
Tmem178,1696
Tmem178b,12583
Tmem179,2684
Tmem179b,1666
Tmem18,3639
Tmem181a,7502
Tmem181b-ps,1544
Tmem181c-ps,1386
Tmem182,2716
Tmem183a,5146
Tmem184a,6705
Tmem184b,9989
Tmem184c,3240
Tmem185a,3665
Tmem185b,3505
Tmem186,3391
Tmem19,5951
Tmem190,997
Tmem191,8799
Tmem192,3017
Tmem196,7387
Tmem198,4775
Tmem198b,6134
Tmem199,3226
Tmem200a,8969
Tmem200b,2331
Tmem200c,3662
Tmem201,11593
Tmem202,2387
Tmem203,854
Tmem204,3749
Tmem205,5667
Tmem207,3418
Tmem208,3051
Tmem209,12851
Tmem210,812
Tmem212,716
Tmem213,631
Tmem214,13259
Tmem215,7009
Tmem216,5688
Tmem217,5319
Tmem217b,2021
Tmem218,2619
Tmem219,3981
Tmem220,2351
Tmem221,1604
Tmem222,2994
Tmem223,748
Tmem225,1403
Tmem229a,5157
Tmem229b,12074
Tmem229b-ps,506
Tmem230,5421
Tmem231,7661
Tmem232,5471
Tmem233,2477
Tmem234,10595
Tmem235,1820
Tmem236,3659
Tmem237,3912
Tmem238,1616
Tmem238l,2791
Tmem239,1291
Tmem240,6818
Tmem241,9064
Tmem242,2210
Tmem243,8177
Tmem245,19266
Tmem247,1119
Tmem248,7100
Tmem249,1531
Tmem25,8454
Tmem250,2903
Tmem252,5034
Tmem253,2390
Tmem254,4225
Tmem255a,5051
Tmem255b,2538
Tmem256,2630
Tmem258,2099
Tmem259,9593
Tmem26,6750
Tmem260,25881
Tmem262,703
Tmem263,4749
Tmem265,1470
Tmem266,6297
Tmem267,8659
Tmem268,6945
Tmem269,2193
Tmem270,1235
Tmem271rt,1850
Tmem273,2938
Tmem274,897
Tmem275,1605
Tmem276,5150
Tmem30a,6421
Tmem30b,2991
Tmem30c,4617
Tmem33,15973
Tmem35a,1918
Tmem35b,1910
Tmem37,1311
Tmem38a,3121
Tmem38b,4315
Tmem39a,7933
Tmem39b,2930
Tmem40,3760
Tmem41a,2243
Tmem41b,11778
Tmem41b-ps,871
Tmem42,2236
Tmem43,4730
Tmem44,14119
Tmem45a,3790
Tmem45a2,5785
Tmem45b,5071
Tmem47,6112
Tmem50a,1588
Tmem50b,2930
Tmem51,1875
Tmem51os1,14309
Tmem52,2742
Tmem52b,4857
Tmem53,3413
Tmem54,2109
Tmem59,4369
Tmem59l,1832
Tmem60,3325
Tmem61,9578
Tmem62,4987
Tmem63a,6099
Tmem63b,6098
Tmem63c,6791
Tmem64,4670
Tmem65,6994
Tmem67,9316
Tmem68,4890
Tmem69,1567
Tmem70,4131
Tmem71,2988
Tmem72,17655
Tmem74,3528
Tmem74b,2834
Tmem74bos,2480
Tmem79,6094
Tmem80,7842
Tmem81,3493
Tmem82,6133
Tmem86a,2134
Tmem86b,3489
Tmem87a,10555
Tmem87b,10480
Tmem88,1582
Tmem88b,3471
Tmem89,1483
Tmem8b,10399
Tmem9,4329
Tmem91,4527
Tmem92,3516
Tmem94,7843
Tmem95,1193
Tmem97,1375
Tmem98,1633
Tmem9b,3491
Tmf1,6570
Tmie,3404
Tmigd1,2558
Tmigd3,2135
Tmod1,4261
Tmod2,22392
Tmod3,12033
Tmod4,2505
Tmpo,20329
Tmppe,2921
Tmprss11a,5715
Tmprss11b,4171
Tmprss11c,1833
Tmprss11d,2835
Tmprss11e,3416
Tmprss11f,6948
Tmprss11g,6427
Tmprss12,2097
Tmprss13,3245
Tmprss15,4994
Tmprss2,9413
Tmprss3,4988
Tmprss4,4469
Tmprss5,4617
Tmprss6,5328
Tmprss7,3984
Tmprss9,4880
Tmsb10,2204
Tmsb10b,485
Tmsb15a,651
Tmsb15b1,439
Tmsb15b2,450
Tmsb15l,816
Tmsb4x,2100
Tmt1a,6218
Tmt1a2,3600
Tmt1a3,1652
Tmt1b,1230
Tmtc1,8746
Tmtc2,10512
Tmtc3,10496
Tmtc4,12651
Tmub1,4354
Tmub2,3399
Tmx1,3809
Tmx2,4926
Tmx3,12496
Tmx4,11873
Tnc,7929
Tnf,3046
Tnfaip1,3967
Tnfaip2,8844
Tnfaip3,13958
Tnfaip6,1710
Tnfaip8,15582
Tnfaip8l1,6386
Tnfaip8l2,1122
Tnfaip8l3,4739
Tnfrsf10b,6391
Tnfrsf11a,6264
Tnfrsf11b,2818
Tnfrsf12a,4151
Tnfrsf13b,4727
Tnfrsf13c,4393
Tnfrsf14,2022
Tnfrsf17,815
Tnfrsf18,3853
Tnfrsf19,8078
Tnfrsf1a,3764
Tnfrsf1b,3917
Tnfrsf21,5286
Tnfrsf22,7865
Tnfrsf23,5394
Tnfrsf25,3682
Tnfrsf26,5616
Tnfrsf4,2031
Tnfrsf8,5682
Tnfrsf9,4276
Tnfsf10,5696
Tnfsf11,2236
Tnfsf12,1600
Tnfsf13,2576
Tnfsf13b,10850
Tnfsf13os,4919
Tnfsf14,1847
Tnfsf15,8788
Tnfsf18,2066
Tnfsf4,1842
Tnfsf8,3807
Tnfsf9,1290
Tnfsfm13,3239
Tnik,25243
Tnip1,7716
Tnip2,5022
Tnip3,14238
Tnk1,4970
Tnk2,14259
Tnk2os,1963
Tnks,16633
Tnks1bp1,13531
Tnks2,12058
Tnmd,1353
Tnn,6018
Tnnc1,1494
Tnnc2,800
Tnni1,4312
Tnni2,3250
Tnni3,3530
Tnni3k,3992
Tnnt1,3456
Tnnt2,8427
Tnnt3,2984
Tnp1,437
Tnp2,554
Tnpo1,11826
Tnpo2,9455
Tnpo3,17875
Tnr,14266
Tnrc18,15791
Tnrc6a,21705
Tnrc6b,30359
Tnrc6c,25720
Tns1,26102
Tns2,8424
Tns3,12505
Tns4,6124
Tnxa,3418
Tnxb,13960
Tob1,2288
Tob2,8214
Toe1,5857
Togaram1,18851
Togaram2,7260
Tollip,7681
Tom1,4098
Tom1l1,11219
Tom1l2,13985
Tomm20,5217
Tomm20l,1090
Tomm22,2711
Tomm34,3383
Tomm40,6342
Tomm40l,9632
Tomm5,2065
Tomm6,2279
Tomm6os,2944
Tomm7,1125
Tomm70a,10563
Tomt,3678
Tonsl,7934
Top1,11281
Top1mt,2448
Top2a,10734
Top2b,16348
Top3a,7401
Top3b,15434
Top6bl,4761
Topaz1,5325
Topbp1,14013
Topbp1-ps1,184
Topbp1-ps2,189
Topors,3856
Toporsl,5367
Tor1a,4249
Tor1aip1,13268
Tor1aip2,13310
Tor1b,12448
Tor2a,6434
Tor3a,6052
Tor4a,4389
Tox,8780
Tox2,4696
Tox3,4367
Tox4,9421
Tpbg,4103
Tpbgl,3022
Tpbpa,2879
Tpbpb,1989
Tpcn1,9050
Tpcn2,8077
Tpd52,13345
Tpd52-ps,523
Tpd52l1,3053
Tpd52l2,13600
Tpgs1,2890
Tpgs2,7008
Tph1,8129
Tph2,2919
Tpi-rs10,778
Tpi-rs11,310
Tpi-rs2,756
Tpi-rs4,720
Tpi-rs5,774
Tpi-rs8,708
Tpi-rs9,775
Tpi1,5543
Tpk1,8400
Tpm1,16538
Tpm2,5566
Tpm3,11776
Tpm3-rs2,323
Tpm3-rs7,2147
Tpm4,7004
Tpmt,4719
Tpo,4577
Tpp1,8008
Tpp2,14424
Tppp,5344
Tppp2,1215
Tppp3,2740
Tpr,14440
Tpra1,10988
Tprg1,2270
Tprg1l,3804
Tprgl-ps1,762
Tprgl-ps2,789
Tprkb,9845
Tprn,3682
Tpsab1,5688
Tpsb2,9496
Tpsg1,3752
Tpst1,3795
Tpst2,5124
Tpt1,4851
Tpt1-ps1,436
Tpt1-ps2,521
Tpt1-ps3,519
Tpt1-ps4,503
Tpt1-ps5,516
Tpt1-ps6,523
Tpt1-ps7,479
Tpte,2812
Tpx2,7234
Tra2a,8862
Tra2b,12567
Tra2b-ps,168
Trabd,10820
Trabd2b,6617
Trac,1042
Tradd,2691
Traf1,13358
Traf2,6588
Traf3,20180
Traf3ip1,4267
Traf3ip2,4918
Traf3ip3,9953
Traf4,5083
Traf5,5634
Traf6,8730
Traf7,13418
Trafd1,8205
Traip,9024
Traj1,29
Traj11,59
Traj12,58
Traj13,57
Traj14,34
Traj15,60
Traj16,61
Traj17,63
Traj18,66
Traj19,61
Traj2,66
Traj20,58
Traj21,57
Traj22,60
Traj23,60
Traj24,63
Traj25,57
Traj26,60
Traj27,59
Traj28,65
Traj29,60
Traj3,66
Traj30,59
Traj31,57
Traj32,66
Traj33,57
Traj34,58
Traj35,65
Traj36,63
Traj37,60
Traj38,62
Traj39,63
Traj4,63
Traj40,61
Traj41,55
Traj42,64
Traj43,57
Traj44,61
Traj45,63
Traj46,63
Traj47,57
Traj48,121
Traj49,121
Traj5,62
Traj50,63
Traj51,43
Traj52,66
Traj53,66
Traj54,54
Traj55,63
Traj56,63
Traj57,128
Traj58,63
Traj59,126
Traj6,62
Traj60,54
Traj61,72
Traj7,59
Traj8,37
Traj9,58
Trak1,20295
Trak2,9040
Tram1,3673
Tram1l1,3889
Tram2,6755
Trank1,14332
Trap1,3206
Trap1a,1178
Trappc1,2009
Trappc10,9942
Trappc11,9445
Trappc12,12079
Trappc13,8734
Trappc14,9577
Trappc2,5056
Trappc2b,998
Trappc2l,2224
Trappc3,1975
Trappc3l,1590
Trappc4,5352
Trappc5,6957
Trappc6a,3450
Trappc6b,6569
Trappc8,13212
Trappc9,10407
Trarg1,3302
Trat1,5050
Trav1,371
Trav10,406
Trav10d,406
Trav10n,343
Trav11,343
Trav11d,342
Trav11n,343
Trav12-1,416
Trav12-2,426
Trav12-3,442
Trav12-4,271
Trav12d-1,436
Trav12d-2,454
Trav12d-3,347
Trav12n-1,436
Trav12n-2,454
Trav12n-3,353
Trav13-1,331
Trav13-2,390
Trav13-3,336
Trav13-4-dv7,649
Trav13-5,426
Trav13d-1,396
Trav13d-2,595
Trav13d-3,391
Trav13d-4,595
Trav13n-1,331
Trav13n-2,595
Trav13n-3,337
Trav13n-4,699
Trav14-1,399
Trav14-2,663
Trav14-3,384
Trav14d-1,755
Trav14d-2,740
Trav14d-3-dv8,456
Trav14n-1,755
Trav14n-2,740
Trav14n-3,641
Trav15-1-dv6-1,396
Trav15-2-dv6-2,370
Trav15-3,155
Trav15d-1-dv6d-1,418
Trav15d-2-dv6d-2,398
Trav15d-3,167
Trav15n-1,352
Trav15n-2,398
Trav15n-3,168
Trav16,420
Trav16d-dv11,353
Trav16n,765
Trav17,633
Trav18,328
Trav19,446
Trav2,423
Trav20,347
Trav21-dv12,360
Trav22,346
Trav23,347
Trav3-1,385
Trav3-2,305
Trav3-3,695
Trav3-4,458
Trav3d-2,334
Trav3d-3,703
Trav3n-2,334
Trav3n-3,703
Trav4-1,330
Trav4-2,370
Trav4-3,411
Trav4-4-dv10,361
Trav4d-2,335
Trav4d-3,331
Trav4d-4,354
Trav4n-3,331
Trav4n-4,354
Trav5-1,343
Trav5-2,280
Trav5-4,343
Trav5d-2,275
Trav5d-3,270
Trav5d-4,343
Trav5n-2,275
Trav5n-3,270
Trav5n-4,343
Trav6-1,338
Trav6-2,341
Trav6-3,693
Trav6-4,378
Trav6-5,710
Trav6-6,344
Trav6-7-dv9,379
Trav6d-3,655
Trav6d-4,378
Trav6d-5,338
Trav6d-6,344
Trav6d-7,358
Trav6n-5,338
Trav6n-6,652
Trav6n-7,358
Trav7-1,337
Trav7-2,336
Trav7-3,402
Trav7-4,451
Trav7-5,337
Trav7-6,656
Trav7d-2,337
Trav7d-3,402
Trav7d-4,451
Trav7d-5,340
Trav7d-6,380
Trav7n-4,341
Trav7n-5,340
Trav7n-6,381
Trav8-1,328
Trav8-2,337
Trav8d-1,400
Trav8d-2,337
Trav8n-2,408
Trav9-1,398
Trav9-2,563
Trav9-4,395
Trav9d-1,337
Trav9d-2,631
Trav9d-3,575
Trav9d-4,872
Trav9n-1,339
Trav9n-2,631
Trav9n-3,575
Trav9n-4,595
Trbc1,737
Trbc2,692
Trbd1,12
Trbd2,14
Trbj1-1,48
Trbj1-2,48
Trbj1-3,50
Trbj1-4,51
Trbj1-5,50
Trbj1-6,53
Trbj1-7,46
Trbj2-1,50
Trbj2-2,51
Trbj2-3,49
Trbj2-4,49
Trbj2-5,49
Trbj2-6,48
Trbj2-7,47
Trbv1,417
Trbv10,289
Trbv11,260
Trbv12-1,389
Trbv12-2,385
Trbv12-3,372
Trbv13-1,366
Trbv13-2,340
Trbv13-3,340
Trbv14,368
Trbv15,370
Trbv16,398
Trbv17,374
Trbv18,294
Trbv19,566
Trbv2,560
Trbv20,335
Trbv21,381
Trbv22,291
Trbv23,347
Trbv24,347
Trbv25,273
Trbv26,367
Trbv27,277
Trbv28,264
Trbv29,353
Trbv3,455
Trbv30,335
Trbv31,416
Trbv4,393
Trbv5,368
Trbv6,276
Trbv7,402
Trbv8,285
Trbv9,290
Trcg1,2701
Trdc,3865
Trdd1,20
Trdd2,16
Trdj1,51
Trdj2,59
Trdmt1,4066
Trdn,11285
Trdv1,337
Trdv2-1,644
Trdv2-2,397
Trdv3,309
Trdv4,444
Trdv5,438
Treh,2993
Trem1,4886
Trem2,6119
Trem3,994
Trem4,9041
Trem5,7989
Trem6l,5970
Treml1,3334
Treml2,6761
Treml4,3536
Trerf1,11527
Trex1,2138
Trex2,1017
Trf,5030
Trgc1,924
Trgc2,914
Trgc3,648
Trgc4,985
Trgj1,60
Trgj2,60
Trgj3,60
Trgj4,61
Trgv1,374
Trgv2,491
Trgv3,353
Trgv4,426
Trgv5,634
Trgv6,376
Trgv7,368
Trh,1384
Trhde,13831
Trhr,6388
Trhr2,1340
Triap1,1088
Trib1,7411
Trib2,6297
Trib3,3169
Tril,5363
Trim10,2245
Trim11,7273
Trim12a,7162
Trim12c,5273
Trim13,1650
Trim14,5622
Trim15,3724
Trim16,7868
Trim17,3836
Trim2,43240
Trim21,6438
Trim23,8638
Trim24,10142
Trim25,5817
Trim26,11229
Trim27,13146
Trim28,7551
Trim29,3789
Trim3,7865
Trim30a,4491
Trim30b,13082
Trim30c,1716
Trim30d,5213
Trim30e-ps1,2594
Trim31,2257
Trim32,7477
Trim33,15444
Trim34a,3671
Trim34b,1827
Trim35,5681
Trim36,5929
Trim37,7626
Trim38,2447
Trim39,13736
Trim40,4328
Trim41,4632
Trim42,2463
Trim43a,2754
Trim43b,3453
Trim43c,3191
Trim44,6115
Trim45,8720
Trim46,5026
Trim47,5458
Trim5,3655
Trim50,2807
Trim52,3659
Trim54,1926
Trim55,4779
Trim56,10146
Trim58,2192
Trim59,5173
Trim6,7075
Trim60,2670
Trim61,2394
Trim62,6121
Trim63,4945
Trim65,7551
Trim66,11017
Trim67,12271
Trim68,5768
Trim69,2583
Trim7,13687
Trim71,9332
Trim72,3420
Trim75,3925
Trim8,3986
Trim80,1934
Trim9,28466
Triml1,4347
Triml2,4779
Trio,27866
Triobp,19083
Trip10,5271
Trip11,12619
Trip12,21886
Trip13,4620
Trip4,15084
Trip6,3598
Triqk,4962
Trir,902
Trit1,2280
Trmo,3288
Trmt1,14320
Trmt10a,11969
Trmt10b,3907
Trmt10c,3002
Trmt11,6708
Trmt112,2689
Trmt112-ps1,375
Trmt112-ps2,378
Trmt12,4454
Trmt13,10401
Trmt1l,11996
Trmt2a,11258
Trmt2b,10406
Trmt44,6242
Trmt5,2961
Trmt6,8382
Trmt61a,3721
Trmt61b,31058
Trmt9b,10748
Trmu,6267
Trnau1ap,5200
Trnp1,2341
Trnt1,5486
Tro,9427
Troap,5440
Trp53,7108
Trp53-ps,1162
Trp53bp1,18637
Trp53bp2,5247
Trp53cor1,17708
Trp53i11,10374
Trp53i13,3131
Trp53inp1,7193
Trp53inp2,6496
Trp53rka,2722
Trp53rkb,6661
Trp53tg5,934
Trp63,12575
Trp73,10116
Trp73os,2192
Trpa1,4597
Trpc1,9712
Trpc2,2874
Trpc3,6876
Trpc4,11567
Trpc4ap,12740
Trpc5,5542
Trpc5os,7017
Trpc6,6325
Trpc7,5782
Trpd52l3,2229
Trpm1,22365
Trpm2,17856
Trpm3,32901
Trpm4,13983
Trpm5,9942
Trpm6,8386
Trpm7,17104
Trpm8,5198
Trps1,25250
Trpt1,1650
Trpv1,5947
Trpv2,5601
Trpv3,5835
Trpv4,6884
Trpv5,3651
Trpv6,5121
Trrap,27604
Trub1,7392
Trub2,10238
Try10,860
Try4,801
Try5,1041
Tsacc,1485
Tsbp1,6698
Tsc1,17350
Tsc2,16277
Tsc22d1,20835
Tsc22d2,18019
Tsc22d3,8051
Tsc22d4,9782
Tsen15,5893
Tsen2,7341
Tsen34,8200
Tsen54,4578
Tsfm,4314
Tsg101,4740
Tsg101-ps,1170
Tsga10,14991
Tsga10ip,1845
Tsga13,1831
Tsga8,1070
Tshb,6076
Tshr,7236
Tshz1,11197
Tshz2,14832
Tshz3,5529
Tsix,9625
Tsks,2864
Tsku,7853
Tslp,2260
Tslrn1,5889
Tsn,11967
Tsnax,4209
Tsnaxip1,2722
Tspan1,2813
Tspan10,2150
Tspan11,5625
Tspan12,3896
Tspan13,2816
Tspan14,4731
Tspan15,9096
Tspan17,3314
Tspan18,8567
Tspan2,5338
Tspan2os,14514
Tspan3,4898
Tspan31,3301
Tspan32,10851
Tspan32os,1298
Tspan33,6806
Tspan4,3803
Tspan5,12223
Tspan6,2356
Tspan7,13422
Tspan8,2720
Tspan9,7983
Tspear,3932
Tspo,1177
Tspo2,5306
Tspoap1,12930
Tspy-ps,989
Tspyl-ps,1117
Tspyl1,3086
Tspyl2,5106
Tspyl3,3072
Tspyl4,4439
Tspyl5,4010
Tsr1,5741
Tsr2,9054
Tsr3,8168
Tssc4,8333
Tssk1,3700
Tssk2,1388
Tssk3,1280
Tssk4,5370
Tssk5,3402
Tssk6,1335
Tst,3777
Tstd1,1220
Tstd2,8326
Tstd3,1588
Tsx,812
Ttbk1,14434
Ttbk2,13611
Ttc1,3181
Ttc12,4987
Ttc13,15252
Ttc14,22197
Ttc16,9940
Ttc17,9850
Ttc19,6790
Ttc21a,6428
Ttc21b,9943
Ttc22,3519
Ttc23,12244
Ttc23l,2274
Ttc24,7605
Ttc27,4609
Ttc28,18170
Ttc29,5097
Ttc3,27397
Ttc32,3246
Ttc33,2318
Ttc34,7501
Ttc36,1358
Ttc38,5211
Ttc39a,5865
Ttc39aos1,3523
Ttc39b,11676
Ttc39c,9420
Ttc39d,4460
Ttc4,6844
Ttc41,8365
Ttc5,6720
Ttc6,7677
Ttc7,9618
Ttc7b,10520
Ttc8,5772
Ttc9,6613
Ttc9b,2052
Ttc9c,6703
Ttf1,8092
Ttf2,8589
Tti1,8042
Tti2,13490
Ttk,5828
Ttl,6452
Ttll1,3983
Ttll10,5998
Ttll11,8531
Ttll12,6219
Ttll13,5754
Ttll2,1642
Ttll3,9967
Ttll4,20566
Ttll5,20497
Ttll6,4403
Ttll7,14570
Ttll8,5471
Ttll9,5184
Ttn,128102
Ttpa,5809
Ttpal,12099
Ttr,1186
Ttyh1,16218
Ttyh2,4008
Ttyh3,7243
Tub,9106
Tuba-rs1,1316
Tuba1a,1803
Tuba1b,2269
Tuba1c,2540
Tuba3a,1509
Tuba3b,1775
Tuba4a,7689
Tuba5-ps,835
Tuba8,2263
Tubal3,4193
Tubb1,1406
Tubb2a,1610
Tubb2a-ps2,1339
Tubb2b,2392
Tubb3,2424
Tubb4a,2228
Tubb4b,2429
Tubb4b-ps1,1336
Tubb4b-ps2,1337
Tubb5,4990
Tubb6,2669
Tubd1,2743
Tube1,11544
Tubg1,2501
Tubg2,1754
Tubgcp2,6014
Tubgcp3,12487
Tubgcp4,12895
Tubgcp5,12968
Tubgcp6,18234
Tufm,3713
Tuft1,6440
Tug1,20441
Tulp1,12516
Tulp2,5583
Tulp3,11080
Tulp4,24420
Tunar,10146
Tusc1,1374
Tusc2,2377
Tusc3,5631
Tut1,4396
Tut4,13536
Tut7,20388
Tvp23a,5260
Tvp23b,2755
Tvp23bos,3253
Twf1,3883
Twf2,5407
Twist1,1628
Twist2,3854
Twnk,4013
Twsg1,6013
Txk,13186
Txlna,10049
Txlnb,5762
Txlng,11227
Txn-ps1,309
Txn1,1051
Txn2,6081
Txndc11,13970
Txndc12,2614
Txndc15,4815
Txndc16,20173
Txndc17,1560
Txndc2,3649
Txndc5,7443
Txndc8,966
Txndc9,12923
Txnip,6915
Txnl1,8823
Txnl4a,4887
Txnl4b,2568
Txnrd1,11215
Txnrd2,7243
Txnrd3,2836
Tyk2,10575
Tymp,2037
Tyms,10435
Tyms-ps,915
Tyr,8526
Tyro3,9246
Tyrobp,1300
Tyrp1,4815
Tysnd1,3251
Tyw1,7789
Tyw3,9263
Tyw5,6251
U2af1,3813
U2af1l4,10091
U2af2,6655
U2surp,16756
U90926,888
Uaca,9502
Uap1,6947
Uap1l1,6023
Uba1,5366
Uba1y,4381
Uba1y-ps1,1708
Uba1y-ps2,2544
Uba2,8291
Uba3,8888
Uba5,7184
Uba52,3425
Uba52-ps,379
Uba52rt,504
Uba6,8872
Uba7,12341
Ubac1,4374
Ubac2,2960
Ubald1,6600
Ubald2,1825
Ubap1,5373
Ubap1l,3025
Ubap2,6805
Ubap2l,24970
Ubash3a,13733
Ubash3b,8437
Ubb,2389
Ubb-ps,2398
Ubc,5892
Ubd,931
Ube2a,6437
Ube2b,2860
Ube2c,2778
Ube2d-ps,38410
Ube2d1,5015
Ube2d2a,16339
Ube2d2b,1678
Ube2d3,35262
Ube2d4,406
Ube2dnl1,743
Ube2dnl2,743
Ube2e1,5148
Ube2e2,7261
Ube2e3,5777
Ube2f,12546
Ube2frt,1451
Ube2g1,5020
Ube2g2,3043
Ube2h,6347
Ube2i,43806
Ube2j1,3674
Ube2j2,8489
Ube2k,15737
Ube2l3,10283
Ube2l3-ps1,436
Ube2l6,3316
Ube2m,5592
Ube2n,6741
Ube2n-ps1,459
Ube2nl,456
Ube2o,5764
Ube2q1,7482
Ube2q2,6422
Ube2q2l,3578
Ube2ql1,2674
Ube2r2,5073
Ube2s,6487
Ube2srt,988
Ube2t,6280
Ube2u,2342
Ube2uos,661
Ube2v1,6052
Ube2v2,9540
Ube2w,5592
Ube2z,3997
Ube3a,29053
Ube3b,7898
Ube3c,11658
Ube3d,1925
Ube4a,11105
Ube4b,12520
Ube4bos1,3187
Ube4bos2,909
Ube4bos3,756
Ubfd1,11602
Ubiad1,3568
Ubl3,12781
Ubl4a,7410
Ubl4b,1387
Ubl5,7185
Ubl5b,689
Ubl5c,683
Ubl7,4128
Ublcp1,4552
Ubn1,13262
Ubn2,29490
Ubox5,6624
Ubp1,9728
Ubqln1,7524
Ubqln2,3344
Ubqln3,2376
Ubqln4,5552
Ubqln5,1915
Ubqlnl,2298
Ubr1,11302
Ubr2,12537
Ubr3,13806
Ubr4,20582
Ubr5,19482
Ubr7,3261
Ubtd1,1794
Ubtd2,1012
Ubtf,12969
Ubtfl1,8718
Ubxn1,4782
Ubxn10,8843
Ubxn11,7033
Ubxn2a,4716
Ubxn2b,6642
Ubxn4,5267
Ubxn6,9504
Ubxn7,16182
Ubxn8,2928
Uchl1,2406
Uchl1os,4252
Uchl3,5708
Uchl4,1162
Uchl5,5329
Uck1,4476
Uck2,7002
Uckl1,8441
Uckl1os,7632
Ucma,2757
Ucn,970
Ucn2,1155
Ucn3,1478
Ucp1,1636
Ucp2,9432
Ucp3,5981
Uevld,11706
Ufc1,4335
Ufd1,6872
Ufl1,8451
Ufm1,6422
Ufsp1,1439
Ufsp2,6087
Ugcg,5862
Ugdh,8616
Uggt1,16172
Uggt2,16634
Ugp2,4274
Ugt1a1,2224
Ugt1a10,2932
Ugt1a2,2211
Ugt1a5,2203
Ugt1a6a,5902
Ugt1a6b,4112
Ugt1a7c,4950
Ugt1a8,2227
Ugt1a9,2190
Ugt2a1,2570
Ugt2a2,2879
Ugt2a3,2117
Ugt2b1,2573
Ugt2b34,6247
Ugt2b35,3359
Ugt2b36,2825
Ugt2b37,1894
Ugt2b38,1891
Ugt2b5,1858
Ugt3a1,3837
Ugt3a2,3336
Ugt8a,8357
Uhmk1,8101
Uhrf1,5306
Uhrf2,11639
Uimc1,8471
Ulbp1,10216
Ulbp3,2801
Ulk1,9715
Ulk2,6701
Ulk3,5863
Ulk4,10775
Umad1,11053
Umod,5140
Umodl1,6290
Umpk-ps,827
Umps,5804
Unc119,6448
Unc119b,5627
Unc13a,15097
Unc13b,28808
Unc13c,12053
Unc13d,7220
Unc45a,13142
Unc45b,4920
Unc45bos,1308
Unc50,4053
Unc5a,5139
Unc5b,10115
Unc5c,23422
Unc5cl,6691
Unc5d,11080
Unc79,17101
Unc80,16620
Unc93a,3315
Unc93a2,3721
Unc93b1,4712
Uncx,3694
Ung,8700
Unk,5855
Unkl,9273
Uox,6498
Upb1,7616
Upf1,5137
Upf2,7257
Upf3a,6573
Upf3b,4280
Upk1a,1421
Upk1b,2269
Upk2,1083
Upk3a,1093
Upk3b,3530
Upk3bl,2881
Upp1,3270
Upp2,11151
Uprt,2304
Uqcc1,13069
Uqcc2,1496
Uqcc3,821
Uqcc4,6139
Uqcc5,2747
Uqcc6,2213
Uqcr10,1333
Uqcr11,1109
Uqcrb,1100
Uqcrc1,6179
Uqcrc2,3443
Uqcrfs1,1363
Uqcrh,2153
Uqcrh-ps1,268
Uqcrh-ps2,269
Uqcrq,2409
Urad,766
Urah,3182
Urb1,9292
Urb2,7836
Urgcp,13170
Uri1,7749
Urm1,6192
Urml,22829
Uroc1,5157
Urod,5021
Uros,6481
Usb1,3817
Use1,5466
Usf1,6259
Usf2,5197
Usf2-ps1,311
Usf3,25586
Ush1c,5497
Ush1g,3306
Ush2a,18596
Ushbp1,9350
Uso1,9262
Usp1,4778
Usp10,14004
Usp11,7383
Usp12,7725
Usp13,8551
Usp14,10855
Usp15,21475
Usp16,12278
Usp17la,2656
Usp17lb,2965
Usp17lc,4100
Usp17ld,1987
Usp17le,1885
Usp17le-ps,957
Usp18,3447
Usp19,12825
Usp2,8149
Usp20,12494
Usp21,11695
Usp22,6377
Usp24,13459
Usp25,6463
Usp26,4133
Usp27x,8109
Usp28,8806
Usp29,27678
Usp3,14321
Usp30,7101
Usp31,10542
Usp32,10435
Usp33,14616
Usp34,20882
Usp35,8743
Usp36,13967
Usp37,14235
Usp38,6895
Usp39,2752
Usp4,12539
Usp40,16450
Usp42,9575
Usp43,6544
Usp44,5395
Usp45,12183
Usp46,12361
Usp46os1,936
Usp46os2,2752
Usp47,17739
Usp48,16163
Usp49,10090
Usp5,7491
Usp50,4664
Usp51,2204
Usp53,16453
Usp54,9868
Usp6nl,11588
Usp7,12040
Usp8,6751
Usp9x,17733
Usp9y,8094
Uspl1,22060
Ust,7488
Utf1,1227
Utp11,5446
Utp14a,4316
Utp14b,10938
Utp14b-ps1,2265
Utp15,6691
Utp18,4053
Utp20,11664
Utp23,4847
Utp25,11709
Utp3,1629
Utp4,4215
Utp6,5468
Utrn,21705
Uts2,538
Uts2b,835
Uts2r,1703
Uty,16175
Uvrag,12645
Uvssa,9422
Uxs1,6865
Uxt,2528
V1ra8,3081
V1rd19,3426
V1rg10,1011
Vac14,11524
Vamp1,13470
Vamp2,5272
Vamp3,3283
Vamp4,7720
Vamp5,3657
Vamp7-ps,655
Vamp8,2896
Vamp9,1984
Vangl1,10554
Vangl2,8528
Vapa,3989
Vapb,7197
Vars1,9697
Vars2,9853
Vash1,2599
Vash2,7001
Vasn,3188
Vasp,3313
Vat1,2766
Vat1l,8831
Vaultrc-ps1,143
Vaultrc5,143
Vav1,5359
Vav2,8314
Vav3,9200
Vax1,1294
Vax2,1242
Vax2os,11900
Vbp1,2311
Vcam1,9653
Vcan,20003
Vcf1,2619
Vcf2,11455
Vcl,8408
Vcp,5736
Vcp-rs,2406
Vcpip1,9749
Vcpkmt,5872
Vdac1,3442
Vdac2,6574
Vdac3,5773
Vdac3-ps1,853
Vdr,6101
Vegfa,7414
Vegfb,2154
Vegfc,2910
Vegfd,2717
Veph1,8112
Vezf1,4949
Vezt,24881
Vgf,5859
Vgll1,3293
Vgll2,1650
Vgll3,9188
Vgll4,7387
Vhl,3841
Vhl-ps1,597
Vil1,4096
Vill,6996
Vim,7809
Vinac1,4242
Vip,3744
Vipas39,6347
Vipr1,6419
Vipr2,5167
Virma,7746
Vis1,21153
Vit,4538
Vkorc1,1521
Vkorc1l1,9497
Vldlr,14282
Vma21,7913
Vma21-ps,306
Vmac,3025
Vmn1r-ps1,573
Vmn1r-ps10,889
Vmn1r-ps100,867
Vmn1r-ps101,265
Vmn1r-ps102,886
Vmn1r-ps103,893
Vmn1r-ps104,771
Vmn1r-ps106,824
Vmn1r-ps107,581
Vmn1r-ps108,365
Vmn1r-ps109,725
Vmn1r-ps11,853
Vmn1r-ps110,1094
Vmn1r-ps111,997
Vmn1r-ps112,544
Vmn1r-ps113,1106
Vmn1r-ps114,1040
Vmn1r-ps116,292
Vmn1r-ps117,605
Vmn1r-ps12,502
Vmn1r-ps120,377
Vmn1r-ps123,237
Vmn1r-ps125,290
Vmn1r-ps126,926
Vmn1r-ps127,478
Vmn1r-ps128,1080
Vmn1r-ps13,134
Vmn1r-ps131,250
Vmn1r-ps132,892
Vmn1r-ps133,330
Vmn1r-ps135,595
Vmn1r-ps136,382
Vmn1r-ps139,800
Vmn1r-ps14,913
Vmn1r-ps140,806
Vmn1r-ps141,753
Vmn1r-ps142,852
Vmn1r-ps143,604
Vmn1r-ps144,939
Vmn1r-ps145,424
Vmn1r-ps146,525
Vmn1r-ps147,658
Vmn1r-ps148,455
Vmn1r-ps149,183
Vmn1r-ps15,910
Vmn1r-ps150,736
Vmn1r-ps151,982
Vmn1r-ps152,699
Vmn1r-ps16,105
Vmn1r-ps17,894
Vmn1r-ps18,876
Vmn1r-ps19,926
Vmn1r-ps2,834
Vmn1r-ps20,915
Vmn1r-ps21,925
Vmn1r-ps22,900
Vmn1r-ps23,295
Vmn1r-ps24,900
Vmn1r-ps25,799
Vmn1r-ps26,840
Vmn1r-ps27,985
Vmn1r-ps28,942
Vmn1r-ps29,785
Vmn1r-ps3,917
Vmn1r-ps31,238
Vmn1r-ps32,956
Vmn1r-ps34,943
Vmn1r-ps40,343
Vmn1r-ps45,955
Vmn1r-ps46,949
Vmn1r-ps47,907
Vmn1r-ps48,886
Vmn1r-ps49,879
Vmn1r-ps5,931
Vmn1r-ps50,453
Vmn1r-ps51,320
Vmn1r-ps52,862
Vmn1r-ps53,922
Vmn1r-ps55,392
Vmn1r-ps56,965
Vmn1r-ps57,288
Vmn1r-ps58,840
Vmn1r-ps59,199
Vmn1r-ps6,934
Vmn1r-ps60,852
Vmn1r-ps61,822
Vmn1r-ps62,910
Vmn1r-ps63,989
Vmn1r-ps64,655
Vmn1r-ps65,951
Vmn1r-ps66,612
Vmn1r-ps67,691
Vmn1r-ps68,399
Vmn1r-ps69,201
Vmn1r-ps70,963
Vmn1r-ps71,924
Vmn1r-ps73,960
Vmn1r-ps74,570
Vmn1r-ps75,920
Vmn1r-ps76,924
Vmn1r-ps77,921
Vmn1r-ps78,924
Vmn1r-ps79,963
Vmn1r-ps8,838
Vmn1r-ps80,966
Vmn1r-ps83,705
Vmn1r-ps84,923
Vmn1r-ps85,890
Vmn1r-ps86,547
Vmn1r-ps9,629
Vmn1r-ps92,517
Vmn1r-ps93,432
Vmn1r-ps94,458
Vmn1r-ps95,903
Vmn1r-ps96,299
Vmn1r-ps97,603
Vmn1r-ps99,766
Vmn1r1,4781
Vmn1r10,3020
Vmn1r100,924
Vmn1r101,924
Vmn1r103,918
Vmn1r104,924
Vmn1r107,924
Vmn1r11,5593
Vmn1r111,921
Vmn1r112,894
Vmn1r113,924
Vmn1r114,966
Vmn1r115,888
Vmn1r116,924
Vmn1r117,924
Vmn1r118,921
Vmn1r119,924
Vmn1r12,14053
Vmn1r120,918
Vmn1r121,945
Vmn1r122,918
Vmn1r123,924
Vmn1r124,924
Vmn1r125,924
Vmn1r126,966
Vmn1r127,918
Vmn1r128,924
Vmn1r129,924
Vmn1r13,6218
Vmn1r130,924
Vmn1r131,921
Vmn1r132,894
Vmn1r135,924
Vmn1r137,924
Vmn1r138,921
Vmn1r139,1647
Vmn1r14,26680
Vmn1r142,918
Vmn1r143,924
Vmn1r148,924
Vmn1r149,924
Vmn1r15,2021
Vmn1r151,918
Vmn1r152,924
Vmn1r155,924
Vmn1r157,894
Vmn1r158,924
Vmn1r159,918
Vmn1r16,10199
Vmn1r160,924
Vmn1r163,924
Vmn1r165,924
Vmn1r166,921
Vmn1r167,3625
Vmn1r168,13348
Vmn1r169,5821
Vmn1r17,7276
Vmn1r170,915
Vmn1r171,11804
Vmn1r172,17968
Vmn1r173,19332
Vmn1r174,10000
Vmn1r175,3793
Vmn1r176,6450
Vmn1r177,930
Vmn1r178,6077
Vmn1r179,8107
Vmn1r18,15402
Vmn1r180,5060
Vmn1r181,6248
Vmn1r183,10442
Vmn1r184,18767
Vmn1r185,22440
Vmn1r186,903
Vmn1r188,9400
Vmn1r189,4468
Vmn1r19,2255
Vmn1r190-ps,903
Vmn1r191,12669
Vmn1r192,5770
Vmn1r193,20570
Vmn1r194,891
Vmn1r195,4144
Vmn1r196,22592
Vmn1r197,6223
Vmn1r198,13152
Vmn1r199,12340
Vmn1r2,2047
Vmn1r20,4621
Vmn1r200,22352
Vmn1r201,5720
Vmn1r202,6350
Vmn1r203,9222
Vmn1r204,3845
Vmn1r205,1101
Vmn1r206,5105
Vmn1r207,5342
Vmn1r208,4083
Vmn1r209,7489
Vmn1r21,3448
Vmn1r210,7370
Vmn1r211,6432
Vmn1r212,1164
Vmn1r213,10608
Vmn1r214,5326
Vmn1r215,3838
Vmn1r216,27346
Vmn1r217,10841
Vmn1r218,29177
Vmn1r219,14927
Vmn1r22,6951
Vmn1r220,22705
Vmn1r221,6892
Vmn1r222,3789
Vmn1r223,6840
Vmn1r224,25284
Vmn1r225,8549
Vmn1r226,17778
Vmn1r227,13902
Vmn1r228,5697
Vmn1r229,22787
Vmn1r23,997
Vmn1r230,24957
Vmn1r231,4731
Vmn1r232,3000
Vmn1r233,14232
Vmn1r234,15116
Vmn1r235,6959
Vmn1r236,21807
Vmn1r237,5331
Vmn1r238,921
Vmn1r239-ps,960
Vmn1r24,2792
Vmn1r240,924
Vmn1r241,924
Vmn1r242,921
Vmn1r243,924
Vmn1r244,918
Vmn1r245,924
Vmn1r246,921
Vmn1r247,945
Vmn1r248,918
Vmn1r249,924
Vmn1r25,2010
Vmn1r250,966
Vmn1r251,924
Vmn1r252,921
Vmn1r253,924
Vmn1r254,918
Vmn1r255,924
Vmn1r256,921
Vmn1r257,921
Vmn1r258,960
Vmn1r259,918
Vmn1r26,5620
Vmn1r260,924
Vmn1r261,928
Vmn1r27,6860
Vmn1r28,12069
Vmn1r29,5888
Vmn1r3,1011
Vmn1r30,3058
Vmn1r31,4957
Vmn1r32,2833
Vmn1r33,3450
Vmn1r34,4121
Vmn1r35,4608
Vmn1r36,5593
Vmn1r37,5534
Vmn1r38,4409
Vmn1r39,5653
Vmn1r4,5333
Vmn1r40,6108
Vmn1r41,2515
Vmn1r42,5296
Vmn1r43,24070
Vmn1r44,4722
Vmn1r45,9873
Vmn1r46,14453
Vmn1r47,7935
Vmn1r48,909
Vmn1r49,8366
Vmn1r5,4449
Vmn1r50,3173
Vmn1r51,26157
Vmn1r52,8383
Vmn1r53,1122
Vmn1r54,4182
Vmn1r55,73784
Vmn1r56,1832
Vmn1r57,4471
Vmn1r58,19088
Vmn1r59,5115
Vmn1r6,17084
Vmn1r60,10727
Vmn1r61,13955
Vmn1r62,3634
Vmn1r63,2172
Vmn1r64,963
Vmn1r65,5668
Vmn1r66,8418
Vmn1r67,4766
Vmn1r68,16166
Vmn1r69,12297
Vmn1r7,1219
Vmn1r70,13788
Vmn1r71,26569
Vmn1r72,7422
Vmn1r73,7067
Vmn1r74,7523
Vmn1r75,11932
Vmn1r76,9235
Vmn1r77,17172
Vmn1r78,9366
Vmn1r79,6557
Vmn1r8,4475
Vmn1r80,20462
Vmn1r81,28179
Vmn1r82,9214
Vmn1r83,3784
Vmn1r84,10509
Vmn1r85,13969
Vmn1r86,13169
Vmn1r87,6486
Vmn1r88,10069
Vmn1r89,9219
Vmn1r9,12252
Vmn1r90,56569
Vmn1r91,3422
Vmn1r93,966
Vmn1r94,918
Vmn1r95,924
Vmn2r-ps10,898
Vmn2r-ps100,902
Vmn2r-ps102,2023
Vmn2r-ps103,2349
Vmn2r-ps104,1671
Vmn2r-ps105,1329
Vmn2r-ps106,1621
Vmn2r-ps108,2241
Vmn2r-ps109,1115
Vmn2r-ps11,2730
Vmn2r-ps110,986
Vmn2r-ps111,981
Vmn2r-ps114,773
Vmn2r-ps115,1976
Vmn2r-ps116,206
Vmn2r-ps117,5501
Vmn2r-ps118,908
Vmn2r-ps12,623
Vmn2r-ps120,2409
Vmn2r-ps121,899
Vmn2r-ps122,906
Vmn2r-ps123,2410
Vmn2r-ps124,903
Vmn2r-ps125,931
Vmn2r-ps126,1310
Vmn2r-ps127,1029
Vmn2r-ps128,2570
Vmn2r-ps129,2568
Vmn2r-ps13,1005
Vmn2r-ps131,1046
Vmn2r-ps132,651
Vmn2r-ps133,2569
Vmn2r-ps134,1046
Vmn2r-ps139,2057
Vmn2r-ps149,777
Vmn2r-ps15,377
Vmn2r-ps158,2598
Vmn2r-ps16,377
Vmn2r-ps17,375
Vmn2r-ps18,380
Vmn2r-ps19,269
Vmn2r-ps2,765
Vmn2r-ps20,382
Vmn2r-ps21,2947
Vmn2r-ps23,571
Vmn2r-ps24,858
Vmn2r-ps25,2321
Vmn2r-ps26,2111
Vmn2r-ps28,744
Vmn2r-ps3,1101
Vmn2r-ps31,870
Vmn2r-ps32,757
Vmn2r-ps33,904
Vmn2r-ps34,2575
Vmn2r-ps35,831
Vmn2r-ps36,2562
Vmn2r-ps37,1044
Vmn2r-ps38,2573
Vmn2r-ps4,1015
Vmn2r-ps40,2558
Vmn2r-ps41,980
Vmn2r-ps42,3463
Vmn2r-ps43,2473
Vmn2r-ps44,2412
Vmn2r-ps45,2435
Vmn2r-ps46,2556
Vmn2r-ps47,2557
Vmn2r-ps49,3551
Vmn2r-ps51,2461
Vmn2r-ps52,612
Vmn2r-ps53,2353
Vmn2r-ps54,11236
Vmn2r-ps55,240
Vmn2r-ps56,2596
Vmn2r-ps57,2598
Vmn2r-ps58,242
Vmn2r-ps59,246
Vmn2r-ps6,1101
Vmn2r-ps60,897
Vmn2r-ps61,889
Vmn2r-ps62,578
Vmn2r-ps64,523
Vmn2r-ps65,220
Vmn2r-ps66,1256
Vmn2r-ps67,385
Vmn2r-ps68,861
Vmn2r-ps69,2565
Vmn2r-ps7,1098
Vmn2r-ps70,302
Vmn2r-ps72,907
Vmn2r-ps73,2111
Vmn2r-ps75,219
Vmn2r-ps76,739
Vmn2r-ps77,337
Vmn2r-ps78,308
Vmn2r-ps79,377
Vmn2r-ps8,898
Vmn2r-ps80,933
Vmn2r-ps81,857
Vmn2r-ps82,2052
Vmn2r-ps83,2368
Vmn2r-ps84,897
Vmn2r-ps85,940
Vmn2r-ps86,871
Vmn2r-ps87,2629
Vmn2r-ps88,871
Vmn2r-ps89,1010
Vmn2r-ps9,1099
Vmn2r-ps91,784
Vmn2r-ps92,388
Vmn2r-ps94,2373
Vmn2r-ps95,2316
Vmn2r-ps96,2545
Vmn2r-ps97,1630
Vmn2r-ps98,2317
Vmn2r-ps99,2338
Vmn2r1,6860
Vmn2r10,21634
Vmn2r100,6062
Vmn2r101,7778
Vmn2r102,17430
Vmn2r103,2571
Vmn2r104,13778
Vmn2r105,27487
Vmn2r106,4699
Vmn2r107,10712
Vmn2r108,9278
Vmn2r109,3125
Vmn2r11,9355
Vmn2r110,9833
Vmn2r111,8123
Vmn2r112,12846
Vmn2r113,28827
Vmn2r114,19662
Vmn2r115,14486
Vmn2r116,10168
Vmn2r117,8446
Vmn2r118,6331
Vmn2r12,4607
Vmn2r120,23670
Vmn2r121,5638
Vmn2r124,21806
Vmn2r125,2716
Vmn2r127,2573
Vmn2r128,2721
Vmn2r129,4665
Vmn2r13,5716
Vmn2r130,7708
Vmn2r14,10581
Vmn2r15,5520
Vmn2r16,15350
Vmn2r17,23662
Vmn2r18,7204
Vmn2r19,2565
Vmn2r2,6525
Vmn2r20,15552
Vmn2r21,2562
Vmn2r22,8006
Vmn2r23,18833
Vmn2r24,11289
Vmn2r25,9160
Vmn2r26,8292
Vmn2r27,4678
Vmn2r28,9945
Vmn2r29,5922
Vmn2r3,26370
Vmn2r30,14553
Vmn2r31,8396
Vmn2r32,4477
Vmn2r33,2586
Vmn2r34,3699
Vmn2r35,2586
Vmn2r36,3291
Vmn2r37,3081
Vmn2r38,3723
Vmn2r39,3646
Vmn2r4,16331
Vmn2r40,3554
Vmn2r41,3617
Vmn2r42,11675
Vmn2r43,2849
Vmn2r44,8472
Vmn2r45,4581
Vmn2r46,2861
Vmn2r47,3535
Vmn2r48,2568
Vmn2r49,2677
Vmn2r5,5055
Vmn2r50,4347
Vmn2r51,2703
Vmn2r52,14247
Vmn2r53,24203
Vmn2r54,5730
Vmn2r55,4383
Vmn2r56,9844
Vmn2r57,7302
Vmn2r58,5622
Vmn2r59,23745
Vmn2r6,10784
Vmn2r60,13945
Vmn2r61,2598
Vmn2r62,2992
Vmn2r63,9210
Vmn2r65,11423
Vmn2r66,12815
Vmn2r67,14889
Vmn2r68,6932
Vmn2r69,28234
Vmn2r7,11754
Vmn2r70,13435
Vmn2r71,3435
Vmn2r72,5323
Vmn2r73,10539
Vmn2r74,11181
Vmn2r75,5372
Vmn2r76,53778
Vmn2r77,7095
Vmn2r78,8150
Vmn2r79,16331
Vmn2r8,17485
Vmn2r80,2718
Vmn2r81,3361
Vmn2r82,6132
Vmn2r83,5164
Vmn2r84,20690
Vmn2r85,6841
Vmn2r86,7340
Vmn2r87,3333
Vmn2r88,7542
Vmn2r89,2732
Vmn2r9,17215
Vmn2r90,5731
Vmn2r91,3782
Vmn2r92,10974
Vmn2r93,17416
Vmn2r94,16749
Vmn2r95,30022
Vmn2r96,11882
Vmn2r97,17618
Vmn2r98,3707
Vmn2r99,9392
Vmo1,672
Vmp1,6002
Vnn1,3002
Vnn3,1811
Vopp1,10862
Vpreb1a,2204
Vpreb1b,759
Vpreb3,1354
Vps11,7807
Vps13a,21597
Vps13b,23331
Vps13c,17378
Vps13d,30744
Vps16,5863
Vps18,8965
Vps25,4045
Vps26a,6327
Vps26b,5907
Vps26c,4560
Vps28,5220
Vps29,9338
Vps33a,5441
Vps33b,6095
Vps35,9311
Vps35l,17601
Vps36,4025
Vps37a,13077
Vps37b,3549
Vps37c,7521
Vps37d,2625
Vps39,12487
Vps41,7133
Vps45,4424
Vps4a,3079
Vps4b,10171
Vps50,13305
Vps51,8839
Vps52,5545
Vps53,8256
Vps54,11282
Vps72,4556
Vps8,11346
Vps9d1,10092
Vrk1,6312
Vrk2,7976
Vrk3,8681
Vrtn,4165
Vsig1,3336
Vsig10,9266
Vsig10l,6014
Vsig10l2,2434
Vsig2,3148
Vsig4,1785
Vsig8,2577
Vsir,6885
Vsnl1,1956
Vstm2a,8168
Vstm2b,4361
Vstm2l,1363
Vstm4,2745
Vstm5,1991
Vsx1,3791
Vsx2,6129
Vta1,3586
Vtcn1,2622
Vti1a,16140
Vti1b,2559
Vtn,3389
Vwa1,3623
Vwa2,4049
Vwa3a,10791
Vwa3b,8886
Vwa5a,7446
Vwa5b1,8995
Vwa5b2,13123
Vwa7,5883
Vwa8,13433
Vwc2,7383
Vwc2l,13764
Vwce,6711
Vwde,8643
Vwf,19829
Vxn,3256
Wac,13220
Wap,1665
Wapl,9407
Wars1,4824
Wars2,9301
Was,2603
Wasf1,3778
Wasf2,7998
Wasf3,5461
Washc1,5857
Washc2,11038
Washc3,6162
Washc4,7911
Washc5,4273
Wasl,7190
Wbp1,6034
Wbp11,6502
Wbp1l,12188
Wbp2,4166
Wbp2nl,1413
Wbp4,9693
Wbscr25,6084
Wdcp,11763
Wdfy1,8153
Wdfy2,9584
Wdfy3,18359
Wdfy4,11350
Wdhd1,8942
Wdpcp,7115
Wdr1,12115
Wdr11,14269
Wdr12,14458
Wdr13,13686
Wdr17,10299
Wdr18,7481
Wdr19,13196
Wdr20,7924
Wdr20rt,7473
Wdr24,5775
Wdr25,7079
Wdr26,16390
Wdr27,6946
Wdr3,6428
Wdr31,6091
Wdr33,13412
Wdr35,11355
Wdr36,10851
Wdr37,18005
Wdr38,3388
Wdr4,12790
Wdr41,9463
Wdr43,7261
Wdr44,11544
Wdr45,11271
Wdr45b,5519
Wdr46,3759
Wdr46-ps,1712
Wdr47,7234
Wdr48,15148
Wdr49,5992
Wdr5,4176
Wdr53,2912
Wdr54,5632
Wdr55,2470
Wdr59,12356
Wdr5b,2739
Wdr6,4163
Wdr62,7268
Wdr64,4885
Wdr7,14796
Wdr70,4120
Wdr72,9464
Wdr73,11073
Wdr74,3607
Wdr75,7405
Wdr76,9594
Wdr77,9040
Wdr81,13377
Wdr82,7285
Wdr83,7758
Wdr83os,1654
Wdr86,7532
Wdr87-ps,9288
Wdr88,1944
Wdr89,5360
Wdr90,15458
Wdr91,6095
Wdr93,2285
Wdr95,4383
Wdr97,6581
Wdsub1,6577
Wdtc1,7532
Wee1,3419
Wee2,3665
Wfdc1,1581
Wfdc10,459
Wfdc11,723
Wfdc12,775
Wfdc13,1074
Wfdc15a,488
Wfdc15b,1121
Wfdc16,1116
Wfdc17,533
Wfdc18,1829
Wfdc2,1697
Wfdc21,434
Wfdc3,2530
Wfdc5,3051
Wfdc6a,974
Wfdc6b,984
Wfdc8,4583
Wfdc9,657
Wfikkn1,4331
Wfikkn2,3960
Wfs1,6516
Whamm,4717
Whrn,11162
Wif1,4812
Wincr1,2656
Wipf1,9271
Wipf2,9279
Wipf3,10398
Wipi1,4721
Wipi2,12777
Wiz,19500
Wls,11539
Wmp,2130
Wnk1,40754
Wnk2,12025
Wnk3,12160
Wnk4,6440
Wnt1,2378
Wnt10a,2841
Wnt10b,9969
Wnt11,7351
Wnt16,5562
Wnt2,2255
Wnt2b,4626
Wnt3,3076
Wnt3a,2761
Wnt4,4194
Wnt5a,12537
Wnt5b,5639
Wnt6,2991
Wnt7a,3762
Wnt7b,11752
Wnt8a,1746
Wnt8b,4059
Wnt9a,6381
Wnt9b,4518
Wrap53,3062
Wrap73,5148
Wrn,10018
Wrnip1,7071
Wsb1,6908
Wsb2,7515
Wsb2-ps,1217
Wscd1,5649
Wscd2,23015
Wt1,10092
Wt1os,10919
Wtap,10445
Wtip,3365
Wwc1,5428
Wwc2,14270
Wwox,11378
Wwp1,8685
Wwp2,11757
Wwtr1,8223
Xab2,6594
Xaf1,5770
Xbp1,5386
Xcl1,523
Xcr1,4453
Xdh,11744
Xiap,12186
Xirp1,11602
Xirp2,21845
Xist,19773
Xk,5076
Xkr4,10776
Xkr5,8410
Xkr6,10166
Xkr7,2711
Xkr8,4971
Xkr9,1926
Xkrx,3278
Xlr,2476
Xlr3a,6485
Xlr3b,7026
Xlr3c,1584
Xlr3d-ps,658
Xlr3e-ps,682
Xlr4a,2175
Xlr4b,4274
Xlr4c,3431
Xlr4d-ps,646
Xlr4e-ps,648
Xlr5a,2112
Xlr5b,2050
Xlr5c,1870
Xlr5d-ps,782
Xlr5e-ps,711
Xndc1,11276
Xntrpc,7580
Xpa,2627
Xpc,6142
Xpnpep1,12771
Xpnpep2,6746
Xpnpep3,11328
Xpo1,8570
Xpo4,14589
Xpo5,8942
Xpo6,25018
Xpo7,22425
Xpot,7967
Xpr1,22359
Xrcc1,9610
Xrcc2,6259
Xrcc3,5467
Xrcc4,4535
Xrcc5,2549
Xrcc6,6934
Xrn1,21597
Xrn2,4543
Xrra1,5250
Xxylt1,4321
Xylb,9202
Xylt1,10382
Xylt2,5445
Yae1d1,13777
Yaf2,3267
Yap1,11147
Yars1,7843
Yars2,6687
Ybey,6021
Ybx1,4925
Ybx1-ps2,957
Ybx2,3558
Ybx3,4468
Ydjc,9841
Yeats2,15212
Yeats4,2854
Yes1,10501
Yif1a,2959
Yif1b,2255
Yipf1,8490
Yipf2,5396
Yipf3,5164
Yipf4,4608
Yipf5,4361
Yipf6,8602
Yipf7,1313
Yjefn3,1254
Yju2,6660
Yju2b,4737
Ykt6,3126
Ylpm1,14402
Yme1l1,9121
Yod1,6128
Ypel1,8181
Ypel2,5153
Ypel3,5835
Ypel4,4391
Ypel5,6641
Yrdc,2464
Ythdc1,18782
Ythdc2,11108
Ythdf1,4080
Ythdf2,6371
Ythdf3,9700
Ywhab,3435
Ywhae,3448
Ywhag,8470
Ywhah,5330
Ywhaq,6272
Ywhaq-ps1,710
Ywhaq-ps2,643
Ywhaq-ps3,738
Ywhaz,8061
Yy1,6673
Yy2,2867
Zacn-ps,785
Zan,21269
Zap70,4191
Zar1,4681
Zar1-ps,1065
Zar1l,895
Zbbx,3897
Zbed3,2703
Zbed4,5807
Zbed4-ps1,3466
Zbed4-ps2,3448
Zbed4-ps3,3244
Zbed5,5299
Zbed5-ps,15092
Zbed6,10156
Zbp1,4832
Zbtb1,12190
Zbtb10,7414
Zbtb11,8612
Zbtb11os1,3710
Zbtb12,2245
Zbtb14,8119
Zbtb16,5738
Zbtb17,6944
Zbtb18,20178
Zbtb2,10144
Zbtb20,36821
Zbtb21,19048
Zbtb22,2999
Zbtb24,6784
Zbtb25,7550
Zbtb26,11971
Zbtb3,2004
Zbtb32,2972
Zbtb33,9792
Zbtb34,7388
Zbtb37,27667
Zbtb38,23484
Zbtb39,5960
Zbtb4,15387
Zbtb40,12029
Zbtb41,11552
Zbtb42,7123
Zbtb43,8014
Zbtb44,15356
Zbtb45,5844
Zbtb46,10631
Zbtb47,9136
Zbtb48,6756
Zbtb49,14373
Zbtb5,13763
Zbtb6,9612
Zbtb7a,8819
Zbtb7b,7080
Zbtb7c,7566
Zbtb8a,2321
Zbtb8b,8098
Zbtb8os,5247
Zbtb9,6228
Zc2hc1a,4470
Zc2hc1b,1683
Zc2hc1c,6580
Zc3h10,5843
Zc3h11a,8495
Zc3h12a,3073
Zc3h12b,11690
Zc3h12c,11663
Zc3h12d,4092
Zc3h13,7810
Zc3h14,12358
Zc3h15,4138
Zc3h18,12216
Zc3h3,3756
Zc3h4,17254
Zc3h6,6096
Zc3h7a,12756
Zc3h7b,14488
Zc3h8,1624
Zc3hav1,7813
Zc3hav1l,6536
Zc3hc1,8622
Zc4h2,5770
Zcchc10,1597
Zcchc12,6311
Zcchc13,1085
Zcchc14,10866
Zcchc17,5458
Zcchc18,8842
Zcchc2,14397
Zcchc24,8481
Zcchc3,3073
Zcchc4,12271
Zcchc7,15934
Zcchc8,7763
Zcchc9,5441
Zcchc9-ps,786
Zcrb1,4551
Zcwpw1,6429
Zcwpw2,4686
Zdbf2,25057
Zdhhc1,5637
Zdhhc11,2501
Zdhhc12,3216
Zdhhc13,2859
Zdhhc14,3078
Zdhhc15,5509
Zdhhc16,6476
Zdhhc17,13437
Zdhhc18,6071
Zdhhc19,3386
Zdhhc2,6715
Zdhhc20,9236
Zdhhc21,16159
Zdhhc22,4936
Zdhhc23,7155
Zdhhc24,8440
Zdhhc25,1368
Zdhhc3,19000
Zdhhc4,7041
Zdhhc5,5668
Zdhhc6,12517
Zdhhc7,4923
Zdhhc8,5520
Zdhhc9,8322
Zeb1,16736
Zeb1os1,23687
Zeb2,34444
Zeb2os,3508
Zer1,15458
Zfa-ps,5651
Zfand1,9056
Zfand2a,6603
Zfand2b,4202
Zfand3,12688
Zfand4,7218
Zfand5,15029
Zfand6,6924
Zfas1,18354
Zfat,10212
Zfc3h1,9132
Zfhx2,20292
Zfhx2os,44575
Zfhx3,21694
Zfhx4,25913
Zfp-ps,478
Zfp1,6491
Zfp1000,171
Zfp1001,2159
Zfp1003,5296
Zfp1004,3025
Zfp1005,3018
Zfp1006,4597
Zfp1007,3341
Zfp1008,4161
Zfp1009,7216
Zfp101,10489
Zfp1010,1196
Zfp105,2329
Zfp106,15121
Zfp108,6756
Zfp109,6743
Zfp11,3929
Zfp110,6530
Zfp111,16696
Zfp112,10893
Zfp113,8128
Zfp114,7396
Zfp119a,2018
Zfp119b,2166
Zfp12,14765
Zfp120,4788
Zfp125,2488
Zfp128,6156
Zfp13,5376
Zfp131,10449
Zfp133-ps,17873
Zfp14,7409
Zfp141,5970
Zfp142,21026
Zfp143,6278
Zfp146,3877
Zfp148,15435
Zfp148-ps1,2453
Zfp157,13719
Zfp160,10044
Zfp169,12407
Zfp174,5897
Zfp175,5933
Zfp180,12143
Zfp182,11038
Zfp184,10458
Zfp185,3906
Zfp189,3214
Zfp2,7272
Zfp202,6893
Zfp207,8946
Zfp212,3392
Zfp213,2686
Zfp217,8740
Zfp219,10120
Zfp229,9581
Zfp235,9152
Zfp236,14023
Zfp239,8687
Zfp24,7333
Zfp248,8966
Zfp251,10579
Zfp26,20948
Zfp260,11141
Zfp263,14149
Zfp264,7905
Zfp266,9069
Zfp267,13157
Zfp268,7060
Zfp27,12742
Zfp273,6065
Zfp275,6858
Zfp276,10958
Zfp277,12641
Zfp28,7163
Zfp280b,5475
Zfp280c,8068
Zfp280d,33389
Zfp281,9719
Zfp282,7964
Zfp286,10854
Zfp286os,4320
Zfp287,13067
Zfp292,10347
Zfp296,2169
Zfp3,2061
Zfp30,8052
Zfp300,5900
Zfp316,15524
Zfp317,9747
Zfp318,15786
Zfp319,7232
Zfp322a,8807
Zfp324,13306
Zfp326,11621
Zfp329,12490
Zfp330,8523
Zfp334,8205
Zfp335,4973
Zfp335os,2853
Zfp33b,5604
Zfp341,4709
Zfp345,2734
Zfp346,8859
Zfp35,3040
Zfp352,3932
Zfp353-ps,1650
Zfp354a,10411
Zfp354b,4471
Zfp354c,7510
Zfp358,4881
Zfp36,5255
Zfp362,4853
Zfp365,8375
Zfp366,6382
Zfp367,5794
Zfp369,8078
Zfp36l1,3827
Zfp36l1-ps,899
Zfp36l2,3530
Zfp36l3,2347
Zfp37,11574
Zfp382,2878
Zfp383,5757
Zfp384,19707
Zfp385a,3833
Zfp385b,10974
Zfp385c,3802
Zfp386,11032
Zfp389,675
Zfp39,3890
Zfp395,5961
Zfp397,10035
Zfp398,14535
Zfp40,8281
Zfp407,15536
Zfp408,8350
Zfp41,11569
Zfp410,19217
Zfp414,4629
Zfp418,5591
Zfp419,916
Zfp42,3639
Zfp42-ps1,490
Zfp420,11191
Zfp422,6253
Zfp422-ps,707
Zfp423,7172
Zfp426,14061
Zfp428,3613
Zfp429,4407
Zfp433,5312
Zfp438,5251
Zfp442,2922
Zfp444,11748
Zfp445,12907
Zfp446,17736
Zfp449,3738
Zfp451,17808
Zfp454,2860
Zfp455,2772
Zfp456,4689
Zfp457,7015
Zfp458,11830
Zfp459,4479
Zfp46,7302
Zfp462,17361
Zfp467,12604
Zfp469,15855
Zfp472,2630
Zfp473,23052
Zfp474,2618
Zfp488,4301
Zfp493,8215
Zfp503,4216
Zfp507,12862
Zfp51,2574
Zfp511,3968
Zfp512,9949
Zfp512b,13311
Zfp513,6382
Zfp516,10651
Zfp518a,14517
Zfp518b,14127
Zfp52,5212
Zfp520-ps,1294
Zfp521,12393
Zfp523,12862
Zfp524,3533
Zfp526,3380
Zfp53,4904
Zfp532,26404
Zfp534,2885
Zfp536,21808
Zfp54,5516
Zfp541,6954
Zfp551,4998
Zfp553,7212
Zfp558,4725
Zfp560,5185
Zfp563,7236
Zfp566,2031
Zfp568,12158
Zfp57,9110
Zfp572,1045
Zfp574,8366
Zfp575,2741
Zfp579,8219
Zfp58,5455
Zfp580,1789
Zfp582,4090
Zfp583,6762
Zfp59,5173
Zfp592,8719
Zfp593,4014
Zfp593os,5785
Zfp595,9393
Zfp597,10034
Zfp598,5395
Zfp599,3574
Zfp60,14023
Zfp600,9019
Zfp605,5946
Zfp606,15112
Zfp607a,9098
Zfp607b,7566
Zfp608,9833
Zfp609,8857
Zfp61,9037
Zfp612,9283
Zfp616,10227
Zfp617,3501
Zfp618,11586
Zfp619,5969
Zfp62,18706
Zfp622,8410
Zfp623,2486
Zfp626,6145
Zfp628,3523
Zfp629,9780
Zfp637,7989
Zfp638,23173
Zfp639,9830
Zfp64,6773
Zfp640,1562
Zfp641,8085
Zfp644,32606
Zfp646,17529
Zfp647,4431
Zfp648,1892
Zfp65,5873
Zfp652,21271
Zfp652os,15807
Zfp653,7807
Zfp654,11002
Zfp655,14020
Zfp658,1794
Zfp660,11908
Zfp661,11077
Zfp663,7330
Zfp664,8712
Zfp667,11528
Zfp668,11973
Zfp672,15713
Zfp677,5426
Zfp68,14192
Zfp683,1471
Zfp687,17451
Zfp688,5617
Zfp689,4924
Zfp69,4635
Zfp691,4167
Zfp692,2673
Zfp696,3574
Zfp697,8374
Zfp7,12549
Zfp703,4341
Zfp704,16163
Zfp706,5757
Zfp707,10776
Zfp708,4909
Zfp709,10225
Zfp710,11383
Zfp711,8676
Zfp712,3968
Zfp715,6633
Zfp719,5532
Zfp72,5686
Zfp729a,11472
Zfp729b,9344
Zfp735,4735
Zfp738,18755
Zfp74,8487
Zfp740,17919
Zfp746,11774
Zfp747,3938
Zfp747l1,6499
Zfp748,5866
Zfp750,3232
Zfp758,7428
Zfp759,4357
Zfp760,4209
Zfp763,3768
Zfp764,4799
Zfp764l1,5849
Zfp768,4869
Zfp770,6897
Zfp771,2237
Zfp772,2777
Zfp773,6890
Zfp775,4842
Zfp777,6398
Zfp78,14502
Zfp780b,11811
Zfp781a,6230
Zfp781b,4672
Zfp783,32721
Zfp784,2153
Zfp786,5652
Zfp787,7449
Zfp788,14085
Zfp790,6889
Zfp791,4345
Zfp799,12938
Zfp800,8868
Zfp804a,6055
Zfp804b,8079
Zfp808,6565
Zfp809,6390
Zfp81,8691
Zfp810,6620
Zfp811,5610
Zfp813-ps,3124
Zfp819,6109
Zfp82,12307
Zfp820,6246
Zfp821,8285
Zfp825,3401
Zfp827,21581
Zfp830,1591
Zfp831,9807
Zfp839,5247
Zfp84,4113
Zfp846,17938
Zfp85,2684
Zfp850,8948
Zfp853,5219
Zfp85os,13833
Zfp862-ps,16176
Zfp865,16034
Zfp866,5737
Zfp867,3412
Zfp868,4606
Zfp869,19946
Zfp87,3948
Zfp870,11238
Zfp871,14818
Zfp872,4624
Zfp873,10382
Zfp874a,14857
Zfp874b,6156
Zfp879,6482
Zfp882,3901
Zfp9,5609
Zfp90,19007
Zfp91,9473
Zfp92,7522
Zfp93,5912
Zfp930,6832
Zfp931,4288
Zfp932,7566
Zfp933,4470
Zfp934,9055
Zfp935,4818
Zfp936,5089
Zfp937,2797
Zfp938,4032
Zfp939,21264
Zfp94,7006
Zfp940,8990
Zfp941,6948
Zfp942,6914
Zfp943,5408
Zfp944,2784
Zfp945,19587
Zfp946,5435
Zfp947,2872
Zfp948,2652
Zfp949,5930
Zfp950,12902
Zfp951,5950
Zfp952,4937
Zfp953,4677
Zfp954,2656
Zfp955a,3544
Zfp955b,6118
Zfp956,5699
Zfp957,4337
Zfp958,3577
Zfp959,3252
Zfp960,2667
Zfp961,9271
Zfp963,2743
Zfp964,7767
Zfp965,2446
Zfp966,3611
Zfp967,4279
Zfp968,14835
Zfp968-ps,3061
Zfp969,13981
Zfp97,2684
Zfp970,2175
Zfp971,2209
Zfp972,1815
Zfp973,2948
Zfp974,8772
Zfp975,4528
Zfp976,6783
Zfp977,3888
Zfp978,1519
Zfp979,6731
Zfp980,5817
Zfp981,6024
Zfp982,2605
Zfp983,5610
Zfp984,5007
Zfp985,3418
Zfp986,1490
Zfp987,3370
Zfp988,2863
Zfp989,2604
Zfp990,3886
Zfp991,2989
Zfp992,4550
Zfp993,1535
Zfp994,4882
Zfp995,4033
Zfp996,324
Zfp997,3437
Zfp998,3481
Zfp999,255
Zfpl1,4521
Zfpm1,4881
Zfpm2,13492
Zfr,8013
Zfr2,10647
Zfta,13220
Zftraf1,5732
Zfx,14354
Zfy1,4452
Zfy2,4397
Zfyve1,11237
Zfyve16,9113
Zfyve19,5946
Zfyve21,3679
Zfyve26,23472
Zfyve27,11424
Zfyve28,7209
Zfyve9,6742
Zg16,1647
Zglp1,1411
Zgpat,11827
Zgrf1,18165
Zhx1,13754
Zhx2,4513
Zhx3,21436
Zic1,8484
Zic2,3205
Zic3,6928
Zic4,18376
Zic5,5472
Zik1,4199
Zim1,11935
Zim2,3369
Zim3,6807
Zkscan1,17478
Zkscan14,4902
Zkscan16,2794
Zkscan17,5452
Zkscan2,12880
Zkscan3,14868
Zkscan4,6043
Zkscan5,6901
Zkscan6,3586
Zkscan7,9272
Zkscan8,16985
Zmat1,11700
Zmat2,2871
Zmat3,12050
Zmat4,9041
Zmat5,1550
Zmiz1,16351
Zmiz1os1,43238
Zmiz2,7306
Zmpste24,7466
Zmym1,10410
Zmym2,10563
Zmym3,14964
Zmym4,10841
Zmym5,12928
Zmym6,12271
Zmynd10,3222
Zmynd11,25292
Zmynd12,2183
Zmynd15,8031
Zmynd19,4517
Zmynd8,19193
Znf41-ps,2413
Znfx1,12278
Zng1,3423
Znhit1,3182
Znhit2,1281
Znhit3,3219
Znhit6,3720
Znrd2,2723
Znrf1,19567
Znrf2,6559
Znrf3,10883
Znrf4,1184
Zp1,2362
Zp2,3813
Zp3,1636
Zp3r,2712
Zp4-ps,1853
Zpbp,4248
Zpbp2,3370
Zpld1,2745
Zpld2,2338
Zpr1,4998
Zranb1,7011
Zranb2,11873
Zranb3,10524
Zrsr2,8584
Zscan10,9931
Zscan12,8101
Zscan18,6582
Zscan2,5715
Zscan20,14953
Zscan21,7815
Zscan22,9043
Zscan25,3862
Zscan26,4449
Zscan29,10807
Zscan30,1592
Zscan4-ps1,2015
Zscan4-ps2,2277
Zscan4-ps3,2277
Zscan4-ps4,1147
Zscan4a,2279
Zscan4b,1861
Zscan4c,2276
Zscan4d,2272
Zscan4e,8585
Zscan4f,2350
Zscan5b,3142
Zswim1,3556
Zswim2,2702
Zswim3,2708
Zswim4,4625
Zswim5,5582
Zswim6,9681
Zswim7,732
Zswim8,16488
Zswim9,22116
Zup1,17197
Zw10,4942
Zwilch,6840
Zwint,5560
Zxda,2621
Zxdb,5619
Zxdc,13530
Zyg11a,2771
Zyg11b,9138
Zyx,8972
Zzef1,22335
Zzz3,17102
a,2031
krtap20-23,645
mt-Atp6,681
mt-Atp8,204
mt-Co1,1545
mt-Co2,684
mt-Co3,784
mt-Cytb,1144
mt-Nd1,957
mt-Nd2,1038
mt-Nd3,348
mt-Nd4,1378
mt-Nd4l,297
mt-Nd5,1824
mt-Nd6,519
mt-Rnr1,955
mt-Rnr2,1582
mt-Ta,69
mt-Tc,66
mt-Td,70
mt-Te,69
mt-Tf,68
mt-Tg,68
mt-Th,67
mt-Ti,69
mt-Tk,65
mt-Tl1,75
mt-Tl2,71
mt-Tm,69
mt-Tn,71
mt-Tp,67
mt-Tq,71
mt-Tr,68
mt-Ts1,69
mt-Ts2,59
mt-Tt,67
mt-Tv,69
mt-Tw,67
mt-Ty,67
n-R5s1,119
n-R5s100,119
n-R5s101,119
n-R5s102,119
n-R5s103,119
n-R5s104,119
n-R5s105,119
n-R5s106,119
n-R5s107,119
n-R5s108,119
n-R5s109,119
n-R5s110,119
n-R5s111,119
n-R5s112,119
n-R5s113,119
n-R5s114,119
n-R5s115,119
n-R5s117,119
n-R5s118,119
n-R5s119,119
n-R5s12,119
n-R5s120,119
n-R5s121,119
n-R5s122,119
n-R5s123,119
n-R5s124,119
n-R5s125,119
n-R5s127,119
n-R5s128,119
n-R5s129,119
n-R5s13,119
n-R5s130,119
n-R5s131,119
n-R5s133,119
n-R5s134,119
n-R5s136,119
n-R5s138,119
n-R5s139,119
n-R5s141,119
n-R5s142,119
n-R5s143,119
n-R5s144,119
n-R5s146,119
n-R5s149,119
n-R5s151,119
n-R5s152,119
n-R5s162,119
n-R5s173,119
n-R5s185,119
n-R5s194,119
n-R5s195,119
n-R5s197,119
n-R5s2,119
n-R5s204,119
n-R5s209,119
n-R5s210,119
n-R5s211,119
n-R5s25,119
n-R5s28,119
n-R5s33,119
n-R5s41,119
n-R5s5,119
n-R5s58,119
n-R5s60,119
n-R5s64,119
n-R5s65,117
n-R5s7,121
n-R5s71,119
n-R5s86,119
n-R5s88,118
n-R5s92,119
n-R5s93,119
n-TKctt14,100
n-TRacg6,777
