{"_step":4,"epoch":5,"train_loss":1.1173100014464161,"val_loss":1.1237841844558716,"_wandb":{"runtime":1895},"_runtime":1895,"lr":0,"_timestamp":1.7736425310085144e+09}