{"val_loss":0.6107481718063354,"lr":0,"_runtime":61240,"_wandb":{"runtime":61240},"_timestamp":1.7739956391634755e+09,"_step":4,"epoch":5,"train_loss":0.6317373751223088}