{"_runtime":1829,"_step":4,"epoch":5,"train_loss":1.1252027700503413,"val_loss":1.1269643306732178,"lr":0,"_timestamp":1.7736369239242423e+09,"_wandb":{"runtime":1829}}