{"epoch":5,"train_loss":1.1211950573296592,"val_loss":1.1217070817947388,"lr":0,"_timestamp":1.7736501250269527e+09,"_wandb":{"runtime":1869},"_runtime":1869,"_step":4}