{"_timestamp":1.7736444491396883e+09,"_step":4,"epoch":5,"train_loss":1.1141664591460183,"val_loss":1.1215896606445312,"lr":0,"_wandb":{"runtime":1900},"_runtime":1900}