{"lr":0,"_timestamp":1.773901417289413e+09,"_step":0,"epoch":1,"train_loss":2.8863544673919677,"_wandb":{"runtime":241},"_runtime":241,"val_loss":1.9186700582504272}